:0200000460009A
:100000004643464200000156000000000103030081
:1000100000000000000000000000000000000000E0
:1000200000000000000000000000000000000000D0
:1000300000000000000000000000000000000000C0
:1000400000000000010408000000000000000000A3
:100050000000800000000000000000000000000020
:100060000000000000000000000000000000000090
:100070000000000000000000000000000000000080
:10008000EB04180A063204260000000000000000FD
:10009000050404240000000000000000000000002F
:1000A0000000000000000000000000000000000050
:1000B0000604000000000000000000000000000036
:1000C0000000000000000000000000000000000030
:1000D00020041808000000000000000000000000DC
:1000E0000000000000000000000000000000000010
:1000F0000000000000000000000000000000000000
:10010000D8041808000000000000000000000000F3
:100110000204180804200000000000000000000095
:1001200000000000000000000000000000000000CF
:10013000600400000000000000000000000000005B
:1001400000000000000000000000000000000000AF
:10015000000000000000000000000000000000009F
:10016000000000000000000000000000000000008F
:10017000000000000000000000000000000000007F
:10018000000000000000000000000000000000006F
:10019000000000000000000000000000000000005F
:1001A000000000000000000000000000000000004F
:1001B000000000000000000000000000000000003F
:1001C000000100000010000001000000000000001D
:1001D000000001000000000000000000000000001E
:1001E000000000000000000000000000000000000F
:1001F00000000000000000000000000000000000FF
:10020000FFFFFFFFFFFFFFFFFFFFFFFFFFFFFFFFFE
:10021000FFFFFFFFFFFFFFFFFFFFFFFFFFFFFFFFEE
:10022000FFFFFFFFFFFFFFFFFFFFFFFFFFFFFFFFDE
:10023000FFFFFFFFFFFFFFFFFFFFFFFFFFFFFFFFCE
:10024000FFFFFFFFFFFFFFFFFFFFFFFFFFFFFFFFBE
:10025000FFFFFFFFFFFFFFFFFFFFFFFFFFFFFFFFAE
:10026000FFFFFFFFFFFFFFFFFFFFFFFFFFFFFFFF9E
:10027000FFFFFFFFFFFFFFFFFFFFFFFFFFFFFFFF8E
:10028000FFFFFFFFFFFFFFFFFFFFFFFFFFFFFFFF7E
:10029000FFFFFFFFFFFFFFFFFFFFFFFFFFFFFFFF6E
:1002A000FFFFFFFFFFFFFFFFFFFFFFFFFFFFFFFF5E
:1002B000FFFFFFFFFFFFFFFFFFFFFFFFFFFFFFFF4E
:1002C000FFFFFFFFFFFFFFFFFFFFFFFFFFFFFFFF3E
:1002D000FFFFFFFFFFFFFFFFFFFFFFFFFFFFFFFF2E
:1002E000FFFFFFFFFFFFFFFFFFFFFFFFFFFFFFFF1E
:1002F000FFFFFFFFFFFFFFFFFFFFFFFFFFFFFFFF0E
:10030000FFFFFFFFFFFFFFFFFFFFFFFFFFFFFFFFFD
:10031000FFFFFFFFFFFFFFFFFFFFFFFFFFFFFFFFED
:10032000FFFFFFFFFFFFFFFFFFFFFFFFFFFFFFFFDD
:10033000FFFFFFFFFFFFFFFFFFFFFFFFFFFFFFFFCD
:10034000FFFFFFFFFFFFFFFFFFFFFFFFFFFFFFFFBD
:10035000FFFFFFFFFFFFFFFFFFFFFFFFFFFFFFFFAD
:10036000FFFFFFFFFFFFFFFFFFFFFFFFFFFFFFFF9D
:10037000FFFFFFFFFFFFFFFFFFFFFFFFFFFFFFFF8D
:10038000FFFFFFFFFFFFFFFFFFFFFFFFFFFFFFFF7D
:10039000FFFFFFFFFFFFFFFFFFFFFFFFFFFFFFFF6D
:1003A000FFFFFFFFFFFFFFFFFFFFFFFFFFFFFFFF5D
:1003B000FFFFFFFFFFFFFFFFFFFFFFFFFFFFFFFF4D
:1003C000FFFFFFFFFFFFFFFFFFFFFFFFFFFFFFFF3D
:1003D000FFFFFFFFFFFFFFFFFFFFFFFFFFFFFFFF2D
:1003E000FFFFFFFFFFFFFFFFFFFFFFFFFFFFFFFF1D
:1003F000FFFFFFFFFFFFFFFFFFFFFFFFFFFFFFFF0D
:10040000FFFFFFFFFFFFFFFFFFFFFFFFFFFFFFFFFC
:10041000FFFFFFFFFFFFFFFFFFFFFFFFFFFFFFFFEC
:10042000FFFFFFFFFFFFFFFFFFFFFFFFFFFFFFFFDC
:10043000FFFFFFFFFFFFFFFFFFFFFFFFFFFFFFFFCC
:10044000FFFFFFFFFFFFFFFFFFFFFFFFFFFFFFFFBC
:10045000FFFFFFFFFFFFFFFFFFFFFFFFFFFFFFFFAC
:10046000FFFFFFFFFFFFFFFFFFFFFFFFFFFFFFFF9C
:10047000FFFFFFFFFFFFFFFFFFFFFFFFFFFFFFFF8C
:10048000FFFFFFFFFFFFFFFFFFFFFFFFFFFFFFFF7C
:10049000FFFFFFFFFFFFFFFFFFFFFFFFFFFFFFFF6C
:1004A000FFFFFFFFFFFFFFFFFFFFFFFFFFFFFFFF5C
:1004B000FFFFFFFFFFFFFFFFFFFFFFFFFFFFFFFF4C
:1004C000FFFFFFFFFFFFFFFFFFFFFFFFFFFFFFFF3C
:1004D000FFFFFFFFFFFFFFFFFFFFFFFFFFFFFFFF2C
:1004E000FFFFFFFFFFFFFFFFFFFFFFFFFFFFFFFF1C
:1004F000FFFFFFFFFFFFFFFFFFFFFFFFFFFFFFFF0C
:10050000FFFFFFFFFFFFFFFFFFFFFFFFFFFFFFFFFB
:10051000FFFFFFFFFFFFFFFFFFFFFFFFFFFFFFFFEB
:10052000FFFFFFFFFFFFFFFFFFFFFFFFFFFFFFFFDB
:10053000FFFFFFFFFFFFFFFFFFFFFFFFFFFFFFFFCB
:10054000FFFFFFFFFFFFFFFFFFFFFFFFFFFFFFFFBB
:10055000FFFFFFFFFFFFFFFFFFFFFFFFFFFFFFFFAB
:10056000FFFFFFFFFFFFFFFFFFFFFFFFFFFFFFFF9B
:10057000FFFFFFFFFFFFFFFFFFFFFFFFFFFFFFFF8B
:10058000FFFFFFFFFFFFFFFFFFFFFFFFFFFFFFFF7B
:10059000FFFFFFFFFFFFFFFFFFFFFFFFFFFFFFFF6B
:1005A000FFFFFFFFFFFFFFFFFFFFFFFFFFFFFFFF5B
:1005B000FFFFFFFFFFFFFFFFFFFFFFFFFFFFFFFF4B
:1005C000FFFFFFFFFFFFFFFFFFFFFFFFFFFFFFFF3B
:1005D000FFFFFFFFFFFFFFFFFFFFFFFFFFFFFFFF2B
:1005E000FFFFFFFFFFFFFFFFFFFFFFFFFFFFFFFF1B
:1005F000FFFFFFFFFFFFFFFFFFFFFFFFFFFFFFFF0B
:10060000FFFFFFFFFFFFFFFFFFFFFFFFFFFFFFFFFA
:10061000FFFFFFFFFFFFFFFFFFFFFFFFFFFFFFFFEA
:10062000FFFFFFFFFFFFFFFFFFFFFFFFFFFFFFFFDA
:10063000FFFFFFFFFFFFFFFFFFFFFFFFFFFFFFFFCA
:10064000FFFFFFFFFFFFFFFFFFFFFFFFFFFFFFFFBA
:10065000FFFFFFFFFFFFFFFFFFFFFFFFFFFFFFFFAA
:10066000FFFFFFFFFFFFFFFFFFFFFFFFFFFFFFFF9A
:10067000FFFFFFFFFFFFFFFFFFFFFFFFFFFFFFFF8A
:10068000FFFFFFFFFFFFFFFFFFFFFFFFFFFFFFFF7A
:10069000FFFFFFFFFFFFFFFFFFFFFFFFFFFFFFFF6A
:1006A000FFFFFFFFFFFFFFFFFFFFFFFFFFFFFFFF5A
:1006B000FFFFFFFFFFFFFFFFFFFFFFFFFFFFFFFF4A
:1006C000FFFFFFFFFFFFFFFFFFFFFFFFFFFFFFFF3A
:1006D000FFFFFFFFFFFFFFFFFFFFFFFFFFFFFFFF2A
:1006E000FFFFFFFFFFFFFFFFFFFFFFFFFFFFFFFF1A
:1006F000FFFFFFFFFFFFFFFFFFFFFFFFFFFFFFFF0A
:10070000FFFFFFFFFFFFFFFFFFFFFFFFFFFFFFFFF9
:10071000FFFFFFFFFFFFFFFFFFFFFFFFFFFFFFFFE9
:10072000FFFFFFFFFFFFFFFFFFFFFFFFFFFFFFFFD9
:10073000FFFFFFFFFFFFFFFFFFFFFFFFFFFFFFFFC9
:10074000FFFFFFFFFFFFFFFFFFFFFFFFFFFFFFFFB9
:10075000FFFFFFFFFFFFFFFFFFFFFFFFFFFFFFFFA9
:10076000FFFFFFFFFFFFFFFFFFFFFFFFFFFFFFFF99
:10077000FFFFFFFFFFFFFFFFFFFFFFFFFFFFFFFF89
:10078000FFFFFFFFFFFFFFFFFFFFFFFFFFFFFFFF79
:10079000FFFFFFFFFFFFFFFFFFFFFFFFFFFFFFFF69
:1007A000FFFFFFFFFFFFFFFFFFFFFFFFFFFFFFFF59
:1007B000FFFFFFFFFFFFFFFFFFFFFFFFFFFFFFFF49
:1007C000FFFFFFFFFFFFFFFFFFFFFFFFFFFFFFFF39
:1007D000FFFFFFFFFFFFFFFFFFFFFFFFFFFFFFFF29
:1007E000FFFFFFFFFFFFFFFFFFFFFFFFFFFFFFFF19
:1007F000FFFFFFFFFFFFFFFFFFFFFFFFFFFFFFFF09
:10080000FFFFFFFFFFFFFFFFFFFFFFFFFFFFFFFFF8
:10081000FFFFFFFFFFFFFFFFFFFFFFFFFFFFFFFFE8
:10082000FFFFFFFFFFFFFFFFFFFFFFFFFFFFFFFFD8
:10083000FFFFFFFFFFFFFFFFFFFFFFFFFFFFFFFFC8
:10084000FFFFFFFFFFFFFFFFFFFFFFFFFFFFFFFFB8
:10085000FFFFFFFFFFFFFFFFFFFFFFFFFFFFFFFFA8
:10086000FFFFFFFFFFFFFFFFFFFFFFFFFFFFFFFF98
:10087000FFFFFFFFFFFFFFFFFFFFFFFFFFFFFFFF88
:10088000FFFFFFFFFFFFFFFFFFFFFFFFFFFFFFFF78
:10089000FFFFFFFFFFFFFFFFFFFFFFFFFFFFFFFF68
:1008A000FFFFFFFFFFFFFFFFFFFFFFFFFFFFFFFF58
:1008B000FFFFFFFFFFFFFFFFFFFFFFFFFFFFFFFF48
:1008C000FFFFFFFFFFFFFFFFFFFFFFFFFFFFFFFF38
:1008D000FFFFFFFFFFFFFFFFFFFFFFFFFFFFFFFF28
:1008E000FFFFFFFFFFFFFFFFFFFFFFFFFFFFFFFF18
:1008F000FFFFFFFFFFFFFFFFFFFFFFFFFFFFFFFF08
:10090000FFFFFFFFFFFFFFFFFFFFFFFFFFFFFFFFF7
:10091000FFFFFFFFFFFFFFFFFFFFFFFFFFFFFFFFE7
:10092000FFFFFFFFFFFFFFFFFFFFFFFFFFFFFFFFD7
:10093000FFFFFFFFFFFFFFFFFFFFFFFFFFFFFFFFC7
:10094000FFFFFFFFFFFFFFFFFFFFFFFFFFFFFFFFB7
:10095000FFFFFFFFFFFFFFFFFFFFFFFFFFFFFFFFA7
:10096000FFFFFFFFFFFFFFFFFFFFFFFFFFFFFFFF97
:10097000FFFFFFFFFFFFFFFFFFFFFFFFFFFFFFFF87
:10098000FFFFFFFFFFFFFFFFFFFFFFFFFFFFFFFF77
:10099000FFFFFFFFFFFFFFFFFFFFFFFFFFFFFFFF67
:1009A000FFFFFFFFFFFFFFFFFFFFFFFFFFFFFFFF57
:1009B000FFFFFFFFFFFFFFFFFFFFFFFFFFFFFFFF47
:1009C000FFFFFFFFFFFFFFFFFFFFFFFFFFFFFFFF37
:1009D000FFFFFFFFFFFFFFFFFFFFFFFFFFFFFFFF27
:1009E000FFFFFFFFFFFFFFFFFFFFFFFFFFFFFFFF17
:1009F000FFFFFFFFFFFFFFFFFFFFFFFFFFFFFFFF07
:100A0000FFFFFFFFFFFFFFFFFFFFFFFFFFFFFFFFF6
:100A1000FFFFFFFFFFFFFFFFFFFFFFFFFFFFFFFFE6
:100A2000FFFFFFFFFFFFFFFFFFFFFFFFFFFFFFFFD6
:100A3000FFFFFFFFFFFFFFFFFFFFFFFFFFFFFFFFC6
:100A4000FFFFFFFFFFFFFFFFFFFFFFFFFFFFFFFFB6
:100A5000FFFFFFFFFFFFFFFFFFFFFFFFFFFFFFFFA6
:100A6000FFFFFFFFFFFFFFFFFFFFFFFFFFFFFFFF96
:100A7000FFFFFFFFFFFFFFFFFFFFFFFFFFFFFFFF86
:100A8000FFFFFFFFFFFFFFFFFFFFFFFFFFFFFFFF76
:100A9000FFFFFFFFFFFFFFFFFFFFFFFFFFFFFFFF66
:100AA000FFFFFFFFFFFFFFFFFFFFFFFFFFFFFFFF56
:100AB000FFFFFFFFFFFFFFFFFFFFFFFFFFFFFFFF46
:100AC000FFFFFFFFFFFFFFFFFFFFFFFFFFFFFFFF36
:100AD000FFFFFFFFFFFFFFFFFFFFFFFFFFFFFFFF26
:100AE000FFFFFFFFFFFFFFFFFFFFFFFFFFFFFFFF16
:100AF000FFFFFFFFFFFFFFFFFFFFFFFFFFFFFFFF06
:100B0000FFFFFFFFFFFFFFFFFFFFFFFFFFFFFFFFF5
:100B1000FFFFFFFFFFFFFFFFFFFFFFFFFFFFFFFFE5
:100B2000FFFFFFFFFFFFFFFFFFFFFFFFFFFFFFFFD5
:100B3000FFFFFFFFFFFFFFFFFFFFFFFFFFFFFFFFC5
:100B4000FFFFFFFFFFFFFFFFFFFFFFFFFFFFFFFFB5
:100B5000FFFFFFFFFFFFFFFFFFFFFFFFFFFFFFFFA5
:100B6000FFFFFFFFFFFFFFFFFFFFFFFFFFFFFFFF95
:100B7000FFFFFFFFFFFFFFFFFFFFFFFFFFFFFFFF85
:100B8000FFFFFFFFFFFFFFFFFFFFFFFFFFFFFFFF75
:100B9000FFFFFFFFFFFFFFFFFFFFFFFFFFFFFFFF65
:100BA000FFFFFFFFFFFFFFFFFFFFFFFFFFFFFFFF55
:100BB000FFFFFFFFFFFFFFFFFFFFFFFFFFFFFFFF45
:100BC000FFFFFFFFFFFFFFFFFFFFFFFFFFFFFFFF35
:100BD000FFFFFFFFFFFFFFFFFFFFFFFFFFFFFFFF25
:100BE000FFFFFFFFFFFFFFFFFFFFFFFFFFFFFFFF15
:100BF000FFFFFFFFFFFFFFFFFFFFFFFFFFFFFFFF05
:100C0000FFFFFFFFFFFFFFFFFFFFFFFFFFFFFFFFF4
:100C1000FFFFFFFFFFFFFFFFFFFFFFFFFFFFFFFFE4
:100C2000FFFFFFFFFFFFFFFFFFFFFFFFFFFFFFFFD4
:100C3000FFFFFFFFFFFFFFFFFFFFFFFFFFFFFFFFC4
:100C4000FFFFFFFFFFFFFFFFFFFFFFFFFFFFFFFFB4
:100C5000FFFFFFFFFFFFFFFFFFFFFFFFFFFFFFFFA4
:100C6000FFFFFFFFFFFFFFFFFFFFFFFFFFFFFFFF94
:100C7000FFFFFFFFFFFFFFFFFFFFFFFFFFFFFFFF84
:100C8000FFFFFFFFFFFFFFFFFFFFFFFFFFFFFFFF74
:100C9000FFFFFFFFFFFFFFFFFFFFFFFFFFFFFFFF64
:100CA000FFFFFFFFFFFFFFFFFFFFFFFFFFFFFFFF54
:100CB000FFFFFFFFFFFFFFFFFFFFFFFFFFFFFFFF44
:100CC000FFFFFFFFFFFFFFFFFFFFFFFFFFFFFFFF34
:100CD000FFFFFFFFFFFFFFFFFFFFFFFFFFFFFFFF24
:100CE000FFFFFFFFFFFFFFFFFFFFFFFFFFFFFFFF14
:100CF000FFFFFFFFFFFFFFFFFFFFFFFFFFFFFFFF04
:100D0000FFFFFFFFFFFFFFFFFFFFFFFFFFFFFFFFF3
:100D1000FFFFFFFFFFFFFFFFFFFFFFFFFFFFFFFFE3
:100D2000FFFFFFFFFFFFFFFFFFFFFFFFFFFFFFFFD3
:100D3000FFFFFFFFFFFFFFFFFFFFFFFFFFFFFFFFC3
:100D4000FFFFFFFFFFFFFFFFFFFFFFFFFFFFFFFFB3
:100D5000FFFFFFFFFFFFFFFFFFFFFFFFFFFFFFFFA3
:100D6000FFFFFFFFFFFFFFFFFFFFFFFFFFFFFFFF93
:100D7000FFFFFFFFFFFFFFFFFFFFFFFFFFFFFFFF83
:100D8000FFFFFFFFFFFFFFFFFFFFFFFFFFFFFFFF73
:100D9000FFFFFFFFFFFFFFFFFFFFFFFFFFFFFFFF63
:100DA000FFFFFFFFFFFFFFFFFFFFFFFFFFFFFFFF53
:100DB000FFFFFFFFFFFFFFFFFFFFFFFFFFFFFFFF43
:100DC000FFFFFFFFFFFFFFFFFFFFFFFFFFFFFFFF33
:100DD000FFFFFFFFFFFFFFFFFFFFFFFFFFFFFFFF23
:100DE000FFFFFFFFFFFFFFFFFFFFFFFFFFFFFFFF13
:100DF000FFFFFFFFFFFFFFFFFFFFFFFFFFFFFFFF03
:100E0000FFFFFFFFFFFFFFFFFFFFFFFFFFFFFFFFF2
:100E1000FFFFFFFFFFFFFFFFFFFFFFFFFFFFFFFFE2
:100E2000FFFFFFFFFFFFFFFFFFFFFFFFFFFFFFFFD2
:100E3000FFFFFFFFFFFFFFFFFFFFFFFFFFFFFFFFC2
:100E4000FFFFFFFFFFFFFFFFFFFFFFFFFFFFFFFFB2
:100E5000FFFFFFFFFFFFFFFFFFFFFFFFFFFFFFFFA2
:100E6000FFFFFFFFFFFFFFFFFFFFFFFFFFFFFFFF92
:100E7000FFFFFFFFFFFFFFFFFFFFFFFFFFFFFFFF82
:100E8000FFFFFFFFFFFFFFFFFFFFFFFFFFFFFFFF72
:100E9000FFFFFFFFFFFFFFFFFFFFFFFFFFFFFFFF62
:100EA000FFFFFFFFFFFFFFFFFFFFFFFFFFFFFFFF52
:100EB000FFFFFFFFFFFFFFFFFFFFFFFFFFFFFFFF42
:100EC000FFFFFFFFFFFFFFFFFFFFFFFFFFFFFFFF32
:100ED000FFFFFFFFFFFFFFFFFFFFFFFFFFFFFFFF22
:100EE000FFFFFFFFFFFFFFFFFFFFFFFFFFFFFFFF12
:100EF000FFFFFFFFFFFFFFFFFFFFFFFFFFFFFFFF02
:100F0000FFFFFFFFFFFFFFFFFFFFFFFFFFFFFFFFF1
:100F1000FFFFFFFFFFFFFFFFFFFFFFFFFFFFFFFFE1
:100F2000FFFFFFFFFFFFFFFFFFFFFFFFFFFFFFFFD1
:100F3000FFFFFFFFFFFFFFFFFFFFFFFFFFFFFFFFC1
:100F4000FFFFFFFFFFFFFFFFFFFFFFFFFFFFFFFFB1
:100F5000FFFFFFFFFFFFFFFFFFFFFFFFFFFFFFFFA1
:100F6000FFFFFFFFFFFFFFFFFFFFFFFFFFFFFFFF91
:100F7000FFFFFFFFFFFFFFFFFFFFFFFFFFFFFFFF81
:100F8000FFFFFFFFFFFFFFFFFFFFFFFFFFFFFFFF71
:100F9000FFFFFFFFFFFFFFFFFFFFFFFFFFFFFFFF61
:100FA000FFFFFFFFFFFFFFFFFFFFFFFFFFFFFFFF51
:100FB000FFFFFFFFFFFFFFFFFFFFFFFFFFFFFFFF41
:100FC000FFFFFFFFFFFFFFFFFFFFFFFFFFFFFFFF31
:100FD000FFFFFFFFFFFFFFFFFFFFFFFFFFFFFFFF21
:100FE000FFFFFFFFFFFFFFFFFFFFFFFFFFFFFFFF11
:100FF000FFFFFFFFFFFFFFFFFFFFFFFFFFFFFFFF01
:10100000D10020434D1600600000000000000000E9
:10101000201000600010006000AC026000000000C2
:101020000000006000B8020000000000FFFFFFFFAA
:10103000FFFFFFFFFFFFFFFFFFFFFFFFFFFFFFFFC0
:10104000FFFFFFFFFFFFFFFFFFFFFFFFFFFFFFFFB0
:10105000FFFFFFFFFFFFFFFFFFFFFFFFFFFFFFFFA0
:10106000FFFFFFFFFFFFFFFFFFFFFFFFFFFFFFFF90
:10107000FFFFFFFFFFFFFFFFFFFFFFFFFFFFFFFF80
:10108000FFFFFFFFFFFFFFFFFFFFFFFFFFFFFFFF70
:10109000FFFFFFFFFFFFFFFFFFFFFFFFFFFFFFFF60
:1010A000FFFFFFFFFFFFFFFFFFFFFFFFFFFFFFFF50
:1010B000FFFFFFFFFFFFFFFFFFFFFFFFFFFFFFFF40
:1010C000FFFFFFFFFFFFFFFFFFFFFFFFFFFFFFFF30
:1010D000FFFFFFFFFFFFFFFFFFFFFFFFFFFFFFFF20
:1010E000FFFFFFFFFFFFFFFFFFFFFFFFFFFFFFFF10
:1010F000FFFFFFFFFFFFFFFFFFFFFFFFFFFFFFFF00
:10110000FFFFFFFFFFFFFFFFFFFFFFFFFFFFFFFFEF
:10111000FFFFFFFFFFFFFFFFFFFFFFFFFFFFFFFFDF
:10112000FFFFFFFFFFFFFFFFFFFFFFFFFFFFFFFFCF
:10113000FFFFFFFFFFFFFFFFFFFFFFFFFFFFFFFFBF
:10114000FFFFFFFFFFFFFFFFFFFFFFFFFFFFFFFFAF
:10115000FFFFFFFFFFFFFFFFFFFFFFFFFFFFFFFF9F
:10116000FFFFFFFFFFFFFFFFFFFFFFFFFFFFFFFF8F
:10117000FFFFFFFFFFFFFFFFFFFFFFFFFFFFFFFF7F
:10118000FFFFFFFFFFFFFFFFFFFFFFFFFFFFFFFF6F
:10119000FFFFFFFFFFFFFFFFFFFFFFFFFFFFFFFF5F
:1011A000FFFFFFFFFFFFFFFFFFFFFFFFFFFFFFFF4F
:1011B000FFFFFFFFFFFFFFFFFFFFFFFFFFFFFFFF3F
:1011C000FFFFFFFFFFFFFFFFFFFFFFFFFFFFFFFF2F
:1011D000FFFFFFFFFFFFFFFFFFFFFFFFFFFFFFFF1F
:1011E000FFFFFFFFFFFFFFFFFFFFFFFFFFFFFFFF0F
:1011F000FFFFFFFFFFFFFFFFFFFFFFFFFFFFFFFFFF
:10120000FFFFFFFFFFFFFFFFFFFFFFFFFFFFFFFFEE
:10121000FFFFFFFFFFFFFFFFFFFFFFFFFFFFFFFFDE
:10122000FFFFFFFFFFFFFFFFFFFFFFFFFFFFFFFFCE
:10123000FFFFFFFFFFFFFFFFFFFFFFFFFFFFFFFFBE
:10124000FFFFFFFFFFFFFFFFFFFFFFFFFFFFFFFFAE
:10125000FFFFFFFFFFFFFFFFFFFFFFFFFFFFFFFF9E
:10126000FFFFFFFFFFFFFFFFFFFFFFFFFFFFFFFF8E
:10127000FFFFFFFFFFFFFFFFFFFFFFFFFFFFFFFF7E
:10128000FFFFFFFFFFFFFFFFFFFFFFFFFFFFFFFF6E
:10129000FFFFFFFFFFFFFFFFFFFFFFFFFFFFFFFF5E
:1012A000FFFFFFFFFFFFFFFFFFFFFFFFFFFFFFFF4E
:1012B000FFFFFFFFFFFFFFFFFFFFFFFFFFFFFFFF3E
:1012C000FFFFFFFFFFFFFFFFFFFFFFFFFFFFFFFF2E
:1012D000FFFFFFFFFFFFFFFFFFFFFFFFFFFFFFFF1E
:1012E000FFFFFFFFFFFFFFFFFFFFFFFFFFFFFFFF0E
:1012F000FFFFFFFFFFFFFFFFFFFFFFFFFFFFFFFFFE
:10130000FFFFFFFFFFFFFFFFFFFFFFFFFFFFFFFFED
:10131000FFFFFFFFFFFFFFFFFFFFFFFFFFFFFFFFDD
:10132000FFFFFFFFFFFFFFFFFFFFFFFFFFFFFFFFCD
:10133000FFFFFFFFFFFFFFFFFFFFFFFFFFFFFFFFBD
:10134000FFFFFFFFFFFFFFFFFFFFFFFFFFFFFFFFAD
:10135000FFFFFFFFFFFFFFFFFFFFFFFFFFFFFFFF9D
:10136000FFFFFFFFFFFFFFFFFFFFFFFFFFFFFFFF8D
:10137000FFFFFFFFFFFFFFFFFFFFFFFFFFFFFFFF7D
:10138000FFFFFFFFFFFFFFFFFFFFFFFFFFFFFFFF6D
:10139000FFFFFFFFFFFFFFFFFFFFFFFFFFFFFFFF5D
:1013A000FFFFFFFFFFFFFFFFFFFFFFFFFFFFFFFF4D
:1013B000FFFFFFFFFFFFFFFFFFFFFFFFFFFFFFFF3D
:1013C000FFFFFFFFFFFFFFFFFFFFFFFFFFFFFFFF2D
:1013D000FFFFFFFFFFFFFFFFFFFFFFFFFFFFFFFF1D
:1013E000FFFFFFFFFFFFFFFFFFFFFFFFFFFFFFFF0D
:1013F000FFFFFFFFFFFFFFFFFFFFFFFFFFFFFFFFFD
:10140000814205D051F8043B40F8043B8242F9D8B0
:10141000704700BF044A05494FF0000342F8043BFF
:101420009142FBD8704700BFC09E002060C50020DD
:101430002DE98848BFF34F8F00BF00BF00BF00BF3A
:1014400000F042F9684B0822C3F8542100BF00BFE6
:1014500000BF00BF00BF00BF00BF00BF00BF00BF94
:1014600000BF00BF00BF00BF00BF00BF5F4A6049B0
:101470006048FFF7C5FF604A60496148FFF7C0FF59
:10148000604CFFF7C7FF4FF470004FF0E0210023DE
:101490005D4AC1F8880D44F823200133B02BFAD1FE
:1014A0005A4B80215A4A03F8011B9342FBD14FF05B
:1014B000E0254D4E4FF08039DFF884B1DFF884A18C
:1014C0004FF0FF31C5F8084D0027C6F80491C6F863
:1014D00000B1C6F8F490C6F8F0A0D5F8243DDFF8C6
:1014E000688143F4E0234B4AC5F8243DD8F81C300A
:1014F00023F07F0343F04003C8F81C30D8F82430B1
:1015000023F07F0343F04003C8F824309166D1668E
:101510001167516700F0E0F83F4B4049A363404B2F
:10152000E36363236B610323AF612B613D4BC5F81C
:10153000203DD5F8FC3D43F08073C5F8FC3D3A4BA7
:101540001A6842F001021A605B680B6000F00EFB43
:10155000C6F804913548C6F800B1C6F8F490C6F84C
:10156000F0A000F07DFCD8F86C10314B314A41F40A
:101570004051C8F86C101F60C3F80871C3F81871A7
:10158000C3F82871C3F83871936BDB0708D442F6AF
:101590001563294951651365936B43F00103936308
:1015A000244A264C936843F00113936000F01CF921
:1015B00000F060F800F060FC00F006FB00F086F838
:1015C0002368132BFCD900F097FB2368B3F5967FB3
:1015D000FBD300F07FF800F07BF800F045FC00F052
:1015E00033FC30BFFDE700BF00800D4098E90100EB
:1015F000CC1F006000000000C09E0020680902604F
:1016000000000020009C00202DED000000E400E020
:10161000A0E400E000C00A40E9010100E8C40020A5
:10162000ED01010000002020001000E00046C3236F
:101630000040084000400D400000C056ECC40020AF
:101640001B1018200C0D111300C00F40054B4FF458
:101650002A01054A05485A641864054A9963954663
:10166000FFF7E6FE00C00A40FFAAAAAA0700200072
:1016700000000620104BA020104AD96E41F44031E2
:1016800010B4D96640F23764D96E41F44071D9661E
:1016900054649064936C1B06FCD4094A40F2376191
:1016A000A02351649364936C13F08003FBD1054A2B
:1016B00013705DF8044B704700C00F4000400C40B1
:1016C00000800C402CC50020704700BF704700BF51
:1016D000704700BF00BF704710B44FF0E0230021F7
:1016E00010243148C3F8941DC3F89C4D1124C3F84D
:1016F000A00D2E48C3F89C4D1224C3F8A00D2C4811
:10170000C3F89C4D2B4AC3F8A00D2B4C42F0150298
:101710002A48C3F89C4DC3F8A00D294C2948C3F8AA
:101720009C4DC3F8A00D284CC3F89C2D2748284A8F
:10173000C3F8A04DC3F89C0DC3F8A02D02F5A0225C
:10174000244C0C322448C3F89C4DC3F8A02D234AE6
:10175000C3F89C0D224CC3F8A02D02F14062C3F8DF
:101760009C4D2048C3F8A02D0C32C3F89C0DC3F843
:10177000A02D00BF00BF00BF00BF00BF0122C3F803
:10178000942DBFF34F8FBFF36F8FC3F8501FBFF37C
:101790004F8FBFF36F8FD3F8142D5DF8044B42F4D5
:1017A0004032C3F8142D70473F0000102500080791
:1017B0000900100060C5002013002000210002076E
:1017C0001400002025000813090000101600202036
:1017D00027000B1317000040180000602F000B07B4
:1017E000190000701A000080F0B5B84B1822B84EEE
:1017F0000120B84F83B0C3F85C62B749C3F8607288
:10180000B64DC3F86462A6F53046B54CC3F86862BD
:10181000C3F86C52C3F87052C3F87452C3F87852CC
:1018200048F20C75DA661A675A679A67DA67C3F87E
:101830008020C3F88420C3F88820C1F82C03A94A6B
:10184000C1F83003C1F83403C1F83803C1F83C03D0
:10185000C1F85003A169A44B0A40A448A44913430A
:10186000A44AA361D4F8843043F00C03C4F8843054
:101870004FF0FF34036843F00203036003682B401A
:101880004FF400551A439C4B026044608A689B4C9D
:1018900013409B4A43F000538360C36823F07803EE
:1018A000C360036A134023430362036A1340954AEB
:1018B0002343954C43628262C2620022D1F8B83061
:1018C00023F03F0343F00103C0F8B830D1F8BC3037
:1018D0008E4923F03F0343F00103C0F8BC3040F2CF
:1018E0000563026105660467C0F880304566446799
:1018F0000224C0F88430036823F00203036081618E
:10190000834B8449C46143F8042B8B42FBD1774A53
:10191000136843F001031360136813F00103FBD154
:101920007A48022140F2F564906140F29940D16119
:1019300040F26641C2F8004242F20144C2F810127D
:101940007549C2F82002C2F8301240F2354173489E
:10195000C2F83442C2F84012714CC2F8500242F24E
:1019600001207049C2F854120121C2F86042C2F845
:1019700064025E48C2F8A030C2F8A430C2F8B010C9
:101980004369DA07FCD5012300244FF4803257491C
:101990004361C0F8A040C0F8A420C0F8B0304B6943
:1019A000DB07FCD5012300244FF400304F4A4B6184
:1019B000C1F8A040C1F8A400C1F8B0305369DF07F6
:1019C000FCD501230024584848495361C2F8A0407F
:1019D000C2F8A400C2F8B0304B69DE07FCD5D1F8DC
:1019E000003145F60D5221209BB24861934265D1EA
:1019F00000244FF4802201233C48C1F8A040C1F8E4
:101A0000A420C1F8B0304369DD07FCD501234FF4B1
:101A100000040021354A4361C0F8A040C0F8A4107A
:101A2000C0F8B0305369DC07FCD501234FF4000443
:101A30004FF480302D495361C2F8A040C2F8A40091
:101A4000C2F8B0304B69D807FCD501234FF400042D
:101A50004FF40030254A4B61C1F8A040C1F8A40002
:101A6000C1F8B0305369D907FCD501234FF4000405
:101A70002D481E495361C2F8A040C2F8A400C2F824
:101A8000B0304B69DA07FCD5D1F8003145F60D527C
:101A900021209BB24861934250D008254FF40004A6
:101AA00022490020224B234A009015705A1A012324
:101AB0002148224400F0C4F903B0F0BD1E4B0022BF
:101AC000C3E90022C3E9022203B0F0BD00801F4039
:101AD000F9B00100F910010000841F40F970010005
:101AE00000C00F40FFFCFF1F000300A000402A4081
:101AF00000802A401200FFFFFF37F70040000080FF
:101B000000FFF07CFF000F8363000200F05AF05AE0
:101B100000422A4000432A409F041830EB06180A6E
:101B20003806180A0632012604000300000000707F
:101B3000000000702EC50020F4B600204FF4000411
:101B40004FF4802201230848C1F8A040C1F8A42026
:101B5000C1F8B0304369DB07FCD5012310254FF0F5
:101B6000807443619CE700BF00402A40F0B4154AEE
:101B700040274FF480314FF480564FF400554FF416
:101B8000404443F24200136913F0020F0ED113F4E4
:101B9000005F0FD013F4805F0ED0002BF3DA13F444
:101BA000803F0BD15B060BD5F0BC7047946151614F
:101BB0009061E8E75561E6E75661E4E79161E2E7A5
:101BC0005761E0E700800D403F4A03203F49F3EEB4
:101BD000095AD2F880304FF0000C9FED3D6A23F097
:101BE00001039FED3C5A30B4C2F88030C2F8900037
:101BF000D1F8E010384DCBB2384C39482B6007EEA5
:101C0000903A0B0DC1F30B21F8EEE77A06EE903A0D
:101C100007EE101A334BB8EEC77A2160F8EEE66A89
:101C2000314937EEC66A37EEC55A76EEC76A77EEA7
:101C3000E57A26EE266AC3ED006A25EE265AD2F82A
:101C4000803067EEA64AC0ED007AC6EE275A2748D4
:101C500085EE276AC4EEA76A75EE875AFCEEE55A50
:101C600036EE076A15EE904ABCEEC66A43EA0453A4
:101C700076EE877AC2F8803016EE103AD2F89041AC
:101C8000FCEEE77A01EA0341214317EE903AC2F8ED
:101C90009011C3F30B03D2F890110B431449C2F80F
:101CA0009031D2F8803043F00203C2F88030114BFB
:101CB00080F840C0C1F840314FF0E023012230BC31
:101CC000C3F80821704700BF00810D4000441F4049
:101CD0000000AA420000B44258C4002054C40020AE
:101CE0005CC4002060C400200000FF0F00E400E09E
:101CF000009C002019EF0000314B40F6617210B5D6
:101D0000C3F8202140F2044400F0A2F82D4A2E49E5
:101D1000D2F880302D4843F00303C2F880302C4BBA
:101D2000C1F8604102681A4203D1D1F8A8319A077C
:101D30001BD0254A4FF00041244B5963D2F8403163
:101D400043F00203C2F84031D2F840319B07FBD484
:101D50004FF400304FF0E0211C4B4FF00042C1F82F
:101D60008C0219209A6300F083F8184A4FF08040E3
:101D7000154C002190630A20164B11604FF420721D
:101D8000C4F8A801184600F067F84FF48002034633
:101D90004FF4810040F243111860C4F858311A64BE
:101DA0000D4B0E4AC4F84811C3F804224FF0E0224C
:101DB0004FF400310123C2F80C11C4F8403110BDBA
:101DC00000800D4000C00F4000002E4000900D40EC
:101DD000001C1E0000000020009C002001F10000FB
:101DE00008B50E4B1B6E9B0700D4FBBE72B60C4BA6
:101DF00000200C4AC3F8400103F160430A49A3F5EF
:101E00005F2311649D46BFF34F8F4FF400130748C3
:101E1000074ADB6902609B68984700BF00441F4087
:101E200000002E4000C00A40030020000080202057
:101E3000000012EBF8B500BFF8BC08BC9E46704726
:101E40005FF800F0590201005FF800F07DE6000045
:101E50005FF800F071F800005FF800F0A95D010084
:101E60005FF800F091DD00005FF800F0D963010039
:101E70005FF800F081E000005FF800F015EC000072
:101E800045000000850600003D260000892C00006A
:101E90003943000019550000E5620000716400003C
:041EA00015CD00005C
:101EA40016035500530042002000530065007200E1
:101EB400690061006C0000001803540065006500AF
:101EC4006E00730079006400750069006E006F0095
:101ED4000403090409026200030100C032080B0074
:101EE40002020201000904000001020201000524AB
:101EF4000010010524010101042402060524060042
:101F0400010705820310001009040100020A000001
:101F14000007050302400000070584024000000991
:101F240004020002FF6AFF00070581024000010766
:101F3400050102400001000009026200030100C023
:101F440032080B000202020100090400000102022F
:101F540001000524001001052401010104240206E6
:101F64000524060001070582031000050904010089
:101F7400020A0000000705030200020007058402AC
:101F84000002000904020002FF6AC700070581027B
:101F94000002010705010200020100000A06000216
:101FA400EF02014001000000005EBCE2613FDD83FE
:101FB400C29C7E20A3FD1F41009D23BE46DB65F825
:081FC4008C11AF32CA57E97419
:101FCC000000000000000000000000000000000005
:101FDC0000000000000000000000000000000000F5
:101FEC000548064B1B1AD90F01EBA301491002D06F
:101FFC00034B03B118477047C09E0020C09E0020C1
:10200C000000000008B5054B1BB105490548AFF3AE
:10201C000080BDE80840FFF7E3BF00BF00000000F0
:10202C0004C4002000B802600346012200B583B04E
:10203C0093F80DC099880DF1070083F80CC08DF84A
:10204C0007C00EF0EBFA03B05DF804FB0346012267
:10205C0000B583B093F80DC099880DF1070083F893
:10206C000CC08DF807C00EF0D9FA03B05DF804FB74
:10207C0000B500F1140183B0844600F10C026B46EC
:10208C0003C983E8030082E803000822BCF80410AB
:10209C0018460EF0C3FA03B05DF804FB03460422A5
:1020AC0000B583B0D3F810C099880DEB0200C3F8CB
:1020BC000CC0CDF804C00EF0B1FA03B05DF804FB0F
:1020CC000346042210B582B01C6999880DEB0200FE
:1020DC00DC6001940EF0A2FA02B010BD10B50446FB
:1020EC0080880EF0F1F8207310BD00BF10B50446C7
:1020FC0080880EF0E9F8207310BD00BF70B585889C
:10210C0000F10C0400F114062D1A0C3D60190EF0B0
:10211C00DBF804F8010BA642F8D170BD70B58588C8
:10212C0000F10C0400F110062D1A0C3D60190EF094
:10213C00CBF804F8010BA642F8D170BD70B58588B8
:10214C0000F10C0400F110062D1A0C3D60190EF074
:10215C00BBF804F8010BA642F8D170BD70B504466B
:10216C0000F1140106F046F9054604F12801204659
:10217C0006F040F9034604F13C0120461D4006F0F0
:10218C0039F9034604F15001EDB220461D4006F02A
:10219C0031F9034604F1640120461D4006F02AF98A
:1021AC00064604F17801204606F024F92E40054637
:1021BC0004F18C01204606F01DF93540064604F169
:1021CC00A001204606F016F92E40054604F1BC018C
:1021DC00204606F00FF93540064604F1D80120469A
:1021EC0006F008F92E40054604F1F401204606F0ED
:1021FC0001F93540064604F58871204606F0FAF8D8
:10220C002E40054604F59671204606F0F3F835404D
:10221C00064604F5A471204606F0ECF82E4005465F
:10222C0004F5B271204606F0E5F83540064604F593
:10223C00C071204606F0DEF82E40054604F5CE713E
:10224C00204606F0D7F83540064604F5DC712046EA
:10225C0006F0D0F82E40054604F5EA71204606F04B
:10226C00C9F83540064604F5F871204606F0C2F868
:10227C002E40054604F50371204606F0BBF83540A8
:10228C00064604F50A71204606F0B4F82E400546C1
:10229C0004F51171204606F0ADF83540064604F5FC
:1022AC001871204606F0A6F82E40054604F51C7160
:1022BC00204606F09FF83540034604F52071204671
:1022CC001D4006F097F808B105B170BD20210448F7
:1022DC000FF010FE0348BDE870400DF077B900BF59
:1022EC00680A00205092002070B5002245F601418A
:1022FC00044606F023F8C44AF3EE047A0023DFF810
:10230C0040E30425C14E2260BAEE0E7AC04A4FF06B
:10231C00080C2383FAEE046A636262614FF40002D4
:10232C00A3852363A57684F82E50A4F8403063640B
:10233C0084F84250A4F85430A36584F85650A4F89D
:10234C006830E36684F86A50A4F87C30A662E663D1
:10235C0026656666C4ED0D7AC4ED0E7AC4ED177A67
:10236C00C4ED187AC4F848E0C4F84CE0C4F870E046
:10237C00C4F874E0A749A848C4E90733C4F880300E
:10238C00A667C4F88C60A54E84F87E50C4F8C8606B
:10239C00C4F8D060A24E84F892500125A4F8903075
:1023AC00C4F89430A4F8A430C4F8A830C4F8A00041
:1023BC00A4F8C030C4F8C430C4F8BC00A4F8DC30B5
:1023CC00C4F8E030C4F8D800C4ED217AC4ED227A08
:1023DC00C4F898E0C4F89CE0C4F8ACE084ED2C7A26
:1023EC00C4F8B4E084ED2E7A84F8A6C084ED337A78
:1023FC0084ED357A84F8C2C0C4F8E4E0C4F8ECE0AB
:10240C00C4F8E860C4F8F060A4F8F830C4F8FC3004
:10241C00C4F8F400C4F80011C4F80421C4F808117D
:10242C00C4F80C21A4F81431C4F81831C4F8100104
:10243C00C4F81C11C4F82021C4F82411C4F82821B4
:10244C00A4F83031C4F83431C4F82C01C4F8381174
:10245C00C4F83C21C4F84011C4F84421A4F84C3110
:10246C00C4F85031C4F84801C4F85411C4F85821C8
:10247C00C4F85C11C4F8602184F8DEC084F8FAC09A
:10248C0084F816C184F832C184F84EC1A4F86831BE
:10249C00C4F86C31C4F86401C4F87011C4F8742128
:1024AC00C4F87811C4F87C21A4F88431C4F88831BC
:1024BC00C4F88001C4F88C11C4F89021C4F89411AC
:1024CC00C4F89821A4F8A031C4F8A431C4F89C0134
:1024DC00C4F8A811C4F8AC21C4F8B011C4F8B421E4
:1024EC00A4F8BC31C4F8C031C4F8B801C4F8C411A4
:1024FC00C4F8C821C4F8CC11C4F8D02184F86AC13E
:10250C0084F886C184F8A2C184F8BEC1A4F8D8317D
:10251C00C4F8E421C4F8EC21C4F81C22C4F8242229
:10252C00404AC4F8E011C4F8FC21C4F804223E4A25
:10253C00C4F8E811C4F83422C4F83C223B4AC4F86D
:10254C001812C4F82012C4F838223949C4F84022B1
:10255C00384AC4F8DC31C4F8D401A4F8F431C4F816
:10256C00F831C4F8F001A4F81032C4F81432C4F8ED
:10257C000C02A4F82C32C4F83032C4F82802A4F8A7
:10258C00483284F8DAC1C4ED806AC4ED826A84F8FA
:10259C00F6C184F812C284F82EC2C4F84C32C4F8C6
:1025AC006012C4F8701240F60A21C4F85022C4F824
:1025BC00582240F20112A4F86432C4F86832A4F82C
:1025CC007432C4F87832A4F87C12A4F884321A4914
:1025DC00C4F88832A4F88C2243F63C42174BC4F85A
:1025EC004402204684F84AC284F8665284F8765233
:1025FC00C4F8801284F88652C4F85432C4F85C32A1
:10260C00A4F86C2270BD00BF501B0020F01A0020F3
:10261C00101B0020FFFF7F7FD01A002000007042AB
:10262C00000020C200005C410000FA430000FAC325
:10263C00001B00200000FA44E01A00200000FAC43D
:10264C000000A0420DF01CBE00207047704700BF78
:10265C00036D0BB101207047406D003818BF01208D
:10266C00704700BF10B50446806D18B113F048FCDC
:10267C000023A365236D2BB104F11800BDE81040B5
:10268C000BF012BD636D002BF6D110BDF0B595B0FB
:10269C0000224FF47A74244F1831054604A88DF8A3
:1026AC000C200097CDE90124CDE912220BF068FD36
:1026BC00129B002B2DD05C2000260EF061F8019BA4
:1026CC0004464660C36004A9029B183040F8083CDD
:1026DC009DF80C3000F8043C144B40F8183C144B9B
:1026EC0040F8103C0BF09EFC124B4FF47A72A76032
:1026FC002B606368A66501336E602E73AA602C6133
:10270C0063600D4B04A800930BF0CEFC284615B06B
:10271C00F0BD139B002BCED1064A2B732A602B6184
:10272C00C5E90134EDE700BF501C0020741C0020EB
:10273C00D01C0020241C0020201B002010B50446B7
:10274C00806D00B110BD4FF4807013F0D1FBA0650B
:10275C00B0B10022236D02703BB101464FF4807280
:10276C0018460BF0F1F8A06D10BD636D002BE9D08D
:10277C0001464FF48072184609F07EF8A06D10BD2A
:10278C00014B1846A36510BD2BC5002038B5056D4F
:10279C006DB10BB1002038BD114628460AF0FAF88D
:1027AC000028F7D02846BDE838400AF095BA446DA9
:1027BC00002CEFD0204608F00DF80028EAD0204677
:1027CC00BDE8384008F080BE8A79A2F150031B06A0
:1027DC0022D402F26C72F0B54B7985B0046D0133E2
:1027EC000D798E784F78DBB209784CB12046019682
:1027FC000095CDE9027104210AF002FA05B0F0BD92
:10280C00406D0028FAD001960095CDE902710421A3
:10281C0008F09EFD05B0F0BD0020704710B50446D1
:10282C00006D80B1037813F0700F00D110BD002142
:10283C000AF0B0F8606D0028F8D000220023BDE843
:10284C00104007F0C7BF606D0028EFD090F8313012
:10285C0013F0500FEAD000220023BDE8104007F01F
:10286C00B9BF00BF036D10B50C4682B02BB30DF190
:10287C00060201A9184609F033FC38B3BDF8043040
:10288C00BDF8062053EA020120D0C2F3451C02F029
:10289C001F00D20AC3F34311400084F801C0A27098
:1028AC005A0A013903F01F0302F5EA622070012075
:1028BC0061712371A27102B010BD406D30B10DF188
:1028CC00060201A907F02CFE0028D7D1002002B087
:1028DC0010BD00BF036D10B50C4682B02BB30DF1CB
:1028EC00060201A9184609F0EBFB38B3BDF8043019
:1028FC00BDF8062053EA020120D0C2F3451C02F0B9
:10290C001F00D20AC3F34311400084F801C0A27027
:10291C005A0A013903F01F0302F5EA622070012004
:10292C0061712371A27102B010BD406D30B10DF117
:10293C00060201A907F0E2FD0028D7D1002002B061
:10294C0010BD00BF0369D3B10E4810B41C68E46815
:10295C0084420FD1186D18B15DF8044B0AF0F6B92A
:10296C00586D18B15DF8044B08F020BE00205DF8DE
:10297C00044B7047184623465DF8044B184700205B
:10298C00704700BFF10B0000006990B10368154A55
:10299C001B69934225D1036D63B1187810F00800C0
:1029AC0007D0D8695B69C01A48BF6FF00040704708
:1029BC0018467047436D002BFAD093F8310010F095
:1029CC000800F6D0186919685A69401A5B6862EBFE
:1029DC000303B0F1004F73F10003EAD36FF0004032
:1029EC0070471847D90C0000036973B11A6808497D
:1029FC0052698A4207D1186D08B109F057BE586D5B
:102A0C0018B107F0D1BE184610474FF0FF30704791
:102A1C00250B0000036923B31968134A10B58C68A1
:102A2C0082B0944214D1186D48B101220DF1070106
:102A3C0009F068FD90B19DF8070002B010BD586D0B
:102A4C000028F8D001220DF1070107F0DDFDF1E7B8
:102A5C0001220DF107011846A047EBE74FF0FF30BC
:102A6C00EBE74FF0FF307047650B0000036963B173
:102A7C001A68074992698A4208D1186D08B10AF0A0
:102A8C00B9B8586D08B108F0EDBA70471846104740
:102A9C00B50B0000036D13B1586900217047436DED
:102AAC0013B1D3E90001704718461946704700BFAF
:102ABC00036D13B1D86900217047436D13B1D3E98D
:102ACC000401704718461946704700BF836C13B158
:102ADC00184609F0EBBDC06C08B107F065BE4FF0AD
:102AEC00FF307047036D13B1184609F0DFBD406D20
:102AFC0008B107F059BE4FF0FF307047036D33B18A
:102B0C001B7813F0700F14BF012000207047406D2C
:102B1C0030B190F8313013F0500F14BF0120002069
:102B2C00704700BF036D13B1184609F0EBBC406D44
:102B3C0008B107F069BD4FF0FF307047836C00B5EA
:102B4C0083B063B101220DF10701184609F0DAFCDC
:102B5C0001280CD19DF8070003B05DF804FBC06C94
:102B6C0028B101220DF1070107F04EFDF0E74FF0FF
:102B7C00FF30F1E7036D13B118460AF03BB8406D16
:102B8C0008B108F06FBA7047836C13B118460AF09D
:102B9C0031B8C06C08B108F065BA7047836C13B1DA
:102BAC0018460AF0D3B8C06C08B108F0FFBC7047E7
:102BBC00036D13B118460AF0C9B8406D08B108F09E
:102BCC00F5BC704700B5836C83B08DF8071043B12A
:102BDC0001220DF1070118460AF0B8F803B05DF8B0
:102BEC0004FBC06C0028F9D001220DF1070108F09C
:102BFC00DDFC03B05DF804FB8A79A2F150031B06DF
:102C0C0022D402F26C72F0B54B7985B0046D0133AD
:102C1C000D798E784F78DBB209784CB1204601964D
:102C2C000095CDE90271022109F0EAFF05B0F0BD73
:102C3C00406D0028FAD001960095CDE90271022171
:102C4C0008F086FB05B0F0BD00207047836C53B1D3
:102C5C00187810F008000DD0D8695B69C01A48BF0D
:102C6C006FF000407047C36CA3B193F8310010F0C3
:102C7C00080000D17047186919685A69401A5B68D6
:102C8C0062EB0303B0F1004F73F10003F2D36FF06A
:102C9C00004070471846EDE7036D53B1187810F0FB
:102CAC0008000DD0D8695B69C01A48BF6FF00040AE
:102CBC007047436DA3B193F8310010F0080000D1B8
:102CCC007047186919685A69401A5B6862EB03030C
:102CDC00B0F1004F73F10003F2D36FF00040704776
:102CEC001846EDE700B5006983B08DF8071060B1A8
:102CFC000368104ADB68934215D1036D43B101227E
:102D0C000DF1070118460AF021F803B05DF804FB39
:102D1C00406D0028F9D001220DF1070108F046FCA6
:102D2C0003B05DF804FB01220DF10701984703B0D5
:102D3C005DF804FBF10B000038B504460C4B806DBC
:102D4C00236018B113F0DCF80023A365236D04F1A4
:102D5C0018054BB128460BF0A7F9064B2846A36083
:102D6C000BF0A2F9204638BD636D002BF2D1F4E7CD
:102D7C00741C0020201B002038B504460E4B806DBF
:102D8C00236018B113F0BCF80023A365236D04F184
:102D9C0018056BB128460BF087F9084B2846A36041
:102DAC000BF082F920465C210DF0ECFC204638BD7E
:102DBC00636D002BEED1F0E7741C0020201B00206B
:102DCC0038B505460C460D4801210FF093F8002349
:102DDC000A2229460A480CF015FC34B1204615F09D
:102DEC000FFB014620460FF085F805480CF0EEFB72
:102DFC000120BDE838400DF023B900BFB00E002013
:102E0C005092002070B5264B044605690360002DD6
:102E1C0032D06E68013E6E6076BB2B68214ADB6A4D
:102E2C00934233D1A86D10B113F06AF8AE652B6DD7
:102E3C0043B305F118000BF037F92569E5B12B68A0
:102E4C00194A5B68934228D1184BA86D2B6018B1B6
:102E5C0013F056F80023AB652B6D05F11806C3B1C2
:102E6C0030460BF021F9124B3046AB600BF01CF9DD
:102E7C005C2128460DF086FC204614210DF082FCC6
:102E8C00204670BD6B6D002BD3D1D6E728469847F2
:102E9C00D3E76B6D002BE3D1E5E728469847EBE7CA
:102EAC00241C0020A5060000B90D0000741C002095
:102EBC00201B002030B4029C11469C4634B1012CDE
:102ECC001CD0022C0ED0002030BC7047056DF5B123
:102EDC004FF0FF33934274EB0C04F4D3284630BC10
:102EEC0009F058BD026D0AB3D36959184CF10003AF
:102EFC00002BE8D1104630BC09F04CBD026D62B11C
:102F0C00536959184CF10003002BDCD1F2E7406DEA
:102F1C000028D8D030BC07F05DBC406D0028D2D062
:102F2C00D0E900238A184CEB0303F3E7406D00282B
:102F3C00C9D0D0E9042330BC8A184CEB030307F04A
:102F4C0049BC00BF70B5244B044605690360002DD5
:102F5C0032D06E68013E6E6076BB2B681F4ADB6A0E
:102F6C0093422FD1A86D10B112F0CAFFAE652B6D34
:102F7C0023B305F118000BF097F82569E5B12B6820
:102F8C00174A5B68934224D1164BA86D2B6018B17D
:102F9C0012F0B6FF0023AB652B6D05F11806A3B13B
:102FAC0030460BF081F8104B3046AB600BF07CF8E0
:102FBC005C2128460DF0E6FB204670BD6B6D002BA6
:102FCC00D7D1DAE728469847D7E76B6D002BE7D1C6
:102FDC00E9E728469847EFE7241C0020A5060000E7
:102FEC00B90D0000741C0020201B002070B5044695
:102FFC000E460E49154606F077FB4C22002104F5CF
:10300C000E7014F0B1FE4FF47A7200232046C4F80F
:10301C009422074AC4F88462C4F8903284F8983237
:10302C00C4F89C32C4E9A25270BD00BF609200206B
:10303C00241C002010B5037888B00446073B1A2BDB
:10304C0000F2E880DFE803F0CFCDCBC9C7C5C1BD26
:10305C00B9B7B5B3B1A49E987F70615289814A41CA
:10306C002A1F0E0000F5207200F51F7106F094FC6B
:10307C00002800F0C0801721D4F8840208B0BDE805
:10308C00104006F017BD00F51E7200F51D7106F01C
:10309C006BFC002800F0B9801621EDE700F51C71DF
:1030AC0000F51B7200F51A7004F51973CDE90121B6
:1030BC00009004F5187204F51771204606F018FC00
:1030CC00002800F098801521D6E700F5167106F05F
:1030DC00DFFC002840F09C8008B010BD00F5137197
:1030EC0006F0D4FC0028F7D01121C5E700F51572C5
:1030FC0000F5147106F098FC0028EDD00F21D4F8DF
:10310C00840206F0D7FC0421B6E700F5127200F534
:10311C00117106F071FC0028DED00E21D4F8840267
:10312C0006F0C8FC0321A7E700F50F7200F50E713D
:10313C0006F04AFC0028CFD00D21D4F8840206F00A
:10314C00B9FC022198E71C2196E700F5107106F0F6
:10315C009BFC0028C0D010218EE700F5127200F500
:10316C00117106F079FC0028B6D00E21D4F8840237
:10317C0006F0A0FC05217FE71621012205F044FA98
:10318C001F2179E71521012205F03EFA1E2173E774
:10319C000C21D0F8840206F08DFC0122142120466B
:1031AC0008B0BDE8104005F02FBA0B2164E70A21E6
:1031BC0062E7092160E708215EE70621D0F8880262
:1031CC005CE70521D0F8880258E70421D0F8880282
:1031DC0054E7142150E707214EE706214CE7002164
:1031EC004AE7012148E70021D0F8840206F062FC8E
:1031FC0001220721D3E719210D480EF07BFE0D4863
:10320C0008B0BDE810400CF0E1B91B210A48F4E706
:10321C00122131E7094905A80CF0A2FB032205A9EC
:10322C0004F5237004F090FC05A80CF0D3FB53E7D5
:10323C00B40B002050920020D00B0020EC0B00208F
:10324C0070B584B0044606F0B3F800B30346114DD4
:10325C0004F523760EE00CF083FB032201A9304623
:10326C0004F072FC01A80CF0B5FB204606F0A0F8A7
:10327C00034660B1012B294601A8ECD12046FFF78B
:10328C00D9FE204606F094F803460028F2D104B08B
:10329C0070BD00BFB40E002038B5424C142142481A
:1032AC000EF028FE20460CF091F940490720404DC5
:1032BC00FFF786FD3F490820FFF782FD3E490920B4
:1032CC00FFF77EFD3D490A20FFF77AFD3C490B20B4
:1032DC00FFF776FD3B490C20FFF772FD3A490D20B4
:1032EC00FFF76EFD39490E20FFF76AFD38490F20B4
:1032FC00FFF766FD37491020FFF762FD36491120B4
:10330C00FFF75EFD35491220FFF75AFD34491320B3
:10331C00FFF756FD33491420FFF752FD32491520B3
:10332C00FFF74EFD31491620FFF74AFD30491720B3
:10333C00FFF746FD142128460EF0DCFD20460CF06C
:10334C0045F92C491820FFF73BFD2B491920FFF7B5
:10335C0037FD2A491A20FFF733FD29491B20FFF7B7
:10336C002FFD28491C20FFF72BFD27491D20FFF7B7
:10337C0027FD26491E20FFF723FD25491F20FFF7B7
:10338C001FFD24492020FFF71BFD23492120FFF7B7
:10339C0017FD284614210EF0ADFD2046BDE838403F
:1033AC000CF014B950920020040C00201C0C0020CE
:1033BC00500D0020300C0020400C00204C0C002044
:1033CC00600C0020780C0020880C0020980C002049
:1033DC00A80C0020B80C0020C80C0020D80C002031
:1033EC00EC0C0020000D0020140D0020280D0020F6
:1033FC00380D0020680D0020840D0020A00D002049
:10340C00B80D0020E00D0020FC0D0020140E002053
:10341C00300E0020680E00208C0E002010B51449D0
:10342C00044605F039F80EF0D9FCC0B26D2813D063
:10343C00204605F0BDFF48B10128F9D12046FFF721
:10344C00F9FD204605F0B4FF0028F5D120460949C6
:10345C00BDE8104005F020B80EF026FD2046FFF721
:10346C001BFF20460349BDE8104005F015B800BF0E
:10347C00509200206092002010B504460A460221AA
:10348C0006F018FF204610BD44F2220106F0FEBBE8
:10349C0044F2670106F0FABB44F27D0106F0F6BB7C
:1034AC0010B5044606F000FE431C0BD007EE900A44
:1034BC00DFED056A0120F8EEE77A87EEA67A84ED57
:1034CC00077A10BD002010BD00102446000000003B
:1034DC009FED0B7BB7EEC00A10B520EE070B044630
:1034EC00B7EEC00B06F0B8FE00B910BD32200CF0E0
:1034FC00A7FD204644F22501BDE8104006F0C6BBEE
:10350C00C294922FB2AEAB3F9FED0B7BB7EEC00ACD
:10351C0010B520EE070B0446B7EEC00B06F09CFE70
:10352C0000B910BD32200CF08BFD204644F2500146
:10353C00BDE8104006F0AABBC294922FB2AEAB3FCE
:10354C0008B5836803B19847044AD3889BB243F407
:10355C008043D380BFF34F8F08BD00BF00800B406A
:10356C0008B5836803B19847034A137803F0F7034F
:10357C001370BFF34F8F08BD00400B400B4B186806
:10358C0088B103680A4A1B6893420DD1836810B551
:10359C0003B19847074AD3889BB243F48043D38046
:1035AC00BFF34F8F10BD7047184700BFC0B200204B
:1035BC008115000000800B402DE9F04F00F5487399
:1035CC0087B000F5BF62DFF8F0E0044600F1400977
:1035DC0000F14C0800F1900B00F5B86A00F15807A7
:1035EC0000F168060493059284460025BEE80F009E
:1035FC00ACE80F00BEE80F00ACE80F00BEE80F000F
:10360C00ACE80F009EE80F008CE80F003946102242
:10361C00484606F03FFA31461022404606F03AFA88
:10362C0004F17800C4E91655C4E91855C4E91A55D3
:10363C00C4E91C5502F0A8FE4FF47A735846C4F83E
:10364C008050C4F884301A4B84F88850E367C4F86F
:10365C008C50FEF749FE049F424649463846FFF718
:10366C00C5FC0121504602F0E3FE059E01213046C7
:10367C00FFF702FF53464A46414604F21C60CDF860
:10368C0008B00197009601F0F3FA0A4B4FF48072E0
:10369C0020461B68A4F8285CC4F8305CA4F8342CD1
:1036AC0084F8365CC4F82C3C07B0BDE8F08F00BF42
:1036BC00241C0020ECC400209803002090F8293C26
:1036CC0090F8282C9A4210B5044611D000EBC30296
:1036DC00012180F8361C5068C20725D454F83330C9
:1036EC0004EB60009847002294F8283C84F8362CB0
:1036FC0004EBC3025068C2070CD5421054F83330A7
:10370C0004EB6000A258D358984794F8283C84F8EE
:10371C00293C10BD54F8333004EB6000984794F802
:10372C00283C84F8293C10BD40FA01F254F833309F
:10373C0004EB6000A258D358D4E700BF30B41A4D44
:10374C0000211A4C2B6C1A4A43F4001391602B6421
:10375C00636F43F440336367164C174B2260174A70
:10376C00174CC2F8B04146F2A01441F210321C8042
:10377C004FF0E0241A8044F20A02DA801A8892B2DE
:10378C0042F06C021A804FF080521981C4F8082163
:10379C009B889B0701D430BC70470A4900F54870E0
:1037AC0030BC05F0A7BF00BF00C00A4000C00F40EE
:1037BC0008C50020C0B2002000800B40009C0020F7
:1037CC00BD150000F4110020F0B591B004467F49FE
:1037DC0007A80CF0C5F804F5B86006F0AFFB00289C
:1037EC005BD10DAD04F17C07794928460CF0B8F893
:1037FC0003222946384604F0A7F928460CF0EAF8CB
:10380C0004F5BF6006F09AFB002840F095807149E2
:10381C0028460CF0A5F803223846294604F094F902
:10382C0028460CF0D7F8B4F8062604F54875B4F819
:10383C0004362846CDE90332B4F80226B4F8003633
:10384C00CDE90132B4F8CE25B4F8CC350092B4F8F9
:10385C00CA25B4F8C81505F06BFF64200CF0F0FB1A
:10386C00B4F80626B4F804362846CDE90332B4F889
:10387C000226B4F80036CDE90132B4F8CE25B4F8FE
:10388C00CC350092B4F8CA25B4F8C81505F050FF31
:10389C0007A80CF09FF811B0F0BD0AAE0DAD4E4963
:1038AC0004F17C0730460CF05BF81022B4F8C81514
:1038BC0028460CF0CBF8294630460CF061F9284626
:1038CC000CF088F8454930460CF05EF91022B4F83B
:1038DC00CA1528460CF0BAF8294630460CF050F9B7
:1038EC0028460CF077F83D4930460CF04DF9102283
:1038FC00B4F8CE1528460CF0A9F8294630460CF041
:10390C003FF928460CF066F80A9900295BD0284646
:10391C000CF026F803222946384604F015F92846FF
:10392C000CF058F830460CF055F804F5BF6006F072
:10393C0005FB00283FF46BAF0AAE294930460CF06A
:10394C000FF81022B4F8001628460CF07FF8294620
:10395C0030460CF015F928460CF03CF81F4930465F
:10396C000CF012F91022B4F8021628460CF06EF87E
:10397C00294630460CF004F928460CF02BF8174970
:10398C0030460CF001F91022B4F8061628460CF05B
:10399C005DF8294630460CF0F3F828460CF01AF87E
:1039AC000A9971B128460BF0DBFF032229463846F1
:1039BC0004F0CAF828460CF00DF830460CF00AF862
:1039CC0031E70849EEE70749A1E700BFB409002039
:1039DC00AC180020F0180020D8180020EC1800209B
:1039EC0024190020D090002070B5044684B000F556
:1039FC00B86006F077FAE0B12C4B002294F8C05571
:103A0C001A7025B994F8C1357BBB04B070BD132175
:103A1C0027480EF06FFA27480BF0D8FD012104F16E
:103A2C00400006F047F8204604B0BDE87040FFF7B0
:103A3C00CBBE2149054601A81C4E0BF091FF032279
:103A4C0001A904F17C0004F07FF801A80BF0C2FF7F
:103A5C0033780133DBB20A2B3370D6D1174904F516
:103A6C00487005F047FE3570CFE704F5BF6004F5EC
:103A7C004876FFF709FD142111480EF03BFA0D486A
:103A8C000BF0A4FD294604F1400006F013F80121C7
:103A9C00304604F069FE64200CF0D2FA0121304665
:103AAC0004B0BDE8704004F05FBE00BF2AC5002022
:103ABC008819002050920020381900205C19002031
:103ACC009C19002070B5054684B000F5BF6006F067
:103ADC0009FA50B11C4A002495F8F835147003BB50
:103AEC0095F8F945204604B070BD1849044601A864
:103AFC00154E0BF035FF032201A905F17C0004F0F3
:103B0C0023F801A80BF066FF33780133DBB20A2BE4
:103B1C003370E7D10E4905F5487005F0EBFD3470B4
:103B2C00E0E7012105F1400005F0C4FF112109482F
:103B3C000EF0E0F908480BF049FD2846FFF744FE6B
:103B4C00204604B070BD00BF28C50020280F0020FF
:103B5C00500F0020840F002050920020F0B500F58B
:103B6C00BF6685B00446304606F0BCF9002831D05B
:103B7C003D4B00221A7094F8FA35002B58D194F86A
:103B8C00F835002B42D194F8353C2BB994F8F93523
:103B9C00002B58D105B0F0BD94F8FA35002BF9D0B4
:103BAC0094F8F935002BF5D004F5AD63304693ED60
:103BBC00000AFFF7A9FC00284ED1012104F14000B6
:103BCC0005F078FF212129480EF094F928480BF0D4
:103BDC00FDFC41E02749054601A8234F0BF0C0FE30
:103BEC00032201A904F17C0003F0AEFF01A80BF045
:103BFC00F1FE3B780133DBB20A2B3B70BBD11E4983
:103C0C0004F5487005F076FD3D70B4E7012104F130
:103C1C00400005F04FFF112118480EF06BF91448C5
:103C2C000BF0D4FC204605B0BDE8F040FFF7CCBD4E
:103C3C000C2113480EF05EF90D480BF0C7FC012364
:103C4C0084F8333C9BE704F5AD63304693ED000AF2
:103C5C00FFF73EFC0028B0D094F8353C83F001030C
:103C6C0084F8353C05B0F0BD29C50020D0110020EA
:103C7C0050920020280F0020500F0020840F0020AD
:103C8C00C0110020F0B590F8305C85B004464DB3FF
:103C9C0000F5B865284605F0C3FF20B1284605F0AD
:103CAC0087FF0546D8B904F17800002502F046FBE1
:103CBC00002104F1400005F0FDFE3B4901A80BF08A
:103CCC004FFE01A9032204F17C0003F03DFF01A883
:103CDC000BF080FE344904F5487005F00BFD2846C6
:103CEC0005B0F0BD00F1780700F5B866384602F073
:103CFC0005FB4FF47A700CF0A3F9304605F00CFF7D
:103D0C0050B34FF4FA700CF09BF9304605F088FF75
:103D1C0028B1304605F04CFF0346002839D138460F
:103D2C0002F00CFB002104F1400005F0C3FE1E491B
:103D3C0001A80BF015FE01A9032204F17C0003F08D
:103D4C0003FF01A80BF046FE04F54870164905F078
:103D5C00D1FC284605B0F0BD384602F0EFFA2946F2
:103D6C0004F1400005F0A6FE104901A80BF0F8FD87
:103D7C0001A9032204F17C0003F0E6FE01A80BF07C
:103D8C0029FE04F54870094905F0B4FC284605B035
:103D9C00F0BD1D46304602F0B1FB0123284684F8E5
:103DAC00303C05B0F0BD00BF7C110020A0110020FC
:103DBC002DE9F04190F8315C84B01DB990F8303C9D
:103DCC0004461BB9284604B0BDE8F08100F1780622
:103DDC0000F5BF67304602F007FB4FF4FA700CF0A9
:103DEC002FF9384605F01CFF18B1384605F0E0FEF7
:103DFC00E8B9304602F010FB002104F1400005F058
:103E0C0059FE264901A80BF0ABFD01A9032204F1D0
:103E1C007C0003F099FE01A80BF0DCFD04F5487062
:103E2C001E4905F067FC284604B0BDE8F08104F596
:103E3C00B868404605F0F4FE20B1404605F0B8FEE7
:103E4C008046E8B9304602F0E7FA304602F076FADE
:103E5C00002104F1400005F02DFE114901A80BF0E2
:103E6C007FFD01A9032204F17C0003F06DFE01A883
:103E7C000BF0B0FD0B4904F5487005F03BFCA1E7D5
:103E8C00B7EE000A3846FFF73FFB3846FFF7FCFA5F
:103E9C000123454684F8313C94E700BF1012002002
:103EAC007C1100203812002010B50446783002F046
:103EBC0045FA002384F8303C84F8323C10BD00BF36
:103ECC0038B504460025783002F0A6FA1F210648C2
:103EDC0084F8315C84F8335C0EF00CF803480BF07A
:103EEC0075FB84F8325C38BD6C12002050920020B7
:103EFC0038B50446084D092108480DF0FBFF002396
:103F0C00D4F8B01028460A220BF07CFB2846BDE8FA
:103F1C0038400BF05BBB00BF509200201C0F002000
:103F2C0000F63741C82210B582B00446903001919A
:103F3C0004F044FA0199A0B1034604F548701A46FE
:103F4C00019004F0ADFA2321019804F069FD1E21C3
:103F5C0005480DF0CFFF054802B0BDE810400BF04E
:103F6C0035BB23210248F4E7FC0E002050920020C0
:103F7C00D80E0020000000002DE9F04F2DED068B2F
:103F8C009FEDBD9B9FEDBE8B87B09FEDBFAA0446F6
:103F9C0000F14005284605F087FD70BB21230DF18B
:103FAC000B0128468DF80B3005F09EFD28B39DF8CB
:103FBC000B301F2B26D8DFE813F0810279026F0239
:103FCC0065025B025102490241023C0233021F02AC
:103FDC000402C001B301A6019901860173014901D4
:103FEC0025002101BB0095006F0025002500250050
:103FFC0025006B0058004500330007B0BDEC068B64
:10400C00BDE8F08FA14903A80BF0AAFC032203A979
:10401C0004F17C0003F098FD03A80BF0DBFCB9E77E
:10402C000122B4F8141303A884F81C238DF80C2077
:10403C000CF0F4FA172196480DF05CFF95480BF044
:10404C00C5FAA7E700230122B4F8141303A884F8D7
:10405C001C338DF80C300CF0E1FA1A218E480DF05F
:10406C0049FF8C480BF0B2FA94E794F8283C012BEA
:10407C0090D994F81C33002B8CD004F21C6104F5FD
:10408C00487005F037FB0021284605F013FD81E749
:10409C002046FFF745FF7DE704F5B46704F29C5812
:1040AC0003AE3B68D8F80020049304F52373039205
:1040BC00082296E8030083E803003046B4F8841223
:1040CC000CF0ACFAD8F8002004F28C7304F54870AC
:1040DC001A6004F5F263396801221960212104F099
:1040EC0093FA57E704F5B36704F2945803AE3B68B0
:1040FC00D8F80020049304F531730392082296E853
:10410C00030083E803003046B4F8BC120CF086FAC6
:10411C00D8F8002004F2D47304F548701A6004F542
:10412C00FB63396801221960202104F06DFA31E734
:10413C0004F5B06B04F27C5303AE04F59E7CDBF803
:10414C00002004F5B169019304F2845A049204F539
:10415C00B2671A6804F28C580392082296E803009E
:10416C008CE80300B4F8341130460CF057FAD9F847
:10417C00002004F5AC7C0492DAF8002003920822AB
:10418C0096E803008CE80300B4F8501130460CF0AC
:10419C0045FA3A6804F5BA7C0492D8F800200392E8
:1041AC00082296E803008CE803003046B4F86C1142
:1041BC000CF034FA019B04F548701A6804F5D363CB
:1041CC001A6004F29C63DBF800201A6004F2AC6302
:1041DC00DAF800201A6004F5D663D9F800201A60CA
:1041EC0004F5D863D8F800201A6004F2C463396867
:1041FC00012219601F2104F007FACBE60C21274895
:10420C000DF078FE23480BF0E1F994F8283C012BD3
:10421C003FF6C0AE2046FFF735FDB0EE4A0A04F576
:10422C00B86002F025F9002840F0A58102460C2167
:10423C0004F5487004F0E8F904F1780002F07EF817
:10424C00002384F8303C84F8323CA3E604F5AF63D9
:10425C00B4F8201103A804221B68C4F82831039376
:10426C000CF0DCF901221E2104F5487004F0CCF9A5
:10427C0090E600BFAFF30080D7A3703D0AD7EF3FA5
:10428C000000000000807540000000005C11002060
:10429C00441100205092002028110020CC10002046
:1042AC0004F26C53B4F8F81003A804221B68C4F889
:1042BC00003103930CF0B2F901221D2104F5487072
:1042CC0004F0A2F966E604F5AC63B4F8D01003A8C8
:1042DC0004221B68C4F8D83003930CF09FF9012218
:1042EC001C2104F5487004F08FF953E604F2745362
:1042FC000422B4F80C1103A81B68C4F814310393FE
:10430C000CF08CF946E604F5AD630422B4F8E41025
:10431C0003A81B68C4F8EC3003930CF07FF939E662
:10432C0004F25C530422B4F8BC1003A81B68C4F854
:10433C00C43003930CF072F92CE61D2104F17807BC
:10434C00904800260DF0D6FD8F480BF03FF938460B
:10435C0002F062F81F218D4884F8316C84F8336CBC
:10436C000DF0C8FD88480BF031F9384684F8326CF2
:10437C0001F0E4FFD4F8DC3584F8306CB34284F8F7
:10438C00326C80F2B1805B42814904F264500322AA
:10439C0007EE103A04F5487604F5AD63B8EEC77B2A
:1043AC0027EE097B87EE086BB7EEC66B80ED006AD3
:1043BC00196084F8282C01221421304604F024F9C9
:1043CC00E8E5002604F17800019001F0B7FF0198B0
:1043DC0084F8306C84F8326C02F01EF81F216B48A4
:1043EC0084F8316C84F8336C0DF084FD66480BF066
:1043FC00EDF884F8326CCDE594F8283C002B67D1AD
:10440C002046FFF73FFC28B12046FFF7D1FC0028DF
:10441C007FF4C0AD5F4904F5487005F06BF9B9E560
:10442C0094F8303C002B4DD004F5B86002F0FAF94A
:10443C00B0E504F5B86002F0F1F9ABE594F8283C6E
:10444C00012B4BD8072384F8283CA3E594F8283C8F
:10445C00012B5ED8062384F8283C9BE594F8283C75
:10446C00012B5CD94C4904F5487005F043F991E5F2
:10447C0094F8283C012B70D9484904F5487005F094
:10448C0039F987E594F8283C012B5CD9444904F5AB
:10449C00487005F02FF97DE594F8283C012B48D99C
:1044AC00404904F5487005F025F973E594F8283C6B
:1044BC00012B5CD0012384F8283C6BE5002384F8A5
:1044CC00283C67E5384904F5487005F013F961E5B7
:1044DC00364904F5487005F00DF95BE5344904F5EF
:1044EC00487005F007F955E52B2104F5487631485D
:1044FC000DF000FD24480BF069F80121304604F062
:10450C0033F964200BF09CFD0121304604F02CF9AA
:10451C0051E7294904F5487005F0ECF83AE5052314
:10452C0001221B2104F5487084F8283C04F06CF837
:10453C0030E502230122182104F5487084F8283C48
:10454C0004F062F826E503230122192104F54870D2
:10455C0084F8283C04F058F81CE5042301221A21A5
:10456C0004F5487084F8283C04F04EF812E500235A
:10457C0084F8363C0EE501220C2104F5487004F059
:10458C0043F859E6DC100020509200206C120020F9
:10459C000000A04188100020FC0F0020DC0F002040
:1045AC00B80F0020980F002068100020A4100020E5
:1045BC0044100020FC1000202410002010B50446EC
:1045CC0082B000F548700190FEF728FF0198FEF7C5
:1045DC0037FE2046FFF7D0FC2046FFF76FF804F2B9
:1045EC001C6001F041FE044B45F255514AF6AA22DB
:1045FC0059805A8002B010BD00800B4008B50BF0FA
:10460C003FFE034B0021034AC3E9002108BD00BF54
:10461C0008C50020F41C00202DE9F047474D074643
:10462C00474C40F2EE29DFF850812E68DFF84CA1A0
:10463C000DF0DEFC2378002B62D098F80030DB07FD
:10464C005ED52B68DAF800209B1A0E2B58D9002265
:10465C004FF4E1313B480AF06DFC0E213A480DF065
:10466C0049FC062139480DF045FC012138480DF074
:10467C0041FC0B2137480DF03DFC012134480DF075
:10468C0039FC082134480DF035FC34480AF09EFF03
:10469C0007F1900003F062FE002846D1304907F57F
:1046AC00487005F027F8D7F8B01007F17C0003F03C
:1046BC0065FD90BB2B4907F5487005F01BF807F218
:1046CC001C64204600F0ECFB122127480DF012FC74
:1046DC0022480AF07BFF204600F030FC0D212348D5
:1046EC000DF008FC1D480AF071FF3846FFF700FC7E
:1046FC000C200BF0FDFA3846BDE8F047FFF71EB86A
:10470C002B6822789B1B2AB1B3F5FA6F9FD80DF05A
:10471C006FFC8DE74B45FAD999E71A2114480DF037
:10472C00E9FB0E480AF052FFC9E71E2111480DF0B3
:10473C00E1FB0A480AF04AFFB5E700BFECC40020D1
:10474C0038C5002060920020F816002008170020C1
:10475C00A0130020101700201C17002050920020DE
:10476C002817002074170020AC170020C017002059
:10477C00901700205417002037C50020FCC40020DF
:10478C0010B51A4C23780133DBB20A2B237004D1F9
:10479C000021174B012221701A70237803F0FF01BE
:1047AC0053B12378012BD9B20DD02378022B10D022
:1047BC002378032B14D010BD25200BF0BFFC2378DD
:1047CC00012BD9B2F1D125200BF0B8FC2378022BA8
:1047DC00EED1002125200BF0B1FC2378032BEAD17C
:1047EC0001212520BDE810400BF0A8BC33C50020EA
:1047FC00439A0020F8B59D4D0446D0F81468C0F8D3
:10480C000458002E3AD07768013F7760002F35D1DD
:10481C003368974ADB6A934240F00381B06D10B164
:10482C0011F06EFBB765336D002B00F0F28006F1D2
:10483C00180009F039FCD4F81468FEB133688D4ABD
:10484C005B68934240F01C818B4BB06D336018B1A8
:10485C0011F056FB0023B365336D06F11807002BDE
:10486C0000F0ED80384609F01FFC844B3846B360ED
:10487C0009F01AFC5C2130460BF084FFD4F8F46587
:10488C00C4F8E455002E3AD07768013F7760002FCA
:10489C0035D13368764ADB6A934240F0C580B06DFF
:1048AC0010B111F02DFBB765336D002B00F0A48017
:1048BC0006F1180009F0F8FBD4F8F465FEB1336882
:1048CC006C4A5B68934240F0CD806B4BB06D3360AB
:1048DC0018B111F015FB0023B365336D06F1180701
:1048EC00002B00F0A780384609F0DEFB634B3846FE
:1048FC00B36009F0D9FB5C2130460BF043FFD4F8D0
:10490C00BC65C4F8AC55002E38D07768013F776091
:10491C00002F33D13368564ADB6A934240F08780CC
:10492C00B06D10B111F0ECFAB765336D002B68D097
:10493C0006F1180009F0B8FBD4F8BC65F6B1336881
:10494C004C4A5B68934240F08A804B4BB06D3360AD
:10495C0018B111F0D5FA0023B365336D06F11807C1
:10496C00002B75D0384609F09FFB444B3846B3609A
:10497C0009F09AFB5C2130460BF004FFD4F88C60F4
:10498C00E567002E36D07568013D7560002D31D17C
:10499C003368374ADB6A934240D1B06D10B111F0E5
:1049AC00AFFAB565336D002B2FD006F1180009F066
:1049BC007BFBD4F88C50EDB12B682E4A5B6893428C
:1049CC004AD12D4BA86D2B6018B111F099FA002328
:1049DC00AB652B6D05F11806002B35D0304609F070
:1049EC0063FB264B3046AB6009F05EFB5C2128462E
:1049FC000BF0C8FE2046F8BD736D002B7FF458AF4A
:104A0C005AE7736D002B93D196E7736D002BCCD1C5
:104A1C00CFE7736D002B7FF40AAF0CE73046984755
:104A2C00C7E73046984706E73046984744E7304694
:104A3C00984781E7736D002B7FF455AF56E7736D84
:104A4C00002B7FF40FAF10E76B6D002BC6D1C8E7BE
:104A5C00736D002B86D188E728469847CAE7304605
:104A6C0098478BE73046984749E700BF241C002045
:104A7C00A5060000B90D0000741C0020201B0020AE
:104A8C0030469847FAE600BF0121252010B50BF0FF
:104A9C0091FB002125200BF051FB4D4BDFED4D6AB6
:104AAC000022D3ED007A9FED4C7AF8EE677A67EE30
:104ABC00A67A67EE877AFCEEE77A17EE903AB3F5B2
:104ACC00004F7AD301325B08082AF8D148F2010C66
:104ADC0047F6FF734FF407624048414CB0F88C1115
:104AEC006FEA41416FEA514189B2A0F88C1108215B
:104AFC00A0F88E11B0F8881189B241F08001A0F8AD
:104B0C0088114FF40051A0F824110021A0F826219F
:104B1C0040F60802A0F822C1A0F82A11A0F82E3104
:104B2C00A0F83211A0F83611A0F83A11A0F83E11F5
:104B3C00B0F8881189B20A432A49A0F888212A4A78
:104B4C0023801160294B2A4AC3F8E4214FF4805387
:104B5C004FF0E02C4FF400722649A0F84431A0F835
:104B6C004631CCF80C2124480AF052FB4FF4007269
:104B7C00224921480AF066FB4FF400722049214873
:104B8C000AF046FB4FF400721F491E480AF05AFB0C
:104B9C004FF400721D491E480AF03AFB4FF40072A4
:104BAC001C491B480AF04EFB1B48FFF735FD4FF420
:104BBC00FA70BDE810400BF043BA12019BB242F4FC
:104BCC000062C3F1000C92B21FFA8CFC84E700BFA8
:104BDC00F89100200050C347BD37063500C03D405A
:104BEC0014C50020C127000040940020009C002028
:104BFC00D584000088A000206092002088A20020AC
:104C0C0088A400202093002088A6002088A80020DB
:104C1C00C092002088AA002004B7002010B50848D4
:104C2C00084CFFF7CBFC00E062B601200BF008FA51
:104C3C0072B62378002BF7D00023237062B610BD18
:104C4C0004B70020439A002010B5064C0BF018FB5B
:104C5C002046FEF7B1FC2046034A0449BDE810404B
:104C6C000DF01CBB04B700204C940020352800002C
:104C7C002DE9F04788467D4900251746C0F880107D
:104C8C001E467B4A0023C0F894100446C0F8A810B6
:104C9C00DC3078494FF47A7A20F8545C00F8525C96
:104CAC0020F8405C00F83E5C20F82C5C00F82A5C94
:104CBC0020F8185C00F8165C40F8783C40F8743C1E
:104CCC0040F8703C40F86C3C40F8683C40F8643C60
:104CDC0040F8583C40F8503C40F8443C40F83C3CD0
:104CEC0040F8303C40F8283C40F81C3C40F8602C24
:104CFC0040F84C2C40F8382C40F8242C40F8201C60
:104D0C0040F8143C40F8102C602240F80C1C29464A
:104D1C0040F8083C20F8045C00F8025C13F024F81E
:104D2C004FF07C53DFF870917822C4F8E83004F52A
:104D3C009E70514B4946C4F8F830504BC4F8FC30C7
:104D4C004F4BC4F810314F4BC4F814314E4BC4F8D0
:104D5C00E0304E4BC4F8E430152384F8EE304C4B65
:104D6C00C4F80031102384F806314A4BC4F81831CA
:104D7C001B2384F81E310BF069FC09F1780C04F547
:104D8C00DA7EDFF81891BCE80F00AEE80F00BCE843
:104D9C000F00AEE80F009CE803008EE803000B2127
:104DAC0004F50370C4F8F0A184F8F451C4F8F85178
:104DBC00C4E97A9505F0ACFA0C2104F50F7005F0F6
:104DCC00A7FA0D2104F51B7005F0A2FA4FF43A7204
:104DDC00294604F22230C4F8BC5284F8C052C4F8FC
:104DEC00C252C4F8C652C4F8CA52C4F8CE52C4F85F
:104DFC00D252C4F8D652C4F8DA52C4F8DE52C4F80F
:104E0C00E252C4F8E652C4F8EA52C4F8EE52C4F8BE
:104E1C00F252C4F8F652C4F8FA52C4F8FE52C4F86E
:104E2C000253C4F80653C4F80A53C4F80E53C4F81A
:104E3C001253C4F81653C4F81A53C4F81E5312F084
:104E4C0093FF089B2046C4F80062C4F8FC31099B10
:104E5C00A4F8DC51C4F804320A9B84F8DE51C4F87F
:104E6C000832C4E97887BDE8F08700BF0000C8C2EB
:104E7C000000C84200C079C40000A04100004041BD
:104E8C000000D041000090413333734066662640E9
:104E9C0060E5D03DE3C7983DD8030020241C0020DA
:104EAC00F8B500F51B750446284605F04DFAE0B13F
:104EBC0004F50377384605F047FA20B304F50F766E
:104ECC00304605F041FA60B304F16401384605F050
:104EDC0097FA04F16801304605F092FA04F16C017E
:104EEC002846BDE8F84005F08BBA2721114804F597
:104EFC0003770CF0FFFF10480AF068FB384605F00A
:104F0C0023FA0028DAD127210A4804F50F760CF091
:104F1C00F1FF09480AF05AFB304605F015FA002853
:104F2C00D2D1272103480CF0E5FF03480AF04EFBD1
:104F3C00CAE700BF2009002050920020D0F80832A8
:104F4C00D3F8AC20C267D3F8B020C0F88020D3F8D7
:104F5C00C820C0F89020D3F8CC20C0F89420D3F807
:104F6C00E420C0F8A420D3F8E820C0F8A820D3F897
:104F7C005421C0F8E020D3F85821C0F8E420D3F82D
:104F8C007021C0F8F820D3F87421C0F8FC20D3F8B5
:104F9C008C21C0F81021D3F89021C0F81421D3F83B
:104FAC00A821C0F82821D3F8AC21C0F82C21D3F8C3
:104FBC00C421C0F84021D3F8C821C0F84421D3F84B
:104FCC00E021C0F85821D3F8E421C0F85C21D3F8D3
:104FDC00FC21C0F87021D3F80022C0F87421D3F85A
:104FEC001822C0F88821D3F81C22C0F88C21D3F8E1
:104FFC003422C0F8B821D3F83822C0F8BC21D3F839
:10500C005022C0F8CC21D3F85432C0F8D0317047BC
:10501C00F0B5944F85B0944E0446944DD4F8E0010D
:10502C0004F042FD00286BD107230DF10301D4F8E5
:10503C00E0018DF8033004F057FD002860D09DF896
:10504C000330062B00F2FF80DFE813F0F300EB00D7
:10505C00DF00D80093005C00070094ED672AD4EDC4
:10506C00611A94ED5B1AD4ED550A94ED4F0AD4F8FD
:10507C00040204F007FC0A2130460CF03BFF94EDCF
:10508C004F0A02212846B7EEC00A0AF0D1FA0121D4
:10509C0077480CF02FFF94ED550A02212846B7EE05
:1050AC00C00A0AF0C5FA012171480CF023FF94EDF7
:1050BC005B0A02212846B7EEC00A0AF0B9FA0121B0
:1050CC006B480CF017FF94ED610A02212846B7EEED
:1050DC00C00A0AF0ADFA012165480CF00BFF94ED03
:1050EC00670AB7EEC00A022128460AF0A1FA284640
:1050FC000AF06CFAD4F8E00104F0D6FC002893D046
:10510C0005B0F0BDD4ED491A94ED431AD4ED3D0A27
:10511C0094ED370AD4F8040204F086FB0A215548B2
:10512C000CF0E8FE94ED370A02212846B7EEC00ACF
:10513C000AF07EFA01214E480CF0DCFE94ED3D0A9B
:10514C0002212846B7EEC00A0AF072FA012148483B
:10515C000CF0D0FE94ED430A02212846B7EEC00AAB
:10516C000AF066FA012142480CF0C4FE94ED490A9B
:10517C00B7E794ED322AD4ED2D1A94ED281AD4ED1C
:10518C00230A94ED1E0AD4F8040204F017FB07213D
:10519C0039480CF0AFFE94ED1E0A02212846B7EEFA
:1051AC00C00A0AF045FA012131480CF0A3FE94ED37
:1051BC00230A02212846B7EEC00A0AF039FA012167
:1051CC002B480CF097FE94ED280A02212846B7EEE6
:1051DC00C00A0AF02DFA012125480CF08BFE94ED43
:1051EC002D0A02212846B7EEC00A0AF021FA012145
:1051FC001F480CF07FFE94ED320A72E70022012367
:10520C00A4F8DC2184F8DE3108E7002294F8DE31C2
:10521C00A4F8DC21002B3FF401AF002384F8DE312D
:10522C00FCE6012294F8DE31A4F8DC21002BF4D149
:10523C00F4E640F2011294F8DE31A4F8DC21002BE4
:10524C003FF4ECAEE9E7394601A80AF089FB0322EA
:10525C0001A904F5F47002F077FC01A80AF0BAFB7E
:10526C00DCE600BF480800203C08002050920020DB
:10527C00EC1800203008002028080020F2EE0C7AF0
:10528C0090ED3D7AB4EEE77AF1EE10FACCBF012046
:10529C00002070472DE9F043704D04462B68DB0766
:1052AC002DED028B89B040F1BA8000226C4D0126A5
:1052BC006C4F1346DFF8CC91DFF8CC812A705A1E64
:1052CC00032A00F2C880DFE802F05C59560294ED24
:1052DC001D8A03EB8303002204EB8303D3ED1F7AB7
:1052EC0083ED1E8AF4EEC87A83F88820F1EE10FA6A
:1052FC004AD593F88960002E61D02B78B7EEC87A26
:10530C003A466421204600268DED007B11F0B4FA5C
:10531C00B0EE480A022102A80AF0C4FB02A905A8B3
:10532C000AF03CFB504905A80AF060FC01464F48C6
:10533C000AF026FC05A80AF04DFB02A80AF04AFB6D
:10534C002B780133DBB2042B2B70B8D90023484FD8
:10535C002B7047F23053474D3A6829680B449342FF
:10536C0069D3454941480AF0B9FB304609B0BDEC58
:10537C00028BBDE8F08394ED1C8AAAE794ED1B8A9E
:10538C00A7E794ED1A8AA4E7D3ED207AF4EEC87A55
:10539C00F1EE10FA0EDD93F88A6046B32B78B7EE77
:1053AC00C87A3A466421204600268DED007B11F028
:1053BC0063FAADE783F8892083F88A20A8E7414691
:1053CC0005A80AF0CDFA032205A904F5F47002F041
:1053DC00BBFB05A80AF0FEFA2B78012103EB830234
:1053EC0004EB820282F8891082F88A6086E74946CB
:1053FC0005A80AF0B5FA032205A904F5F47002F029
:10540C00A3FB05A80AF0E6FA2B78012103EB830233
:10541C0004EB820282F8896082F88A10BFE7164991
:10542C0012480AF09DFA0123144A15490F482B60C3
:10543C000CF034FF39E70D4905A80AF0AFFA022247
:10544C0005A904F5F47002F07FFB05A80AF0C2FA76
:10545C003B682B6085E794ED198A3AE764B100202C
:10546C0027C50020F0080020EC180020BCB3002059
:10547C00ECC40020B8B30020B40900204C940020E8
:10548C0015DA00000C090020DC0800202DE9F0439F
:10549C00724D89B004462B68DB0740F1A780704D34
:1054AC002B7803EB430304EBC30393F8EE000AF0F1
:1054BC00C7FB9FED6C7A80B22B789FED6B6A07EE81
:1054CC00900A03EB4302F8EE676A04EBC202A2F8FF
:1054DC00EC00C6EE877AD2ED3A6A92ED387A67EE36
:1054EC00867A87EEA60AB4EEC70A82ED370AF1EE89
:1054FC0010FA36DD92F8EF7005AE002F00F08280C6
:10550C00B7EEC00A594A6421204600278DED000BE6
:10551C0011F0B2F92B7803EB430304EBC30393EDC7
:10552C00370A022102A80AF0BDFA02A930460AF095
:10553C0035FA4F4930460AF059FB01464D480AF0FE
:10554C001FFB30460AF046FA02A80AF043FA2B7801
:10555C000133DBB2042B32D038462B7009B0BDE8D6
:10556C00F083D2ED397AB4EEE70AF1EE10FA1ED5DB
:10557C0092F8F07005AE002FC2D13F4930460AF0C8
:10558C00EFF90322314604F5F47002F0DDFA3046EF
:10559C000AF020FA2B78012103EB430204EBC20240
:1055AC0092ED370A82F8EF7082F8F010A8E700232A
:1055BC00012705AE82F8EF3082F8F030B1E74FF0FA
:1055CC000009DFF8CC8047F2305385F800902B4D62
:1055DC00D8F800102A6813448B422DD3284925484B
:1055EC000AF07CFA384609B0BDE8F083244921481A
:1055FC000AF0B6F90123234A23491E482B600CF00C
:10560C004DFE4CE7214930460AF0AAF903223146F7
:10561C0004F5F47002F098FA30460AF0DBF92B78B6
:10562C00012103EB430204EBC20292ED370A82F82C
:10563C00EF1082F8F07063E70E4930460AF0AEF9CD
:10564C004A46314604F5F47002F07EFA30460AF010
:10565C00C1F9D8F800302B60C0E700BF60B1002062
:10566C0026C5002000F07F4548E14A40FC07002099
:10567C00EC180020ACB3002018080020A8B30020C0
:10568C00B40900204C94002015DA0000EC0700202F
:10569C00ECC40020000000002DE9F041A64C0546AA
:1056AC002368DB072DED028B88B040F1E380642486
:1056BC009FEDA28AA24E337803EB430305EBC303A1
:1056CC0093F84E010AF0BCFA07EE900A013CF8EE92
:1056DC00E77A38EE278AEED1B7EEC88A33789FED99
:1056EC00905B03EB4300042B4FEA430188EE056B00
:1056FC0005EBC000BCEEC66B16EE102A92B207EE9C
:10570C00902AA0F84C21F8EE677A00F09C809FED6F
:10571C008D6AD0ED526A9FED8C5AC6EE265A9FEDDB
:10572C008B7ADFED8B6A87EE856AA5EE867A27EE9B
:10573C00260A80ED4F0ACA1805EBC202D2ED507A48
:10574C00F4EEC07AF1EE10FA38D592F84F7105AC40
:10575C00002F00F09B80B7EEC00A7E4A64212846D9
:10576C0000278DED000B11F087F8337803EB430322
:10577C0005EBC30393ED4F0A022102A80AF092F93C
:10578C0002A920460AF00AF9734920460AF02EFABB
:10579C00014672480AF0F4F920460AF01BF902A8F7
:1057AC000AF018F933780133DBB2052B34D03846C4
:1057BC00337008B0BDEC028BBDE8F081D2ED517AAC
:1057CC00F4EEC07AF1EE10FA1EDD92F8507105ACD1
:1057DC00002FC0D1624920460AF0C2F803222146AC
:1057EC0005F5F47002F0B0F920460AF0F3F83378BE
:1057FC00012103EB430205EBC20292ED4F0A82F842
:10580C004F7182F85011A6E70023012705AC82F8EE
:10581C004F3182F85031AFE70023DFF864813370E9
:10582C0047F230534F4ED8F8002031680B44934266
:10583C0063D34D4949480AF051F9384608B0BDECDC
:10584C00028BBDE8F0819FED3F7ADFED3F4A67EEBA
:10585C00877A9FED356B87EEA47A9FED355BB7EEBB
:10586C00C77A36EE476B86EE050BB7EEC00B85EDAF
:10587C00670A60E73C4939480AF072F801233B4A51
:10588C003B49364823600CF009FD10E739492046A6
:10589C000AF066F80322214605F5F47002F054F97B
:1058AC0020460AF097F80C2133480CF023FB0A220F
:1058BC003B463178314809F0A5FE304809F086FEA8
:1058CC00337802212D4803EB430305EBC30393ED1F
:1058DC004F0AB7EEC00A09F0ABFE284809F076FE75
:1058EC003378012103EB430205EBC20292ED4F0A20
:1058FC0082F84F1182F850712DE7184920460AF0B2
:10590C004DF80122214605F5F47002F01DF92046F0
:10591C000AF060F8D8F8003033608AE7AFF3008003
:10592C000000000000005940666666666666FA3F35
:10593C00BA490C022B87A63F5CB100200000000086
:10594C0025C5002048E14A4000F07F4562BE3CB9C5
:10595C0000C04146C0070020EC1800209CB300207A
:10596C00DC07002098B30020B40900204C940020E0
:10597C0015DA0000A0070020B0070020509200208C
:10598C00ECC4002030B589B004467A4902A809F06D
:10599C00E7FF94F8DC514DB9012594F8DD31B3BB28
:1059AC0002A80AF017F8284609B030BDD4F8000256
:1059BC0004F082FA002864D0D4F80022002394ED7D
:1059CC00706AB2F91020D4ED6E6A07EE902A84F852
:1059DC00C431F8EEE77A87EE867AB4EEE67A84ED97
:1059EC006D7AF1EE10FA70DD94F8C551002D00F0CF
:1059FC009780B7EEC77A604A6421204600258DED6A
:105A0C00007B10F039FF94F8DD31002BC8D0D4F8AE
:105A1C00FC0104F051FA58B3D4F8FC21002394EDA6
:105A2C00756AB2F91020D4ED736A07EE902A84F8E7
:105A3C00D831F8EEE77A87EE867AB4EEE67A84ED22
:105A4C00727AF1EE10FA20DD94F8D951002D7CD049
:105A5C00B7EEC77A494A6421204600258DED007BBC
:105A6C0010F00AFF02A809F0B5FF284609B030BDB6
:105A7C00012302A884F8D83109F0ACFF284609B0FC
:105A8C0030BD012384F8C43187E7D4ED747AB4EEC9
:105A9C00E77AF1EE10FA3ED594F8DA51002DD7D111
:105AAC00374905A809F05CFF032205A904F5F47039
:105ABC0002F04AF805A809F08DFF012394ED727AE3
:105ACC0084F8D95184F8DA31C2E7D4ED6F7AB4EEA8
:105ADC00E77AF1EE10FA18D594F8C651002D88D15A
:105AEC00284905A809F03CFF032205A904F5F47028
:105AFC0002F02AF805A809F06DFF012394ED6D7AE8
:105B0C0084F8C55184F8C63173E7054684F8C5316D
:105B1C0084F8C63141E784F8D93184F8DA313FE7AB
:105B2C00194905A809F01CFF032205A904F5F47016
:105B3C0002F00AF805A809F04DFF012394ED6D7AE7
:105B4C0084F8C65184F8C53153E7104905A809F00B
:105B5C0007FF032205A904F5F47001F0F5FF05A871
:105B6C0009F038FF012394ED727A84F8DA5184F845
:105B7C00D9316DE7B4090020200700206807002008
:105B8C00840700203C0700200C0700205007002051
:105B9C0090F8DC3110B5044684B023B994F8DD31AB
:105BAC00C3B904B010BDD0F8000200F08FFC00287F
:105BBC00F4D1134901A809F0D3FE032201A904F57D
:105BCC00F47001F0C1FF01A809F004FF94F8DD3175
:105BDC00002BE6D0D4F8FC01FDF762FC0028E0D1E4
:105BEC00084901A809F0BCFE032201A904F5F470D0
:105BFC0001F0AAFF01A809F0EDFE04B010BD00BF32
:105C0C0098080020B808002090F8C421034610B46E
:105C1C0052BBF2EE046A90ED6D6ADFEDBF7A9FED38
:105C2C00BF7AE6EE267AF4EEC77AF1EE10FA80F23D
:105C3C006F81F5EEC07AF1EE10FA0AD9FCEEE77A34
:105C4C0017EE902A92B2B3F8D612914238BFA3F84D
:105C5C00D62293F8D8120A2906D0481C03EB41012E
:105C6C0083F8D802A1F8C22293F8D82152BBF2EEE5
:105C7C00046A93ED726ADFEDA87A9FEDA87AE6EEDE
:105C8C00267AF4EEC77AF1EE10FA80F23281F5EE54
:105C9C00C07AF1EE10FA0AD9FCEEE77A17EE902AE8
:105CAC0092B2B3F8EE12914238BFA3F8EE2293F8F9
:105CBC00F0120A2906D0481C03EB410183F8F002CC
:105CCC00A1F8DA22B3F80623B3F87C118A4293F8D0
:105CDC00082338BFA3F806130A2A06D0501C03EB7E
:105CEC00420283F80803A2F8F212B3F81E23B3F8A9
:105CFC0094118A4293F8202338BFA3F81E130A2A62
:105D0C0006D0501C03EB420283F82003A2F80A13BE
:105D1C0093F8882052BBF2EE046A93ED1E6ADFED15
:105D2C007E7A9FED7E7AE6EE267AF4EEC77AF1EE75
:105D3C0010FA80F2E780F5EEC07AF1EE10FA0AD98B
:105D4C00FCEEE77A17EE902A92B2B3F89A139142CE
:105D5C0038BFA3F89A2393F89C133C2906D0481C0F
:105D6C0003EB410183F89C03A1F8222393F89C20B8
:105D7C0052BBF2EE046A93ED236ADFED677A9FED76
:105D8C00677AE6EE267AF4EEC77AF1EE10FA80F234
:105D9C00BC80F5EEC07AF1EE10FA0AD9FCEEE77A87
:105DAC0017EE902A92B2B3F81614914238BFA3F8AA
:105DBC00162493F818143C2906D0481C03EB410117
:105DCC0083F81804A1F89E2393F8B02052BBF2EE8E
:105DDC00046A93ED286ADFED507A9FED507AE6EE77
:105DEC00267AF4EEC77AF1EE10FA80F28580F5EEA1
:105DFC00C07AF1EE10FA0AD9FCEEE77A17EE902A87
:105E0C0092B2B3F89214914238BFA3F8922493F84B
:105E1C0094143C2906D0481C03EB410183F89404EC
:105E2C00A1F81A2493F8C4204ABBF2EE046A93ED4D
:105E3C002D6ADFED397A9FED397AE6EE267AF4EEAB
:105E4C00C77AF1EE10FA5ADAF5EEC07AF1EE10FAE2
:105E5C000AD9FCEEE77A17EE902A92B2B3F80E1537
:105E6C00914238BFA3F80E2593F810153C2906D0A3
:105E7C00481C03EB410183F81005A1F89624B3F8F4
:105E8C008A25B3F84C118A4293F88C2538BFA3F8B5
:105E9C008A153C2A06D0501C03EB420283F88C0571
:105EAC00A2F81215B3F80626B3F804118A4293F837
:105EBC00082638BFA3F806163C2A06D0501C03EB64
:105ECC00420283F80806A2F88E15154942F21C52BC
:105EDC00D3F8BC4208682244824206D20A680120E8
:105EEC005DF8044BC3F8BC22704700205DF8044BEE
:105EFC0070474FF6FF72D4E64FF6FF7281E74FF60C
:105F0C00FF72ABE74FF6FF721FE74FF6FF724AE7DF
:105F1C004FF6FF7297E600BF0060EA4600FF7F472E
:105F2C00ECC4002000000000F0B5002185B000F5A5
:105F3C00277504460DF10203ADF802101D22294607
:105F4C0090F8C00203F07CFB94F8C0120646C1EB3B
:105F5C00411304EB830393F89C0368B3421E7C2328
:105F6C003E274FEA411CD2B203FB01439FEDBA7AA4
:105F7C0017FB012704F2223203F5487302EB4702A8
:105F8C0033F8027F07EE907A9342F8EEE77A37EE19
:105F9C00277AF5D107EE900AACEB010C0023F8EE52
:105FAC00676A04EB8C0C8CF89C33C7EE267AFCEEFB
:105FBC00E77A17EE903A98B20DF102031D222946AA
:105FCC0003F054FB94F8C03206401D22C3EB43137C
:105FDC002946F6B204EB8303B3F89A030DF10203DE
:105FEC0003F044FB94F8C03200220640C3EB43118B
:105FFC00052B04EB8101A1F89A2301D00133DAB20D
:10600C0094F8D80284F8C02208B3431E04F2C222CA
:10601C009FED917ADBB202EB430204F5307333F857
:10602C00021F07EE901A9342F8EEE77A37EE277AC2
:10603C00F5D107EE900AF8EE677AC7EE276AFCEE08
:10604C00E67A17EE903A98B2002384F8D8320DF124
:10605C0002031D22294603F009FB06400DF1020341
:10606C001D222946B4F8D60203F000FB064094F832
:10607C00F00208B3431E04F2DA229FED777ADBB20A
:10608C0002EB430204F5367333F8021F07EE901A45
:10609C009A42F8EEE77A37EE277AF5D107EE900AB6
:1060AC00F8EE677AC7EE276AFCEEE67A17EE903ABE
:1060BC0098B2002384F8F0320DF102031D22294618
:1060CC0003F0D4FA06400DF102031D222946B4F860
:1060DC00EE0203F0CBFA064094F8080308B3431E13
:1060EC0004F2F2229FED5C7ADBB202EB430204F580
:1060FC003C7333F8021F07EE901A9A42F8EEE77AD7
:10610C0037EE277AF5D107EE900AF8EE677AC7EEEC
:10611C00276AFCEEE67A17EE903A98B2002384F8E0
:10612C0008330DF102031D22294603F09FFA0640A5
:10613C000DF102031D222946B4F8060303F096FA6A
:10614C00064094F8200308B3431E04F20A329FED74
:10615C00427ADBB202EB430204F5427333F8021FBE
:10616C0007EE901A9A42F8EEE77A37EE277AF5D1D5
:10617C0007EE900AF8EE677AC7EE276AFCEEE67A2D
:10618C0017EE903A98B2002384F820330DF10203F5
:10619C001D22294603F06AFA0DF1020306401D2266
:1061AC002946B4F81E0303F061FA002306400DF1F2
:1061BC000202A4F8D6321D21A4F8EE322846A4F827
:1061CC000633A4F81E33D4F8003293ED077A9FED12
:1061DC00206BB8EEC77B87EE060BB7EEC00B03F057
:1061EC0077FAD4F8FC3106400DF1020293ED070A60
:1061FC001D21284603F06CFA20B11EB1BDF8023007
:10620C001D2B0ED0154901A809F0AAFB032201A9E8
:10621C0004F5F47001F098FC01A809F0DBFB05B063
:10622C00F0BD1A462946D4F8040202F039F92221AD
:10623C00D4F8040202F0F4FB152109480BF05AFEC5
:10624C00084809F0C3F905B0F0BD00BFAFF30080FA
:10625C000000000000807540000000007C08002059
:10626C00640800205092002038B50446FEF7D0FE9A
:10627C002046FFF70BF92046FFF70EFA94F8DE31B3
:10628C0005469BB394F8DC31BBB994F8DD31A3B966
:10629C0035B304F1640104F5037004F0B1F804F1B2
:1062AC00680104F50F7004F0ABF804F16C0104F50F
:1062BC001B70BDE8384004F0A3B82046FFF762FB22
:1062CC00034620461D40FFF763FC2046EDB2FFF766
:1062DC009BFC0028DCD02046FFF726FE002DD8D1F1
:1062EC001D21D4F8E40103F0E5FBD2E72046FEF7CC
:1062FC00D1FF2840C5B2C5E709F0C2BF08B50121DE
:10630C00162009F01BFF0A2009F09AFE01210E202D
:10631C0009F014FF0A2009F093FE0121052009F071
:10632C000DFF0A2009F08CFE2120012109F006FF47
:10633C004FF47A70BDE8084009F082BE10B5002118
:10634C000E2009F0FBFE0021052009F0F7FE2120AC
:10635C00002109F0F3FE112009F01AFF28B10021E9
:10636C001620BDE8104009F0E9BE044601211120B9
:10637C0009F0E4FE2146062009F0E0FE002116207B
:10638C00BDE8104009F0DABE10B501210446112019
:10639C0009F010FF0121062009F00CFF012111204A
:1063AC0009F0CCFE0021062009F0C8FE01210E20C8
:1063BC0009F000FF0121052009F0FCFE2046FFF743
:1063CC00BDFF0121162009F0F5FE0021162009F071
:1063DC00B5FE0121212009F0EDFE0021212009F05C
:1063EC00ADFE204610BD00BF10B504460E2009F0CE
:1063FC00CFFE60B10021112009F0A0FE642009F04D
:10640C001FFE01210620BDE8104009F097BE204672
:10641C00FFF774FFEEE700BF0121112008B509F06A
:10642C008DFE00210620BDE8084009F087BE00BFA4
:10643C0038B50A4601210446002503F03BFF4FF412
:10644C007A720A4B0121032084F830506362656331
:10645C00C4E90A5209F0AEFE0320012109F06EFED8
:10646C0000232046E561236238BD00BF241C0020B8
:10647C009FED137BB7EEC00A70B520EE070B82B010
:10648C000646FDEEC07B17EE901A17EE904A03F00D
:10649C0019FE054610B9284602B070BD3046F461AD
:1064AC0003F002FE431CF6D00023F06102460649BD
:1064BC0006F12400009301F0C3FEECE7AFF300807B
:1064CC000000000000807540B419002010B582B0A7
:1064DC00044603F0E9FD431C02D1002002B010BDBC
:1064EC000023E0610246044904F12400009301F00A
:1064FC00A7FE012002B010BDB4190020F0B500F1C8
:10650C00240785B004462249384601F075FE38B39D
:10651C00002603AA1E4938463346039601F0A6FE10
:10652C00054638B9E6692046314603F0CBFDF8B98B
:10653C0005B0F0BD039D2046294603F0C3FD00289D
:10654C00F6D02046E56103F0AFFD411C0246EFD0CA
:10655C00E261334638460E49009601F071FEE7E7DA
:10656C00E66905462046314603F0ACFD0028DFD035
:10657C002046E66103F098FD431C0246D8D0E26148
:10658C002B4638460249009501F05AFED0E700BF71
:10659C00B419002044F23F0103F078BB0000000066
:1065AC00DFED537AB4EEE70A70B5F1EE10FA2DED8B
:1065BC00048B63DCB5EEC00AB0EE408AF1EE10FA43
:1065CC005CD9DFED4C7AF4EEE70AF1EE10FA4ADC16
:1065DC00F5EEC00AF1EE10FA45D9DFED477AB4EECC
:1065EC00E71AF1EE10FA54DCB5EEC01AF1EE10FA1F
:1065FC004FD9B7EEE00A0446B7EEC11A9FED366BE1
:10660C009FED379B20EE060B21EE099BB7EEC00BDE
:10661C0003F03EFE05462046B7EEC90B03F038FEEC
:10662C00B7EEC87A064620469FED2F6B27EE067B09
:10663C00FCEEC77B17EE901A03F0EAFDA0B32946D7
:10664C00204603F0FDFD00283ED03146204603F0E5
:10665C00EBFD88B3204644F22401BDEC048BBDE86D
:10666C00704003F013BB0B2124480BF043FC24486F
:10667C0008F0ACFF0020BDEC048B70BD112121484B
:10668C000BF038FC1E4808F0A1FF0020BDEC048B79
:10669C0070BD09211C480BF02DFC194808F096FF21
:1066AC000020BDEC048B70BD182118480BF022FCA7
:1066BC00134808F08BFFDDE7152115480BF01AFC89
:1066CC000F4808F083FFD5E7112112480BF012FC9C
:1066DC000B4808F07BFFCDE794DE37BEF6CC723F5B
:1066EC004BB0389CF9D52C3F000000000080754061
:1066FC000000FA450000C8420000A442E019002046
:10670C0050920020CC190020EC190020F819002020
:10671C00281A0020141A0020DFED3B7AB4EEE70AA9
:10672C00F1EE10FA4BDCB5EEC00A70B5F1EE10FAD2
:10673C002DED048BB0EE408A3DD9DFED347AF4EECA
:10674C00E70AF1EE10FA36DCF5EEC00AF1EE10FABB
:10675C0031D9DFED2F7AB4EEE71AF1EE10FA2ADC1C
:10676C00B5EEC01AF1EE10FA25D9B7EEE00A0446E0
:10677C00B7EEC19A9FED1E6B9FED1F7B20EE060BB3
:10678C0029EE079BB7EEC00B03F082FD05462046B1
:10679C00B7EEC90B03F07CFDB7EEC88A064620465F
:1067AC009FED177B27EE487BFDEEC77B17EE901A0B
:1067BC0003F02EFD28B90020BDEC048B70BD002029
:1067CC0070472946204603F03BFD0028F3D03146A4
:1067DC00204603F029FD0028EDD0204644F2240188
:1067EC00BDEC048BBDE8704003F050BAAFF30080F1
:1067FC0094DE37BEF6CC723F4BB0389CF9D52C3FAB
:10680C0000000000008075400000FA450000C842FE
:10681C000000A44244F2440103F038BA44F2580197
:10682C0003F034BA44F25D0103F030BA10B590F8BD
:10683C00363C84B0012B24D0022B20D00446A3B1CB
:10684C00154901A809F08CF801A9032204F17C0078
:10685C0001F07AF901A809F0BDF8012104F140001A
:10686C0004B0BDE8104003F025B90E210B480BF025
:10687C0041FB0B4808F0AAFE022384F8363C04B016
:10688C0010BD0D2107480BF035FB054804B0BDE8E1
:10689C00104008F09BBE00BF00140020E013002045
:1068AC0050920020F013002010B590F8363C84B0C4
:1068BC000446012B14D0032B10D003B31E4901A89E
:1068CC0009F04EF8032201A904F17C0001F03CF917
:1068DC0001A809F07FF8002384F8363C04B010BD01
:1068EC000F2116480BF006FB154808F06FFE02212D
:1068FC0004F14C0004B0BDE8104003F0DBB81021EB
:10690C0010480BF0F7FA0E4808F060FE2046FDF731
:10691C00D7FA2046FDF7C8FA032104F14C0003F026
:10692C00C9F80122082104F5487001F06DFE03231B
:10693C0084F8363C04B010BD6016002050160020C0
:10694C00509200203C16002070B590F8363C84B074
:10695C000446052B6BD8DFE803F039516A6A100343
:10696C005B4DFDF741F8D4F82C1C41F288322B68B2
:10697C005B1A93427DD804B070BD90F8323C00F5A0
:10698C00B866002B6ED104F25C5304F5AB6594ED44
:10699C00361A3046D3ED000A95ED000AFFF7BCFE1F
:1069AC0000287BD00D214B480BF0A4FA95ED000A82
:1069BC0002214948B7EEC00A08F03AFE464808F0F2
:1069CC0005FE052384F8363C04B070BD00F21C6053
:1069DC00FEF754FC00283FD02046FDF753F998B33E
:1069EC0094F8313C002B6BD1012104F14C0003F0E5
:1069FC0061F8042384F8363C04B070BD00F5B8652A
:106A0C002846FFF7C7FD002853D12046FDF74CFA66
:106A1C00022104F14C0003F04DF810212F480BF02B
:106A2C0069FA2D4804B0BDE8704008F0CFBD2C4980
:106A3C0001A808F095FF01A9032204F17C0001F0E4
:106A4C0083F801A808F0C6FF012104F1400004B04E
:106A5C00BDE8704003F02EB8224904F5487002F0EE
:106A6C0049FEF1E73046FFF7D5FE002384F8323CAF
:106A7C0089E7D4F8DC350221174807EE903A9FEDF0
:106A8C00120BB8EEE77B87EE000B08F0D1FD124835
:106A9C0008F09CFD2B68C4F82C3C6CE704F548709E
:106AAC00114902F027FE012104F1400003F002F825
:106ABC0078E7322009F0C4FA2846FFF707FDA4E76F
:106ACC002046FDF7FDF98FE70000000000807540BF
:106ADC00ECC40020B816002050920020C8160020EC
:106AEC00DC1600207C1600209C1600200000000004
:106AFC0070B590F8363C84B00446092B06D8DFE814
:106B0C0003F01A33050505054A587B96864901A8FA
:106B1C0008F026FF01A9032204F17C0001F014F80F
:106B2C0001A808F057FF012104F1400004B0BDE8B2
:106B3C00704002F0BFBF10217C480BF0DBF97C48A1
:106B4C0008F044FD04F21C60FEF798FB002800F0EE
:106B5C00AE802046FDF796F8002800F0D980062379
:106B6C0084F8363C04B070BD00F5B8652846FFF7D4
:106B7C0011FD002840F0A180022104F14C0002F02C
:106B8C0099FF0F216B480BF0B5F9694804B0BDE8CB
:106B9C00704008F01BBDFDF70BF9002800F0818058
:106BAC00002104F14C0002F085FF072384F8363CE9
:106BBC00D8E700F5AD6300F2645590ED401A00F58E
:106BCC00B860D3ED000A95ED000AFFF7E9FC002848
:106BDC0061D00C2158480BF08DF995ED000A02217B
:106BEC005348B7EEC00A08F023FD514808F0EEFCFC
:106BFC00082384F8363CB5E7002200F5AD6300F5B8
:106C0C00BF6093ED000A84F8332C84F8342CFCF725
:106C1C005FFC054670B30123642084F8323C84F891
:106C2C00353C09F00DFA092384F8363C9AE7434DBC
:106C3C00FCF794FF2046FCF7D7FE2B68D4F82C1CED
:106C4C0041F288325B1A93428CD9D4F8DC3502219C
:106C5C00374807EE903A9FED320BB8EEE77B87EEA4
:106C6C00000B08F0E5FC324808F0B0FC2B68C4F8C7
:106C7C002C3C77E704F5B860FFF78CFC304904F541
:106C8C00487002F037FD012104F1400002F012FFC0
:106C9C0084F8325C66E72B4904F5487002F02AFD53
:106CAC0041E7294904F5487002F024FD3BE72749E8
:106CBC0004F5487002F01EFD35E704F5BF6632207E
:106CCC0009F0BEF92846FFF701FC3046FCF7DCFB67
:106CDC00322009F0B5F93046FCF7D6FB304603F00C
:106CEC0001F994F8FA356BB9222119480BF002F925
:106CFC000F4808F06BFC2046FDF7E2F82046FDF744
:106D0C00D3F839E7002104F1400002F0D3FE33E759
:106D1C00104904F5487002F0EDFC04E7AFF3008075
:106D2C00000000000080754020160020481500204F
:106D3C005092002010160020C4150020ECC4002036
:106D4C00D4150020A8150020901500205C150020FB
:106D5C00EC1500207815002030B590F8363C85B045
:106D6C0004460B2B07D8DFE803F076590606060617
:106D7C0006060606301B9E4901A808F0F1FD01A984
:106D8C00032204F17C0000F0DFFE01A808F022FED3
:106D9C00012104F1400005B0BDE8304002F08ABE8C
:106DAC00FCF790FE10B1012384F8343C914D204641
:106DBC00FCF71AFED4F82C1C2B6841F288325B1AB3
:106DCC00934200F2988005B030BD00F2745300F588
:106DDC00AE6590ED4A1A00F5B860D3ED000A95ED5A
:106DEC00000AFFF7DDFB00287FD0092182480BF059
:106DFC0081F895ED000A02218048B7EEC00A08F030
:106E0C0017FC7E4808F0E2FB94F8343C002B00F0B1
:106E1C00B2800B2384F8363C05B030BD00F5B86564
:106E2C002846FFF7B7FB00284CD12046FDF73CF86D
:106E3C002046FDF745F8012104F1400002F03AFE2E
:106E4C000023022104F14C0084F8333C05B0BDE86A
:106E5C00304002F02FBE0D2169480BF04BF867480B
:106E6C0008F0B4FB04F21C60FEF708FA002836D0D8
:106E7C002046FCF707FF002877D02046FCF798FF48
:106E8C00002800F0858094F8303C002B48D094F812
:106E9C00313C002B00F0828094F8333C23B994F8F9
:106EAC00343C002B00F0888094F8323C002B40F0EE
:106EBC009180002104F14C0002F0FCFD0A2384F8BF
:106ECC00363C80E704F5BF60FCF7DEFA0028ACD056
:106EDC00322009F0B5F82846FFF7F8FAB0E749492F
:106EEC0004F5487002F006FC52E7474904F5487077
:106EFC0002F000FC4CE7D4F8DC3502213F4807EEE9
:106F0C00903A9FED390BB8EEE77B87EE000B08F05B
:106F1C008FFB3A4808F05AFB2B68C4F82C3C52E71C
:106F2C0004F548753949284602F0E4FB2821374816
:106F3C000AF0E0FF314808F049FB94F8313C7BB390
:106F4C0094F8333C002B39D094F8343C002B7FF46C
:106F5C001FAF28462E4902F0CDFB2B212C480AF0FE
:106F6C00C9FF264808F032FB12E72A4904F548709D
:106F7C0002F0C0FB0CE704F5BF60FCF789FA0028AF
:106F8C007FF447AF244904F5487002F0B3FBFFE6E9
:106F9C00224904F5487002F0ADFBF9E604F548759A
:106FAC0028461F4902F0A6FB2D211D480AF0A2FF1E
:106FBC00124808F00BFBC3E704F54875284619493D
:106FCC0002F098FB302117480AF094FF0B4808F0A8
:106FDC00FDFAB9E704F5B860FFF71CFC002384F850
:106FEC00323C66E7AFF30080000000000080754083
:106FFC00C8130020ECC400209813002050920020ED
:10700C008C1200209C12002074130020B812002057
:10701C004813002078150020A413002090150020A0
:10702C00E41200201413002070B590F8363C84B0A4
:10703C0004460D2B08D8DFE803F06A520707070750
:10704C00070707070707291C5B4901A808F088FCFC
:10705C0001A9032204F17C0000F076FD01A808F0E0
:10706C00B9FC012104F1400004B0BDE8704002F00D
:10707C0021BD524DFCF7B8FCD4F82C1C41F28832DF
:10708C002B685B1A934279D804B070BD90F8323CEF
:10709C0000F5B866002B6AD104F5AD6304F26455B3
:1070AC0094ED401A3046D3ED000A95ED000AFFF737
:1070BC0077FA002850D0142141480AF01BFF95EDB7
:1070CC00000A02213F48B7EEC00A08F0B1FA3D4869
:1070DC0008F07CFA0D2384F8363C04B070BD00F542
:1070EC00B8652846FFF756FA78BB2046FCF7DCFE5D
:1070FC00022104F14C0002F0DDFC172132480AF0A9
:10710C00F9FE304804B0BDE8704008F05FBA00F2F8
:10711C001C60FEF7B3F890B12046FCF7B3FD0028D5
:10712C009FD094F8313C002B3DD1012104F14C004F
:10713C0002F0C0FC0C2384F8363C04B070BD23492B
:10714C0004F5487002F0D6FA8BE7322008F078FF8D
:10715C002846FFF7BBF9C8E704F548701C4902F054
:10716C00C9FA012104F1400002F0A4FCA3E7304667
:10717C00FFF750FB002384F8323C8DE7D4F8DC3564
:10718C000221104807EE903A9FED090BB8EEE77B11
:10719C0087EE000B08F04CFA0A4808F017FA2B6837
:1071AC00C4F82C3C70E72046FCF78AFEBDE700BF14
:1071BC00000000000080754024150020ECC4002065
:1071CC00F4140020509200200C150020B014002064
:1071DC00D414002010B590F8363C84B004460F2B24
:1071EC0009D8DFE803F0513C08080808080808082B
:1071FC0008080808271D404901A808F0B1FB01A99F
:10720C00032204F17C0000F09FFC01A808F0E2FBD3
:10721C00012104F1400004B0BDE8104002F04ABC6A
:10722C00FCF750FC354B364A1B6812689A424CD31B
:10723C0004B010BD00F5BF60FCF72EF900284CD04F
:10724C002E48002147F230532D4A006884F8341C34
:10725C000F21034484F8361C136004B010BD0123C5
:10726C000F21284884F8333C0AF044FE264808F0E5
:10727C00ADF904F5B860FFF78DF904F5BF6004B003
:10728C00BDE81040FCF700B9102120480AF032FE8E
:10729C001D4808F09BF904F21C60FDF7EFFF70B17C
:1072AC002046FCF7EFFC90B12046FCF781FD70B155
:1072BC0094F8323CBBB90E2384F8363CB8E7144939
:1072CC0004F5487002F016FAA2E70021A1E7114973
:1072DC0004F5487002F00EFA9AE70F4904F548706D
:1072EC0002F008FA94E704F5B860FFF793FA00236C
:1072FC0084F8323CDFE700BF94140020ECC400207B
:10730C00C8B30020841400205092002018140020D0
:10731C002C140020481400207414002030B590F870
:10732C00363C85B00446132B0BD8DFE803F01F3E28
:10733C000A0A0A0A0A0A0A0A0A0A0A0A0A0A5166FE
:10734C0075865A4901A808F00BFB01A9032204F128
:10735C007C0000F0F9FB01A808F03CFB012104F1D2
:10736C00400005B0BDE8304002F0A4BB12215048EB
:10737C000AF0C0FD4F4808F029F904F21C60FDF733
:10738C007DFF002870D02046FCF77CFC002865D0DF
:10739C002046FCF70DFD002860D094F8323C002B01
:1073AC007BD1102384F8363C25E0FCF77DFD20468C
:1073BC00FCF786FD112140480AF09CFD3D4808F081
:1073CC0005F904F5BF6005B0BDE83040FCF75CB8CA
:1073DC0000F5BF60FCF760F8002858D03748002152
:1073EC0047F23053364A006884F8341C11210344A8
:1073FC0084F8361C136005B030BDFCF763FB2F4BD3
:10740C002F4A1B6812689A42F5D20122122384F883
:10741C00332C84F8363CEEE700F5BF60FCF738F807
:10742C0078B3264943F69823254A1320096884F833
:10743C00360C0B44136005B030BDFCF743FB05461E
:10744C00C0B91E4B1E4A1B6812689A42D3D21D4902
:10745C0004F5487002F04EF9294680E71A4904F504
:10746C00487002F047F979E7184904F5487002F0C2
:10747C0041F973E70123002104F1400084F8343C06
:10748C006FE7134904F5487002F034F966E71149C7
:10749C0004F5487002F02EF960E704F5B860FFF7C8
:1074AC00B9F9002384F8323C7BE700BF9018002028
:1074BC00D0170020509200207C180020ECC4002033
:1074CC00CCB300206018002004180020E417002022
:1074DC004C1800203018002008F0D2BE38B5054CEE
:1074EC00A4F15005103C201D08F074FAAC42F9D1FF
:1074FC0038BD00BF64B300202DE9F04F99B0904621
:10750C0005460A461F46AB4944F2022304A89DF8DF
:10751C008890BDF88CA006F0E1FE169B002B00F0C5
:10752C0011815C20002609F02BF9059B044646606E
:10753C00C36008A9069B1830DFF89CB240F8083CE1
:10754C009DF81C3000F8043C9B4B40F8183C9B4BBE
:10755C0040F8103C06F066FD6368A66508A8013388
:10756C00CDF810B06360964BA36006F09DFD2E69BC
:10757C00002E00F0C0807368013B73600393002BF6
:10758C0037D132688F49D26A8A4240F03881B06D67
:10759C0018B10EF0B5FC039BB365336D002B00F0F6
:1075AC00F28006F1180006F07FFD2E690EB33368E9
:1075BC00854A5B68934240F034817F4BB06D3360F9
:1075CC0018B10EF09DFC0023B365336D002B00F059
:1075DC001C8106F118031846039306F065FD039B06
:1075EC001846C6F808B006F05FFD30465C2109F07D
:1075FC00C9F82C61002C00F088802368734A1B6B3F
:10760C0093427ED1236D002B00F0B580B9F1000FB1
:10761C007FD02C6923686E49DB688B4240F0C480B4
:10762C00206D002800F09F8041463A4605F08EFB05
:10763C002E6984B2002E57D03368DFF88881DB6A5C
:10764C00434540F0CB80B06D18B10EF059FC0023CF
:10765C00B365336D002B00F0A28006F1180006F024
:10766C0023FDD5F81090D9F80460013EC9F80460E8
:10767C00002E37D1D9F80030DB6A434540F0C28088
:10768C00D9F8580018B10EF03BFCC9F85860D9F87D
:10769C005030002B00F0AD8009F1180006F004FD0D
:1076AC002E69FEB13368484A5B68934240F0C8804B
:1076BC00414BB06D336018B10EF022FC0023B36562
:1076CC00336D06F11808002B00F0A680404606F03A
:1076DC00EBFC4046C6F808B006F0E6FC5C213046F0
:1076EC0009F050F800232B61381BB0FA80F04009E8
:1076FC0019B0BDE8F08F2368344A1B6B2C619342A0
:10770C0080D020469847002842D1002019B0BDE80F
:10771C00F08F2C69002CE7D023682E48196A0023BF
:10772C0081425ED1236D002B7ED05146184605F068
:10773C0031F92C69002C7FF46DAF381BB0FA80F056
:10774C004009D5E7179C002C7FF4EBAEDFF888B02E
:10775C0008A8CDF810B006F0A7FC2E69002E7FF417
:10776C000AAF3046D2E7606D00283FD041463A461A
:10777C0003F01CFF5CE7636D002BC6D0B9F1000F62
:10778C007FF447AFC5E7736D002B7FF40AAF0CE7AE
:10779C00B9F1000FBDD02C69002CCED03AE7736D37
:1077AC00002B7FF45AAF5CE7414620463A46984797
:1077BC003EE700BF8CAC0020741C0020D01C0020C5
:1077CC00501C0020A5060000B90D00009106000019
:1077DC00F10B0000F50E0000201B002030469847EE
:1077EC003FE72046524600938847D4E72E6904466B
:1077FC0022E7D9F85430002B7FF44EAF50E73046D7
:10780C009047D2E6484698474AE7736D002B7FF4C1
:10781C00E0AE06F11803E3E6736D002B7FF456AF70
:10782C0057E730469847E4E6606D00283FF4F2AE27
:10783C00524602F0CFFF2C69002C3FF47EAFE9E6F4
:10784C00304698474EE700BF2DE9F04F99B01746E8
:10785C0005460A469846A349002304A8BDF888901B
:10786C0006F03CFD169B002B00F0F9805C200026F6
:10787C0008F086FF059B04464660C36008A9069B7A
:10788C001830DFF884A240F8083C9DF81C3000F852
:10789C00043C954B40F8183C944B40F8103C06F0D7
:1078AC00C1FBA665666808A8914B0136CDF810A0FF
:1078BC00A360666006F0F8FB2E69002E00F0CD8008
:1078CC007368013B73600393002B35D1326889498F
:1078DC00D26A8A4240F0F980B06D18B10EF010FBFC
:1078EC00039BB365336D002B00F0D18006F11800BB
:1078FC0006F0DAFB2E69FEB133687F4A5B6893426F
:10790C0040F01081784BB06D336018B10EF0F8FA7E
:10791C000023B365336D06F1180B002B00F0FD80CE
:10792C00584606F0C1FB5846C6F808A006F0BCFB4A
:10793C0030465C2108F026FF2C61002C00F088807A
:10794C0023686E4A1B6B93427ED1236D002B00F093
:10795C009680286900287BD002680023684C116A45
:10796C00A14240F09980036D002B00F0A2804946A3
:10797C00184605F00FF82869002869D00368614A99
:10798C009B68934240F0A880036D002B00F0888028
:10799C0042463946184604F0B5FD86B22C69002CD7
:1079AC0057D02368DFF84C81DB6A434540F0B28046
:1079BC00A06D18B10EF0A4FA0023A365236D002B63
:1079CC007ED004F1180006F06FFB2F697C68013C37
:1079DC007C60002C32D13B68DB6A434540F0AA80C6
:1079EC00B86D10B10EF08CFABC653B6D002B00F03D
:1079FC009C8007F1180006F057FB2C69F4B1236842
:107A0C003D4A5B68934240F09880374BA06D2360F1
:107A1C0018B10EF075FA0023A365236D04F1180755
:107A2C00002B73D0384606F03FFB3846C4F808A04C
:107A3C0006F03AFB5C21204608F0A4FE00233046F9
:107A4C002B6119B0BDE8F08F20469847002880D1F3
:107A5C000026304619B0BDE8F08F2C6170E7179CFA
:107A6C00002C7FF403AFDFF8A0A008A8CDF810A07D
:107A7C0006F01AFB2E69002E7FF422AFE9E7636D46
:107A8C00002BE5D0286900287FF466AFE0E7736D22
:107A9C00002B7FF42BAF2DE74A46009388476AE70B
:107AAC00406D00284CD04246394602F0ADFD86B2FE
:107ABC0074E7416D61B14A46084602F08BFE5AE705
:107ACC00636D002B7FF47DAF7FE73046904711E765
:107ADC0093680C4A9342E3D04246394698472C6946
:107AEC0086B25CE78CAC0020741C0020D01C0020FB
:107AFC00501C0020A5060000B90D000091060000E6
:107B0C00F50E0000650B0000201B0020636D002BA0
:107B1C0088D18AE72046984757E7736D002B7FF48E
:107B2C00FFAE00E73046984706E77B6D002B7FF4ED
:107B3C0060AF62E7384698475FE7204698477DE795
:107B4C004FF6FF762AE700BF042A2DE9F04F9BB0D1
:107B5C0004D9002420461BB0BDE8F08F05460E4624
:107B6C0006A85D491701144607F018FF5B4906A8E3
:107B7C00DFF8948108F03AF8014603A807F00EFFED
:107B8C0006A807F027FF391D03A8414407F0F8FFAA
:107B9C0008EB070303A8598808F014F8504903A808
:107BAC0007F0F2FF032C00F062814E4B1C78002C86
:107BBC0000F08A80039A002A00F0798144F20223B3
:107BCC00494906A806F08AFB189B002B00F05D8142
:107BDC005C204FF0000908F0D3FD079B0446C0F869
:107BEC000490C3600AA9089B183040F8083C9DF823
:107BFC00243000F8043C3D4B40F8183C3C4B40F81A
:107C0C00103C06F00FFA6368C4F858900AA80133C8
:107C1C00DFF8F8906360374BCDF81890A36006F04E
:107C2C0043FA2B69002B73D05A68013A5A600092C0
:107C3C00002A3FD119683048C96A814240F06981F5
:107C4C00986D28B101930EF05BF9DDE900239A657C
:107C5C001A6D002A00F0398103F1180006F024FA9D
:107C6C00D5F810A0BAF1000F24D0DAF80030234A6E
:107C7C005B68934240F032811C4BDAF85800CAF82A
:107C8C00003020B10EF03CF90023CAF85830DAF875
:107C9C0050300AF1180B002B00F04181584606F0C9
:107CAC0003FA5846CAF8089006F0FEF950465C21D3
:107CBC0008F068FD2C6164BB162111480AF01AF912
:107CCC001048002407F082FC03A807F083FE20462E
:107CDC001BB0BDE8F08F00BF64B30020940A0020F5
:107CEC00500B002022C500208CAC0020741C0020FE
:107CFC00D01C0020501C0020A5060000B90D00006F
:107D0C00580B00205092002014B30020201B0020A0
:107D1C002C612368874A1B6B934240F0E580236DEE
:107D2C00002B00F0CB808449304607F02DFF834BAD
:107D3C00DFED837A022193ED000A06A8B8EE400A23
:107D4C0080EE270A07F0AEFE2C2106A807F02AFFCA
:107D5C00314606A807F014FF089A069994B2002938
:107D6C0000F0C8802E69002E00F09F80336892B21C
:107D7C007448D3F80CA0824540F0C880306D0028C0
:107D8C0000F0978004F0E2FF2E691FFA80FA002EB3
:107D9C0050D03368DB6ADFF8C0B15B4540F0B3808C
:107DAC00B06D18B10EF0ACF80023B365336D002B39
:107DBC0000F0A28006F1180006F076F92B695E68D7
:107DCC00013E5E60002E33D11A68D26A5A4540F0EB
:107DDC00A380986D20B100930EF092F8009B9E65E5
:107DEC001A6D002A76D003F1180006F05DF92E69A1
:107DFC00F6B13368544A5B68934272D1534BB06D01
:107E0C00336018B10EF07CF80023B365336D06F1C6
:107E1C00180B002B00F08980584606F045F958469F
:107E2C00C6F8089006F040F930465C2108F0AAFC30
:107E3C0000232B6118F8073008EB07020133517847
:107E4C00DBB2994208F8073005D1538801335380CF
:107E5C00002308F80730A4EB0A0406A807F0BAFDC3
:107E6C0003A8B4FA84F4640907F0B4FD2FE734686E
:107E7C00002C46D0204610F0C3FA014620460AF0EA
:107E8C0039F8334807F0A2FB8FE6199C002C7FF4DD
:107E9C009FAEDFF8C8900AA8CDF8189006F004F948
:107EAC002B69002B7FF4C0AE06E7B246C2E7294A25
:107EBC0084E6706D38B103F079FB65E7636D002BD8
:107ECC007FF431AFF8E6824664E75A6D002A7FF4FE
:107EDC00C3AEC5E65A6D002A85D188E7504698474F
:107EEC00E8E630469847A3E72046984700283FF439
:107EFC00E3AE18E7174935E7736D002B7FF45AAFE3
:107F0C005CE7144CB6E73046984757E73046D04705
:107F1C003AE718468847A3E61846904767E7DAF829
:107F2C005430002B7FF4BAAEBBE6736D002B7FF49C
:107F3C0073AF74E791060000C4090020ECC4002064
:107F4C0000007A44F10B0000B90D0000741C0020F5
:107F5C0050920020D0900020A5060000201B00208D
:107F6C0070B57A4D8EB0D5F88424002A73D06C4647
:107F7C0000231146764A2046009304F06FFA00283D
:107F8C0075D0D5F88424002A41D000231146204610
:107F9C00704A009304F062FA002843D06E4E6F4989
:107FAC00304607F09BFD6E4B0A222046196807F0FD
:107FBC0063FD2146304607F0E3FD204607F00AFD3D
:107FCC003068684AD5F88434002818BF0246002B64
:107FDC0067D0194600232046009304F03FFA00288E
:107FEC0068D13068002800F0AC80D5F884140029E2
:107FFC006DD000250246012301F5896120460095CC
:10800C0004F034F9002870D001200EB070BDD5F802
:10801C008814B1B113460C9220464E4A02F098FED9
:10802C000028BBD1D5F88424002A7BD0002002F58F
:10803C0089610123474A0090204604F017F9002873
:10804C00ACD12121484809F055FF484807F0BEFA49
:10805C0000200EB070BDD5F88814C1B16C46134623
:10806C000C9220463A4A02F073FE002889D1D5F8CA
:10807C008424002A47D0002002F589610123344A68
:10808C000090204604F0F2F800287FF47AAF262105
:10809C00374809F02FFF354807F098FA00200EB04A
:1080AC0070BDD5F8881489B120460C9302F050FEAF
:1080BC00002896D025212F4809F01CFF26492B4873
:1080CC0007F05EFA294807F081FA9DE768B1D5F808
:1080DC00881451B100250246012301F5896120461F
:1080EC000C9503F0C9F800288ED12421224809F000
:1080FC0001FF19491D4807F043FA1C4807F066FABE
:10810C0000200EB070BDD5F888140029BFD00C9299
:10811C00012301F589610E4A204603F0ADF80028D1
:10812C00B5D02EE7D5F8881400298AD00C920123FB
:10813C0001F58961074A204603F09EF8002880D09B
:10814C002CE7D5F88414074851E700BF88AC002011
:10815C008C0A0020C00A002064B30020F00A002022
:10816C0010B30020D0900020CC0A002050920020A8
:10817C00980A0020280B0020000B002070B5184E28
:10818C000546184A337811603BB12846FFF7E8FEE4
:10819C00044680B13478204670BDFE21124806F0AA
:1081AC002FFD044688B1012328463370FFF7D8FE13
:1081BC0004460028EED122210C4809F09BFE0C4805
:1081CC0007F004FA2046347070BD1C21094809F0F0
:1081DC0091FE074807F0FAF92046347070BD00BFD5
:1081EC0022C5002010B3002088AC0020900B00208A
:1081FC0050920020700B00200F4B187800B970477C
:10820C000E4B10B5D3F884448EB044B100230A460B
:10821C0068462146009304F021F90EB010BDD3F846
:10822C0088040028F9D00A462346014668460C9477
:10823C0002F08EFDF1E700BF22C5002088AC0020C3
:10824C0030B512BA85B01C46074B03921A78BDF8AC
:10825C00205032B103AA0423CDE90045FFF74CF9B5
:10826C000246104605B030BD22C5002030B50024B2
:10827C0085B003940A4C24781CB90024204605B020
:10828C0030BD00931546042303AAFFF7DDFA04283A
:10829C00F3D1039B20461BBA2B6005B030BD00BF49
:1082AC0022C5002038B51A4C4FF4C8451949204650
:1082BC0007F056FB2046184C184A194909F0EEFFF6
:1082CC002046184940F8045B07F04AFB164904F1B4
:1082DC001400256107F044FB144904F124002562C5
:1082EC0007F03EFB4FF4A053114904F13400236313
:1082FC0007F036FB0F4904F14400256407F030FB0E
:10830C00064A0D490020BDE8384009F0C7BF00BF40
:10831C0064B30020B409002014B300204C94002056
:10832C0015DA000078040020800400208804002066
:10833C0090040020980400201D55000010B4064C39
:10834C008181911C04600024C2810182C0E9014436
:10835C005DF8044B704700BF441B0020036870B5E8
:10836C0005461B689847EE89304607F0ADFF04467A
:10837C00701CE4B207F0A8FFAB8960F30F24A4B221
:10838C00A3426C680FD00222314605F10C0008F0B4
:10839C0045F934B1236820465B689847A468002CE3
:1083AC00F8D1002070BD34B1236820461B68984773
:1083BC00A468002CF8D1012070BD00BFF8B5038A69
:1083CC000F46C489191B8A4210DBA3420ED90646FC
:1083DC0000252046013407F077FF7855A4B2338A84
:1083EC006A1CA34295B2F4D82846F8BD002528464D
:1083FC00F8BD00BF03468A79008A41F2BC0C0244E6
:10840C0062450DDC10B4DC8920445C6888801A82DB
:10841C0044B19A6801205DF8044B916099607047F3
:10842C000020704701205DF8044BC3E9011170472F
:10843C0007F026BF09F0F4BC09F036BD09F0CEBC3C
:10844C00084609F041BD00BF70B584220E460021DC
:10845C0004460FF089FC842200250021A0180FF09F
:10846C0083FC2946862204F59070C4E94255C4E980
:10847C004455C4E946550FF077FC8622294604F58D
:10848C00D3700FF071FC2046C4F82C5284F8305293
:10849C00C4F8346270BD00BFC0F83412704700BF1E
:1084AC00C0F81C11A0F81821A0F81631704700BFB5
:1084BC002DE9F0411C4E04460D4690461B4F336887
:1084CC009D4209D9D4F8340203681B69BB4221D1FF
:1084DC0009F0A6FC0028F2D0D4F83402144A036840
:1084EC005B6993421DD109F0DFFC431C16D094F854
:1084FC002F32C0B294F830220344A8EB0000DBB258
:10850C00B0FA80F01A44400984F82F3284F83022F3
:10851C00BDE8F08198470028D1D0DDE70020BDE808
:10852C00F0819847E1E700BFECC4002075640000BF
:10853C00796400002DE9F04182B00B46042100243F
:10854C0001AE144A05460DEB010001940EF094F9AE
:10855C00DFF844803718D5F8342216F8014B13682D
:10856C0020461B68434511D109F0AEFC95F82F222B
:10857C00B74295F830321444E4B2234485F82F42C4
:10858C0085F83032E7D102B0BDE8F08110462146C3
:10859C009847EBE748090020816400002DE9F04181
:1085AC0082B000240B46164A6E46054606216846E4
:1085BC000094ADF804400EF05FF9DFF848803718EE
:1085CC00D5F8342216F8014B136820461B68434536
:1085DC0011D109F079FC95F82F22B74295F8303279
:1085EC001444E4B2234485F82F4285F83032E7D1A5
:1085FC0002B0BDE8F081104621469847EBE700BF7A
:10860C0048090020816400002DE9F0410023044654
:10861C00D0F834020F4684F82F32164684F83032E4
:10862C000368504D1B68AB4240F085803F2009F039
:10863C004BFC94F82F32204694F8302239463F33C5
:10864C00DBB284F82F32134484F83032FFF772FF18
:10865C00D4F8340203681B68AB426FD12C2009F0AC
:10866C0033FC94F82F3294F830222C33D4F83402A3
:10867C00DBB21A4484F82F3284F8302203681B686A
:10868C007EB1AB4267D1312009F01EFC94F82F2249
:10869C0094F830323132D2B2134484F82F22DBB248
:1086AC000EE0AB425AD1302009F00EFC94F82F2288
:1086BC0094F830323032D2B2134484F82F22DBB229
:1086CC00D4F8340284F8303203681B68AB423FD1D3
:1086DC003B2009F0F9FB94F82F12204694F8303225
:1086EC003B31C9B20B4484F82F12DBB243EA0121AF
:1086FC0084F83032FFF752FFD4F8340203681B6859
:10870C00AB4222D13B2009F0DFFB94F82F3294F8D6
:10871C0030223B33D4F83402DBB21A4484F82F32C3
:10872C0084F8302203681B68AB420AD10A20BDE8EA
:10873C00F04109F0C9BB3F2198477AE72C219847B3
:10874C008FE70A21BDE8F04118473B219847DCE749
:10875C003B219847BFE73121984797E7302198474D
:10876C00A4E700BF816400002DE9F041002304461A
:10877C00D0F834020D4684F82F3284F83032036876
:10878C00444F1B68BB4278D1232009F09DFB94F821
:10879C002F32294694F8302220462333DBB21A4478
:1087AC0084F82F3284F83022FFF7C4FE94F8863018
:1087BC001BB304F1870812E009F086FB94F82F1222
:1087CC00863E94F830320D4494F88620361BEDB278
:1087DC00B2422B4484F82F5284F830320DDDD4F899
:1087EC003422464618F8015F136828461B68BB42C2
:1087FC00E2D0294610469847E0E7D4F834020368E3
:10880C001B68BB4242D13B2009F05EFB94F82F124F
:10881C00204694F830323B31C9B20B4484F82F1205
:10882C00DBB243EA012184F83032FFF7B7FED4F80B
:10883C00340203681B68BB4225D13B2009F044FB82
:10884C0094F82F3294F830223B33D4F83402DBB254
:10885C001A4484F82F3284F8302203681B68BB4218
:10886C000ED10A2009F030FB0023A4F8843084F8E0
:10887C00863084F88830BDE8F0812321984786E75C
:10888C000A219847F0E73B219847D9E73B219847C5
:10889C00BCE700BF81640000F8B500230446D0F8A3
:1088AC0034020D4684F82F3284F8303203685B4F63
:1088BC001B68BB4240F09E80212009F005FB94F818
:1088CC002F32204694F8302229462133DBB21A4449
:1088DC0084F82F3284F83022FFF72CFED4F83402BF
:1088EC0003681B68BB4240F095802C2009F0ECFA21
:1088FC0094F82F32204694F830222C33B4F8161109
:10890C00DBB21A4484F82F3284F83022FFF746FE8B
:10891C00D4F8340203681B68BB4278D13B2009F0C1
:10892C00D3FA94F82F3294F830223B33B4F8161162
:10893C00DBB21A4484F82F3284F8302209B30026B3
:10894C0011E009F0C1FA94F82F12013694F8303284
:10895C000D44B4F81621EDB296422B4484F82F52F4
:10896C0084F830320DDAD4F83422D4F81C111368A0
:10897C008D5D1B682846BB42E3D0294610469847BC
:10898C00E1E7D4F8340203681B68BB423CD13B20BE
:10899C0009F09AFA94F82F12204694F830323B31B1
:1089AC00C9B20B4484F82F12DBB243EA012184F8DC
:1089BC003032FFF7F3FDD4F8340203681B68BB4276
:1089CC001FD13B2009F080FA94F82F3294F8302212
:1089DC003B33D4F83402DBB21A4484F82F3284F8D7
:1089EC00302203681B68BB4207D10A2009F06CFADD
:1089FC000120F8BD2121984761E70A219847012001
:108A0C00F8BD3B219847DFE73B219847C2E73B2164
:108A1C00984786E72C2198476AE700BF81640000DD
:108A2C00D0F81C310BB1FFF737BF1846704700BFA9
:108A3C002DE9F041044610788846002800F0D580D6
:108A4C0004F5D575012302E0802B00F0CC8005F8ED
:108A5C00010F9EB212F8010F01330028F4D100234C
:108A6C00D4F83402624F84F82F3284F83032036821
:108A7C00A4F8A8611B68BB4240F0A280222009F038
:108A8C0023FA94F82F32204694F8302241462233B0
:108A9C00DBB21A4484F82F3284F83022FFF74AFDF7
:108AAC00D4F8340203681B68BB4240F099802C2038
:108ABC0009F00AFA94F82F32204694F830222C331D
:108ACC0094F8A811DBB21A4484F82F3284F83022BF
:108ADC00FFF730FDD4F8340203681B68BB427CD12D
:108AEC003B2009F0F1F994F82F3294F830223B3303
:108AFC00B4F8A811DBB21A4484F82F3284F830226F
:108B0C0029B304F5D57814E009F0DEF994F82F12A6
:108B1C006FF4D47294F8303216440D44B4F8A82192
:108B2C00EDB2361B2B44B24284F82F5284F830320B
:108B3C000DDDD4F83422464618F8015F1368284638
:108B4C001B68BB42E0D0294610469847DEE7D4F8B4
:108B5C00340203681B68BB423CD13B2009F0B4F9DA
:108B6C0094F82F12204694F830323B31C9B20B44A2
:108B7C0084F82F12DBB243EA012184F83032FFF77C
:108B8C000DFDD4F8340203681B68BB421FD13B2097
:108B9C0009F09AF994F82F3294F830223B33D4F838
:108BAC003402DBB21A4484F82F3284F83022036882
:108BBC001B68BB4207D10A20BDE8F04109F084B91B
:108BCC00222198475DE70A21BDE8F04118473B2177
:108BDC009847DFE73B219847C2E73B21984782E75C
:108BEC002C21984766E77F2639E7064637E700BF12
:108BFC00816400002DE9F041002384B0DFF8BC80D3
:108C0C0004462B4E0D462B4FADF80C30CDE90133FD
:108C1C0033689D4221D9019B042B1ED8D4F8340211
:108C2C0003689B69BB4226D109F0D8F8431CEFD0EE
:108C3C00C3B23B2B11D0D4F8340203685B694345B3
:108C4C001BD109F031F9019B5A1C10336B44019272
:108C5C0003F8080C33689D42DDD8D4F8340203685D
:108C6C005B69434521D109F01FF93B2807D000204F
:108C7C0004B0BDE8F0819847D8E79847E3E701AA2C
:108C8C000D4902A80EF06CFE0128F0D1019BB3F542
:108C9C00803FECD2B4F82F0240BA80B2C01AB0FABE
:108CAC0080F0400904B0BDE8F0819847DDE700BFD3
:108CBC00ECC400207D6400004809002079640000A9
:108CCC002DE9F041002382B0524D8046524E0C46A5
:108CDC00524FCDE900332B689C4233D9019B022BB8
:108CEC0030D8D8F8340203689B69B3423BD109F001
:108CFC0075F8431CEFD0C3B22C2B23D03B2B21D0C7
:108D0C00D8F8340203685B69BB422ED109F0CCF869
:108D1C00421CE0D0019AC0B298F82F3202F1010C3B
:108D2C000832034498F830126A44CDF804C0DBB220
:108D3C0002F8080C88F82F325A182B6888F8302261
:108D4C009C42CBD8D8F8340203689B69B3424FD10C
:108D5C0009F044F8C0B22C2809D03B2807D00020D9
:108D6C0002B0BDE8F0819847C3E79847D0E701AA65
:108D7C002B4968460EF0F4FD0128F0D1019BFF2B26
:108D8C00EDD8264E88F800302B689C42E7D9D8F8ED
:108D9C00340203685B69B34228D109F085F8C2B28A
:108DAC000130F1D098F82F323B2A98F83012134446
:108DBC00DBB2194488F82F3288F830121AD02C2ADA
:108DCC0004D198F80130013388F8013098F802305A
:108DDC00591C434488F802101A712B689C42BED966
:108DEC00D8F8340203685B69B342D6D09847D6E70B
:108DFC009847AFE798F8023000222146404643449A
:108E0C001A7188F80220FFF7F5FE0346012088F856
:108E1C000330A5E7ECC400207D64000079640000F9
:108E2C004809002000232DE9F043474F83B0044646
:108E3C001D460E46DFF81881DFF81891CDE9003396
:108E4C003B689E422FD9019B022B2CD8D4F83402BC
:108E5C0003689B69434532D108F0C0FF421CEFD038
:108E6C00C5B22C2D1FD0D4F8340203685B694B4576
:108E7C0027D109F019F8411CE2D0C5B2019A94F837
:108E8C002F32501C08322B4494F830126A44019053
:108E9C00DBB202F8085C84F82F325A183B6884F86D
:108EAC0030229E42CFD82C2231462046FFF700FBC1
:108EBC00804640B90025284603B0BDE8F0839847AA
:108ECC00CCE79847D7E701AA204968460EF048FD41
:108EDC000128EFD1019BFF2BECD8DFF8789084F8B8
:108EEC002C323B689E4215D9D4F8340203685B6976
:108EFC004B4524D108F0D8FF431CF2D094F82F3204
:108F0C00C5B294F830222B44DBB21A4484F82F32C9
:108F1C0084F83022302D14D0312DCBD13B22314668
:108F2C00204684F82D82FFF7C3FA05460028C1D0ED
:108F3C0031462046FFF75EFE84F82E02BBE79847C9
:108F4C00DAE74FF00008E9E7ECC4002048090020FC
:108F5C007D640000796400002DE9F041002384B0A9
:108F6C00D0F8102100930293ADF80C300193A0F8C7
:108F7C000A3180F80831002A50D080460C467D4DCD
:108F8C007D4E7E4F2B689C4231D9019B022B2ED8F3
:108F9C00D8F8340203689B69B34235D108F01EFF40
:108FAC00411CEFD0C3B22C2B21D0D8F8340203686B
:108FBC005B69BB422AD108F077FF431CE2D0019ACF
:108FCC00C0B298F82F3202F1010C1032034498F819
:108FDC0030126A44CDF804C0DBB202F8100C88F8E9
:108FEC002F325A182B6888F830229C42CDD82B6827
:108FFC009C420DD8D8F8340200250368DB689847EA
:10900C00284604B0BDE8F0819847C9E79847D4E7F3
:10901C002C2221464046FFF74BFA20B90025284662
:10902C0004B0BDE8F08101AA554968460EF098FCE1
:10903C000128F3D1019BFF2BF0D888F808310023CD
:10904C004D4E4E4F01932B689C4232D9019B042B01
:10905C002FD8D8F8340203689B69B34240F0838060
:10906C0008F0BCFE431CEED0C0B23B2821D0D8F88F
:10907C00340203685B69BB4277D108F015FF421CD0
:10908C00E1D0C0B298F82F3298F830120344019A0C
:10909C00DBB288F82F320B4488F83032531C019322
:1090AC0002F110030DEB03022B689C4202F8080C32
:1090BC00CCD82B689C429DD93B2221464046FFF7D9
:1090CC00F7F90028AAD001AA2D4902A80EF048FCF5
:1090DC000128A3D1019BB3F5803F9FD29BB2B8F876
:1090EC000C219A42A8F80A3184D30023234E019311
:1090FC002B689C4223D9B8F80A21019B9A421ED9AD
:10910C00D8F8340203685B69B34230D108F0CCFE66
:10911C00C2B20130ECD098F82F3298F830121344C8
:10912C00DBB288F82F320B44D8F8101188F83032A3
:10913C00019B581C0190CA542B689C42DBD82B68AD
:10914C009C427FF657AF3B2221464046FFF7B0F9D1
:10915C00054600283FF462AF21464046FFF74AFD22
:10916C0088F80E015BE798477CE7984787E79847B4
:10917C00CEE700BFECC400207D64000079640000E1
:10918C00480900202DE9F041002384B0844D80462D
:10919C00844E0C46844F00930293ADF80C3001932F
:1091AC00A0F8223180F820312B689C4231D9019BE8
:1091BC00022B2ED8D8F8340203689B69B34235D100
:1091CC0008F00CFE411CEFD0C3B22C2B21D0D8F8E8
:1091DC00340203685B69BB422AD108F065FE431C6C
:1091EC00E2D0019AC0B298F82F3202F1010C103281
:1091FC00034498F830126A44CDF804C0DBB202F88C
:10920C00100C88F82F325A182B6888F830229C42A0
:10921C00CDD82B689C420DD8D8F8340200250368B1
:10922C00DB689847284604B0BDE8F0819847C9E749
:10923C009847D4E72C2221464046FFF739F90028FD
:10924C0000F0A38001AA594968460EF089FB012859
:10925C0040F09B80019BFF2B00F2978088F8203117
:10926C000023504E504F01932B689C4232D9019BE6
:10927C00042B2FD8D8F8340203689B69B34240F012
:10928C00898008F0ABFD431CEED0C0B23B2821D046
:10929C00D8F8340203685B69BB427DD108F004FE48
:1092AC00421CE1D0C0B298F82F3298F83012034427
:1092BC00019ADBB288F82F320B4488F83032531CF9
:1092CC00019302F110030DEB03022B689C4202F890
:1092DC00080CCCD82B689C429ED93B222146404698
:1092EC00FFF7E6F8002850D001AA304902A80EF08A
:1092FC0037FB012849D1019B4FF6FE72934244D8AB
:10930C000022294EA8F8223101922B689C4225D9C3
:10931C00019BB8F822219A4220D97E2B1ED8D8F86E
:10932C00340203685B69B34238D108F0BDFDC2B2A8
:10933C000130EAD098F82F3298F830121344DBB28F
:10934C0088F82F320B4488F83032019B591C434467
:10935C0083F825212B6801919C42D9D82B689C421B
:10936C007FF65AAF019B00213B224046434483F8D1
:10937C0025112146FFF79CF8054630B121464046A1
:10938C00FFF738FC88F824014CE70025284604B088
:10939C00BDE8F081984776E7984781E79847C6E79C
:1093AC00ECC400207D6400007964000048090020B2
:1093BC002DE9F84300230446D0F834022380A3702F
:1093CC0023710368384A1B69934249D108F028FD80
:1093DC00002842D0DFF8D8800027D8F80050D8F801
:1093EC00003005F1640984F82F7284F830729945C5
:1093FC0033D92E4ED4F8340203685B69B34250D192
:10940C0008F052FDC2B2013027D094F82F3294F8F4
:10941C0030121344213ADBB284F82F320B4484F817
:10942C0030321E2A11D8DFE802F01D262E10101043
:10943C001010101010101010101010101010101020
:10944C0010101010101010103400D8F8003084F8E0
:10945C002F72994584F83072CCD80020BDE8F8837F
:10946C009847B5E705F57A712046FFF775FD00289A
:10947C00F3D00320F2E749462046FFF783FE800035
:10948C00C0B2BDE8F88349462046BDE8F843FFF773
:10949C0017BC49462046FFF7C5FC4000C0B2BDE8EA
:1094AC00F8839847AEE700BF75640000796400004C
:1094BC00ECC4002010B5002386B090F802C0002246
:1094CC0004930593019200EB0C02CDE902330CF1ED
:1094DC000103DBB2837012792C2A18D10CF10F0C1A
:1094EC000C465FFA8CFC63450CD802A9C2180133F8
:1094FC001279DBB22C2A0DD032B16345837001F89E
:10950C00012BF3D9184402792C2A03D012B1002074
:10951C0006B010BD01AA054902A80EF021FA0128D7
:10952C00F5D1019B236006B010BD00BF540900208B
:10953C0038B50B4690F8861004468830C1F180058A
:10954C000C4A0844EDB229460DF096F9A84207DA08
:10955C0094F8862003460120134484F8863038BDE5
:10956C0000231846A4F8843084F8863084F88830B8
:10957C0038BD00BF5009002030B590F88630B7EEEA
:10958C00C00A83B00446C3F1800588300E4AEDB2A0
:10959C00184429468DED000B0DF06EF9854208DD5F
:1095AC0094F8862003460120134484F8863003B0D7
:1095BC0030BD00231846A4F8843084F8863084F833
:1095CC00883003B030BD00BF4C0900208446188899
:1095DC0000B500F1040E96452DD8184A1278CAB180
:1095EC00421C1A8001F800C01A88501C18804FEADF
:1095FC001C2088541A88501C18804FEA1C404FEAD3
:10960C001C6C88541A88501C1880012001F802C068
:10961C005DF804FB421C1A804FEA1C620A541A883B
:10962C00501C18804FEA1C4088541A88501C188013
:10963C004FEA1C20E5E700205DF804FB2DC5002057
:10964C00002B18BF002984460CBF012000200BD032
:10965C0010B5B3F800E00EF10104944203D80120D8
:10966C001C8001F80EC010BD00207047002B18BFE5
:10967C00002910B586460CBF0120002016D0B3F887
:10968C0000C00CF1020494420FD8104A12787AB937
:10969C000CF101021A804FEA1E2201F80C201A88E4
:1096AC00501C1880012001F802E010BD002010BDF4
:1096BC000CF101021A804FEA1E2201F80CE01C8802
:1096CC00601C188001200A5510BD00BF2DC500205C
:1096DC00134630B12AB10A46014610EE100AFFF7C4
:1096EC0075BF0020704700BF10B50446FEF7ACFEF6
:1096FC00204610BD38B50C46054608210A4808F02E
:10970C00F9FB34B120460EF07BFE0146204608F0F2
:10971C00F1FB064805F05AFF224628462421BDE8F5
:10972C003840FFF785B900BF4C1A0020509200203A
:10973C002DE9F84F044615461E46BDF82870BDF8B5
:10974C002C80BDF83090BDF834A0BDF838B0FFF7D0
:10975C00EFFE18B900252846BDE8F88F29462046AB
:10976C00FFF7E6FE0028F5D031462046FFF7E0FE75
:10977C000028EFD039462046FFF7DAFE0028E9D062
:10978C0041462046FFF7D4FE0028E3D04946204648
:10979C00FFF7CEFE0028DDD051462046FFF7C8FE6D
:1097AC000028D7D059462046FFF7C2FE05460028B0
:1097BC00D0D003212046FEF7D7FFCCE738B52DEDEE
:1097CC00048B0446B0EE608AF0EE418AB0EE619AEA
:1097DC00F0EE429AFFF7D0FE20B900252846BDECEA
:1097EC00048B38BDB0EE480A2046FFF7C5FE0028B2
:1097FC00F3D0B0EE680A2046FFF7BEFE0028ECD08E
:10980C00B0EE490A2046FFF7B7FE0028E5D0B0EECF
:10981C00690A2046FFF7B0FE05460028DDD004217A
:10982C002046FEF7A1FFD9E738B52DED048B044691
:10983C00B0EE608AF0EE418AB0EE619AFFF79CFEC2
:10984C0020B900252846BDEC048B38BDB0EE480A83
:10985C002046FFF791FE0028F3D0B0EE680A2046B0
:10986C00FFF78AFE0028ECD0B0EE490A2046FFF73D
:10987C0083FE05460028E4D005212046FEF774FF40
:10988C00E0E700BF38B52DED048B0446B0EE608ADE
:10989C00F0EE418AB0EE619AF0EE429AFFF76CFE60
:1098AC0020B900252846BDEC048B38BDB0EE480A23
:1098BC002046FFF761FE0028F3D0B0EE680A204680
:1098CC00FFF75AFE0028ECD0B0EE490A2046FFF70D
:1098DC0053FE0028E5D0B0EE690A2046FFF74CFE97
:1098EC0005460028DDD006212046FEF73DFFD9E7CE
:1098FC00F0B587B00E460746154669461C46FFF77D
:10990C00D9FD10B9002007B0F0BD01A93846FFF70A
:10991C00D1FD0028F6D002A93846FFF7CBFD002870
:10992C00F0D003A93846FFF7C5FD0028EAD004A9FA
:10993C003846FFF7BFFD0028E4D005A93846FFF7ED
:10994C00B9FD0028DED0009B02993360019B049A7C
:10995C002B602160039B0C990B600D99059B0A6091
:10996C000E9A1360CFE700BF70B582B00E46044666
:10997C0015466946FFF79EFD10B9002002B070BD78
:10998C0001A92046FFF796FD0028F6D0009A019B0E
:10999C0032602B6002B070BD70B582B00E460446CA
:1099AC0015466946FFF786FD10B9002002B070BD60
:1099BC0001A92046FFF77EFD0028F6D0009A019BF6
:1099CC0032602B6002B070BD70B582B00E4604469A
:1099DC0015466946FFF76EFD10B9002002B070BD48
:1099EC0001A92046FFF766FD0028F6D0009A019BDE
:1099FC0032602B6002B070BD70B582B00E4604466A
:109A0C0015466946FFF756FD10B9002002B070BD2F
:109A1C0001A92046FFF74EFD0028F6D0009A019BC5
:109A2C0032602B6002B070BD70B582B00E46044639
:109A3C0015466946FFF73EFD10B9002002B070BD17
:109A4C0001A92046FFF736FD0028F6D0009A019BAD
:109A5C0032602B6002B070BD70B582B00E46044609
:109A6C0015466946FFF726FD10B9002002B070BDFF
:109A7C0001A92046FFF71EFD0028F6D0009A019B95
:109A8C0032602B6002B070BDFFF714BDFFF712BD42
:109A9C00FFF710BD10B40024816002804480446044
:109AAC005DF8044B704700BF4088B0FA80F0400965
:109ABC00704700BF034640881A88904211D0DA885C
:109ACC00012010B59C68A154DA88B3F800C0024498
:109ADC005988B2FBFCFE01440CFB1E225980DA8033
:109AEC0010BD0020704700BF0346408890B19A8893
:109AFC00012010B59C68A25C0A709A88B3F800C06B
:109B0C0002445988B2FBFCFE01390CFB1E22598021
:109B1C009A8010BD704700BFF0B50D2283B00023B2
:109B2C00077E8DF806208DF8073077B304460F2595
:109B3C001D4E60690368DB689847606903685B6960
:109B4C0098470028F9DA606901220DF106010368D3
:109B5C005B689847022006F073FA01220DF10701A9
:109B6C00606905F017FE0128F7D1002310229DF83B
:109B7C000710304605F046FD304605F027FD9DF8F0
:109B8C0007300D2B05D0013DD3D10027384603B04B
:109B9C00F0BD1121054808F0ADF9034805F016FD9C
:109BAC00384603B0F0BD00BF509200205809002089
:109BBC0010B50421837C86B04FF0010C02220446C0
:109BCC0023FA01F08B408DF80BC00DF10C0C8DF8C5
:109BDC000C2002AA8DF80A3000238DF808108DF89D
:109BEC00090001E012F8011F0B449445DBB2F9D1D6
:109BFC00227E8DF80D303AB16069062202A9036805
:109C0C005B689847062802D0012006B010BD0122DF
:109C1C000DF10701606905F0BDFD012006B010BD16
:109C2C0010B5044686B004212020A27C00238DF8B8
:109C3C000C000DF10C0C22FA01F08A408DF8081082
:109C4C008DF80A2002AA8DF80B308DF8090001E07E
:109C5C0012F8011F0B449445DBB2F9D1227E8DF82A
:109C6C000D303AB16069062202A903685B68984717
:109C7C00062802D0012006B010BD01220DF107010B
:109C8C00606905F087FD012006B010BD10B50623F4
:109C9C0086B0742204468DF808300DF10E0C837CCE
:109CAC008DF80E10090A8DF80B2001228DF80D107D
:109CBC0019091B018DF80C200DF107028DF8091004
:109CCC008DF80A30002312F8011F0B449445DBB2C7
:109CDC00F9D1227E8DF80F3042B1606908220368F9
:109CEC000DEB02015B689847082802D0012006B0F2
:109CFC0010BD01220DF10701606905F04BFD01203B
:109D0C0006B010BDF0B51D4683B0037E089E23B38C
:109D1C000446406917462A4603685B6898478542A3
:109D2C0015D101220DF10701606905F033FDB8B1C1
:109D3C009DF807304F2B0DD132783946606905F00C
:109D4C0029FD034678B10120337003B0F0BD6FF0EC
:109D5C000900FAE76FF00B00F7E76FF00D00F4E77E
:109D6C006FF00A00F1E76FF00C00EEE7981F30B5CA
:109D7C00C5B2082D2DD892F800C00CF102049C42FB
:109D8C0027D1A2F1020E10460023A64401E010F8E0
:109D9C0001CF63447045DBB2F9D1144414F8010CC3
:109DAC00984219D1537890781B0143EA10130B7029
:109DBC00B2F803300D735BBA4B8045B104320331FA
:109DCC00531912F8010F9A4201F8010FF9D1012031
:109DDC0030BDA3F1640030BD6FF0140030BD00BF86
:109DEC0070B54FF6FF7390B016460E220D468DF8E7
:109DFC002810338008218DF80F200446C27C0DF109
:109E0C001F0C8DF820101101837C12090AA88DF803
:109E1C00252041F001028DF826202A0A8DF82720F2
:109E2C001A091B018DF821208DF82230B2238DF8F0
:109E3C00233004238DF8243000231CF801EF7344E5
:109E4C006045DBB2F9D18DF829300DF10F030CAA66
:109E5C0008A9009320460A23FFF754FF012801D0DC
:109E6C0010B070BD9DF80F300CAA04A92046FFF766
:109E7C007DFF0128F4D1A37CBDF8122043F4544398
:109E8C009A420FD19DF81C30042B11D1BDF814301F
:109E9C005BBA9BB2AB4208D1BDF816305BBA3380CB
:109EAC0010B070BD6FF00300DAE76FF00500D7E774
:109EBC006FF00400D4E700BF30B583B000244FF43A
:109ECC000C7105460DF10602ADF80640FFF788FF50
:109EDC00012804D1BDF806302B8203B030BD2046DA
:109EEC0003B030BD10B582B04FF6FF7340F60E11C3
:109EFC00044601AAADF80430ADF80630FFF770FF48
:109F0C00012802D0002002B010BD0DF1060240F66F
:109F1C000F112046FFF764FF0128F3D1BDF806307E
:109F2C00BDF80420D90BE380A280C3F38013C2F3E5
:109F3C0080222170A370627002B010BD10B582B087
:109F4C004FF6FF7340F60E1104466A46ADF800302A
:109F5C00ADF80230ADF80430ADF80630FFF740FF35
:109F6C00012802D0002002B010BD0DF1020240F613
:109F7C000F112046FFF734FF0128F3D101AA40F25C
:109F8C005D312046FFF72CFF0128EBD10DF10602C5
:109F9C0040F6FC012046FFF723FF0128E2D1BDF873
:109FAC0000C0BDF80210BDF80420BDF80630A4F8BE
:109FBC0008C06181A281E381D5E700BF70B54FF085
:109FCC00FF3390B016460E220D468DF828103360E4
:109FDC0008218DF80F200446C27C0DF11F0C8DF862
:109FEC0020101101837C12090AA88DF8252041F05C
:109FFC0001028DF826202A0A8DF827201A091B0148
:10A00C008DF821208DF82230B2238DF823300523D2
:10A01C008DF8243000231CF801EF73448445DBB227
:10A02C00F9D18DF829300DF10F030CAA08A9009372
:10A03C0020460A23FFF766FE012801D010B070BD40
:10A04C009DF80F300CAA04A92046FFF78FFE0128BB
:10A05C00F4D1A37CBDF8122043F455439A421AD193
:10A06C009DF81C30062B1CD1BDF814305BBA9BB28A
:10A07C00AB4213D19DF819309DF818101B049DF8B4
:10A08C00172043EA016313439DF8162043EA022389
:10A09C00336010B070BD6FF00300CFE76FF00500B8
:10A0AC00CCE76FF00400C9E700B583B04FF0FF3385
:10A0BC004FF40A7101AA0193FFF780FF019803B0D6
:10A0CC005DF804FB10B54FF0080C86B084220446F2
:10A0DC008DF80E1000238DF80B2041FA0CF2807CC9
:10A0EC008DF80D200A1609148DF808C08DF80F2074
:10A0FC000DF107028DF81010010900018DF80C30DC
:10A10C008DF809108DF80A0004A812F8011F0B44F1
:10A11C009042DBB2F9D1227E8DF811303AB16069F0
:10A12C000A2202A903685B6898470A280BD04FF0F3
:10A13C00FF3301AA4FF40A7120460193FFF73EFF4B
:10A14C00012006B010BD01220DF10301606905F07C
:10A15C0021FBECE770B514468AB052BA837C0E46EC
:10A16C004FEA112EADF80E20220E8DF80D1005467B
:10A17C008DF81020220C0DF1180C0DF122018DF828
:10A18C0011200A228DF818201A091B018DF81920AC
:10A19C0003AA8DF81A3090238DF81B3005238DF807
:10A1AC001C3007AB01E012F801EF03F801EF8B4212
:10A1BC00F9D10DF1230200231CF801EB73449445F3
:10A1CC00DBB2F9D18DF823302B7E3BB1686906A93F
:10A1DC000C2203685B6898470C280FD0002301AA57
:10A1EC00314628460193FFF7E9FE01280DD1019B6A
:10A1FC00A34218BF6FF003000AB070BD01220DF12D
:10A20C000301686905F0C6FAE8E76FF00200F3E7AE
:10A21C000A4640F29E2108B5FFF79CFFA0F1010011
:10A22C00B0FA80F0400908BD0A4640F2A22108B5F8
:10A23C00FFF790FFA0F10100B0FA80F0400908BDD3
:10A24C000A464FF4287108B5FFF784FFA0F101000E
:10A25C00B0FA80F0400908BDDFED0C7A4FF428719C
:10A26C0060EE277ABCEEC00AFCEEE77A08B517EE72
:10A27C00903A9AB210EE103A42EA0342FFF76AFFA4
:10A28C00A0F10100B0FA80F0400908BD0000804741
:10A29C00DFED077A60EE277ABCEEC00AFCEEE77AB7
:10A2AC0017EE903A98B210EE103A40EA034070471D
:10A2BC000000804770B5012A4FF000050446C274B7
:10A2CC0081740582C0E90055C0E9025510D0022AFC
:10A2DC0018D00D484FF480724FF41651606104F0A1
:10A2EC0029FE2A466369642120462276996070BD56
:10A2FC0005484FF480724FF41651606104F01AFE59
:10A30C000122EFE70148F4E720930020C0920020DF
:10A31C00002340F2EE22C9B210B50446037580F852
:10A32C002730C0E90A3207F0BFFF012204F11F01F8
:10A33C00204608F03DF9204608F032F9FA2005F0E5
:10A34C007FFE204610BD00BF10B5044607211F300C
:10A35C0008F0D2F994F82630834201D1012010BDC7
:10A36C001121044807F0C6FD034805F02FF9002021
:10A37C0010BD00BF6C0900205092002010B504469F
:10A38C000821163008F0B8F9A37F834201D10120CF
:10A39C0010BD1C21034807F0ADFD034805F016F96C
:10A3AC00002010BD800900205092002070B5054699
:10A3BC0007F094FF284605F1150408F0D3F80022A5
:10A3CC00BE21284605F11E0608F098F8284608F02C
:10A3DC00B9F804F8010FB442F8D12846FFF7CEFFC4
:10A3EC0048B195F91720AB7D43EA022300EE103AF1
:10A3FC00BAEECE0A70BD9FED010A70BD00C079C4E3
:10A40C0070B590F827300446012B06D0022B25D0CE
:10A41C0073B1002380F8273070BD1C4BD0E90A12B1
:10A42C001B685B1A9342F7D3022380F8273070BD68
:10A43C00012580F8275007F051FF204608F092F8CC
:10A44C0020462A46442108F059F8104B40F2EE20E1
:10A45C001B68A362BDE8704005F0F2BD0D460126F5
:10A46C00FFF7A4FF204685ED000A84F8276007F06B
:10A47C0035FF204608F076F832464421204608F095
:10A48C003DF8024B1B68A36270BD00BFECC40020FA
:10A49C00704700BF034A4FF48051034BA2F844119C
:10A4AC001B68184700C03D404094002070B500F177
:10A4BC00240384B08C46044601AD164693E807008D
:10A4CC0085E807004FEA4C122946206A01F068FB28
:10A4DC00012806D132462946206A01F045FB04B01A
:10A4EC0070BD002004B070BD10B5044600F0BAFD7C
:10A4FC00002384F8313084F8333010BD38B514465D
:10A50C000D46002200F12401006A01F02DFB0346E8
:10A51C0020B1428901202A801B89238038BD00BFCD
:10A52C0038B514460D46002200F12401006A01F0F2
:10A53C001BFB034620B1C28901202A809B89238002
:10A54C0038BD00BF38B50D4690F8311009B1002068
:10A55C0038BD382204460DF007FC01234022256249
:10A56C00184684F8333084F8312038BDF0B40D46E9
:10A57C000978202903D115F8014F202CFBD0156048
:10A58C0095602C782F2C11D084B16E1C3C2C1D4F57
:10A59C0035462AD8212C12D804F1FF3CBCF11E0FF1
:10A5AC0016D80020F0BC704715F8014F202CFBD0BA
:10A5BC002F2CF9D01D601146F0BC01F0C3B9A4F1E9
:10A5CC00220C5FFA8CFC27FA0CFC1CF0010FE8D172
:10A5DC002E2C01D0202C0DD116F8014B002CE5D0DF
:10A5EC002F2CE3D03C2C3546D4D95C2CD9D003D9B4
:10A5FC007C2CD6D09660EFE73E3C012CFAD800209C
:10A60C00F0BC7047012100052DE9F04F90F8333074
:10A61C0083B00546DC0774D558060F46904640F1CA
:10A62C00B080D5E90023D5E9041018EB020443F1FE
:10A63C000003A14270EB0303C0F0A980B8F1000F36
:10A64C005BD0464605F11809D5E90032D5F820A0B3
:10A65C00DAF838441C40C4F3080B002C70D11343B7
:10A66C0070D195F831305A064CBFDAF83424EA69C7
:10A67C00AA619AF84504023ADAF82C14630A82406B
:10A68C0001EB54211144BBF1000F45D1B6F5007F0D
:10A69C0042D3DAF81C2291423ED0B6F5806F58D3E3
:10A6AC004FF0010B0BFA00FBABEB030B730A9B4552
:10A6BC0028BF9B4691424FEA4B240AD801EB0B036F
:10A6CC009A4206D20AF50470019103F01BFE01991F
:10A6DC00B8B1DAF814025B460268D2F814A03A4614
:10A6EC00D04770B123462744D5E900125B1842F1DC
:10A6FC000002361BC5E90032A8D1404603B0BDE8C4
:10A70C00F08F95F832304FF0FF3043F0020385F8AC
:10A71C00323003B0BDE8F08FCBF5007400220AF59F
:10A72C000470B44228BF344603F018FE0028E8D069
:10A73C0000EB0B012246384605F088FF2346D2E792
:10A74C00AA6996E795F833305B060ED5AA690132F3
:10A75C008EE7DAF814023A4603681B69984700281A
:10A76C00CFD04FF400731C46BDE74A465046A9694A
:10A77C0001F058FA0028C4DB0CD0D5F820A0AA6947
:10A78C0077E795F8313019077FF558AF49E7A1EB1A
:10A79C00020853E795F8313013F0500FB1D0A8EB05
:10A7AC0006084046AAE700BFF0B583B00122044674
:10A7BC0085690DF10701D0E90067FFF725FF012836
:10A7CC00A5610CBF9DF807004FF0FF30C4E900678E
:10A7DC0003B0F0BD2DE9F04F1F4690F8313083B037
:10A7EC000446D0F81880002B51D01646D0E9001C36
:10A7FC00BC4508BF91425CD056EA07024DD01D07FC
:10A80C0004D5D0E90402B042BA4140D394F83320C5
:10A81C00751ED4F820A0019247F1FF309AF8452418
:10A82C000932D2B2C2F1200ED540A2F1200900FAB1
:10A83C000EFB20FA09F045EA0B050543019840068A
:10A84C0033D4481E20FA02F24CF1FF3051EA0C0CC2
:10A85C0000FA0EFE20FA09F042EA0E0242EA000269
:10A86C0001D0954229D25B064CBFDAF83434E36947
:10A87C00A36104F1180906E0A169013D206A01F009
:10A88C00D1F9002803DD4A46002DF5D107E0002060
:10A89C00C4F8188003B0BDE8F08F00238361012059
:10A8AC00C4E9006703B0BDE8F08FE3692B44A361F2
:10A8BC00F5E7012003B0BDE8F08FAD1AD9E700BF72
:10A8CC002DE9F04F174690F831208FB00546002A3D
:10A8DC0040F0D7808B4691F8311011F0500F00F0FA
:10A8EC00D08003F003019A46032900F0CA8001319D
:10A8FC0003F0080041EA00030293002F00F0CB8024
:10A90C00396901F10E08B649A1FB0818DBE9001002
:10A91C004FEAD808014308F102085FFA88F805D01D
:10A92C0000200021CBF81820CBE900010024029B69
:10A93C00264643F040030393202206A95846FFF70E
:10A94C0063FE00B3202840F09C809DF918209DF8F0
:10A95C001830002AC0F2A28034B9DBF80020A2F132
:10A96C002009DBF818200192444501D20134E4B2ED
:10A97C00002B00F01381202206A958460026FFF771
:10A98C0043FE0028DED11AF4007F7AD0029B9B078D
:10A99C0077D5002F75D0444517D2DDF804A02022BE
:10A9AC0006A95846FFF730FE631C002861D020280A
:10A9BC0067D12CB9DBF80020DBF818A0A2F1200934
:10A9CC00DCB2A045EBD8CDF804A0382200212846F3
:10A9DC009BF833400DF0C8F9DBF82030C4F3801439
:10A9EC00019A2B620823002685F82C4085F831301B
:10A9FC003B68C5E909297B60BE81B8F1000F33D0F3
:10AA0C0008F1FF39B346DFF8DCA15FFA89F90122BE
:10AA1C0059462846FFF74AFD044690B390F90020AA
:10AA2C00002A2EDB202200210DF09EF9002E00F0D2
:10AA3C00BC80BBF1010F00F0D780C123A3461E34AC
:10AA4C0004F81E3CBB8938461BB9D7E901239A424E
:10AA5C0005D003F0C1FC2BF8020FA345F2D101364F
:10AA6C005FFA86FBD845D2D8284600F0FBFA06469A
:10AA7C000DE05846DBF8186000F024FB002840F08D
:10AA8C00918000231E4685F8313085F833303046EE
:10AA9C000FB0BDE8F08F4FF0030847E756BB4445B5
:10AAAC0038BF0024852B7FF447AF31463822284627
:10AABC0001260DF059F99DF81C209DF8193085F8E8
:10AACC00303002F03703D20658BF43F0080385F844
:10AADC003130DBF80030DBF82020203B2A62DBF839
:10AAEC001820C5E909239BF83330C3F3801385F88C
:10AAFC002C3021E7C02B28D0C12B7FF43CAF3A4639
:10AB0C0006A9284600F092FEE8B1BB89DBB9D7E96B
:10AB1C0001329A4217D11AF4006FB2D11AF4884F4D
:10AB2C0070D195F8333098076CD41AF4806FA8D193
:10AB3C001AF4804FABD02846D5E90423FFF74AFE20
:10AB4C000028A4D19DE70646F6E6029B85F8333033
:10AB5C009DF819309B0702D5039B85F833300B9B6E
:10AB6C00EB61DDE90823C5E90423DDE90C23C5E924
:10AB7C000223002FCFD04FF000033A69BB813B6812
:10AB8C007B609DF81B309A427FF4F5AEBE8ABDF80F
:10AB9C001C30F61AB6FA86F67609CDE6002F7FF44D
:10ABAC00F2AE6EE7CBF818600BE78523237085F8BF
:10ABBC00309084F80190DAF80030002B46D00DF17B
:10ABCC0013020DF1160105A89847BDF814306381E6
:10ABDC00BDF8163023819DF8133023753FE700BF75
:10ABEC0089888888F4B20020C02384F801B02370CF
:10ABFC00029B63F07F0385F833303B69E370BB8ABB
:10AC0C00A3802CE795F83130D9063FF53AAF13F015
:10AC1C0001017FF436AF1AF4806F89D095F8332098
:10AC2C0092077FF52EAF002B3FF42BAFD5E9003206
:10AC3C00134304D000220023A961C5E90023284650
:10AC4C0000F042FC00283FF41CAF20E745F62143FE
:10AC5C006381E381638202E72DE9F043002597B01D
:10AC6C00994690F8313001921495ADF81450002BA0
:10AC7C003ED191F831300F4613F0500F38D0137885
:10AC8C00044616462F2B37D04FF0000801AB02AA12
:10AC9C0031462046FFF76AFC50B3019E3378002BF7
:10ACAC003ED0002302AA39462046FFF709FEF8B130
:10ACBC00A44608AD04F13007DCF800000CF1100CD0
:10ACCC005CF80C1CAE465CF8082C10355CF8043CA7
:10ACDC00BC45AEE80F00EFD1DCF8000008AF2860EF
:10ACEC00204600F0BFF984F8318084F83380CDE73A
:10ACFC00002017B0BDE8F08316F8011F2F29FBD0F8
:10AD0C000196B1B9382220463D6A0DF02DF8012389
:10AD1C0040222562184684F8333084F83120E8E765
:10AD2C004B4602AA39462046FFF7CAFD17B0BDE8CC
:10AD3C00F0833822002108A83D6A0DF015F8012394
:10AD4C0008AF10958DF8533040238DF851309BE7A8
:10AD5C0019B101F58961FFF77FBF0846704700BF45
:10AD6C0090F8313063B991F8313013F0500F07D0AF
:10AD7C000B6813F01F0C03D113466246FFF7A0BDFE
:10AD8C00002070478169F8B50446006A01B10131B1
:10AD9C00012200F00DFE0128054632D9012301469F
:10ADAC00206A1A4600F064FE064650B3A3695BB3F2
:10ADBC0094F83320510612D5591CA94218D022F010
:10ADCC004002E16984F8332005E0206A00F04CFF72
:10ADDC003946B0B1A3694F1C99423A46F5D34FF0AE
:10ADEC00FF322946206A00F03FFF50B1A16911B92A
:10ADFC003046A561F8BD2A46206A00F035FF0028D0
:10AE0C00F6D100263046F8BD94F8333043F04003B9
:10AE1C0084F83330ECE700BF90F833309A0736D51E
:10AE2C00C16970B50546A1B90024214607E0037835
:10AE3C0003F07F03037095F830308B4229D3013433
:10AE4C0001222846FFF732FBE1B20028EFD10020A7
:10AE5C0070BD5B06006A34D590F84534D5E9022400
:10AE6C000933013ADBB244F1FF34C3F1200CDA4070
:10AE7C00203B04FA0CFC24FA03F342EA0C021A43BA
:10AE8C000023013200F0F4FD0028CDD1DFE70020D3
:10AE9C00704700232C6A85F83130204685F8333012
:10AEAC0003F030FA0028D2D004F5047003F02AFA2B
:10AEBC000028CCD0D4F840040368BDE870401B6A6D
:10AECC00184700F0F1FE0028AED1C0E790F8313001
:10AEDC00DB0601D40020704710B5002288B0002397
:10AEEC000446FFF777FC08E020281BD19DF90030C1
:10AEFC009DF80020002B15DB32B12022694620463C
:10AF0C00FFF782FB0028EFD194F83330082220465B
:10AF1C0043F0020384F8312084F83330FFF77CFFD0
:10AF2C0008B010BD002008B010BD00BF2DE9F041E5
:10AF3C004FF0000882B04A4F064644464146002274
:10AF4C003046FFF7B3FA054630B10178C02969D015
:10AF5C00C1292BD0852909D096F83230002043F036
:10AF6C00010386F8323002B0BDE8F08196F831303A
:10AF7C0003F0370383803B6883B10DF103020DF1BD
:10AF8C00060101A89847BDF80630AB812B82BDF8AD
:10AF9C000430EB816B829DF803306B75326A92F84A
:10AFAC00103243F0010382F810322978A1F18500A8
:10AFBC000022B0FA80F0400901E00422A95CE3030E
:10AFCC00012A02F1010243EA540311FA83F39CB201
:10AFDC0001D10028F1D11F2AF0D908F1010896F807
:10AFEC0030305FFA88F18B42A9D2012206F124019C
:10AFFC00306A00F0B9FD0028AED0356A448028468E
:10B00C0003F080F90028A7D005F5047003F07AF955
:10B01C000028A1D0D5F8400403681B6A9847002883
:10B02C00A1D199E796F8333013F0400F437814BF51
:10B03C0043F0020303F0FD034370D6E90401D6E9A3
:10B04C000732C5E90201D6E902016B61C5E90601C7
:10B05C0092F8103243F0010382F810322978A5E7F8
:10B06C00F4B2002038B590F8313043B390F9332066
:10B07C00044690F83330002A0CDB056A284603F0AE
:10B08C0041F978B994F83230002043F0010384F888
:10B09C00323038BD03F07F0380F83330BDE83840E0
:10B0AC00FFF744BF05F5047003F02CF90028E9D034
:10B0BC00D5F8400403681B6A98470028E2D00120A9
:10B0CC0038BD00BF70B590F8313005465A064CD4E7
:10B0DC0080682B6AD3F83C341844B0F1806F01D3EC
:10B0EC00002070BD2846FFF74DFE0028F8D0286AD6
:10B0FC000024AE6990F84534023E9E40D0F82C34C2
:10B10C001E443119052200F50470013403F026F9B0
:10B11C004FF4007200210028E2D00CF025FE286AC2
:10B12C00012390F8452493409C42EAD395F83130A2
:10B13C005B0615D495F8332062F07F02D5E9023115
:10B14C0085F83320D0F83C249B1841F10000AB600B
:10B15C00D5E90431E8609B1841F10001C5E90431DF
:10B16C002846BDE87040FFF77DBF006A00F0A2FEE4
:10B17C00AFE700BF70B5044690F831009CB00023D7
:10B18C0010F0180F0C931A9303D0206A0B6A984294
:10B19C0002D000201CB070BD40F601236846FFF7BA
:10B1AC005BFD0028F5D0A44604F130060EADDCF8AA
:10B1BC0000000CF1100C5CF80C1CAE465CF8082C72
:10B1CC0010355CF8043CB445AEE80F00EFD1DCF868
:10B1DC00000009AA04F1240328609DF8305007CA26
:10B1EC0083E8070094F83330204684F8305063F03D
:10B1FC007F0384F83330FFF735FF0028C9D00021D6
:10B20C00022208230EA815918DF86B208DF8693059
:10B21C00FFF702FEBEE700BF38B591F8313013F0EE
:10B22C00500F02D10025284638BD40F602230446B3
:10B23C00FFF746FB0028F5D01023204684F8313068
:10B24C00FFF740FF05460028ECD0A169002200233F
:10B25C002046E161FFF7BEFAC12294F8313084F840
:10B26C003320002BDFD04123204684F83330BDE857
:10B27C003840FFF75BBE00BFF0B5002597B01F4606
:10B28C0090F831300192ADF814501495002B46D142
:10B29C0091F831300E4613F0500F40D0137804461D
:10B2AC0011462F2B3ED001AB02AA2046FFF75EF9C8
:10B2BC00002834D0019B1B78002B41D0002302AA1C
:10B2CC0031462046FFF7FCFA30B947B302AA3146A3
:10B2DC002046FFF7A1FF10B3A44608AD04F13006D9
:10B2EC00DCF800000CF1100C5CF80C1CAE465CF8A1
:10B2FC00082C10355CF8043CB445AEE80F00EFD1D7
:10B30C00DCF8000008AE28602046FFF7EDF8019944
:10B31C0001AB02AA2046FFF729F90028CAD1002068
:10B32C0017B0F0BD013101910B782F2BFAD0316A97
:10B33C0008A8FFF707F90028F1D0019908AEB2E789
:10B34C0002AA31462046FFF767FF17B0F0BD00BFD9
:10B35C002DE9F04F0E4690F8311083B009079DF897
:10B36C0030B09DF834909DF838809DF83C7040F1D9
:10B37C008580A2F2BC7294B27F2C7FD85A1E0B2A05
:10B38C007CD80BF1FF321E2A78D8B8F13B0F98BF4E
:10B39C00B9F1170F8CBF4FF0010A4FF0000A3B2F89
:10B3AC0088BF4AF0010ABAF1000F67D10546019334
:10B3BC00FFF758FE002861D0019B51464BEA431B16
:10B3CC007B0817F001074BEA4424D34643EA48189C
:10B3DC0018BF6427A4B248EAC92806F001091FFA6D
:10B3EC0088F800222846FFF761F8002846D090F82C
:10B3FC0000C0BCF1850F45D00CF14003DBB2012B32
:10B40C003CD8ACF185010023B1FA81F1490902E085
:10B41C00042310F803C04FEACB32012B03F10103D4
:10B42C0042EA5B021CFA82F21FFA82FB01D100296C
:10B43C00EED11F2BEDD90AF1010A95F830305FFAE5
:10B44C008AF18B42CDD2012205F12401286A00F049
:10B45C008BFB98B12C6AA0F802B0204602F052FF88
:10B46C0060B104F5047002F04DFF38B1D4F840041B
:10B47C0003681B6A03B0BDE8F04F1847002003B007
:10B48C00BDE8F08F95F831302A6A03F037038380DA
:10B49C0092F8103243F0010382F81032B9F1000F28
:10B4AC0002D0A0F810804482B20703D50775A0F82B
:10B4BC0008804481730703D54775A0F80C80C481BC
:10B4CC0090F800C09DE700BF90F833309A0762D522
:10B4DC0070B5C56982B00446A5B313F0400634D0EC
:10B4EC00006AA26890F845C4013AE1680CF1090CB5
:10B4FC0041F1FF315FFA8CFCCCF1200E22FA0CF2F8
:10B50C00ACF1200C01FA0EFE21FA0CFCA16942EA06
:10B51C000E0242EA0C02013219B3013D6D1A0131DF
:10B52C002A44019172BB63F07F03204694ED007BAB
:10B53C0084F8333084ED027B84ED047BFFF792FDBD
:10B54C0002B070BD012002B070BD816961B9019576
:10B55C00C1612946206A00F0A7FBC8B194F83330CA
:10B56C00E1E70195E161DDE701AA006A019600F0CF
:10B57C0059FB00280CDB10D1019D002DE9D194F86A
:10B58C003330D0E70023019900F072FA0028E5D19E
:10B59C00002002B070BD002070474FF0FF32A1694F
:10B5AC00206A00F061FB0028E6D1F1E72DE9F043B9
:10B5BC0090F8333083B004469D0740F1A18091464A
:10B5CC001A070E4600F19580B9F1000F00F02881A2
:10B5DC0023684D46206AA169D0F8382402EA030892
:10B5EC00C8F30807B8F1000F40F09480002900F070
:10B5FC00D48094F833305B0640F1EC8090F845C46D
:10B60C00D4E902320CF1090C013B5FFA8CFC42F1DB
:10B61C00FF32CCF1200E23FA0CF3ACF1200C02FA21
:10B62C000EFE22FA0CFCE26943EA0E0343EA0C0319
:10B63C001344994280F0D5800131A16190F84524E2
:10B64C000239D0F82C3491401944B5F5007FC0F084
:10B65C008A80B5F5806FC0F0A680012393406A0AFA
:10B66C00A3EB0803934228BF1346D0F81C228A424E
:10B67C004FEA432809D35F18BA4206D2002280F859
:10B68C0010224FF0FF32C0F81C22D0F814023246C0
:10B69C000768BF6AB84798B343464644A5EB08050C
:10B6AC00D4E90072D4E90401DB1942F1000298429A
:10B6BC009141C4E9003207D294F8331061F07F0154
:10B6CC00C4E9043284F83310002D83D1D4E902018B
:10B6DC0098429141C0F09680534B1B68002B00F0B0
:10B6EC009D8094F83330484663F07F0384F8333000
:10B6FC000DE0D0E90423FFF76DF800287FF464AF68
:10B70C0094F83230002043F0010384F8323003B057
:10B71C00BDE8F08390F8452402394FEA5828D0F858
:10B72C002C34914041441944002F8ED0C7F5007839
:10B73C00012200F50470A84528BFA84602F00EFEB1
:10B74C000028DDD0384447444246314604F07EFFA1
:10B75C00B7F5007F206A9FD100F5047002F0D2FD8E
:10B76C00002899D1CCE76268636900920193226941
:10B77C0023689342DDE900239A4112D2012200F59D
:10B78C00047002F0EBFD0028BAD02A46314638444A
:10B79C00A84604F05BFF2B467FE7E16949B3A16142
:10B7AC004CE70522EBE7D0F81C328B4206D1002384
:10B7BC0080F810324FF0FF33C0F81C32D0F814026E
:10B7CC00324603685B6A9847002899D04FF400739F
:10B7DC00984662E704F1180200F024FA00288FDB87
:10B7EC0004D12046FFF7CEFA002889D0A169206A3F
:10B7FC0024E72046FFF7C6FA002881D0A169206A09
:10B80C00E1611BE794F833104846C4E9023261F059
:10B81C007F0384F8333003B0BDE8F083484676E705
:10B82C00D4E9003252E700BFF4B200202DE9F04118
:10B83C000C46154601F11E08AB89284634F8027FE8
:10B84C001BB9D5E901239A420ED002F0C5FD02F0D6
:10B85C0087FE0646384602F083FE864209D14445EF
:10B86C00EAD10120BDE8F081B7FA87F04009BDE8C4
:10B87C00F0810020BDE8F0812DE9F04F90F83130D7
:10B88C0083B08846002B4FD090F830300746012B00
:10B89C0053D9013A0B464FF0020A00248E18DFF8F8
:10B8AC00A0B00022514638460193FEF7FFFD002858
:10B8BC003AD00278C12A37D1054600F11E09019B06
:10B8CC0035F8020F24B300F5105292B2B2F5806F26
:10B8DC002AD20BEA8424C0F30900204300F58030FF
:10B8EC001946324602F09EFD0346E8B100244D4550
:10B8FC00E6D10AF1010A97F830205FFA8AFA52452C
:10B90C00CFD2A3EB08009846002388F800300FE054
:10B91C0000F5205292B2B2F5006F02D30028DFD1AD
:10B92C00EFE7B2F5806F06D30023184688F8003095
:10B93C0003B0BDE8F08F0446D9E70020E4E700BF70
:10B94C0000FC0F0070B50C4600234FF6FF75226803
:10B95C0019461E46A3812361626017E002F03CFD8C
:10B96C00A84222D002F0FCFD2369F203A189013325
:10B97C0042EA5602060A236152FA80F083B2C0F3FF
:10B98C004E0040EAC33016FA80F086B220460029F9
:10B99C00E4D1D4E901239A42E0D12069A68201388E
:10B9AC00FE288CBF0020012070BD002070BD00BFA0
:10B9BC002DE9F84F07468A469146002942D0A1F15D
:10B9CC000208D7F83034434542D908F00703012563
:10B9DC00C8F3C80B9D40EDB246464446D7F82C142C
:10B9EC000022384601EB143102F0B8FCE8B10BF13F
:10B9FC00FF3B834400F2FF101BF8011F0AE04A458D
:10BA0C002BD0A04510D0D7F83054A54214D913F040
:10BA1C00FF050CD0013429424FEA4503A4EB060282
:10BA2C00EDD0A0452646EED10120BDE8F88F584553
:10BA3C004FF00105E0D101E00026344601254FF01E
:10BA4C00000BCBE7D0F82084D7F830344345BCD872
:10BA5C004FF000080125C346BEE7BAF1000F04D130
:10BA6C00B9F1010F08BFC7F82064B01CBDE8F88F0E
:10BA7C002DE9F8438046881E15461E468318D8F8D3
:10BA8C003024934237D8CEBBD8F82034834288BFB9
:10BA9C00C8F8200400F007030124D8F82C74C0F374
:10BAAC00C8099C4007EB1031E4B2012240468F18C4
:10BABC0002F054FCF8B109F1FF3E864400F2FF108D
:10BACC001EF801CF1CEA040F8CEA040C4FEA440464
:10BADC0014BF01220022B2420DD0013D8EF800C0ED
:10BAEC0018D014F0FF04EDD17045A1464FF00104BD
:10BAFC00E6D13946D9E70020BDE8F883D8F8201400
:10BB0C008B42C7D98142C5D3934228BF0023C8F8C2
:10BB1C002034BFE70120BDE8F88300BFF8B5D0F8AA
:10BB2C00303401338B4201D20020F8BD07460C465D
:10BB3C0000F50476002505E0D7F8303401350133E3
:10BB4C00A342F1D3D7F824140022304601EBD411D0
:10BB5C0002F004FCA4000028E6D0C4F30804045945
:10BB6C00631CE9D1681CF8BD38B50C460B6890F81D
:10BB7C0045C400F50470D0F82812023B656803FA3E
:10BB8C000CF3294003EB5123D0F81C12194402F09A
:10BB9C00E5FB18B16368C3F30803184438BD00BF54
:10BBAC002DE9F8430C46D0F8383449680B40114461
:10BBBC006160134490F8451401F10902D2B2D340EC
:10BBCC002BB380465D1E00F5047905E02368013D2A
:10BBDC0003F1010323601AD3267A002EF6D1D8F88C
:10BBEC00303432462768484601339F4212D8D8F881
:10BBFC00241401EBD71102F0B1FBBF0050B1C7F315
:10BC0C000807C3595A1C09D0013D2360E4D2012016
:10BC1C00BDE8F8834FF0FF30BDE8F8833046BDE84F
:10BC2C00F88300BF38B5D0F8303401338B4202D2E0
:10BC3C004FF0FF3038BD0C46D0F82414154600F5F3
:10BC4C000470002201EBD41102F088FB0028EFD025
:10BC5C00A400C4F3080403595A1C02D001202B6021
:10BC6C0038BD002038BD00BF01291BD938B5D0F82C
:10BC7C0030340C4601338B4201D2002038BDD0F851
:10BC8C002414154600F50470012201EBD41102F0C6
:10BC9C0065FB03460028F0D0A4000120C4F308047F
:10BCAC001D5138BD00207047D0F830340133994213
:10BCBC0001D9002070472DE9F04F054683B00C46A2
:10BCCC0000F504790F464FF00008D5F82414002233
:10BCDC0048464FEAD41B01EBD41102F03FFB90B164
:10BCEC00A300C3F30803C2580193531C16BF164696
:10BCFC004FF0000A4FF0010A012C04D9D5F830247A
:10BD0C000132944203D9002003B0BDE8F08FD5F87E
:10BD1C00241401224846594402F020FB0028F2D09A
:10BD2C00019B40F80380BAF1000F12D00134B442E9
:10BD3C0008D00023E21B39462846FFF799FE00285D
:10BD4C00E1D03746D5F830340133B342DBD3344637
:10BD5C00BBE7621C534639462846D21B03B0BDE8EC
:10BD6C00F04FFFF785BE00BF2DE9F84300250646CE
:10BD7C00D0F82C1400F504782C46002240464F1CB9
:10BD8C0002F0ECFAA8B100F1FF3E04F58059D6F8A8
:10BD9C00300405E079B90834844209D24C4516D0F8
:10BDAC001EF8011FFF29F5D1083408358442F5D35C
:10BDBC00401BBDE8F8830822012319424FEA430CCB
:10BDCC0018BF0135013A5FFA8CF3F6D1E3E7394637
:10BDDC00D3E700BFF8B500234FF0FF3600F504772A
:10BDEC001546C0F84014044641601A46C0F81412B7
:10BDFC00194680F844340370C66080F81032C0F8DD
:10BE0C001C62384602F0AAFA042D0DD8064658B129
:10BE1C00BDB16B1E00EB031393F8BE2112F07F0231
:10BE2C0002D193F8C2310BB90020F8BD00EB051616
:10BE3C003846D6F8B651294602F090FA0646002844
:10BE4C00F2D005221A49F01C0BF0E0FF0028EBD1D0
:10BE5C0096F86C30092BE7D1336D01462B44C4F8AE
:10BE6C002434736DC4F82834B36D2B440125C4F805
:10BE7C002C34F36DC4F83034336EC4F8343496F883
:10BE8C006D20C4F82004204602F1090384F84524EF
:10BE9C0005FA03F35A1EC4F83C34C4F838242A4675
:10BEAC00FFF786FD4023284684F84434F8BD00BFD4
:10BEBC00600A002010B50446D0F83414FFF72EFEAB
:10BECC0094F845340933DBB2984010BD70B590F945
:10BEDC00023082B00446002B0DDBA56805F128006A
:10BEEC0002F010FA00283BD16378002043F00103E4
:10BEFC00637002B070BD80680122A169283002F025
:10BF0C002DFA0028F0D0A58805F00F056B0100EB89
:10BF1C004515C35CE52BE7D023781B0701D5E369F6
:10BF2C00EB61236A15491A0C6B830E68AA8266B101
:10BF3C000DF103020DF1060101A8B047BDF8043064
:10BF4C00BDF806202B836B82EA82A378A56803F0E8
:10BF5C007F0305F12800A37002F0D4F90028C3D0A8
:10BF6C0005F50E7002F0CEF90028BDD028680368E4
:10BF7C001B6A98470028B7D0BBE700BFF4B200207B
:10BF8C00024638B552F8105F04468068294601F025
:10BF9C0037FE50B155B123690135AB42A37818BFB8
:10BFAC0003F0BF0363F07F03A37038BDA37843F0A5
:10BFBC004003F7E7F8B5047814F0200404D11A4BC9
:10BFCC00054642699A4202D300273846F8BDFFF76E
:10BFDC00D7FF07460028F7D0A8682E698279023E61
:10BFEC00416996400E440179A9B1214606E00BF057
:10BFFC00BBFEA868E1B202798A420BD93144052212
:10C00C002830013402F0AAF94FF400720021002804
:10C01C00EDD1D9E782794FF40073696938469340C2
:10C02C0011FA83F36B61F8BD00FE1F0010B50446D6
:10C03C0080680A462830A16902F090F920B1A388E3
:10C04C0003F00F0300EB431010BD00BF10B50378D5
:10C05C0004462BB1FFF73AFF00232370A37010BDE9
:10C06C00002301202370A37010BD00BF38B50378E6
:10C07C0005460C4613B1FFF729FFF0B1A868002262
:10C08C00A969283002F06AF9B8B1AA8802F00F0247
:10C09C0000EB421352015D6880589968DA682060A1
:10C0AC006560A160E26018695D699969DA6920616F
:10C0BC0001206561A161E26138BD002038BD00BF7F
:10C0CC0030B589B00D4614466946FFF7CFFF28B14D
:10C0DC00BDF81020BDF80E302A80238009B030BD89
:10C0EC0030B589B00D4614466946FFF7BFFF28B13D
:10C0FC00BDF81820BDF816302A80238009B030BD59
:10C10C000B7813F0700F01D100207047F0B540F69A
:10C11C00022389B00D46044601F0F0F838B1012233
:10C12C0010232046A2702370FFF744FF10B90020A3
:10C13C0009B0F0BD2269237822626BB1636933B117
:10C14C00A378002223F02003C4E90422A370204624
:10C15C00FFF7BCFE0028EAD0A0680122A1692830B4
:10C16C0002F0FCF80028E2D0B4F804C010220CF065
:10C17C000F0C4FEA4C1300EB4C1C8CF80B20C058E6
:10C18C00A768236A97F806E09E1EDCF80410DCF81A
:10C19C000820DCF80C3006FA0EF6EE46AEE80F007E
:10C1AC00DCF81000DCF81410DCF81820DCF81C307B
:10C1BC00AEE80F007B6907F128000122F1184FF05F
:10C1CC002033CDF80130CDF80530ADF8093002F050
:10C1DC00C5F884460028AAD02E27EE468DF80070AC
:10C1EC007646BEE80F00CCF80000CCF80410CCF872
:10C1FC000820CCF80C308DF80170BEE80F00CCF89C
:10C20C001000CCF81410CCF81820CCF81C302B6A89
:10C21C001A0CADF81A30ADF814200FCECCF8200063
:10C22C00CCF82410CCF82820CCF82C300FCECCF83D
:10C23C003000CCF83410CCF83820CCF83C30A46862
:10C24C0004F1280002F05EF800283FF470AF04F50A
:10C25C000E7002F057F800283FF469AF20680368AD
:10C26C001B6A09B0BDE8F040184700BF2DE9F0414A
:10C27C00002694B0984603780192ADF814600B96A2
:10C28C00002B41D10B780D4613F0700F3CD0137876
:10C29C00044616462F2B3BD0002728E0019E36780B
:10C2AC00002E50D001F02AF8034602AA2946204657
:10C2BC002BB9B8F1000F27D0FFF722FF20B3A64609
:10C2CC000DF12C0CBEE80F00ACE80F00BEE80F001F
:10C2DC00ACE80F00DEF8005020462378CCF8005074
:10C2EC000BB1FFF7F3FD019E0BAD2770A770314624
:10C2FC0001AB02AA204601F04DF9064602AA2946D6
:10C30C0000232046002EC9D1002014B0BDE8F081D6
:10C31C000136019633782F2BFAD0AD6824220021F8
:10C32C000BA80BF021FD0D95EB79102B03D0202BD6
:10C33C000FD00C2BE8D120238DF82C3001230BAD22
:10C34C008DF82E30A8E702AAFFF7DAFE14B0BDE88C
:10C35C00F0814023F0E700BF2DE9F041002594B0B7
:10C36C009846037801920295ADF83850002B37D1DE
:10C37C000B780E4613F0700F32D013780446154626
:10C38C002F2B31D000271EE0019D2D78002D40D0A1
:10C39C0000F0B4FFA6460DF1080C08B366462578EC
:10C3AC00BEE80F00ACE80F00BEE80F00ACE80F00D1
:10C3BC00DEF800302046CCF800300DB1FFF786FDDA
:10C3CC00019D2770A770294601AB0BAA204601F0EE
:10C3DC00E1F805460BAA314600232046002DD3D1A7
:10C3EC00002014B0BDE8F0810135019529782F2982
:10C3FC00FAD0A9B9B568242220460BF0B5FCA5608B
:10C40C00EB79102B03D0202B22D00C2BE8D120223F
:10C41C001FE043460BAA00F071FF14B0BDE8F08199
:10C42C00B6682422002102A80BF09EFC0496F37936
:10C43C00102B03D0202B03D00C2BD1D1202300E0C8
:10C44C0040238DF80830012302AE8DF80A3099E7AD
:10C45C004022012322701846A370C2E719B101F5DE
:10C46C008961FFF779BF0846704700BFCB6870B58C
:10C47C000D46044693B906780EB1184670BD8D680A
:10C48C00242231460BF070FCA560EB79102B18D0F0
:10C49C00202B10D00C2B14D0304670BD2422002140
:10C4AC000BF062FC01201023A0702370D5E902234D
:10C4BC00A260236270BD4022012322701846A37033
:10C4CC0070BD2022F8E700BF70B505780DB10020D3
:10C4DC0070BD0E460446242229460BF045FCA6608E
:10C4EC00F379102B0BD0202B03D00C2B07D0284624
:10C4FC0070BD4022012322701846A37070BD20220B
:10C50C00F8E700BF2DE9F04F2DED028B837883B057
:10C51C000546DF0740F18C808846017892460E076D
:10C52C0000F191808C0608D583685A894369C3EB66
:10C53C0042139BB29A4528BF9A46BAF1000F00F0FD
:10C54C00AF806A6905F11003880656464FF0000962
:10C55C0008EE103AAF68C2F3080B3DD5396A01EB0F
:10C56C005221BBF1000F51D1B6F5007F4ED37A6B3F
:10C57C0091424BD0B6F5806FC0F082802878730A58
:10C58C00800605D43879A0EB0900834228BF034606
:10C59C0091424FEA43240CD8C818824209D207F1C1
:10C5AC002800CDE9001301F0ADFEDDE900130028F1
:10C5BC003ED0F86A026857694246B847002837D01F
:10C5CC006A69361BA04422446A6169D02978C2F397
:10C5DC00080BAF688806C1D497F8059009EA522970
:10C5EC00BBF1000F36D1B9F1000F33D1002A33D192
:10C5FC004A064CBF3A6A2A6A2A61023AB8797969C2
:10C60C00824049441144BBF1000FADD0CBF500740E
:10C61C00002207F12800B44228BF344601F09EFEE8
:10C62C0030B100EB0B012246404604F00FF8C7E78F
:10C63C006B784FF0FF3043F002036B7003B0BDEC2E
:10C64C00028BBDE8F08FC36942699B1A9A4528BFDB
:10C65C009A4672E72A69D0E70B0705D5AA785406E3
:10C66C0002D52A690132C7E718EE102A3846296923
:10C67C0001F014FB0028DBDB0CD0AF682A69BCE7A7
:10C68C00F86A424603681B6998470028D0D04FF4DB
:10C69C00007495E72B7813F0700FC9D0AAEB060A3B
:10C6AC00504603B0BDEC028BBDE8F08F70B582B084
:10C6BC00012204460DF10701D0E90456FFF722FFD1
:10C6CC0001280CBF9DF807004FF0FF30C4E9045659
:10C6DC0002B070BD436913F4F07F30B5044683B0EB
:10C6EC00C3F3431509D0012907D120334361A06856
:10C6FC00383000EB451003B030BD01220DF10701BD
:10C70C002046FFF7FFFE40B2012803D163691F33B7
:10C71C006361ECE70020EEE72DE9F04103789AB075
:10C72C00002613F0180F0896119606D0174683684A
:10C73C008A6804460D469A4203D000201AB0BDE820
:10C74C00F081FFF7C3FBA6460DF1440CBEE80F00C9
:10C75C00ACE80F00BEE80F00ACE80F00DEF80030CC
:10C76C003246A169CCF80030A36803F1280001F02F
:10C77C00F5FD0028E1D0A288EC4694F8008002F088
:10C78C000F0200EB421E5201DEF804108058DEF856
:10C79C000C30DEF80820ACE80F00DEF81410DEF8E0
:10C7AC001820DEF81C30DEF81000ACE80F0018F092
:10C7BC0008033A46294640F09B8008A8FFF756FD2F
:10C7CC000028BAD0109EBDF8243000250E99012205
:10C7DC00A3809DF82330A068E3700B9B2830A161E7
:10C7EC00E3608DF820508DF8225001F0B7FD002841
:10C7FC00A3D0A38803F00F0300EB4310DDF80D303A
:10C80C00C0F80D30DDF81130C0F81130DDF81530FE
:10C81C00C0F81530DDF81930C0F81930BDF81D30EE
:10C82C00A0F81D309DF81F30C3779DF80B30C372F4
:10C83C00002E3BD0A068B31E2A46817928308B404D
:10C84C0050F8141C194401F089FD054600283FF4EA
:10C85C0074AF006A6F46696AAA6AEB6A0FC7286BE5
:10C86C00696BAA6BEB6B0FC73146A06801F038FA05
:10C87C0000283FF462AFA068236A82792830023B1B
:10C88C0050F8141C93400122194401F067FD064630
:10C89C0000283FF452AF6D460FCD30627162B26228
:10C8AC00F3620FCD30637163B263F3630021022234
:10C8BC00082311A819918DF846208DF8443000F00A
:10C8CC00D3FE00283FF439AFA46804F1280001F02E
:10C8DC0019FD00283FF431AF04F50E7001F012FD84
:10C8EC0000283FF42AAF206803681B6A984725E7A5
:10C8FC0040F601236046FFF72FFD00287FF463AF5D
:10C90C001BE700BF0378DA0601D4002070474369A7
:10C91C0030B5044683B033B18378002223F0200372
:10C92C00C0E90422837000230FE06361A3686A01ED
:10C93C0038339A5C03EB4513EAB1E52A04D02E2A6E
:10C94C0002D0DB7A1B0722D5636913F4F07FC3F3A3
:10C95C00431503F12003E8D101220DF10701204614
:10C96C00FFF7D0FD40B2012803D163691F33636127
:10C97C00DCE763785BB9A3780822204643F0020316
:10C98C002270A37003B0BDE8304000F06DBE0020F3
:10C99C0003B030BD2DE9F041037804460769002B44
:10C9AC0039D00D464169A94242D0002D37D0180725
:10C9BC002AD5E269AA422ED3D4F808C06E1EA278FA
:10C9CC009CF8060012F0400F00F10900C0B226FAE4
:10C9DC0000F630D14A1EC24009B196422FD25B06F6
:10C9EC004CBFDCF82030236A236104F1100806E008
:10C9FC002169013EA06801F051F900280BDD424687
:10CA0C00002EF5D1A2780CE09A06D5D5A3685B89E7
:10CA1C00B5EB431FF6D900202761BDE8F081827881
:10CA2C00056122F0200201206561A270BDE8F08151
:10CA3C000120BDE8F081236A33442361F1E7B61A83
:10CA4C00D3E700BF2DE9F0410E4615460021242204
:10CA5C00044698469DF818700BF086F9B068336A56
:10CA6C0000F13802A58005F00F0502EB4512C4E970
:10CA7C000203D17A0B0711D401F017012170D37A7C
:10CA8C0013F0180F02D141F00801217008F00303D4
:10CA9C00E770012B38D0022B06D0F3B100231846D7
:10CAAC002370A370BDE8F08103232178CD06F5D463
:10CABC00CE07F3D408F0080118F4806F43EA0103A1
:10CACC00A370416B958AA161518B41EA054112D04B
:10CADC0019BB63F07F03A37010E018F4806FDDD1F5
:10CAEC0008F0080343F00103A370416B938AA16122
:10CAFC00518B41EA03412162D369E36118F4804F01
:10CB0C0004D10120BDE8F0810223CEE7E169204683
:10CB1C00FFF740FF0028F4D1C0E701F0E1F800284E
:10CB2C00BCD0A378D5E700BF0378002B45D12DE905
:10CB3C00F0470B7884B00C4613F0700F30D04B6973
:10CB4C0013F01F052CD106469046A94601220DF183
:10CB5C000F012046C3F3431A5F09FFF7D3FC40B221
:10CB6C004FEA4A1201281BD16369A1681F3301F1F6
:10CB7C00380C63611CF802200CEB4A1C82B12E2A83
:10CB8C0012D0A2F1E500B0FA80F0400960B99CF82F
:10CB9C000B1011F0080E12D00F2907D00546D5E75F
:10CBAC00002004B0BDE8F0870025CFE75106CDD5B5
:10CBBC0002F01F059CF80D90C8E70020704785B166
:10CBCC000CF10A0101E01CF8012F4FEACE1361456C
:10CBDC0043EA5E0352FA83F35FFA83FEF3D1CE4548
:10CBEC00DED14346BAB2214630460095FFF72AFF04
:10CBFC00D7E700BF03780BB1FFF768B90120704786
:10CC0C002DE9F0470E46017882B009079DF828708F
:10CC1C009DF82C909DF830A09DF8348018D5A2F288
:10CC2C00BC7294B27F2C13D85A1E01930B2A0FD8C6
:10CC3C007A1E1E2A0CD8BAF13B0F98BFB9F1170F08
:10CC4C0006D8B8F13B0F03D80546FFF73FF918B9E2
:10CC5C00002002B0BDE8F087A8680122A96928303D
:10CC6C0001F07CFB0028F3D0019B4FEA5802A98805
:10CC7C0047EA4313F70701F00F0142EA4A1243EA6D
:10CC8C00442300EB41109BB242EAC92248BF4382C5
:10CC9C00B40792B208D518F001080382C28118BFFC
:10CCAC004FF0640880F80D80710701D50383C282B0
:10CCBC00AC6804F1280001F025FB0028C8D004F56D
:10CCCC000E7001F01FFB0028C2D0206803681B6A9D
:10CCDC0002B0BDE8F047184783789B0727D5036A55
:10CCEC0010B5044682B0ABB1016911BB019301626E
:10CCFC001946A06800F0F4FFB0B1A378616963F045
:10CD0C007F032278E161A37022B12046FFF7DEF8A1
:10CD1C0002B010BD012002B010BD6FF0704221694D
:10CD2C00A06800F0CDFF68B9002002B010BD002053
:10CD3C007047002301AA8068019300F0AFFF002820
:10CD4C00F2DBEAD1019B002BD7D0D1E72DE9F047DC
:10CD5C00837805469C0777D588461907914600F1DC
:10CD6C00B5806B6913EB09026ED2B9F1000F40D09C
:10CD7C004F464FF0000AA868C3F3080629694479A6
:10CD8C0014EA53243FD1002E3DD100296ED0AA784D
:10CD9C00520676D5EA699A4273D901312961023972
:10CDAC008279436991401944B7F5007F53D3B7F5A5
:10CDBC00806F70D303797A0A1B1B934228BF1346EA
:10CDCC00426B8A424FEA432407D35E18B24204D224
:10CDDC004FF0FF3280F828A04263C06A42460668D2
:10CDEC00B66AB04780B36B693F1BA04423446B61A8
:10CDFC00C1D1EA699A4276D2AA784846EB6162F0D0
:10CE0C007F03AB7025E08279023943699140194464
:10CE1C002144002EC8D0C6F500740122BC4228BFA4
:10CE2C003C46283001F09AFA70B130442644224630
:10CE3C00414603F00BFCB6F5007FA868D3D128302F
:10CE4C0001F060FA0028CED16B78002043F001038A
:10CE5C006B70BDE8F087C6F500746A69EB69BC427B
:10CE6C0028BF3C469A4205D30522DAE7296A21B34A
:10CE7C00296194E7AB7813F0200F14BF052201222F
:10CE8C00CFE705F1100200F009FF0028DCDB24D00D
:10CE9C00A868296983E7436B8B4204D14FF0FF33B9
:10CEAC0080F828A04363C06A424603685B6A9847CF
:10CEBC000028C9D04FF4007495E72846FFF760F8B6
:10CECC000028C1D02969A868296268E7C169FFF701
:10CEDC0061FD00287FF445AFB6E72846FFF750F810
:10CEEC000028D5D1B0E7054B1B682BB1AB78484671
:10CEFC0063F07F03AB70ACE74846AAE7F4B20020BE
:10CF0C002DE9F04F84468DB01446156898460646B8
:10CF1C00894603AF01934FF0000EBCE80F000FC71A
:10CF2C00BCE80F000FC7DCF8003065603B6043467F
:10CF3C00A4F80CE0002B3FD04FF0010AA9EB0A013A
:10CF4C0003A889B24901FFF725FD50B3002103A8BE
:10CF5C00FFF7C0FB074620B300250DE001F03CFABB
:10CF6C008046584601F0FCFA8346404601F0F8FA38
:10CF7C00834516D10D2D18D0EAB23946304601350D
:10CF8C0000F0FAFBA38983462046002BE6D1D4E9B6
:10CF9C0001329342E2D1BBFA8BF040090DB0BDE8EF
:10CFAC00F08F00200DB0BDE8F08F0AF1010A019B53
:10CFBC005FFA8AFA5345C1D20120EFE72DE9F04F11
:10CFCC0007468DB016469A460DF10C0C02F115046D
:10CFDC0002F1200501914FF000090FCFACE80F00D2
:10CFEC000FCFACE80F003B68CCF800304FEAC91308
:10CFFC0014F8012F43EA5903A54252FA83F35FFA5E
:10D00C0083F9F3D133684FF000087360A6F80C80F5
:10D01C00BAF1000F4ED00127019B03A8D91B89B28E
:10D02C004901FFF7B7FC002855D0002103A8FFF7F2
:10D03C0051FB00284FD0059A574500F1010B4FF0DA
:10D04C00010492F828304FF0000543F0010382F8F8
:10D05C0028304FF00F030CBF47F040023A46C37222
:10D06C004FF00003027003734FF0000380F80D9033
:10D07C00438306E0ABF80000013401350BF1020BE1
:10D08C00E4B2B08918B9D6E901239A4216D03046D9
:10D09C0001F0A2F9042DEBB2ECD90A2B02D8ABF8B3
:10D0AC000300E9E70D2CABF80500E5D10137FFB221
:10D0BC00BA45B1D201200DB0BDE8F08FB8F1000F28
:10D0CC0006D008F101084FF6FF705FFA88F8E1E727
:10D0DC004FF00108DEE700200DB0BDE8F08F00BF77
:10D0EC0002464FF0203152F8163B2DE9F043C0F8C0
:10D0FC001610864684685160C2F807101A782E2ADA
:10D10C0014BF0120002003D113F8012F2E2AFBD0CD
:10D11C00611E99420BD90A4602E09342114606D091
:10D12C001146013A91F800C0BCF12E0FF5D19C428A
:10D13C004FF0000540F2868007260827A946A8462E
:10D14C0006E001330A264FF0080910279C425BD9F0
:10D15C001A782E2A08BF9942F3D0222A0DD07C2AA5
:10D16C000BD0A2F15B0CBCF1020F06D9A2F12A0C78
:10D17C00BCF1050F21D82D2A1FD002F0C002802A45
:10D18C005DD04E452FD299422CBF002001200A2E93
:10D19C0008BF40F00100002847D09EF81630202B25
:10D1AC0040D09EF8143001207E21312273448EF839
:10D1BC0015009975DA75BDE8F083A2F13A0CBCF153
:10D1CC00050FDAD9A2F1210CBCF15D0FD5D84E4573
:10D1DC00D9D3A2F1610CBCF1190F28D8203A3D43E8
:10D1EC00D2B2EDB201E000205F2209F1010CF14452
:10D1FC00013389F816205FFA8CF2062A914698BF03
:10D20C008EF814209C42A3D89EF81630202B09D0FF
:10D21C000028C6D018EA050F18BF02258EF8155045
:10D22C00BDE8F0830020BDE8F0830B468EE7A2F149
:10D23C00410CBCF1190F98BF47EA0808D5E7013338
:10D24C00002083E7A846DFE72DE9F84F4FF062098D
:10D25C0000250F460446DFF8A0B04FF07E0A91F887
:10D26C00148001F11606B8F1030FDBF8003028BF6B
:10D27C004FF003082B449DB208F10403DBB205F018
:10D28C000F02581E2D09092A02F1370198BF02F12D
:10D29C003001FA18C3B291759845F0D107EB080329
:10D2AC000021204683F816A0FFF774FB01212046CD
:10D2BC00FFF710FA03460B2230469BB193F800C0DF
:10D2CC001946BCF1000F13D0DB7A1B07EED40AF021
:10D2DC009FFC0028EAD109F1FF3919F0FF09C2D1EE
:10D2EC00484603E06078B0FA80F04009BDE8F88F5A
:10D2FC000120BDE8F88F00BFECC400202DE9F04FF1
:10D30C002DED028B8BB0CDE902038B6807930B7864
:10D31C0013F0700F53D0029B1B78002B4FD1136965
:10D32C0090469A4A0E460C33A2FB0323C3F38702A2
:10D33C0098F815309807049200F0A780571CFFB29C
:10D34C000023304619461C460693FFF723FB08F1D1
:10D35C001603A346A146A24608EE103A0594756939
:10D36C0000213046FFF7B6F9C5F34F15034620B33D
:10D37C000278E52A29D042B3BC4238BF00242E2AB9
:10D38C002BD090F80BC0BCF10F0F54D01CF0080C34
:10D39C0023D1B9F1000F40F0D5800B2218EE101AF2
:10D3AC000AF036FC0028DAD198F8153013F0010396
:10D3BC0000F0E48001230593D1E7737883B100205A
:10D3CC000BB0BDEC028BBDE8F08F002C08BFAA4659
:10D3DC00BC4201D20134E4B212B14FF00009BEE7F5
:10D3EC00039B9A05EBD503F00303013B012BE6D815
:10D3FC00002C08BFAA46BC4203D348E0DCB2A742CB
:10D40C0045D000213046FFF765F9631C0028F5D1A3
:10D41C007378002BD3D1A74239D9079D05E02B791E
:10D42C0004EB0314E4B2A74231D93046FEF7C2FD37
:10D43C000028F4D1C3E7B9F1000F19D102F01F0B8A
:10D44C00049959458BD112F0400988D0437B894609
:10D45C000693BBF1010F82D1691C4B464246304604
:10D46C0089B2FFF74DFD002808BF4FF0000976E7A1
:10D47C000BF1FF3B5FFA8BFB5A45AED1437B069A0F
:10D48C009342E6D04FF0000969E7012758E7059B66
:10D49C002BB141463046FFF7D7FE00288FD0013F15
:10D4AC0042463046FBB20AEB03051F46ADB2294695
:10D4BC00FFF784FD002882D069013046FFF76AFA35
:10D4CC0000283FF47CAF00213046FFF703F90446F7
:10D4DC0000283FF474AF202200210AF045FCD8F854
:10D4EC001620D8F81A302260636098F82030B8F80B
:10D4FC001E20A372228198F8153003F018032373B1
:10D50C00234B1B68002B3BD00DF123020DF12601A0
:10D51C0009A89847BDF824302382BDF82630E38152
:10D52C009DF823306373079A92F8283043F0010377
:10D53C0082F82830039B2A46314602980097FFF761
:10D54C0081FA3DE7BBF1010F7FF439AF0A3001E0FE
:10D55C0013F8012F4FEACC11984241EA5C0152FAC0
:10D56C0081F25FFA82FCF3D1069B63457FF427AF0F
:10D57C004F46039B19053FF522AFDBE71F46F8E743
:10D58C0045F62143238223836382CCE74FECC44EC0
:10D59C00F4B200202DE9F0411F460B7882B00C4606
:10D5AC00202B154603D114F8013F202BFBD02C6007
:10D5BC00237863B32F2B2AD04FF00008294E211D5E
:10D5CC00204601AA00F080FF044670B1019BB3F520
:10D5DC00803F40D27F2B08F1010831D83C2BD9B2C7
:10D5EC0029D8212905D81F2909D8002002B0BDE867
:10D5FC00F0812239C9B226FA01F1CA07F5D42E2BD3
:10D60C0001D0202B1CD123780BB12F2BD7D12B6918
:10D61C00013BFE2BE9D82378202B03D114F8013FD2
:10D62C00202BFBD02F2BF9D028463C6002B0BDE854
:10D63C00F041FFF755BD5C29D7D005D97C29D4D052
:10D64C00C5F81080AC60DEE73E390129F8D800201F
:10D65C0002B0BDE8F08108F10208AC60C5F810809A
:10D66C00D1E700BF01210005F0B500238BB0019379
:10D67C0083789A0724D5016A054619B1806800F0B1
:10D68C002FFBE8B101212846FEF7D0FCC0B1421EA9
:10D69C0000F10A0C0024E30112F8011F43EA5403C1
:10D6AC00944551FA83F3DCB2F5D1E52600230670DC
:10D6BC00AF682B7007F12800AB7000F023FE10B997
:10D6CC0000200BB0F0BD07F50E7000F01BFE00281B
:10D6DC00F6D0386803681B6A98470028F0D0EB78BE
:10D6EC00002BEED0294601A8FEF7C0FE0028E7D09B
:10D6FC00EB78002BE4D0012721E001A8FEF7EAFF2C
:10D70C007B1CF9B20028DBD0C27A0F2AD8D1027860
:10D71C005FFA83FC9FB202F01F038B42D0D1437B94
:10D72C00A342CDD10670A96891F8283043F00103CB
:10D73C0081F8283053060DD4EB786345C0D3A98803
:10D74C0001A8C91B89B24901FFF724F9002100285F
:10D75C00D3D1B5E7AC6804F1280000F0D3FD002864
:10D76C00AED004F50E7000F0CDFD0028A8D02068D6
:10D77C0003681B6A9847A4E7042A04D801EB420209
:10D78C00B2F8010070470A2A03D801EB42029088D4
:10D79C0070470C2A03D801EB4201C888704700205F
:10D7AC00704700BFF8B504780E467CB114F06004E5
:10D7BC00174607D0012A09D92F22002301200A700D
:10D7CC004B70F8BD2146FEF731FC18B90023184602
:10D7DC003370F8BD0346A446082111E0027B1142C8
:10D7EC0003D00EF1200E5FFA8EFE651CBD42EDD209
:10D7FC000CF1010C06F804E0ECB2BCF10C0F10D0EB
:10D80C00BCF1080F11D013F801EBAEF14102192A4B
:10D81C00E4D9BEF1200FE8D10CF1010CBCF10C0FD6
:10D82C00EED1002320463355F8BD1A78202AF8D0C3
:10D83C0010214FF02E0ED8E72DE9F04F00248BB0BD
:10D84C00037889460194002B55D0C3780646002BEB
:10D85C0058D0014601A89046FEF708FE00284AD091
:10D86C00F078002843D008F1FF38CB464FF0010A7E
:10D87C00C844B18801A8A1EB0A0189B24901FFF79C
:10D88C0089F8C0B3002101A8FEF724FF98B3C37A2E
:10D89C000F2B30D103785FFA8AF103F01F038B4210
:10D8AC0029D1471C0025042DEBB23FD83B8874BB13
:10D8BC0003F5205189B2B1F5006F3ED3A3B11846E0
:10D8CC005946424600F0AEFD8346A0B10024013516
:10D8DC0002370D2DE7D10AF1010AF1785FFA8AF3CC
:10D8EC001FFA8AFA9942C4D2ABEB0900D94600233D
:10D8FC0089F8003003E00023184689F800300BB09B
:10D90C00BDE8F08FFFF74EFF0BB0BDE8F08F03F5CD
:10D91C00105189B2B1F5806FEDD20A4AC3F30903F5
:10D92C0002EA8420184300F58030C9E70A2B94BF23
:10D93C00B7F80330B7F80530B9E7B1F5806FDAD234
:10D94C001C46C4E700FC0F00FFF776BF2DE9F84337
:10D95C00DDE90887C3B181460C4615465E1802E026
:10D96C00C047B44210D0D9F8003021462A46484668
:10D97C001B69984703463A46204629460134002B3A
:10D98C00EED11846BDE8F88301231846BDE8F883AC
:10D99C0010B41468B4F5807FA44628BF4FF4807C83
:10D9AC0001EB4C00814207D231F8023B13B95368AA
:10D9BC00013353608842F7D8A4EB0C0414605DF873
:10D9CC00044B704710B41468802CA44628BF4FF049
:10D9DC00800C01EB8C00814207D251F8043B13B947
:10D9EC005368013353608842F7D8A4EB0C041460DD
:10D9FC005DF8044B704700BF2DE9F843C37904462A
:10DA0C000D461746202B59D0102B30D00C2B51D152
:10DA1C00027AC1F34E01836900F50E7911FA85F192
:10DA2C00A2F1020248468EB2B2FA82F2C1F346214A
:10DA3C00520901EB03085200414600F08FFC00280C
:10DA4C0038D0C6F30806731C865DB3F5007F23D06F
:10DA5C0018440378EA07E26946EA03234CBF1B0922
:10DA6C00C3F30B039A4240D20020BDE8F883027A3C
:10DA7C00C1F30721836900F50E70A2F1020219446B
:10DA8C00B2FA82F25209520000F068FC90B16D00BB
:10DA9C0005F4FF75435B25E0227A08F10101484645
:10DAAC00A2F10202B2FA82F25209520000F056FCC4
:10DABC000028CED14FF0FF30BDE8F883027A81699F
:10DACC0000F50E70A2F1020201EBD511B2FA82F24E
:10DADC005209520000F042FC0028EBD0AD0005F4D6
:10DAEC00FE754359E2699A42BED301203B60BDE802
:10DAFC00F88300BF2DE9F843C37905460C4616465A
:10DB0C00202B48D0102B2DD00C2B41D1C1F34E0122
:10DB1C00836900F50E7911FA84F11FFA81F8C1F3CB
:10DB2C004621CF18037A4846022B394614BF0122EE
:10DB3C00032200F013FC58B314F00104C8F30803DB
:10DB4C003FD0C25C02F00F0242EA0612C25401330B
:10DB5C00B3F5007F3AD0C6F30712034401201A70C4
:10DB6C00BDE8F883027AC1F30721836900F50E70D2
:10DB7C00022A194414BF0122032200F0EFFB0346D2
:10DB8C0030B16400012004F4FF741E53BDE8F88327
:10DB9C000020BDE8F883037A816900F50E70022B32
:10DBAC0001EBD41114BF0122032200F0D7FB034672
:10DBBC000028EDD0A400012004F4FE741E51BDE831
:10DBCC00F883C6540133B3F5007F15D12B7A791C39
:10DBDC004846022B14BF0122032200F0BFFB034670
:10DBEC000028D5D0C6F30712002CB7D1197821F034
:10DBFC000F0141EA1212B1E7C6F307120344F5E72D
:10DC0C002DE9F041C46882B005460E468C42904620
:10DC1C0040D301270134EB6901AA2846A34205D25F
:10DC2C009FBBEC6801273C44A3422ED3A64218BFED
:10DC3C00012C214629D9FFF7DFFE002825DBE9D08E
:10DC4C00019B002BE6D107B1EC60EB69A3421CD31E
:10DC5C006FF0704221462846FFF74CFF0746A0B1F3
:10DC6C003EB96B6A002B01DB013B6B62C8F80040CC
:10DC7C000CE0012E09D0EB699E4206D831462246B3
:10DC8C002846FFF737FF0028EBD10027384602B0B3
:10DC9C00BDE8F0810C460027BCE700BF01290CD978
:10DCAC0010B4C4698C4203D35DF8044BFFF7A4BED7
:10DCBC004FF0FF305DF8044B70474FF0FF3070476A
:10DCCC0001290BD910B4C4698C4203D35DF8044B01
:10DCDC00FFF710BF00205DF8044B70470020704721
:10DCEC0070B5054682B00C461DE0EB699C421FD80E
:10DCFC00FFF782FE064621460022002E284617DB3F
:10DD0C00EB699C4214D8FFF7F5FE621E80B16B6A7A
:10DD1C00002B03F10103A8BF6B62EB68A342019CCB
:10DD2C0088BFEA602EB1012C214601AA2846DCD816
:10DD3C00002002B070BD00BF2DE9F0470646406AD6
:10DD4C0084B000281BDAF2790C2A1BD1F7697B1CF2
:10DD5C00022B40F2CD8002240025214602AA304637
:10DD6C00FFF74AFE002804F1010306DB57D1A74256
:10DD7C001C465CD0F2699342EFD94FF0FF3004B0EF
:10DD8C00BDE8F087F169002096F83832013134692A
:10DD9C00DB07CDE9021000F1858000214FF0FF3345
:10DDAC00202A06F5127786F83812C6F8443242D08B
:10DDBC00D6F800804F4BD8F80020D6F818A09569FB
:10DDCC009D4278D1002C00F082800AEB0409136983
:10DDDC0051463A46404698470028CED00299B1F5B4
:10DDEC00807F8E4628BF4FF4807E07EB4E0CBC45DF
:10DDFC000BD9039D3B46002233F8024B0CB901357D
:10DE0C0002469C45F8D802B103950AF1010AA1EB30
:10DE1C000E01D14502915AD0D8F80020D7E7029ACA
:10DE2C00002AA4D1A74205F101051C46A2D128461F
:10DE3C0004B0BDE8F087D6F800A02E4BDAF800202D
:10DE4C00D6F8189095699D4246D1002C3FD009EB2D
:10DE5C000408136949463A465046984700288CD026
:10DE6C00DDF808C0BCF1800FE64628BF4FF0800EED
:10DE7C0007EB8E02BA420BD9039D3B46002153F8A7
:10DE8C00044B0CB9013501469A42F8D801B10395FF
:10DE9C0009F10109ACEB0E03C845029317D0DAF86F
:10DEAC000020D6E706F50E7000F02CFA00283FF49F
:10DEBC0064AFF27971E7234602AC3A4651460194BD
:10DECC0040460D4C0094A84700283FF456AF0398E9
:10DEDC00706204B0BDE8F087234602AC3A4649466E
:10DEEC0001945046054C0094A8470028EFD144E714
:10DEFC00002044E78DB90000D1B9000005BA00003C
:10DF0C0070B500230446154601204FF0FF3204F192
:10DF1C0028062160E371E060E162C4F83C1284F8E9
:10DF2C00283084F838326263C4F84422CDB1042D11
:10DF3C0001D9002070BD1A461946304600F00EFA81
:10DF4C006FF0704300F5DF722B441D0102EB0313DD
:10DF5C000028EED019790029EBD0525D5206E8D199
:10DF6C009D6800222946304600F0F8F90028E0D0E0
:10DF7C00B0F80B30B3F5007FDBD1037C5A1E237253
:10DF8C00012AD6D8417B4B1E0129217163714FF0B8
:10DF9C000003A37144D0012252000133D2B2DBB290
:10DFAC00914204D0082BF7D10020A37170BD1E46FE
:10DFBC00A371C18A216109B9416A2161C289B0F892
:10DFCC0011302A4463815B01A26190F810C003F206
:10DFDC00FF1301FB0C2202EB53232262B0F8132037
:10DFEC00636102B9026AED1AAB18F3405A1CE26184
:10DFFC004FF0FF32626240F6F47293420CD94FF646
:10E00C00F47293420AD9C26A202322620120E3717E
:10E01C002163C4F8401270BD0C23F7E71023F5E719
:10E02C001E46C6E7F8B500268F6B0D460446C0E9C0
:10E03C000E669FB10146242000F0DCF80680867045
:10E04C008446AD6BA0630FCDACE80F000FCDACE8F0
:10E05C000F002B68CCF800302046F8BDCB6B002BA2
:10E06C00FAD00146382000F0C5F880F831704786A8
:10E07C000246EB6BE06303F130071E68103353F874
:10E08C000C5C103253F8080C53F8041CBB4242F8D9
:10E09C00106C42F80C5C42F8080C42F8041CECD1F1
:10E0AC001B6820461360F8BD10B50446806B10B198
:10E0BC00FDF7CCFF30B9E06B10B1FCF715FA20B9C5
:10E0CC00002010BD0023A36310BD0023E36310BD2B
:10E0DC00002952D02DE9F0410446806B0D461746BD
:10E0EC001E4610B1FDF7B2FFA0BBE06B10B1FCF700
:10E0FC00FBF9B8BBD5F88084B8F1000F11D02146DC
:10E10C00242000F077F8334600263A4606808670C5
:10E11C00A063D5F88014FEF7A1F958BBA063BDE845
:10E12C00F081D5F8843493B12146382000F062F8A0
:10E13C00334680F831803A46A0F83280E063D5F857
:10E14C008414FCF705FEA8B9E063BDE8F08100205B
:10E15C00BDE8F0810023D5F88084A363B8F1000FEB
:10E16C00CDD1DEE70023D5F88084E363B8F1000F4E
:10E17C00C5D1D6E70120BDE8F0810020704700BF73
:10E18C00F8B50446806B0D46174610B1FDF75EFFDF
:10E19C0038BBE06B10B1FCF7A7F938BBAE6B76B1AE
:10E1AC002146242000F026F800213A460180817097
:10E1BC00A063A96BFEF7B8FC88B9A063F8BDE86B47
:10E1CC000028FBD02146382000F014F83A4680F89D
:10E1DC0031604686E063E96BFCF7C2FD20B101209B
:10E1EC00F8BD0023A363D9E7E063F8BD0023E36324
:10E1FC00D4E700BF084670472DE9F04100260446DD
:10E20C009846C0F88814C0F8806401464FF49060BA
:10E21C001746FFF7EFFF424680F84464054680F846
:10E22C007964A0F87A64C4F88404D4F88814FDF7EF
:10E23C00D1FDA0BB0026214640F26C40C4F884649A
:10E24C00FFF7D8FF0223C6714246A0F84864054682
:10E25C0080F84A640372C4F88004D4F88814FFF779
:10E26C004FFE38B900231A4A18461360C4F880349C
:10E27C00BDE8F08105F589663046FDF7E7FE2946D5
:10E28C003046FEF721F90028ECD0124B1A68AAB9D7
:10E29C001D600F4BAFB101201C60BDE8F08105F58E
:10E2AC0089663046FCF720F929463046FCF74AF9D6
:10E2BC000028BFD0084B1A68002AE9D0044B002F65
:10E2CC00E9D11A68002AE6D00120BDE8F08100BF30
:10E2DC0090B3002094B30020FCB2002070B5002550
:10E2EC004FF47A760446456005738660C0E9125592
:10E2FC00034D40F8105BFFF7EBFE204670BD00BFEE
:10E30C00501C002030B5037883B0DC071DD50446C3
:10E31C00406804F110020368E16801925B6A984757
:10E32C00019A0546A8B12378990708D56068D4E905
:10E33C000231194403685B6A984750B1237823F083
:10E34C0001032846237003B030BD0125284603B0D5
:10E35C0030BD0025284603B030BD00BFF8B543687A
:10E36C000BB3C36804460F4615468B4206D110F812
:10E37C00103B05F003052B432370F8BDFFF7C2FFDC
:10E38C0088B16B0705D504F1100630460023E76011
:10E39C00EFE7606804F110063946036832461B69E2
:10E3AC0098470028F1D10020F8BD00BF4FF0000CB9
:10E3BC00024B82F800C01B68184700BFF8B200205F
:10E3CC00024A0349034B116018607047F4B20020F5
:10E3DC00EDC30000F8B2002010B50446808982B06D
:10E3EC0018B10023A38102B010BDD4E901318B42D6
:10E3FC00F9D201AA184600F067F880B1019B606061
:10E40C00B3F5803F01D298B2EDE7980AC3F3090344
:10E41C00A0F52150A3F5105380B2A381E3E74FF68A
:10E42C00FF70E0E77F28A2EB010205D812B10A4683
:10E43C0002F8010B10467047B0F5006F0FD2012A9D
:10E44C0040D94FEA901C00F03F030A466CF03F00A5
:10E45C0063F07F0302F8020B10464B707047B0F567
:10E46C00803F16D2022A2DD9C0F3851C00F03F0341
:10E47C00CA1C63F07F0300B54FEA103E6CF07F00BE
:10E48C008B706EF01F0E4870104681F800E05DF83E
:10E49C0004FB032A16D94FEA904CC0F30532C0F3A3
:10E4AC00851300F03F0062F07F026CF00F0C63F0FC
:10E4BC007F0360F07F004A700A1DC87081F800C0AD
:10E4CC008B70B7E70022B5E788423DD2034610B403
:10E4DC0090F900001C7800282DDA04F0E000C02828
:10E4EC0034D004F0F000E02834D004F0F800F02828
:10E4FC0026D104F0070404201844884220D80133A4
:10E50C0013F8011B01F0C00C01F03F01BCF1800FAE
:10E51C0041EA841414D18342F2D1A4F180010F4B4F
:10E52C0099420DD8A4F55843B3F5006F08D3146085
:10E53C005DF8044B7047581C14605DF8044B704731
:10E54C0000205DF8044B70470020704704F01F0456
:10E55C000220D1E704F00F040320CDE77FFF100069
:10E56C007E283ED94FF0350C002330B4284C04E003
:10E57C0034F82120824220D80B46ACEB0302012A4E
:10E58C0003EB5201F4D89BB234F82320904216D2FC
:10E59C004B2400231F4D04E035F8212082421ED865
:10E5AC000B46E21A012A03EB5201F5D89BB235F85F
:10E5BC00232082421FD030BC70478C46DDE704EB31
:10E5CC008304821AE3789A42E2DA94F90230012B3E
:10E5DC0016D0D3B19BB2034430BC98B270470C46F2
:10E5EC00DFE7A0F16103192B8CBF00230123A0EB03
:10E5FC00431398B2704705EB8305688830BC7047AD
:10E60C0002F00102831A98B2D5E74EF2A033E2E78A
:10E61C002C060020A0040020704700BF30B583B04A
:10E62C0005460C4602F050FB1C4B984204D80023C4
:10E63C002B80238003B030BD694601F0E5F89DF8CE
:10E64C0005309DF8062001339DF80410503ADBB2DA
:10E65C0092B21F2998BF0C2B01D87F2A18D9002100
:10E66C009DF802209DF801302980172A98BF3B2B7A
:10E67C009DF8001001D83B2903D90023238003B057
:10E68C0030BD5B0143EAC22343EA51039BB2F5E779
:10E69C0041EA431141EA422189B2E1E7FFA5CE12DA
:10E6AC00012BF0B5054695B03DD0022B40F202206F
:10E6BC0001F104010CBF034600236846FFF70EFE70
:10E6CC00129B002B38D05C20002602F059F8214B0D
:10E6DC0004AF0446C0E90036019B3946183040F8B7
:10E6EC000C3C1D4B40F8103C029B40F8083C9DF83C
:10E6FC000C3000F8043CFFF795FC184B4FF47A7281
:10E70C00A665A360164B6E602B6063682E73013395
:10E71C00AA602C616360134B38460093FFF7C4FC6E
:10E72C00284615B0F0BD44F2022304316846FFF7C9
:10E73C00D5FD129B002BC6D1139B002BC3D14FF4DC
:10E74C007A71074A04AF2B732A602B61C5E901313A
:10E75C00E1E700BF741C0020D01C0020501C0020DE
:10E76C00241C0020201B002010B5D0F884448EB04F
:10E77C000A4644B10023214668460093FDF76EFE1D
:10E78C0080B90EB010BDD0F8881441B1234668464C
:10E79C000C94FCF7DDFA50B900200EB010BD084601
:10E7AC000EB010BD6846FEF7ADF80EB010BD684651
:10E7BC00FCF78CFB0028EFD0E3E700BF70B5D0F876
:10E7CC0084548EB016465DB105F5896500230A4662
:10E7DC00684629460093FDF7BFFD90B90EB070BD99
:10E7EC00D0F888040028F9D000F589640A462B4635
:10E7FC00684621460C95FCF72FFA48B900200EB05C
:10E80C0070BD324629466846FDF786FF0EB070BDD6
:10E81C00324621466846FCF7ADFC0028EED0DDE719
:10E82C0010B5D0F884448EB00A464CB100200123B8
:10E83C00214600906846FDF711FE80B90EB010BD60
:10E84C00D0F8881441B1012368460C94FCF780FA87
:10E85C0050B900200EB010BD08460EB010BD684671
:10E86C00FEF702FF0EB010BD6846FCF7D5FA002883
:10E87C00EFD0E3E730B5D0F884448FB00A464CB102
:10E88C000025012304F5896168460095FDF7EEFC2F
:10E89C000FB030BDD0F888040028F9D000F589619C
:10E8AC00012368460C94FCF7E7FC0FB030BD00BFA9
:10E8BC0010B5D0F884448EB00A463CB100232146F2
:10E8CC0068460093FDF7CAFD0EB010BDD0F8881451
:10E8DC0031B1234668460C94FCF73AFA0EB010BDE1
:10E8EC0008460EB010BD00BFF8B5054690F8D00430
:10E8FC0008B90146F8BDD5F88434002B4CD0DC693E
:10E90C00D5F89004013C002854D00368DB6B984781
:10E91C00E0B1D5F8900478B303681B6C9847A8B99C
:10E92C00D5F8900440B3036801215B6C9847074607
:10E93C0010B3D5F8840458BBD5F8886433466EB947
:10E94C00D5F8900490B900200146D3E7D5F884049B
:10E95C00E8B9D5F88834002BF5D007461846FDF7F2
:10E96C0003FA06463FB1D5F8900428B1036800219C
:10E97C005B6C984700B1A41BD5F88434FBB19B7930
:10E98C004FF40071994089B2A1FB0401F8BD002736
:10E99C00FFF7D2F90646E5E7D5F88834D5F89004A8
:10E9AC00B3B1D3F830440028AFD11846FDF7DCF9E9
:10E9BC000646E0E71846FFF7BFF90646DBE7D5F851
:10E9CC008864002EBFD0D6F83C14A1FB0401F8BD1E
:10E9DC000028B8D01C4698E790F8D03463B1D0F832
:10E9EC00843463B19A794FF40070D969904001393D
:10E9FC0080B2A0FB01017047184601467047D0F861
:10EA0C0088040028F9D0D0F83C14D0F83004A1FBCD
:10EA1C00000170472DE9F043D0F890548DB04DB102
:10EA2C0098462B6804462846DB699847B0F5405F4A
:10EA3C00064604D8002630460DB0BDE8F0834FF4EE
:10EA4C00007007F055FA07460028F3D00DF10409C1
:10EA5C00B6F1806F02464346294648462ED903F04C
:10EA6C0027FF0646384607F04BFA002EE2D02B68FB
:10EA7C002846271D1B6A984794F8C034FF2B21D0D9
:10EA8C00D4F8C43404F5946502932846D4F8C834F9
:10EA9C000393B4F8C034ADF8043099E80E0005F0D7
:10EAAC0039FB94F8B134C4F89054002BC3D1012332
:10EABC00294638461A46FFF79FFBBCE704F01EFCBC
:10EACC000646CFE704F2944594F8CC14284606F099
:10EADC0069F92846C4F8905405F0C6FB0028AAD161
:10EAEC000123D4F8901438461A46FFF785FBA2E7A9
:10EAFC00F0B5D0F8906485B00446002E42D090F862
:10EB0C00D05490F8D13485B1FE2B63D094F8D20454
:10EB1C0036283DD93368694630469B6C9847054684
:10EB2C00284684F8D05405B0F0BDFE2B26D090F8C2
:10EB3C00D204362849D994F8C034271DFF2B2DD088
:10EB4C00D4F8C43404F59466D4F8C8240193304640
:10EB5C00B4F8C0340292ADF800306B460ECB05F021
:10EB6C00D9FA94F8B134C4F8906463B901233146EE
:10EB7C0038461A46FFF740FB054604E01F4B9B68DE
:10EB8C009B03D8D40025284684F8D05405B0F0BD9A
:10EB9C0001F0FEFA051E18BF0125F4E704F29446B5
:10EBAC0094F8CC14304606F0FDF83046C4F8906466
:10EBBC0005F05AFB0028E6D10123D4F8901438460E
:10EBCC001A46FFF719FB0546DDE701F0E1FA0028CC
:10EBDC00B1D1D7E7336830465B6D9847421C03468A
:10EBEC0094D00028CFD194F8D124FE2ACAD1032185
:10EBFC002E201D4601F0DEFAC5E700BF0080004262
:10EC0C00F0B50D46044685B03048FFF7D9FBFE2D14
:10EC1C0084F8D15426D0362D02D9002005B0F0BD91
:10EC2C0000262B4B04F594678DF80450C4F8C434BB
:10EC3C008DF80560384684F8C05484F8C164C4F873
:10EC4C00C864CDE9023604AB13E90E0005F062FA94
:10EC5C0094F8B134C4F8907483B3304684F8D0047B
:10EC6C0005B0F0BD04F294450023FF221946284656
:10EC7C0084F8CC3484F8C02406F094F82846C4F800
:10EC8C00905405F0F1FA70B90123D4F89014201DBA
:10EC9C001A46FFF7B1FA30B101222E2384F8D024A2
:10ECAC0084F8D234BAE72E200025032184F8D2044C
:10ECBC0084F8D05401F07EFA2846AFE70123394698
:10ECCC00201D1A46FFF798FAC8E700BF5DC6000082
:10ECDC0040787D0118484FF0290C184A0023184938
:10ECEC0010B4C0F89424072280F8B1C44FF0FF0C84
:10ECFC00C0F8A8144FF47F41124CC0F8AC24124A4F
:10ED0C00A0F8D014A0F89C3480F8B53480F8CC343A
:10ED1C0080F8D2C40460C0F8A0240C490C4A5DF8F9
:10ED2C00044BC0F88434C0F88834C0F8903480F8B0
:10ED3C00BC3403F0B3BA00BF88AC0020341D0020F3
:10ED4C0000093D00041D00205C1B002059C600007A
:10ED5C004C94002001207047B0F84630B0F84820A1
:10ED6C009BB292B2934202D2013AD01A7047416BD5
:10ED7C0001390A44D01A7047016972B6B0F84A20BA
:10ED8C00B0F84C3092B29BB29A423CBF806B1218D6
:10ED9C00C86AD31A62B6C0F302601844704700BF49
:10EDAC00B0F84A100246B0F84C3089B29BB2994286
:10EDBC0010B4046914D00133906B116B984298BF56
:10EDCC000023994206D85B1A526AD05CC0B25DF837
:10EDDC00044B7047126A5DF8044BD05CC0B27047AC
:10EDEC0072B6B0F84A0080B2814201D062B6E2E756
:10EDFC00E36A13F0E06F03D14FF0FF3062B6E6E741
:10EE0C00E36901200024116AA2F84A00C3F3090047
:10EE1C00DBB2A2F84C404B70F0E700BFB0F84A10E0
:10EE2C000246B0F84C3089B29BB2994230B40469B6
:10EE3C0025D00133946B9C4216D9106B1FFA83FCBE
:10EE4C00984217D9106AC05CC0B2956DA2F84CC03C
:10EE5C0045B199421CD3CB1AD16B994202D3D36DD5
:10EE6C00C5F8883030BC70474FF0000C106B63460F
:10EE7C009842E7D8181A556A285CC0B2E5E70846EC
:10EE8C0072B6B2F84A1089B2884204D062B6D0E7A2
:10EE9C000C44E31AE0E7E36A13F0E06F03D14FF0A0
:10EEAC00FF3062B6DEE7E069C0F30900F9E700BFA6
:10EEBC0090F8443043B110B5044603F099F894F837
:10EECC004430002BF9D110BD704700BF38B5D0E9E4
:10EEDC000453D3E903120968114228D090F8442056
:10EEEC00044632B103F084F894F84430002BF9D185
:10EEFC00636900210E4AA961207E03EB0010007D9E
:10EF0C0002EB0010456805202860657E03EB0513B5
:10EF1C0093F8343002EB0312A36D52681060A4F81E
:10EF2C004A10A4F84C1013B1E26DC3F8842038BD1C
:10EF3C00108C002007EE901A9FED9A7A0421B6EE01
:10EF4C00005AF8EE677A9FED986A41F6FF7CC7EE9F
:10EF5C00275A2DE9F0478E460569012407EE901AD1
:10EF6C00F8EEE77A85EEA77A77EE057AFDEEE77A8A
:10EF7C0017EE903A6345A8BF6346012BB8BF012337
:10EF8C0007EE903AF8EEE76A76EEC76AC6EE877A35
:10EF9C00F5EEC07AF1EE10FA48BFF1EE677AF4EEB6
:10EFAC00C67AF1EE10FA03D8B0EE676A8E461C46AC
:10EFBC0001312129D2D10021436902F40076A0F855
:10EFCC004A10B3F85AC08E42A0F84C10B3F85860EF
:10EFDC00A0F84610A0F8481080F84410816BDF6848
:10EFEC00A1EB0606A1EB0C01C0E90F6139681E69A3
:10EFFC0041EA0601396014BF01210021817640F0FD
:10F00C00AC80017E694E03EB0118DFF8C09198F8D3
:10F01C001470D8F81CA006EB0717B968C1F800905B
:10F02C007968D8F818700F60BAF1000F03D0D8F8CF
:10F03C002010CAF80010477ED92103EB071898F866
:10F04C0034C006EB0C1CDCF808703960DCF80410DA
:10F05C00D8F838700F60417E03EB0111CF6B0FB104
:10F06C00096C39600EF1FF31BEF1080F4FEA0161F6
:10F07C00CCBF4FF0000E4FF0010E01F0F85144EAF6
:10F08C004E4421435C682961597801F11003002139
:10F09C00E960474941F8234041694FF0010E454C66
:10F0AC0002F0030C4F7891F85610434B39554FF042
:10F0BC0002174469617803EB511301F01F019B00A7
:10F0CC000EFA01F11960EF62AB6A43F08803AB6290
:10F0DC0053073ED44CF4701302F00F01042908BFFF
:10F0EC0043F0804397062ED5817E43F08053002950
:10F0FC003AD11607AB6103D52B6943F000532B6152
:10F10C006B69D10623F0805348BF43F080536B6189
:10F11C00D30503D52B6943F400532B61A36883B14A
:10F12C00264E3478002C3AD0611E254DC9B22B1FC7
:10F13C0005EB810101E0994225D053F8042F904250
:10F14C00F9D1BDE8F087817E0029D2D043F0A0032D
:10F15C00CFE71C4B4CEA0303BEE7477E4FF2D901C5
:10F16C00124E03EB07186AE7417E43F0A00304EB51
:10F17C00011191F8341006EB0116B668316821F4D0
:10F18C0040413160B5E7631CDBB20F4A3370137832
:10F19C0045F8240043F002031370BDE8F087012307
:10F1AC00074DF2E7001BB74BEC78AD60108C0020DC
:10F1BC00009C002000E400E04038003823C500200B
:10F1CC0070B3002010003C003BC5002038F001005B
:10F1DC00EFF31380B8B9EFF310834BB9EFF305825B
:10F1EC003AB94FF48073EFF3118050B1984208D2C2
:10F1FC0070470F2AF7D9054B9B5CEFF31180002861
:10F20C00F4D1184670474FF0FF30F1E7F0E300E01F
:10F21C0010B4416299B1036B1A44446900218263B2
:10F22C00B4F85830B4F85A40D31AA0F84A10121B4C
:10F23C00A0F84C105DF8044BC0E90F327047026B1C
:10F24C00EBE700BF816241B1C36A1A4400234263F9
:10F25C00A0F84630A0F848307047C26AF6E700BF05
:10F26C00036D2DE9F04104460F46066913B1426D5A
:10F27C00C3F88420A37E2BB172B6B36943F000535C
:10F28C00B36162B6B4F84650636BADB20135AB42B4
:10F29C004CD84FF000084546B4F848309BB29D421C
:10F2AC0019D028E073691B0210D5B4F84830626B92
:10F2BC009BB201339A4236D99AB2E16A99422DD95E
:10F2CC00E169CB5CDBB2F361A4F84820B4F84830B8
:10F2DC009BB2AB420FD1FFF77BFF6369B3F856309B
:10F2EC008342DFDAFF28F1DD02F082FEB4F8483009
:10F2FC009BB2AB42EFD0E36AAB421AD9FFB2E369DF
:10F30C005F5572B6012084F84400A4F84680B369B6
:10F31C0043F40003B36162B6BDE8F0815B1AA16AE5
:10F32C00CB5CDBB2CFE700221346C6E71FFA85F8A9
:10F33C00B2E7ED1AFFB2A36A5F55E2E7FFF790BFA1
:10F34C000269536913F4401F70B543D0D36A13F0AC
:10F35C00E06FC3F3026E3AD0B0F84A50B0F84C608C
:10F36C00ADB2B6B207E0016A01F803C00EF1FF338B
:10F37C0013F0FF0E1DD0D1696B1C846BB0F84CC020
:10F38C00C1F309019C4298BF00231FFA8CFC9C45D9
:10F39C00ECD0046B5FFA81FC1D469C42A3EB040489
:10F3AC00E1D8436A03F804C00EF1FF3313F0FF0EEB
:10F3BC00E1D1ABB2A0F84A30836D43B1B54254D31E
:10F3CC00AD1B016CA94202D8C16DC3F884105369FE
:10F3DC00D90245D49669330228D553691D0225D527
:10F3EC00B0F84650B0F84830ADB29BB206E0C169F7
:10F3FC00C95CC9B2D161D16A4C0512D4AB4238D0C8
:10F40C00446B0133C16A9C4298BF00239942A3EB21
:10F41C000104ECD8816A095DC9B2D161D16A4C058D
:10F42C00ECD599B2AB42A0F8481025D0710216D594
:10F43C0053695B0213D50021036D80F8441013B19E
:10F44C00416DC3F88810837E2BB172B6936923F09B
:10F45C000053936162B6936923F48003936170BD8A
:10F46C00536943F480135361B4E7816B891B0D44DA
:10F47C00A7E79BB2A0F84830936923F4000393618B
:10F48C00936943F480039361D0E700BF0148FFF711
:10F49C0057BF00BF609200200148FFF751BF00BF6B
:10F4AC00C09200200148FFF74BBF00BF2093002003
:10F4BC00012A70B508BF0A228AB091B34FF0210E11
:10F4CC0001E05FFA86FE0EF1FF36B1FBF2F502FBAE
:10F4DC0015145FFA84FC092C0CF137040CF1300C78
:10F4EC0098BF5FFA8CF40EF1280C88BFE4B29142FD
:10F4FC00EC4429460CF8244CE3D24BB10EF1FF3E00
:10F50C002D225FFA8EFE0EF128036B4403F8242C97
:10F51C00036801A9CEF122025B68714498470AB0D6
:10F52C0070BD30224FF0210E8DF82520E5E700BF8D
:10F53C002DE9F0410C46D1B1EAB180468E18002578
:10F54C000E4F04E002F0C0FCB44205440CD0D8F8D5
:10F55C00003014F8010B1B68BB42F3D00146404647
:10F56C009847B4420544F2D12846BDE8F0810D46D7
:10F57C002846BDE8F0811546F6E700BF816400001F
:10F58C002DE9F0418C688AB0DCB10025884606462E
:10F59C002F462B46212201A9404600F035FB202C9A
:10F5AC002246336828BF202201A930465B68A41A82
:10F5BC00154498470744002CEBD138460AB0BDE8F7
:10F5CC00F081274638460AB0BDE8F08100B50368E3
:10F5DC0083B040F60D2C022201A95B68ADF804C083
:10F5EC00984703B05DF804FB054B022888BF03461F
:10F5FC0010B41C68184663685DF8044B184700BFCC
:10F60C00509200205AB90368C9B2074A1B6893424A
:10F61C0000B506D108465DF804EB02F055BCFFF7C7
:10F62C0047BF5DF804EB1847816400000000000040
:10F63C00B4EE400B70B5F1EE10FA05462DED028BD1
:10F64C0086B07CD6B0EEC07B9FED476BB4EE467BAC
:10F65C00F1EE10FA6BDC9FED467BB4EEC70BF1EECE
:10F66C0010FA5ADC9FED447BB4EEC70BF1EE10FAA6
:10F67C0053D4B5EEC00B0C46F1EE10FA5BD400235C
:10F68C00B6EE007B002C5ED04FF0000C9FED3C6B77
:10F69C000CF1010C27EE067B5FFA8CF2A242F7D339
:10F6AC0030EE070B0A222846FCEEC07BB8EE678BC7
:10F6BC0017EE901A30EE488BFFF7FAFE0F2C4FF036
:10F6CC002E03B2EE046B064628BF0F248DF80830CB
:10F6DC000DF1090302AA611E53FA81F128EE060B03
:10F6EC00FCEEC07BCDED017A9DF8043007EE903A2C
:10F6FC003033B8EEE78B02F8013F914230EE488B85
:10F70C00ECD12B68013402A928465B68E2B2984719
:10F71C00304606B0BDEC028B70BD2B6803221A4933
:10F72C005B6806B0BDEC028BBDE8704018470368FF
:10F73C0003221649F4E7B1EE400B0123A0E703685E
:10F74C0003221349ECE730EE070B0A222846FCEEA5
:10F75C00C07B17EE901A06B0BDEC028BBDE8704072
:10F76C00FFF7A6BEAFF30080FFFFFFFFFFFFEF7FA9
:10F77C00000000E0FFFFEF41000000E0FFFFEFC1E1
:10F78C009A9999999999B93F481A0020441A0020DE
:10F79C00401A00202DE9F047884651B3914662B3D8
:10F7AC0082460027164C174E25680BE002F07CFBB6
:10F7BC00002810DA02F01CFC2368DAF808205B1B26
:10F7CC00934210D2DAF800305B69B342EED0504667
:10F7DC0098470028EEDB013708F8010BB945E3D157
:10F7EC003846BDE8F087012338468AF80C30BDE86E
:10F7FC00F0870F463846BDE8F0871746F0E700BFA4
:10F80C00ECC40020796400004D4A2DE9F047A2FBBE
:10F81C00004340F26D1A4B4F5B09DFF83881DFF87B
:10F82C003891A2FB0342C3EB03145209A0EB8400F2
:10F83C00454CC2EB02150870A3EB8503A4FB0254E4
:10F84C0024094B70414B251D04EB4400A2EBC00274
:10F85C00A3FB050300208A70EA1A03EB520302464D
:10F86C009B08C3EBC303ED1ACD705FFA80FE40F228
:10F87C006D1C0EF2B27313F0030507FB03F608D1EF
:10F88C00B8EBB60F4FF4B77C03D3B9EB361F38BFC8
:10F89C00D446624401309442E7D20EF1460E2C4E0F
:10F8AC0081F806E0A6FB030685B377094FF0640CDC
:10F8BC004FF4C870F6090CFB173700FB163640F2F4
:10F8CC006D10A41A00230122DFF890E020440AE016
:10F8DC0013F80E4084420ED80C2AA0EB04000BD077
:10F8EC0001320133D2B2012B5FFA83FCF0D145B95E
:10F8FC00CFB11D2406E0624601304A710871BDE8A3
:10F90C00F0871C24A04218D3001BE9E76420770978
:10F91C00F60900FB17374FF4C87000FB16363FB1E1
:10F92C004FF4B770CDE7002E14BF1C241D24E9E75B
:10F93C00002EC4D14FF4B770C3E70122DCE700BF3F
:10F94C0089888888295C8FC2ABAAAAAA25499224E7
:10F95C001F85EB51285C8F020AD7A30000070020FB
:10F96C00F8B500260446C0E90066866029B1084651
:10F97C000D4608F045FD074608B92046F8BD013094
:10F98C0006F0B6FA0028F8D0294606702060C4E9C3
:10F99C00017708F0A3FC2046F8BD00BFF8B58842FB
:10F9AC004FF0000504468560C0E9005502D08E6812
:10F9BC000F680EB92046F8BD701C06F099FA0028A5
:10F9CC00F8D0394605702060C4E9016608F086FC61
:10F9DC002046F8BD10B50446006806F091FA2046A2
:10F9EC0010BD00BFF8B50446154632B9036803B123
:10F9FC001A7000232046A360F8BD43680E469A4255
:10FA0C001CD9511C006806F03FFD074660B1A36885
:10FA1C00C4E900050BB90370276831463846A56068
:10FA2C0008F05CFC2046F8BD206810B106F068FABE
:10FA3C00276000232046C4E90133F8BD076831462E
:10FA4C00A560384608F04AFCECE700BF10B500236F
:10FA5C008AB00446084601A9A360C4E9003306F045
:10FA6C0031FA01A808F0CCFC01A902462046FFF7A8
:10FA7C00B9FF20460AB010BD10B500238AB0044669
:10FA8C00084601A9A360C4E9003300F07DFE01A87B
:10FA9C0008F0B6FC01A902462046FFF7A3FF20465A
:10FAAC000AB010BD30B5002304468BB0881CA3608F
:10FABC006A46C4E9003300F0A9FE054648B108F0D7
:10FACC009FFC294602462046FFF78CFF20460BB0D0
:10FADC0030BDA06020460BB030BD00BF38B5054628
:10FAEC000C4649B1084608F08BFC214602462846D4
:10FAFC00FFF778FF284638BD2846A96038BD00BFFF
:10FB0C002DE9F843044600680D4616468842A36862
:10FB1C0009D8C218914206D20F1A4FF0010936B912
:10FB2C002046BDE8F8834FF00009002EF8D003EB17
:10FB3C000608626890450CD908F1010106F0A4FC96
:10FB4C000028EDD0A368C4E9000813B9037020683D
:10FB5C00A368B9F1000F08D12946184408F0BEFB80
:10FB6C002046C4F80880BDE8F8833246C119184411
:10FB7C0000F06CFD2368002203F80820F0E700BFBA
:10FB8C008A680968FFF7BCBF38B5054641B10C4619
:10FB9C00084608F035FC024621462846FFF7B0FF20
:10FBAC00284638BD10B582B00023044601228DF8DA
:10FBBC00041001A98DF80530FFF7A2FF204602B012
:10FBCC0010BD00BF10B50B4684B004460A2201A933
:10FBDC00184600F00BFE01A808F012FC01A9024621
:10FBEC002046FFF78DFF204604B010BD38B5054602
:10FBFC0041B10C46084608F003FC02462146284653
:10FC0C00FFF77EFF284638BDC2B170B5B1FA81F658
:10FC1C000C46760919B185689D4201D80E7070BDED
:10FC2C00ED1A02F1FF3C016820466545194428BFD6
:10FC3C0065462A4608F030F9665570BD704700BF1E
:10FC4C002A2849D8F8B5254F04463B78E3B9244B0C
:10FC5C001B5DFF2B29D0234A02EB041291680A6822
:10FC6C0002F44050B0F5805F30D01C061FD41E4CFF
:10FC7C002360236AD80704D402F0BAF9236AD9079F
:10FC8C00FAD5194B586AF8BD174D184E01E002F021
:10FC9C00AFF9AB6C1B06FAD4B36C13F08003F6D13E
:10FCAC003B700F4B1B5DFF2BD5D10020F8BD0F4CCB
:10FCBC0003F07F032360236ADA0704D402F098F977
:10FCCC00236ADB07FAD5094B586AF8BD22F4805237
:10FCDC001C060A60EBD4CAE7002070472CC5002034
:10FCEC00BC8F0020108C002000400C4000800C4089
:10FCFC00082830B422D00A280CBF4FF405714FF4F9
:10FD0C004671104C104D636C626C2B400F4802F026
:10FD1C0003021A43636C03F0E00313430B43636465
:10FD2C00436C426C2B4002F003021A43436C03F009
:10FD3C00E0031343194330BC416470474FF44071E6
:10FD4C00DFE700BF00400C4000FCFFFF00800C40D0
:10FD5C00A249A34B88422DE9F047A24C5E699A69EF
:10FD6C00D4F80C801BD9A04B984240F20281C31AE4
:10FD7C009E491B0AA1FB031340F22761DB0903EB2D
:10FD8C00830303EB830303F2E2438B4228BF0B464E
:10FD9C00A3F54877964BA3FB0737FF0804E0954F74
:10FDAC00B8428CBF0E2706278D4908F01F09D1F8E1
:10FDBC008030B94543F0C003C1F880300CD228F034
:10FDCC001F08A1F5F82148EA0708C1F80C800B6858
:10FDDC00002BFCDA08F01F0916F0007324D18649B9
:10FDEC000C698649A14300F0EA8082F480513446C4
:10FDFC004FF4805514F0605F04D026F060561E431B
:10FE0C00774B5E6111F4405F07D022F44052744985
:10FE1C002A438A618B6C1A07FCD446F00076704A30
:10FE2C005661936C9B06FCD4754CA04200F2CE80BC
:10FE3C004FF0010C0146634603FB011203F1010E66
:10FE4C000CF10105A24218D8BEF1080F4FF00103C6
:10FE5C0040F08D80BCF1040F00F291800A18A24290
:10FE6C0000F2A48005FB00F1AC4603F1010E03FB8C
:10FE7C0001120CF10105A242E6D90CF1FF318C0202
:10FE8C0086EA81215F4810445F4A90427FD9DFF8AF
:10FE9C00A4A16C225D48584DB0FBFEF0D5F800E0F3
:10FEAC00B0FBFCF0DFF890C10EEA0C0CD44509D085
:10FEBC0042F400524FF4805CC5F800C02A602A68F6
:10FECC00002AFCDA464A156905F007059D4203D065
:10FEDC001361936CDD03FCD411F4E05F09D026F4BC
:10FEEC00E05604F4E0543E4A26435661936C99075D
:10FEFC00FCD44749474A014491423CD8464BC90976
:10FF0C00A3FB0131090B4B1E1B0286EA030212F400
:10FF1C00407F06D026F4407603F44073304A3343D6
:10FF2C0053612F4A536923F000735361936C9B0602
:10FF3C00FCD43A4B4F45A3FB00234FF0FF324FEA62
:10FF4C009343B0FBF1F1B2FBF3F3354A1060354A41
:10FF5C001160354A136008D228F01F08214A48EA7C
:10FF6C000707D7601368002BFCDABDE8F0877346EF
:10FF7C0062E7122718E74FF440730421C5E70CF130
:10FF8C00FF31204807238C02104486EA8121274A3E
:10FF9C00DFF8A8A0A2FB0020020D2548362A38BFA6
:10FFAC00362202FB00F042EA0A0A74E74FEA8C247C
:10FFBC00002386EA8C214FF0010EAC4662E71D4609
:10FFCC0086F0C05411464FF0C05313E700244FF095
:10FFDC00010C024631462346E64653E700A4781F3F
:10FFEC0000C00F40000008400046C32323B24C0061
:04FFFC001F85EB5121
:02000004600199
:1000000000366E0100800D4040300080FFB19F2619
:10001000808D5B00FF7EF64D00643F4D7FD1F00880
:100020007F17B42C9F10E50083DE1B43FC9100205A
:10003000F891002064C40020819F5E16001BB70069
:100040006C2000807F3001800020008000B9704764
:100050002DE9F84F01218146214C224D224E54E8D2
:10006000003F2A68306844E80013002BF7D11F498D
:100070004B684FF47A7BDFF878A01B1A01270BFB43
:1000800002F8DAF80020A3FB02325A4594BF9044EC
:10009000D84454E8003F2A68306844E80073002BD5
:1000A000F7D14B68DAF800C01B1A0BFB02F2A3FB76
:1000B0000C3CBCF57A7F94BF624402F57A72A2EBE5
:1000C0000802B2F57A7F06D3B9F1010908F57A780A
:1000D000DFD1BDE8F88F01F091FF0449D9E700BFF7
:1000E000F0C40020ECC40020E8C40020001000E0B0
:1000F00064C4002030B40F4B4FF0010C0E4D0F4C78
:1001000053E8002F2868216843E800C2002AF7D18D
:100110000B4B5B680B4A5B1A4FF47A71126801FB58
:1001200000F0A3FB023230BC8A4294BF8018401812
:10013000704700BFF0C40020ECC40020E8C40020D9
:10014000001000E064C40020362816D80201104BCD
:1001500003EB00109B5810B4C2685C68144205D0D1
:1001600061B95DF8044BC3F888207047836851B1CA
:10017000084A5DF8044B1A60704770475DF8044BFD
:10018000C3F884207047044A5DF8044B1A60704736
:10019000108C002038F001003830010036280BD8D0
:1001A000064B020103EB00109A58C36892681A428A
:1001B00014BF01200020704700207047108C0020E1
:1001C000362829D8164B0201012903EB00109A5852
:1001D00010B45368C4680ED004290CD023EA040379
:1001E00053608368A9B1022917D003290CBF0D4AB7
:1001F0000D4A1A6007E0234301295360836808D041
:1002000040F638021A60436815225DF8044B1A6004
:10021000704738221A60F6E77047044A1A60F2E71E
:10022000108C0020383001003800010038F0010047
:1002300030B4124A0020124B0121124D124CC2F868
:10024000F032C2F8F402C2F8B810C2F8A000C2F846
:10025000A450C2F8B0105369DB07FCD55161237874
:10026000DB07F0D41368054943F0010313600B6802
:10027000DB07FCD462B630BC704700BF00802A4068
:100280000504012401000F0000812A4070B50E4CC6
:100290004FF6FF7E0D4E04F17E05A6F5805300213A
:1002A00002E0B34281B204D21A88481C023372457C
:1002B000F7D124F8021FAC4206F58056EDD1044B6D
:1002C00001221A7070BD00BF66C4002000107C605F
:1002D0002FC5002041F2BB0398422FD8184B10B510
:1002E0001B7804463BB3A008164B04F00301164CE0
:1002F000A3FB0023C21A03EB5203144A5B09C3EBAE
:10030000831E9C46A0EB0E0341EA8C01FF2034F8CB
:1003100013C01A444FEA4C0C13030CEB023CBCEB29
:10032000023F07D91A880233D4B28C4208BF100AA0
:100330009C45F7D810BDFFF7A9FFD4E7FF20704711
:100340002FC500200541100468C40020C007060026
:10035000F8B50F46164672B6344B40F20641344AA1
:100360009A610222DA610022C3F8A020C3F8F012D9
:10037000C3F8F422C3F8F822C3F8FC224FF4702229
:10038000C3F8A4200122C3F8B02020F01F03821973
:10039000BFF34F8F4FF0E024C4F85C3F20339A4204
:1003A000FAD8BFF34F8FBFF36F8F204D6B69DA0719
:1003B000FCD501231F49B2B220F07F406B6142F4AB
:1003C0007022C5F8F01242F20121184CC5F8F4125F
:1003D000C5F8BC30C5F8A000C5F8A420C5F8B030F9
:1003E000154D01E05B0609D4636913F00100F9D0F3
:1003F00041236361BDE8F840FFF71ABF082E0AD811
:1004000036B13246394637440646284600F024F9CC
:1004100040236361E8E7A6F1080008263946324622
:1004200037440646284600F017F9F1E700802A40D5
:10043000F05AF05A3204180880812A4010B472B67B
:10044000284B0221284C00229C614FF47024D96172
:1004500040F20641C3F8F0120121C3F8F422C3F8B8
:10046000F822C3F8FC22C3F8A020A2F58052C3F8FA
:10047000A4400240C3F8B010BFF34F8F02F5805183
:1004800002F120034FF0E02C994234BF012180217A
:1004900002EB41118B42CCF85C2F1A4603F120038A
:1004A000F8D1BFF34F8FBFF36F8F0E4A5369D9074F
:1004B000FCD501240D490E4B54610340C2F8F012E3
:1004C0004FF470200749C2F8A030C2F8A400C2F867
:1004D000B0404B69DB07FCD501235DF8044B4B6151
:1004E000FFF7A6BE00802A40F05AF05A20041808F0
:1004F00000F0FF0041F2BB03984200F28980464BB6
:100500002DE9F0471B78C2B005468946002B7CD008
:10051000AB08424E05F00305414FA6FB03269A1B8C
:1005200006EB5206760945EA8605C6EB86169E1B43
:100530003C4B37F81640334460004FEA033800EB79
:100540000330B0EB033F64D943464FF0FF0C1A88E9
:100550000233D1B2A94208BF4FEA122C9842F6D812
:10056000E14541D0B4F5006F41D302AC4FF4807245
:10057000FF21204607F0FEFB08F5805008F102033A
:100580004246984234BF01204FF4006008EB40001F
:10059000134602321B888242D9B24FEA13236354B6
:1005A000F6D104F805900DF107090DF2071A0025A0
:1005B0004C464046FFF742FF14F801CF08EB4500D8
:1005C00002220DF10601631EBCF1FF0FA3EB09032C
:1005D00006D043EA0C230135ADF80630FFF7B8FE2C
:1005E000A245E9D127F8165042B0BDE8F08745EAA8
:1005F000092502A902220134ADF80850FFF7A8FE30
:1006000027F8164042B0BDE8F087FFF73FFE7FE7CE
:1006100070474FF0FF0CA3E72FC5002005411004E1
:1006200068C40020C007060062B170B505460C46DC
:100630008E182046013415F8011BFFF75BFFB4420A
:10064000F7D170BD704700BF08B5F4F723FAF4F78F
:10065000EBFA01F0D3FCFAE7844641EA000313F019
:1006600003036DD1403A41D351F8043B40F8043BB9
:1006700051F8043B40F8043B51F8043B40F8043B7C
:1006800051F8043B40F8043B51F8043B40F8043B6C
:1006900051F8043B40F8043B51F8043B40F8043B5C
:1006A00051F8043B40F8043B51F8043B40F8043B4C
:1006B00051F8043B40F8043B51F8043B40F8043B3C
:1006C00051F8043B40F8043B51F8043B40F8043B2C
:1006D00051F8043B40F8043B51F8043B40F8043B1C
:1006E00051F8043B40F8043B403ABDD2303211D3BC
:1006F00051F8043B40F8043B51F8043B40F8043BFC
:1007000051F8043B40F8043B51F8043B40F8043BEB
:10071000103AEDD20C3205D351F8043B40F8043BBB
:10072000043AF9D2043208D0D2071CBF11F8013BB9
:1007300000F8013B01D30B8803806046704700BF7F
:10074000082A13D38B078DD010F003038AD0C3F18E
:100750000403D21ADB071CBF11F8013B00F8013B70
:1007600080D331F8023B20F8023B7BE7043AD9D32F
:10077000013A11F8013B00F8013BF9D20B78037004
:100780004B7843708B7883706046704705F0B6BB3A
:1007900005F0BCBB01F1FF3C70B56646002400E0EB
:1007A0000134B0FBF2F502FB1503092B03F1370E00
:1007B00003F130035FFA8EFE98BF5FFA83FE90422A
:1007C000284606F801EFEBD2631C0022C818CA5471
:1007D0007CB162461CF8015F10F8016DA1EB0C03BF
:1007E00002328CF80060013B521A057023449A4291
:1007F000EFDB084670BD00BF031E01DBFFF7CABF79
:100800004FF02D0C584210B50C4601F801CBFFF704
:10081000C1FF204610BD00BFB4EE400A2DE9F04FE5
:10082000F1EE10FA164680EAE07207462DED028BD3
:10083000A2EBE072B0EE408A85B080F14881F0EE24
:10084000C07A9FEDC57AF4EE477AF1EE10FA29DD11
:10085000B5EEC00AF1EE10FA00F1ED80032A40F384
:1008600091800323002FA2EB0302C0F28580B5EE36
:10087000C08AF1EE10FA00F16A8149214E23462028
:10088000F41C3170B070737022B1204620211444E2
:1008900007F070FA00232046237005B0BDEC028BF0
:1008A000BDE8F08F89460D4602AA01A9484607F027
:1008B00075FBDDF804A0044659EA0A0372D101234E
:1008C0000278A64C9A460193A54BD046342A88BF9D
:1008D0001C46029B002B7DD008F10108A7EB080BFA
:1008E00006EB0805BBF1000F40F3A1805A4620211A
:1008F00030465D4407F03EFA06EB0B032D2203F869
:10090000012BBAF1000F77D1B9F1000F06D01A46CA
:10091000302102F8021B2E2159701346AB421FD220
:10092000A44619461CF8012B01F8012BA94218D046
:10093000019C2E20013C0BE058700233013CAB427D
:1009400019460DD21CF8012B01F8012BA94208D041
:100950000194002CF0D00B46013CAB421946F1D378
:100960001D46002F6BDB3446002320462B7005B05C
:10097000BDEC028BBDE8F08F22B130462021164439
:1009800007F0F8F9B5EEC08AF1EE10FA40F1BD803B
:100990002D2149224E234620341D3170F070727093
:1009A000B37077E7CAF10003994557DA4FF00108B1
:1009B000C9F1000A694CC2454046CDF804A0B8BF51
:1009C00008F10108BAF1000F52D1029B08F10108A9
:1009D000002B81D1A7EB080B06EB0805BBF1000F3C
:1009E00027DD5A46202130465D4407F0C3F906EB67
:1009F0000B03BAF1000F87D0BAF1000F8EDAB9F10C
:100A0000000F8BD018462E22302100F8021B5A709E
:100A100002465346013302F8011BFBD1BAF1000F25
:100A20000193CAF10003A8BF0123034476E73346CC
:100A300064E7334665E7042AAADD042312E7B844D5
:100A4000B8F1000F6FEA08028DDA22EAE272202183
:100A500028460132154407F08DF984E707F0D6FCEB
:100A60008046C245B8BF08F10108BAF1000FACD00A
:100A7000BAF1000FBFF62DAFB9F1000F3FF429AF67
:100A80000AEB090309F102088342BFF422AFB9F16E
:100A9000000F05DDF2EE047A013D28EE278AFBD136
:100AA00002AAB0EE480A284603A907F077FADDF853
:100AB00004A0039B09F101020446A3EB0A0393423D
:100AC0007FF407AF0AF1010ACDF804A001E7B5EE03
:100AD000C00AF1EE10FA4CBF04230323934222DA3A
:100AE0000028A2EB030218DB10EE103A002B02DA0A
:100AF0002D2306F8013B4E234121F41C3370717005
:100B0000B370002A7FF4C1AEC4E649214E224623C9
:100B1000F41C31707270B370BCE622B130462021F3
:100B2000164407F027F918EE103A002B4FF04E0349
:100B300005DB4122F41C33707270B370AAE62D21DC
:100B40004122341D73703170B270F370A2E62D2310
:100B500006F8013B91E600BFFFFF7F7F808F0020FA
:100B6000848F002000230F2248F2B82C194610B5BC
:100B70004FF470444FF4806EA0F88C414FF4604401
:100B8000A0F88E210A46A0F89031B0F888319BB2C7
:100B900043F0F003A0F8883101EB4103013100EB91
:100BA000431304299C80A3F806E05A841A865A80CD
:100BB0005A81A3F80EC05A82DA825A83DA83EBD1C3
:100BC000B0F888319BB243F00F03A0F88831B0F839
:100BD00088319BB243F47063A0F8883110BD00BF28
:100BE000374B384A996F384841F47F0170B599679F
:100BF00041F20106D3F8801045F6C05543F22604B1
:100C00000A43C3F88020FFF7ADFF00F58040FFF7EF
:100C1000A9FF00F58040FFF7A5FF00F58040FFF732
:100C2000A1FF0022A0F503104FF00F0E114600EBBC
:100C300042134FEA421C01329981042A5981A3F8D8
:100C40000EE09E82DD8020F80C1019829C81EED18E
:100C500000221E484FF00F0E41F20106114645F6E4
:100C6000C05543F2260400EB42134FEA421C013206
:100C70009981042A5981A3F80EE09E82DD8020F834
:100C80000C1019829C81EED1002211480F2641F2EE
:100C90000105114645F6C05443F2260E00EB4213FF
:100CA0004FEA421C01329981042A5981DE819D82DA
:100CB000DC8020F80C101982A3F80CE0EED170BD96
:100CC00000C00F40000003FC00C03D4000001E407B
:100CD00000401E40074A506A936A19468446506A8B
:100CE000936A9942F9D18445F7D1DB0B43EA40403E
:100CF000704700BF00400D4072B6EFF30583524CC1
:100D0000C4F884301EF0040F0CBFEFF30882EFF339
:100D100009824FF0E0234D4E4D4DD3F8280DD3F806
:100D20002C1DC4E92201D3F8341DD3F8383DC4E9A1
:100D300024139369C4F89830D369C4F89C3000F048
:100D4000D3F884ED280AFFF7C5FF0B214FF0FF32DF
:100D5000C4F8A4000B46C4F880103E49301D5A4028
:100D6000202402F00103013C01FB03F383EA520259
:100D7000F7D1A84202D073680646EFE7324BC3F8BA
:100D8000A820BFF34F8F4FF0E0233049324AC3F819
:100D9000701FC3F8702FBFF34F8FBFF36F8F2F4AB1
:100DA00002252F48D36E2F4943F44053D366056084
:100DB000D3692D4823F07F0343F04003D3610B68D0
:100DC00083423DD8264D00214FF0E0234FF0FF3203
:100DD00029600126C5F808112449C5F80011C5F895
:100DE0000861C3F88021C3F88421C3F88821C3F8BF
:100DF0008C21C3F8902101E000F068F9D5F80C319E
:100E0000002BF9D00134C5F80C614F2CF4D9184BE4
:100E1000022018494FF00042C1F840015A63D5F84A
:100E20000C313BB9144815490D4A0163D2F80C3115
:100E3000002BFAD04FF0E023114AC3F80C2DFEE747
:100E4000FEF78CFFBEE700BF00FF272080FF2720B2
:100E5000A8FF27202083B8EDA0FF272000C00F4067
:100E600000400840FC910020803DCD0B009F2400F5
:100E700000900D4000002E4000800F40F100AD0BAF
:100E80000400FA050A490A6838B108B51318094878
:100E9000834204D810460B6008BD1046704707F027
:100EA000ABF80C234FF0FF320360104608BD00BFC3
:100EB0004894002000002820002070474FF0FF30A9
:100EC000704700BF4FF4005300204B60704700BFD5
:100ED000012070474FF0FF30704700BF30BFFDE783
:100EE00030BFFDE7FFF708BF124AD2F880305B073A
:100EF000FBD5D2F880301048C3F30B230F4990ED97
:100F0000007A07EE903A91ED006AB8EE477A0C4A03
:100F1000F8EEE77A0B4BD2ED006A77EEC77A93EDE5
:100F2000007AB8EE477A67EE867A87EEA60A37EE41
:100F3000400A704700810D4054C400205CC400206A
:100F400060C4002058C40020836BF0B41BB1536808
:100F500043F40043536072B6446B3CB31A4B2260B7
:100F6000D3F8B0410C421DD1184E776804E0746884
:100F7000E41BB4F5166F0BD2D3F8404144F480441F
:100F8000C3F84041D3F8B851D3F840416404EED5DA
:100F90000D4007D10C4CC0E90225D4F8B0310B4309
:100FA000C4F8B031426362B6F0BC7047064DC0E988
:100FB0000224D5F8B0310B43C5F8B0310263426367
:100FC00062B6F0BC704700BF00002E40001000E089
:100FD00070B5056B9DB106462A46002403E01268F1
:100FE0000134012A0CD0536813F08003F7D0326328
:100FF0002CB12846B36B2D689847013CF9D170BDE0
:10100000C6E90C33F4E700BF30B4D9B91F4C204B0C
:101010000021204A01254FF0011099601D60C4E9AC
:10102000023180245C60C2F8BC01D2F8B0311A48A9
:101030002B43C2F8B0310160D2F8B031002BFBD1A4
:1010400030BC70470904154B104C012541F080015C
:101050009860104A596000F580511D60D96000F514
:101060000051A364196100F5405100F580405961B9
:1010700000219861E164D2F8B03143F48033C2F8C2
:10108000B031D2F8B031002BFBD1C0E70000002016
:10109000C09E002000002E40E8B60020E09E002008
:1010A000084901220B7802FA00F023EA00000870D8
:1010B00030B9054AD2F8483123F08003C2F84831EC
:1010C000704700BF32C5002000002E402DE9F04FD0
:1010D000974C83B0D4F84471FB07C4F8447153D5DE
:1010E000D4F8AC21002A4AD0924EDFF860A2DFF893
:1010F0007492DFF874B2DFF87482C4F8AC21D6E9D8
:101100000A20D4F8403143F40053C4F84031D4F8F5
:1011100040319D04F5D5D4F8403123F40053C4F890
:1011200040314FF00113C4F8B431D4F8B45115F084
:101130000115FAD193B28446CAF80050B3F5086F8E
:1011400000F0CF8100F2DB8040F202318B4200F0F0
:10115000E78100F29A80822B00F0CB81B3F5817F8A
:1011600040F08A8010F0780F83B200F003824FF0D5
:101170000113C4F8C031D4F8AC21002ABDD16C4AA7
:10118000D2F8BC31002B42D17E0616D5684BD3F87D
:10119000AC21C3F8AC21D3F8BC21C3F8BC21D3F8EF
:1011A000B041002CFBD14FF0FF32C3F8B421D3F88B
:1011B000843100F027FD604B1C60FC0103D55F4BC0
:1011C0001B6803B19847B80103D55D4B1B6803B199
:1011D0009847790708D5564BD3F8843113F4007338
:1011E00047D0584B01221A70514BD3F848311A0698
:1011F0000AD53B0608D5544A13782BB1013BDBB224
:101200001370002B00F0728203B0BDE8F08F4F49DD
:10121000C2F8BC310868034240F0D181464A1468E4
:101220001C40B1D05FEA144810D0424E4FF0010983
:1012300098FAA8F5B5FA85F506EBC51009FA05F593
:101240004030FFF7C5FE38EA0508F1D1A4B2002C02
:101250009AD0384E4FF0010894FAA4F5B5FA85F506
:1012600006EBC51008FA05F5FFF7B2FEAC43F3D163
:101270008AE7344A1370B7E7802B7FF478AF34489D
:1012800002210580FFF7C0FE75E7B3F5A06F00F0FF
:101290000B81A3F5D063012B3FF669AF2D4B5D6841
:1012A000002D3FF464AF1FFA8CFC4FEA124E04E0AD
:1012B0001D690C33002D3FF45AAF1A887245F7D1DF
:1012C0005A886245F4D14FEA1E22032A00F0A58114
:1012D0001A89000C824228BF0246BEF5007F40F00A
:1012E000A181184B1C4918781C4B0192002818BF8B
:1012F00019461B48FFF7B0F9194D019AE1E142F296
:1013000021218B427CD033D942F221318B4200F033
:1013100081804FF6C0018B427FF429AF10F47F4FDC
:1013200083B27FF424AF43F46E4363F30F0CB5E74D
:1013300000002E4000000020ECB6002000C5002078
:1013400004C5002039C500203AC50020E8B60020B9
:101350001CC400202C900020D81E00603C1F0060A0
:1013600000002020E0B600205DCFC6B8C0012E40AE
:10137000B3F5106F66D042F221018B427FF4F7AED5
:10138000030C072B7FF4F3AEB24BB349F560D96081
:10139000B249B360C3F80890C1E9002001221A6085
:1013A000AF4A5A60AF4A1A61D4F8B01141F0010156
:1013B000C4F8B01102F5805102F5005259619A61EA
:1013C000D4F8B031002BFBD1A74AF364936001231A
:1013D000B264136048F2800353604FF00113C4F805
:1013E000BC31D4F8B03143F48033C4F8B0314FF499
:1013F0008033CAF80030D4F8B031002BFBD1BAE604
:1014000080B238B9994BC2F307421968984B1960FA
:10141000984B1A70944B00229A60F2640122B364D4
:101420001A6080225A604FF00113C4F8BC31D4F81E
:10143000B03143F48033C4F8B031D4F8B031002B6C
:10144000FBD198E6C2F307428B4B1A708B4BC4F862
:10145000C8318B4BC4F8CC318A4BC4F8D03100F082
:10146000D3FB80222946884806F084FC874B8022E3
:10147000C6F8A0B0C6F8E0307B4BF5645A60012294
:10148000B3649D601A604FF00113C4F8BC31D4F806
:10149000B03143F48033C4F8B031CAF80050D4F806
:1014A000B031002BFBD166E66F4B0121F56419606A
:1014B00080219D60B36459604FF00113C4F8BC31C2
:1014C000D4F8B03143F48033C4F8B031D4F8B0313B
:1014D000002BFBD1130C5B0643F08073C4F854312E
:1014E00049E6654B01216A481B780370FFF78CFDC4
:1014F00041E683B210F078007FF439AE03F07F024A
:1015000058F82210624A1080180600F19E80CB071E
:1015100001D50123137002215D48FFF775FD2AE60E
:1015200010F0780F83B27FF422AE03F07F0213F045
:10153000800F58F8223014BF43F4803343F0010386
:1015400048F822300022484BF2649A600122B364CA
:101550001A6080225A604FF00113C4F8BC31D4F8ED
:10156000B03143F48033C4F8B031D4F8B031002B3B
:10157000FBD100E603F07F0213F0800F58F8223011
:1015800014BF23F4803323F0010348F822300022F3
:10159000354BF2649A600122B3641A6080225A606B
:1015A0004FF00113C4F8BC31D4F8B03143F48033A8
:1015B000C4F8B031D4F8B031002BFBD1DBE500200A
:1015C000086026490C88486842F221018C427FF469
:1015D00025AE80B200287FF421AE2E492E4C03C9DF
:1015E000A18086284FEA11412060A1717FF416AED8
:1015F00072B62A48017841F008010170D2F848110A
:101600000D0605D480200143C2F84401C2F84811F8
:1016100062B6234A5021117000E6000C2A788242FB
:1016200028BF0246BEF5E06F44D11E4B1E4D187810
:101630001E491F4B0192002818BF19462846FFF784
:101640000BF807236B70019A3BE0C9033FF561AFCC
:1016500061E700BFE09E0020E0C6002080A00020DF
:1016600080000700E0D60020C09E0020ECC40020CF
:10167000FCC4002037C5002038C500200200CC0083
:10168000C80002000200C800800000201993D57431
:101690001CC40020E0B60020F4C4002032C50020A5
:1016A0003AC5002039C50020000020203C1F006002
:1016B000D81E00602946104D01922846FEF7CCFF47
:1016C000019A25F01F031544BFF34F8F4FF0E0211F
:1016D000C1F8703F20339D42FAD8BFF34F8FBFF35C
:1016E0006F8F05481146FFF78FFC44E50320FFF795
:1016F000D7FC0FF027F900BF000020202DE9F047AC
:101700001F46831E022B01D9BDE8F087DFF84C90FD
:1017100015460C463C2209EBC01806464FEAC01A93
:10172000002108F10400240406F024FBB5FA85F238
:101730000123520944EA427449F80A40C8F8387053
:10174000C8F80830002FDFD0034AB34011680B43BC
:101750001360BDE8F08700BFECB600200000002059
:101760002DE9F0470D46811E022901D9BDE8F08719
:10177000C701DFF84C909246044640373C220021D6
:101780001E4609EB07082D0408F1040006F0F2FAE2
:10179000BAFA8AF2520945EA427249F80720012250
:1017A000C8F83860C8F80820002EDFD0034B10348A
:1017B0001968A2400A431A60BDE8F087ECB6002021
:1017C0000000002012048160C36101F5405342F023
:1017D000800210B40124426001F50052046001F55A
:1017E000805401F58041C46081615DF8044BC0E91B
:1017F00004237047831E0A46022B00D97047064B0C
:1018000000F110014FF0010C03EBC0100CFA01F1D4
:101810004030FFF799BB00BF00000020831E0A463E
:10182000022B00D970470121024B814003EBC0100D
:10183000FFF78ABB0000002040687047124A134B34
:10184000D2F8200220F07F40984210B584B002D236
:1018500000EB800040000E4C01A90A22FEF79AFF1F
:1018600001A90023204611F8012B01333AB10A2BBC
:1018700020F8022FF7D11623237004B010BD5B00AF
:10188000DBB2237004B010BD00441F408096980066
:101890002C9A002000F0D6BA00F066BB00F03CBBEA
:1018A0000846114600F02CBBF8B5144C4FF0E0256B
:1018B000134E4FF4003204EB4024124F06EB401657
:1018C0000346C5F88C2121463A883046FFF77AFF57
:1018D0003B882344BFF34F8FC5F85C4F2034A342AD
:1018E000FAD8BFF34F8FBFF36F8F03203146FFF756
:1018F00095FF4FF40033C5F80C31F8BD800020206F
:10190000009F002016C50020244B2DE9F0411C88C3
:101910004368C569C3F30E43E41A002C24DD204953
:1019200020480A780078D3B21F4E82421F4807D061
:1019300010F8038036F81870C7F50072944218D971
:101940000133002226F81540082B194E88BF134694
:1019500026F8152098BFDAB2C554164B0A701A68DB
:1019600014441C60BDE8F0812846BDE8F041FFF753
:101970009BBF07EB4820104922462744084401EB4F
:101980004521FEF769FE0B4A284626F818701368B1
:101990002344BDE8F0411360FFF786BF16C5002061
:1019A00030C5002031C5002028C4002048C40020D4
:1019B00038C4002024C40020800020201D4B1A7849
:1019C000002A36D102F0FF031B4A12788AB32DE9B0
:1019D000F0411A4D2A8852B3194EC2F50068194FCA
:1019E0003278194C07EB421704EBC22442463846C2
:1019F0002146FFF7E7FE04EB0802BFF34F8F4FF0DD
:101A0000E023C3F8704F2034A242FAD8BFF34F8FBF
:101A1000BFF36F8F04203946FFF7ECFE33780133B4
:101A2000DBB2032B88BF0023337000232B80BDE87B
:101A3000F081704736C5002038C5002018C5002049
:101A400035C5002000A00020801020202DE9F04F97
:101A500085B0CDE90110002900F0BF800023604C63
:101A6000DFF89881DFF898A15E4F009301235E4A6A
:101A700023705E4B1978B8F8003002EB4119002B47
:101A800040F0A7801E461D469B464846FFF7D4FE01
:101A900010F0800000F08C80BFF34F8F9AF8003078
:101AA00084F800B005B93E68002B7DD13B689B1BD4
:101AB000782B00F287804E4B1B78002B74D000F0FF
:101AC0009DFA0122B8F8003015462270002BDCD0B8
:101AD000464AC3F5006011781A4600EBC120454D17
:101AE000C9022844019D954217D20393DDE90151B3
:101AF0002A46FEF7B1FD039B4FF040425B1BA8F85E
:101B000000303D4BC3F88420BFF34F8F0098002373
:101B10002844237005B0BDE8F08F364BCD180299EC
:101B2000FEF79AFD00234FF4006229464846FFF76E
:101B300049FEBFF34F8F05F1200205F50063934284
:101B400034BF012340234FF0E02205EB4313C2F8DA
:101B5000705F2035AB42FAD1BFF34F8FBFF36F8F69
:101B600004204946FFF746FE204A13780133DBB2D2
:101B7000032B84BF00231D4A1370B8F80030019A6C
:101B8000D11A009A1A4401910092029A1A44002331
:101B90000292194AA8F80030C2F88430BFF34F8F80
:101BA000237000297FF462AF009805B0BDE8F08F84
:101BB0004FF400620D4B8AF8000019781346A8F81C
:101BC00000208AE7012300988AF8003005B0BDE8BC
:101BD000F08F1A46C3F500607FE70198E5E700BF84
:101BE00036C50020ECC4002000A0002035C5002030
:101BF00038C500208010202000002E4018C500208D
:101C000034C50020704700BF2D4B002180222D4895
:101C100070B51B7800242C4D8B422C4E0CBF4023FA
:101C20004FF400732B80338006F0A4F8284A214635
:101C3000284B14704FF4807227481C8006F09AF8E5
:101C4000264A1021264B0220C2E90044C2E9024480
:101C5000244AC3E900441470234AC3E90244234BD5
:101C60001C70234614602246FFF77AFD2246318815
:101C700003201F4BFFF742FD234601222988042041
:101C8000FFF76EFD20460134FFF70EFE082CF9D158
:101C9000184B00214A221848184C0460C3F88410DD
:101CA000C3F88020D3F84821154942F08072C3F868
:101CB000482121B1134A137843F00103137070BD1A
:101CC00039C5002000A000201AC5002016C500203C
:101CD00035C5002018C50020009F002028C4002022
:101CE00038C4002030C5002024C4002031C50020A5
:101CF0003DF9000000002E4000C50020F1F9000071
:101D0000000000003BC500202DE9F04F4FF0E0231C
:101D10004FF40032DFF8C8A083B0C3F88C218B46A3
:101D20009AF8004000294FD08046E4B20027DFF83F
:101D3000B490264BABEB070225491B78A34204F174
:101D400001043FD0092C234B404628BF00241E5DD0
:101D500039F816C00CEB462319441F4B33F81650C4
:101D6000A5EB0C05AA421CD20CEB462C18491B4CC7
:101D700061440192FEF770FC216839F8165058460C
:101D8000019AA1EB0B012A44394429F8162021605D
:101D90004FF0E0234FF40032C3F80C2103B0BDE84C
:101DA000F08F2A462F44FEF757FC0C49E3B2304629
:101DB0000A68A844521B0A608AF80030FFF774FDD5
:101DC000BB45B6D83846E3E70846E1E730C5002012
:101DD0008000202048C4002028C4002024C4002003
:101DE00031C5002038C400200B4B0C4A12781978FA
:101DF000D3B28A420DD0013309480A4A092B0A4955
:101E000028BF0023C35C31F8131002EB4323585C56
:101E100070474FF0FF30704730C5002031C50020BB
:101E200048C400208000202038C40020044B10B596
:101E30001C680CB1204610BD00F0E0F8204610BD33
:101E400024C400202DE9F84F144E154D33782A781C
:101E5000934221D0DCB2DFF85090DFF850B0DFF8C9
:101E60005080104F0134082C5FFA84FA01D9002405
:101E7000A24619F80400DBF8003038F8102037F8D3
:101E80001010521A9B1ACBF80030FFF70DFD86F8A0
:101E900000A02B78A342E5D1BDE8F88F31C5002022
:101EA00030C5002038C4002048C4002024C40020CD
:101EB00028C4002000B583B001210DF10700FFF711
:101EC00023FF20B19DF8070003B05DF804FB4FF03D
:101ED000FF30F9E7094B00B583B01B788DF8070098
:101EE0003BB101210DF10700FFF7B0FD03B05DF834
:101EF00004FB03F0FF0003B05DF804FB38C50020CD
:101F0000044B1B7803F0FF020BB1FFF79FBD104697
:101F1000704700BF38C500202DE9F0410024DFF8EC
:101F2000448001230D4D27460D4E88F8003033784C
:101F300028462035A34204F1010405D0FFF77CFCBC
:101F4000030658BF07F50067042CF0D1BFF34F8F8D
:101F50000023384688F80030BDE8F08100A000205A
:101F600035C5002036C500202DE9F8431D4B1B78F0
:101F700013B11D4D2A880AB9BDE8F8831B4EC2F57E
:101F800000691B4933784A461A4C01EB43181A4F33
:101F900004EBC324012340463B7021460023FFF796
:101FA00011FC04EB0902BFF34F8F4FF0E023C3F89D
:101FB000704F2034A242FAD8BFF34F8FBFF36F8F18
:101FC00004204146FFF716FC33780133DBB2032BC4
:101FD00088BF0023337000232B80BFF34F8F3B70EB
:101FE000BDE8F88338C5002018C5002035C500209D
:101FF00000A000208010202036C500202DE9F843E5
:102000002D4B1E7866B12D4F3B784BB90123F1075C
:102010003B7043D4B20726D400233B70730701D42E
:10202000BDE8F883264B1A68002AF9D0EFF3058241
:10203000002AF5D1EFF3108572B61868002834D065
:10204000204C2178002930D10122227042691A6087
:10205000002A2ED0916105B962B6002583684577C4
:1020600098472570DCE7DFF8648098F80030002B93
:10207000D2D00025DFF858902B4659F8234001357F
:10208000236820461B69984710B163699B6898478D
:1020900098F80020EBB29A42EFD8BDE7FFF7C6FEF2
:1020A0000028B7D0AFF30080B4E7002DB8D162B6F6
:1020B000B6E7054B1A60CEE73BC5002024C50020DB
:1020C00000B3002021C500200CB3002023C5002050
:1020D00070B30020EFF3108272B6437F5BB9017FCB
:1020E000012930B40BD0032913D00123437702B95F
:1020F00062B630BC70470AB962B670477047124C7E
:102100002168B1B1114943610B680860836158616E
:10211000EBE70F4D0F492C688CB143610B6883616D
:1021200058614FF0E0234FF080540860C3F8044D2D
:10213000DBE7064B20601860C0E90511D5E7C0E970
:1021400005442860EDE700BF00B300200CB3002079
:1021500008B3002004B3002090F81CC04160BCF11B
:10216000020FC26001D183681847FFF7B3BF00BFF9
:1021700070B5EFF3108272B60C4C206880B10C4E33
:1021800000254369236073B19D6102B962B683681B
:1021900045779847EFF3108272B620680028F0D197
:1021A00002B962B670BD3360EFE700BF08B300202C
:1021B00004B30020FFF7DCBF0449054A4968054B1A
:1021C0001960136801331360704700BF001000E00E
:1021D000ECC40020E8C4002008B5D0E900325BB1AF
:1021E000BAB10F4BA3FB0213DB0803EB4303B2EBC3
:1021F00083030AD1012008BD094BA3FB0213DB08AE
:1022000003EB4303B2EB830301D0D21A4260F02AFE
:10221000F0D805F0F1FE1C22034600201A6008BD2C
:10222000ABAAAAAA70B5044638B319B1B2FA82F6BD
:102230007609A2B9206800B36268F2B1184B194957
:1022400002FB03F3B1EBB30F17D3A368E3B900228A
:10225000012322606260A260E260184670BD1D46E4
:10226000049BC0E90012C360FFF7B6FF03460028D5
:10227000F3D06DB90123184670BD05F0BDFE1622DE
:1022800000230260184670BD002105F073FDDEE7F3
:10229000626831462068A56005F06CFD0123DCE72B
:1022A000ABAAAAAA5555551503460846194605F086
:1022B00059BE00BF38B50D46044600212846FDF73B
:1022C0007FFF084B2A0103EB051599580023EA68A4
:1022D000A360E3732382A374C4F80B30C4E9002124
:1022E00038BD00BF108C0020F0B5D0E9005C72B69C
:1022F000DCF80430EF4323EA0503CCF8043062B67F
:102300007C20DFF8C0E02D492D4E4C68DEF800201F
:10231000A6FB0232920C52004B681B1B9A42FBD860
:10232000DCF808302B4204D1431E13F0FF00ECD13F
:10233000F0BD72B6CCF88850DCF804302B43CCF8F2
:10234000043062B61E4B4868DEF800201B49A3FB30
:102350000232920CC2EB021252014B681B1A9A42D3
:10236000FBD872B6DCF804301F40154BCCF8047073
:102370004868DEF800201149A3FB02324623920C84
:1023800003FB02F24B681B1A9A42FBD8DCF80830B8
:102390002B420CBF0120002062B6094B4C684FF461
:1023A000CD71DEF80020A3FB0232920C01FB02F299
:1023B00002494B681B1B9A42FBD8F0BD001000E09D
:1023C00083DE1B43FC910020CB0770B4D0E90040B2
:1023D00028D572B6C0F888404368254D2343254967
:1023E0004360254B6E680A68A3FB0232920C02EB35
:1023F000820252006B689B1B9A42FBD8C0F8844053
:1024000062B61D4B68680A681949A3FB0232920C38
:10241000C2EBC203C2EBC3024B681B1A9A42FBD841
:1024200070BC704772B6C0F888404368104D2343B3
:1024300010494360104B6E680A68A3FB0232920C8D
:1024400002EB82126B689B1B9A42FBD8C0F8844057
:1024500062B6094B68680A680549A3FB0232920C10
:1024600002EB82024B681B1A9A42FBD870BC704781
:10247000001000E0FC91002083DE1B4370B4D0E923
:10248000004172B64B681D4823431D4D4B60C1F897
:1024900088401C4B46682A68A3FB0232920C02EB70
:1024A000420243689B1B9A42FBD84B68134E23EAB7
:1024B00004034B60134B40682A68A3FB0232920C62
:1024C00002EB8202520073681B1A9A42FBD88B6897
:1024D000234214BF0120002062B60A4B35217468E4
:1024E0002A68A3FB0232920C01FB02F203494B68FB
:1024F0001B1B9A42FBD870BC704700BF001000E065
:10250000FC91002083DE1B432DE9F041082506469F
:102510000F4690460124274230464FEA440414BF38
:1025200001210021FFF750FF013DE4B2F3D1B8F1E2
:10253000000F0AD172B6D6E900135A6822EA0102E6
:102540005A603268C3F8882062B6BDE8F08100BFE7
:10255000F8B508240027012506463046FFF78EFF10
:102560006B0000B12F43013CDDB2F6D13846F8BD17
:1025700070B508250124064614F0CC0F30464FEA0A
:10258000440414BF01210021FFF71EFF013DE4B206
:10259000F2D172B6D6E900135A6822EA01025A60F3
:1025A0003268C3F8882062B670BD00BF0023836024
:1025B000C37303828374C0F80B307047837C2DE9AA
:1025C000F04704462BB1002318462382A374BDE8CC
:1025D000F08789461546FFF787FE0028F3D00826C6
:1025E000002D45D0012515F0F00F20464FEA450596
:1025F00014BF01210021FFF7E7FE013EEDB2F2D149
:1026000072B6D4E900135A6822EA01025A602268BD
:10261000C3F8882062B601264FF000083746C2464C
:102620002046FFF72BFF05462046FFF727FF012D29
:1026300001D1012847D085422ED0012D04EB08039B
:1026400025D01A7A22EA06021A7276002946204616
:102650000137FFF7B9FE16F0FF06FFB2E0D108F12F
:1026600001085FFA88F8B8F1080F2CD00126D7E7E7
:10267000012515F0EC0F20464FEA450514BF012156
:102680000021FFF7A1FE013EEDB2F2D1B8E71A7AC0
:10269000012532431A72D8E7237CBB420DD904EBE3
:1026A00008031A7A164214BF01250025002DEED129
:1026B000082F24D8BA466774C3E70CBF012500254C
:1026C00004EB0803F2E7402F7FF67DAF84F810A0FB
:1026D000BAF1000F01D10123A374227A002A3FF43A
:1026E00072AF09F1FF33083409F1070901E014F86A
:1026F000012F03F8012F4B45F9D1012067E7BA46B6
:102700009FE700BF81B100EB010C084B002110F8DE
:10271000012B5140604501F00F0203EB11119A5C4F
:10272000097C81EA0201F2D108467047AC1F0060C3
:1027300069B170B5054608460C4605F067FE2B6882
:102740000246214628465B68BDE87040184770473E
:102750008368C3F3080383B1002110B40269D15424
:102760000133B3F5007FF9D10168D0E903321C6869
:102770001846636A5DF8044B18470120704700BF94
:1027800082680346006940F2FF1CC2F308028154CC
:102790006245586801EB7001986800F10100C3E9D7
:1027A000011001D001207047D868196810B404687E
:1027B0004A1C646A1A601A6923465DF8044B18477C
:1027C00038B58368CAB20D460169C3F3080340F205
:1027D000FF1C0446CA546345416802EB7102426023
:1027E000826802F10102826005D0290A2046BDE814
:1027F0003840FFF7C5BF0168C0684A1C03685B6AC0
:102800002260226998470028EFD138BDF8B500232F
:10281000064601601D46C0E90133A8B2FBF7A6FEDB
:10282000A842044607D0C1B23046FFF7A9FF0028EE
:102830003BD10020F8BD6C1CB4F5803F04D12AE0E8
:102840000134B4F5803F04D0A0B2FBF78FFEA04264
:10285000F6D0671BB7F5007F1DD34FF6FF713046EA
:10286000FFF7AEFF0028E4D0B9B23046FFF7A8FF6B
:102870000028DED02546B5F5803FCED13046BDE8F4
:10288000F840FFF765BFC5F3072130460135FFF774
:1028900077FF0028CDD0A542E9B23046EBD2FFF752
:1028A0006FFF0028EFD10020F8BDC4F307213046A8
:1028B000FFF766FF0028BCD00135DCE72DE9F04FBB
:1028C0001F4689B00B680D4604901446C160026132
:1028D0000846DB699847B0F5801F0090C0F0D880AB
:1028E00000230122009E01335200DBB201D0964248
:1028F000F9D81C2B009640F2B780A3F10B080122F7
:1029000048FA02F1C8F347088A400291079201335E
:1029100001225B109A40069204229A4003920222FE
:1029200002FA03F30193009A0021039B2046029EC2
:102930004FF0010AD31A4FF400724AF6552BF340B8
:1029400003FA06F90593019E05F014FAFF2384F8B3
:10295000BFA184F8C0A1B14484F8C431224684F8F0
:10296000C53107230021284684F8C231FE23C4F86C
:10297000C66184F8C3312B68C4F8CA915B6AA4F8B5
:10298000FEB19847002863D04FF400720021204622
:1029900005F0F0F9009B84F86D804FF00008636645
:1029A000F421059B04F17800069AE3652023266450
:1029B00023726372A372EB23A665464623707623C7
:1029C000C4F848906370902384F86EA0A3704523E8
:1029D000E37058232371462363714123A371542369
:1029E000E371042323664FF48073A4F8683009234D
:1029F00084F86C308023C4E9142284F86F304FF4DB
:102A0000C37205F0B7F9A4F8FEB1A8F16A03012B6F
:102A100006D9B8F1700F03D014F8083003EB76062E
:102A200008F10108B8F5007FEFD12B682246DDF8E8
:102A3000049028465B6A4946984748B12B68494646
:102A4000224628465B6A0C31CDF80490984740BB7B
:102A50002FB13B680F22B84938465B68984700267B
:102A6000304609B0BDE8F08F1A2B4FF0080800F28D
:102A7000A6814FF48043CDF8088001934FF40043C2
:102A800003934FF4807307934FF4005306934AE780
:102A9000002FE4D03B681522A84938465B68984768
:102AA000D7E742460021204609F1010A05F062F904
:102AB0004AF6552309F1090204F2FF19A4F8FE3180
:102AC00000239346A04601E018F8013FC14503EBFF
:102AD0007606F9D12B682246514628465B6A98470C
:102AE0000028B5D02B6822460AF10C0128465B6A03
:102AF00098470028ACD00AF101039B4502D09A46C2
:102B00002378DFE74FF40072002120469B4605F052
:102B100031F900220AF1030A1146234601E013F8B5
:102B2000011F984501EB7606F9D12B6822465946DC
:102B300028465B6A984700288AD02B6822460BF10A
:102B40000C0128465B6A9847002881D00BF10101EF
:102B50008A456AD1231F04F5FE7243F8046F9A4236
:102B6000FBD12B68224628465B6A984700283FF431
:102B70006FAF2B680BF10D01224628465B6A984720
:102B800000283FF465AF2FB13B680C226C493846F2
:102B90005B689847069A0021019B20460026134453
:102BA0004FF400729946059B4FEA830805F0E2F85E
:102BB00023464FF0FF3208F20728F821B7F1000B47
:102BC0004FEA582A03F8011B4FEA9838C4F801204D
:102BD00018BF4FF0010BDA605A609A60C3F80F20FB
:102BE00002E00136B24523D0B6FBF8F308FB1363CD
:102BF00043B9BBF1000F05D03B680122514938466B
:102C00005B6898472B6809EB0601224628465B6AF9
:102C1000984700283FF41CAF002EE2D131464FF414
:102C20000072204605F0A6F8DBE78B46217874E7B2
:102C3000002F34D03B680222434938465B689847EE
:102C4000059E079A0736F60806F2FF13B2EB532FDC
:102C50004FEA5329FFF4FDAE4FF4007200212046E5
:102C600005F088F807232370B9F1000F00F08A807F
:102C70004FF0000808E0B8F1000F01D184F800809F
:102C800008F10108C1457BD9039A28462B6802EB5D
:102C9000080122465B6A98470028ECD1D8E6059ED9
:102CA000079A0736F60806F2FF13B2EB532F4FEAE6
:102CB0005329FFF4D4AE4FF400723946204605F094
:102CC00059F807232370B9F1000FD1D1039B079A5C
:102CD00004989918FFF79AFD00283FF4C0AE029AB5
:102CE0004FF400739340049A92689A423FF6B7AE4D
:102CF0004FF00208029B4FF40072002108FA03F91A
:102D0000039B2046994405F035F88122032304995A
:102D100009F1FF3984F820208222237084F84020B2
:102D2000C4E90D864A684FF00108636562648B68E8
:102D3000A3650023E3650EE0500A0020EC090020A3
:102D4000040A0020140A00202C0A0020079B984542
:102D50003BD208F101082B6809EB080122462846FE
:102D60005B6A9847064600283FF472AEB8F1010F3F
:102D7000ECD14FF400720021204604F0FBFFE8E79D
:102D8000002FA3D03B681622144938465B68984749
:102D9000039B079A04989918FFF738FD00283FF421
:102DA00058AE029A4FF400739340049A92689A4284
:102DB0003FF64FAE0A493846FFF7BAFC98E74FF4A2
:102DC0008072CDF808800792A1E5002F3FF448AE4D
:102DD00004493846FFF7ACFC42E600BF180A002061
:102DE000300A0020400A00202DE9F843DDF8209049
:102DF000A2B105460C469846571801E0BC420DD0DA
:102E00002B68204649465E6AC0472146024628464E
:102E10000134B0470028F1D1BDE8F8830120BDE8B6
:102E2000F88300BF486810B50C4630B10B894A8959
:102E300001339BB29A420B8101D9206810BD03680F
:102E4000012203495B68984700232068238110BD55
:102E5000140A00202DE9F04F054687B088469246B7
:102E600000214FF40072406A04F084FF286A28B100
:102E700003680C223A495B689847286A6B6A4FF0EE
:102E80000009EE690AF1FF32DFF8E0C0E968ADF849
:102E900014904C1CCDE903304FEA5A13ADF81630AC
:102EA0003368DF6A674526D16AB301EB0A07DFF8AA
:102EB000C0A00AE02146039A30460134D8470028D2
:102EC0003FD0A7421ED033680498D3F824B000281E
:102ED000F0D0BDF81430BDF8162001339BB29A42F1
:102EE000ADF81430E6D80368514601225B68984774
:102EF000ADF81490DEE703AB214630460093194B42
:102F0000B847F0B1286A20B10368022216495B680D
:102F10009847B8F1100F4FF0F8016A6A4FF00103BB
:102F20000CBF04200C201170FF216A6AD1540133B8
:102F30009842FAD1E8696A6A0368E9685B6A984767
:102F400018B9002007B0BDE8F08FD5E90231E86973
:102F500019446A6A03685B6A984707B0BDE8F08F56
:102F6000040A0020590E01002C0A00201D0E010049
:102F7000140A002038B5436A4FF400750446002156
:102F80002A46184604F0F6FE4FF02031EB22A0F856
:102F90000B50C0F803100346C0F8071090210270D0
:102FA000762099700222587094F82B1059734AF6C3
:102FB0005521208D1A74F822D8815A752269DA6158
:102FC000A269A3F8FE111A6238BD00BF70B50446AD
:102FD0004FF400720021406A04F0CCFE656A226959
:102FE000216805F2BF1002F0C5FBA369226905F252
:102FF000C31021681A44013A02F0BCFB94F82A205D
:103000004AF6552385F8C2212269E069C5F8C62130
:10301000626AA169A5F8FE310368C5F8CA110021EA
:103020005B6ABDE87040184770B546694FF480731D
:1030300090F82BE00446A6F58072456A4360B2FB27
:10304000FEF202F2011C4FEA1C214FEA410C8160A2
:103050000CF1A10098420ED98033F21AB2FBFEF2B5
:1030600002F20111090A4FEA410C0CF1A10083425E
:10307000F2D3C4E901311B1AA2F6F57103F1800005
:10308000B1F5704F20614FD20CF1210C81332046F5
:1030900002FB0EC2E360B2F5803FA26134BF04239D
:1030A000062384F82A3001232385FFF78FFF08B910
:1030B000002070BD2046FFF75DFF2922A1684FF078
:1030C000203385F826204622C5F82F30802085F849
:1030D00036205422C5F82B30C5F83230312385F81C
:1030E00038203622E982412185F8393085F83710B9
:1030F0004FF4007185F8240085F83A200F4BE06901
:10310000C5F827300368A5F81110626A21695B6A67
:1031100098470028CCD062682046E3681021D21A74
:10312000BDE87040FFF796BE206A0028C0D0036853
:10313000132203495B689847002070BD87D61200B0
:10314000D8090020F8B546694FF4005390F82BC019
:103150004FF48042A6F58041036142F2090E044615
:10316000456A4260B1FBFCF101F18103DB09836038
:103170000EEB4300904240F2B68002F50052B11AC5
:10318000B1FBFCF101F18103DB090EEB43005F00B1
:103190008242F2D3C4E901234FF6F473994240F21C
:1031A000978001FB0C2CA2F500522046D21B92B254
:1031B00002F5005322854D4AE360ACF50053944577
:1031C00094BF4FF00B0C4FF00C0CA36184F82AC095
:1031D000FFF7FCFE08B90020F8BD2046FFF7CAFE45
:1031E000A16829224FF020338020696285F84220AF
:1031F00054214622C5F84B3085F840004120C5F8DF
:103200004730C5F84E30022385F85220332285F826
:103210005410322185F8552085F8530085F8561052
:10322000EB62E069324B334A2B630368C5F84320F5
:103230005B6A626A216998470028CCD0E0692169FD
:1032400003680631626A5B6A98470028C3D04FF46E
:1032500000720021606A04F08DFDE069264A03686F
:10326000C5F8FC2121695B6A0231626A984700282F
:10327000B1D0E069216903680831626A5B6A9847E6
:103280000028A8D04FF0FF33E0691C4AC5E97A3323
:103290001B4B2A60C5F8E43103682169626A5B6AE6
:1032A00001319847002896D0E06921690368626A75
:1032B00007315B6A984700288DD0A268204694F8B1
:1032C0002B30202103EB4202BDE8F840FFF7C2BDDE
:1032D000206A00283FF47FAF0368132209495B6826
:1032E00098470020F8BD5F0056E700BF0004FB00D0
:1032F0000100060087D61200000055AA5252614113
:1033000072724161D809002038B504460D68C16168
:1033100008466262EA692362904700F2FF736061C7
:10332000DB0A062B236024D9102B13D80223B0F517
:10333000800F84F82B3020462ED2FFF775FE05460D
:10334000206A05B320B103680D2219495B689847CC
:10335000284638BD202B23D9402B23D9802B23D9B5
:10336000B3F5806F22D9B3F5004F8CBF8023402383
:10337000DDE7206A20B1036814220E495B68984794
:103380000025284638BD0028FAD003680F220A49D4
:103390005B689847284638BDFFF7D4FE0546CFE75F
:1033A0000423C4E70823C2E71023C0E72023BEE7B5
:1033B000B8090020A0090020C80900204FF0FF3004
:1033C000704700BF407C7047007D7047407D70476C
:1033D00001207047007F70472DE9F0471E46C37CEF
:1033E00005460C46022B9146089F28D02B682146A3
:1033F00028461B6E984798B1AC61B9F1000F12D006
:1034000004EB090801E0A0450DD039462046B0473D
:103410002B6801462846DB6D013498470028F2D11D
:103420000020BDE8F087AB69287F4B44AB610028E2
:10343000F7D12B6828465B6EBDE8F04718478369D3
:103440008B42D3D1D9E700BF704700BF043002F0F0
:103450003DB900BF10B504462021FDF799F920467B
:1034600010BD00BF2DE9F0411F46C37C05460E4646
:10347000022B144624D02B68314628461B6E9847F1
:1034800078B1AE6187B1002601E0B7420CD02A685E
:10349000214628460136D26D04F500749047002875
:1034A000F3D10020BDE8F081AB69287F3B44AB61DC
:1034B0000028F7D12B6828465B6EBDE8F04118471D
:1034C00083698B42D7D1DDE72DE9F041204E0746D5
:1034D00000F10408356805F51675ADB203E03368F0
:1034E000EB1A1B0410D4404602F0F4F8FF280446FF
:1034F000F5D1FD21404602F00BF9BB7CCBB900238E
:103500000120FB74BDE8F0811E23B87C7B74002889
:10351000F8D0387C012102F009F8FF21404602F082
:10352000F7F8404602F0AAF800231846BB74BDE83D
:10353000F0810121387C01F0F9FF2146404602F07C
:10354000E7F8404602F09AF80023BB74D7E700BFC3
:10355000ECC400202DE9F041C37C012B35D0867CE2
:1035600004464EB1043002F0B5F8B0F1FF0518BFC3
:1035700001252846BDE8F081071D4FF001083846B7
:1035800002F05EF83146207C01F0D0FFFF21384682
:1035900002F0BEF8384684F8128002F09BF8A37C53
:1035A000B0F1FF0518BF0125002BE2D04146207C79
:1035B00001F0BCFFFF21384602F0AAF8384602F0BD
:1035C0005DF82846A674BDE8F08100252846BDE8D0
:1035D000F08100BF2DE9F843204F0446884691460C
:1035E0003D68061D05F59675ADB203E03B68EB1A24
:1035F0001B040DD4304602F06DF8FF282075F5D07D
:10360000FE281AD01823A07C637430B9BDE8F88373
:103610001D23A07C63740028F8D0207C012101F0D8
:1036200085FFFF21304602F073F8304602F026F89D
:1036300000231846A374BDE8F8834A464146304645
:1036400002F054F8207538B9304602F043F830469D
:1036500002F040F80120D9E72523D4E7ECC400208C
:10366000F0B5002783B00C2104463A46C77400F039
:103670005BF8B0B9A67C1EB90126304603B0F0BD98
:1036800005460121207C01F051FF201DFF21019002
:1036900002F03EF8019801F0F1FF3046A57403B046
:1036A000F0BD0923A67C6374002EE6D0251D207C86
:1036B00001213E4601F03AFFFF21284602F028F89A
:1036C000284601F0DBFF3046A77403B0F0BD00BF11
:1036D000C27C022A03D0012A04D00120704703686B
:1036E0005B6E1847FFF7BCBF38B503680D460D4940
:1036F00004461A6A8A420CD1C27C022A04D0012AEA
:103700000BD00120257738BD5B6E98470028F8D193
:1037100038BD90470028FBD0F3E7FFF7A1FF002852
:10372000F6D0EEE7051701002DE9F041036882B0FD
:103730000F463549019206461A6A8A425ED1C27C1A
:10374000022A41D0012A5BD0B47C002C47D0351D21
:103750000C2F11D0DFF8B480D8F8004004F596742F
:10376000A4B204E0D8F80030E31A1A0434D428468E
:1037700001F0B0FFFF28F5D10DF1040802AC47F0CD
:103780004001284601F0C4FF14F8011D284601F04D
:10379000BFFFA045F8D1002F28464FF00A040CBF08
:1037A0009521872101F0B4FF284601F093FF2846B8
:1037B000013C01F08FFF0306A4B2307501D5002C47
:1037C000F5D102B0BDE8F0815B6E98470028BBD10F
:1037D000FF2002B0BDE8F081002FCDD0F8E7351D05
:1037E000284601F02DFF2146307C01F09FFEFF218D
:1037F000284601F08DFF0123B374A9E79047E5E760
:10380000FFF72EFFE2E700BF05170100ECC4002020
:103810002DE9F04788B005464FF00008174601AC87
:103820002E1D85F8128085F8118085F8158084E8B2
:103830000E009DF80400287401F074FE0121287C1C
:1038400001F074FE6C490723C5E9021394E80700F0
:1038500005AB83E8070030460ECB01F0FBFEAC7CE5
:1038600085F81380002C67D00A240121287C01F000
:103870005DFEFF21304601F04BFF611E11F0FF0499
:10388000F7D121460A24287C01F050FE0022284668
:103890001146FFF749FF012804F1FF3304460AD01F
:1038A00013F0FF04F2D10123A87C6B74002851D1DE
:1038B00008B0BDE8F0874FF4D57208212846FFF71D
:1038C00033FF420757D56C752B68DFF830A19B6D2D
:1038D000534561D1687DA0F10204DFF82491B4FA68
:1038E00084F4D9F80030640903F5FA68A4071FFAD4
:1038F00088F805E0D9F80030A8EB03031B0449D48D
:10390000372100222846FFF70FFF224629212846AB
:10391000FFF70AFF0028EDD12B689B6D534565D159
:10392000687D022849D0AB7CCBBB07230120C5E9C9
:10393000027308B0BDE8F087304601F081FE2146F1
:10394000287C01F0F3FDFF21304601F0E1FE012368
:10395000AB7489E7287C012101F0E8FDFF213046A6
:1039600001F0D6FE304601F089FE00231846AB7404
:1039700008B0BDE8F087022304246B75304601F0DF
:10398000A9FE631E287513F0FF04F7D1AA289BD067
:10399000062389E7172387E7284698479BE70121F5
:1039A000287C01F0C3FDFF21304601F0B1FE304616
:1039B00001F064FE0023AB74B7E700223A212846E9
:1039C000FFF7B2FEA8B9304601F084FE00F0C00057
:1039D000C02801D103236B75304601F07BFE3046D1
:1039E00001F078FE304601F075FE9CE728469847C6
:1039F00097E7122358E700BF801A06000114010060
:103A0000ECC40020F8B500220D463A210646FFF727
:103A10008BFEE0B9371D2C1D384601F05BFE04F823
:103A2000010DA542F8D1B47C14B901242046F8BD9B
:103A3000307C012101F07AFDFF21384601F068FE5B
:103A4000384601F01BFE00232046B374F8BD122354
:103A5000B47C7374002CE9D0341D307C012101F05A
:103A600065FDFF21204601F053FE204601F006FED1
:103A700000231C46B3742046F8BD00BF70B516463F
:103A800082B000220446FFF74FFEB0B11B236374DF
:103A9000A07C08B902B070BD251D207C012101F079
:103AA00045FDFF21284601F033FE284601F0E6FDE2
:103AB00000231846A37402B070BD0546102231469B
:103AC0002046FFF787FD0028E2D0A67C002EE1D03B
:103AD000207C012101F02AFD201DFF21019001F031
:103AE00017FE019801F0CAFD3046A57402B070BD02
:103AF0000368254ADB6C934200B585B00FD16A4656
:103B00000921FFF7BBFF38B19DF8003013F0C00367
:103B100008D0402B27D0002005B05DF804FB694693
:103B20009847F0E79DF809309DF80A2003F0030359
:103B30009DF806109DF807005B0001F0030180006E
:103B40009DF808C043EAD2139DF8052040EA812081
:103B500002F00F0240EA9C1013440130073B9840EA
:103B600005B05DF804FB9DF809009DF807300130B1
:103B70009DF8082003F03F0300EB034000EB022018
:103B8000800205B05DF804FBE11E010003680A46EF
:103B900030B59B6D83B0164D0446AB4224D1407DB9
:103BA00003284FF01201204618BF5202FFF7BCFD58
:103BB00020B901231846E37403B030BD0C23A07C68
:103BC00063740028F8D0251D207C012101F0AEFC93
:103BD000FF21284601F09CFD284601F04FFD0023FF
:103BE0001846A37403B030BD01919847019AD7E7F6
:103BF00001140100F8B51446C27C06460D46012AA0
:103C00001F4602D183698B4205D029463046FFF713
:103C1000BDFF80B1B56187B1002501E0AF420CD096
:103C200021464FF400723046013504F50074FFF769
:103C3000D1FC0028F2D10020F8BDB369307F3B44AD
:103C4000B3610028F8D13046BDE8F840FFF708BD61
:103C50002DE9F84F9B46C37C06460C46012B1546C2
:103C6000DDF82890DDF82C8002D183698B4205D0E5
:103C700021463046FFF78AFFB0B1B461BBF1000FB7
:103C800015D004EB0B0A02E0C847A2450FD04FF451
:103C9000007229463046FFF79DFC07464246204603
:103CA00029460134002FEFD10020BDE8F88FB36919
:103CB000307F5B44B3610028F7D13046BDE8F84F50
:103CC000FFF7CEBC03682DE9F0415F69164B9F42B8
:103CD0001FD1C37C04460D461646012B02D18369D1
:103CE000994205D029462046FFF750FF70B1A561E3
:103CF0004FF4007231462046FFF76CFC30B1A369E7
:103D0000207F0133A36148B1BDE8F0810020BDE808
:103D1000F081BC460123BDE8F04160472046BDE884
:103D2000F041FFF79DBC00BF291C010003680A4653
:103D300030B59B6D83B0164D0446AB4224D1407D17
:103D400003284FF01901204618BF5202FFF7ECFC80
:103D500020B902230120E37403B030BD0E23A07C00
:103D600063740028F8D0251D207C012101F0DEFBC2
:103D7000FF21284601F0CCFC284601F07FFC0023FF
:103D80001846A37403B030BD01919847019AD7E754
:103D90000114010003682DE9F043DB6C1746414A2A
:103DA00085B004460E46934245D16A460921FFF785
:103DB00065FE0546B5B19DF80A305A0618D5637DF3
:103DC000032B01D076027F02324620212046FFF7E6
:103DD000ABFC28B93A4621212046FFF7A5FC70B379
:103DE00026236374A57C9DB9284605B0BDE8F08301
:103DF00003F03F039DF80B205B0043EAD2137A1CCB
:103E000032431342DBD02723A57C6374002DEBD013
:103E1000251D207C012101F089FBFF21284601F0AE
:103E200077FC284601F02AFC00231D46A37428468F
:103E300005B0BDE8F083694698470546BAE70246F3
:103E400026212046FFF770FC0028C9D1DFF85880F2
:103E500042F2107704F10409D8F800301F44BFB2D1
:103E600004E0D8F80030FB1A1B0417D4484601F0D0
:103E700031FCFF280646F4D1A37C002BB4D00121ED
:103E8000207C1D4601F052FB3146484601F040FCC3
:103E9000484601F0F3FB0023A374A5E728236374CD
:103EA000A0E700BFE11E0100ECC4002070B50022B5
:103EB00082B00E4609210446FFF736FCB0B11B2341
:103EC0006374A07C08B902B070BD251D207C01215F
:103ED00001F02CFBFF21284601F01AFC284601F0D6
:103EE000CDFB00231846A37402B070BD0546102216
:103EF00031462046FFF76EFB0028E2D0A67C002E5C
:103F0000E1D0207C012101F011FB201DFF21019057
:103F100001F0FEFB019801F0B1FB3046A57402B040
:103F200070BD00BF70B5002282B00E460A21044663
:103F3000FFF7FAFBB0B11B236374A07C08B902B091
:103F400070BD251D207C012101F0F0FAFF212846DB
:103F500001F0DEFB284601F091FB00231846A37414
:103F600002B070BD0546102231462046FFF732FBF5
:103F70000028E2D0A67C002EE1D0207C012101F0B7
:103F8000D5FA201DFF21019001F0C2FB019801F03C
:103F900075FB3046A57402B070BD00BF70B5051D3D
:103FA00016460446284601F0B3FB4FF40072314632
:103FB000284601F0B7FBFF21284601F0A9FBFF21AD
:103FC000284601F0A5FB284601F084FB00F01F0302
:103FD0002075052B04D02023A07C637410B970BD1C
:103FE000012070BD207C012101F0A0FAFF212846AC
:103FF00001F08EFB284601F041FB00231846A37414
:1040000070BD00BF2DE9F041174D06460F4600F187
:1040100004082C6804F51674A4B203E02B68E31AB4
:104020001B040CD4404601F055FBFF28F6D13A465C
:10403000FC213046FFF7B2FF18B1BDE8F081242320
:104040007374B07C0028F8D0307C012101F06EFA46
:10405000FF21404601F05CFB404601F00FFB0023CE
:104060001846B374BDE8F081ECC40020036870B555
:104070009B6D1646224A82B004460D4693423CD1BF
:10408000407D03284FF01801204618BF6D022A46D4
:10409000FFF74AFB0546B0B10D236374A07C08B955
:1040A00002B070BD251D207C012101F03FFAFF21E7
:1040B000284601F02DFB284601F0E0FA00231846BF
:1040C000A37402B070BD3246FE212046FFF766FFA2
:1040D0000028E3D0A67C002EE2D0207C012101F054
:1040E00025FA201DFF21019001F012FB019801F03B
:1040F000C5FA3046A57402B070BD9847C1E700BF4D
:104100000114010010B4047F34B104680123A46ACF
:10411000A4465DF8044B60475DF8044BFFF7A6BF6B
:1041200010B584B004460DF1040C8CE80E009CE838
:104130000E00FFF76DFB20B19DF8053003F0010381
:10414000237704B010BD00BF0020704700207047E7
:1041500000207047704700BF084B0021084A0948FB
:1041600010B499631C6B146012685DF8044B1A63F9
:104170009A6C22F081029A640170704700002C4012
:10418000F0B2002020C50020034B586A80F08070F8
:10419000C0F30060704700BF00002C40014B18784E
:1041A000704700BF20C500202B4A2C4B526AD3F821
:1041B00000312B49C2F3C22203F03F03013270B534
:1041C000284C4FF47A75A4FB034305FB00F09B08D1
:1041D000B1FBF3FEBEFBF2FEB0EB1E1F35D2012396
:1041E0001E465B001A01BEFBF2F2824201D9FF2B90
:1041F000F6D9BEFBF3F2360290422AD24FEA430CC4
:10420000012200E0A446154603EB0C040132BEFB7C
:10421000FCF1814217D9102AF4D1F0254FF47A73BA
:104220001149124A03FB0CFCBEFBFCF30B60104B64
:10423000D16A0B402B43334343F46023D362536A68
:104240001B07FCD570BD2D01E8E77246002601234F
:10425000D2E79C460025E1E700C00F4000800D40FA
:1042600000EC695EABAAAAAA68B1002000002C404D
:104270000F00F0FF014B1878704700BF429A0020F2
:10428000014B1868704700BFF0B2002010B4074C13
:104290008C460FCCCCF800000120CCF80410CCF8F0
:1042A0000820CCF80C305DF8044B7047C4B20020F5
:1042B00010B4074C8C460FCCCCF800000120CCF891
:1042C0000410CCF80820CCF80C305DF8044B704793
:1042D000D4B20020024B01201B680B60704700BF66
:1042E000E4B20020704700BF10B504460C21FCF773
:1042F0004FFA204610BD00BF044B1B7823B1044B7E
:1043000018780230C0B27047012070471DC50020E8
:104310001EC50020184B1A7812F0C0020FD0402A98
:1043200001D000207047587ADA79197A013002F00A
:104330003F0300EB034000EB0120800270475A7AF4
:104340009979D87902F0030293F808C001F00301CB
:104350008000520040EA812000B593F80AE040EA6C
:104360009C105B7942EADE12013003F00F03134424
:10437000073B98405DF804FBD4B20020404A05207A
:10438000404938B5D2F800413F4B44F080043F4DDE
:10439000C2F80041D2F8004124F03F04C2F80041C5
:1043A000D2F8004144F01804C2F80041D2F80041AC
:1043B00024F08004C2F80041D3F8802042F00C02BF
:1043C000C3F880205A6A22F460525A62DA6942F4D1
:1043D0008032DA615A6A42F400625A62C1F8CC0152
:1043E000C1F8D001C1F8BC01C1F8C001C1F8C401D5
:1043F000C1F8C801AA6C264B42F00042AA64EA6ADE
:104400001343EB62EC6A14F08074FBD14FF4C87074
:10441000FFF7CAFE1B4B47F2B80241F2B801C3F8DE
:10442000CC411C48C3F8D041C3F8BC41C3F8C041DB
:10443000C3F8C441C3F8C841C3F8BC23C3F8C023C0
:10444000C3F8AC23C3F8B013C3F8B4231249C3F8BC
:10445000B823124B6863C1F8F8314FF0E0234FF4F2
:1044600080420F49602081F86E00C3F80C21EB6A8E
:10447000064A43F00063EB62D36A1B01FCD438BDEB
:1044800000800D4000801F4000C00F4000002C4005
:10449000008000010B007F11009C00208D21010095
:1044A00000E400E02DE9F041FBF724FE174E184D23
:1044B0000746DFF8748004E0FBF71CFEC01B404594
:1044C0001BD8346B2C40F7D0124A0021124B1170CC
:1044D000326B1A601968114A31631B68134209D0A4
:1044E0000F491F240F4B40F27A2200200C701A60F3
:1044F000BDE8F0810120BDE8F081064A064B14704A
:10450000326B1A601B683363EAE700BF00002C407F
:1045100002007F111FC50020F0B2002000007F11B3
:10452000429A0020BCB2002040420F002DE9F8431F
:10453000264C0F462378002B38D1254B5A6AD205DA
:104540002BD5234DDFF89480AB6A43F48033AB6204
:10455000FBF7D0FD064604E0FBF7CCFD801B404591
:104560002AD86B6A13F48069F6D007F13C0C18481E
:1045700007F50F77436A5B05FCD5ACF1400353F8B0
:10458000042F9C450262FAD10CF1400CBC45F1D1DC
:10459000012318462370BDE8F8839A6A22F480321A
:1045A0009A629A6A42F400329A62CAE7FFF77AFF87
:1045B0000028C2D1BDE8F88306492124064B4FF4F8
:1045C0007E7248460C701A60BDE8F8831FC5002053
:1045D00000002C40429A0020BCB2002040420F0054
:1045E0002DE9F041074688461F4CFBF783FD1F4E1F
:1045F000054604E0FBF77EFD431BB34224D8636A03
:10460000D907F7D4BB02C4F8088020D427F0FF03F1
:10461000154C174EE360FBF76DFD144F054604E0A3
:10462000FBF768FD401BB8420ED8236B3342F7D02E
:10463000226B104B1A601A6822631A68D20703D5DE
:104640001B6813F4702F0BD00020BDE8F081A26C22
:10465000FBB222F0FF02A264A26C1343A364D5E76D
:104660000120BDE8F08100BF00002C4040420F0057
:1046700001000F00F0B20020154B30B50D4685B09B
:104680001968FFF7ADFF08B3124B05F10F041A6963
:1046900000925969019199690291DB6903930023A2
:1046A00001E05EF8102C03F0030C01334FEACC0C50
:1046B00023F0030E0F2B22FA0CF20EF1100104F876
:1046C000012D0DEB010EECD10023EB7305B030BDD5
:1046D000E8B2002000002C4010B5037ADB0705D5B6
:1046E000154B1B68B3B1BDE810401847134B1B783E
:1046F0003BB9134B5C6A84F08074C4F300642046B9
:1047000010BD0F4B0F4C1B6B1C40B4FA84F46409B2
:10471000204610BD0C4B1C78002CF0D00B4B0C48E5
:104720001968FFF75DFF0028E9D0054B1C6984F488
:104730008074C4F30024E2E7ECB200201FC500201F
:1047400000002C4002007F111CC50020E8B20020B0
:1047500000001A0D08B5044B04481968FFF740FF24
:1047600008B1034B186908BDE8B2002000001A0D1B
:1047700000002C4008B5074B07481968FFF730FFC9
:1047800030B1064B186980F48070C0F3002008BD7A
:10479000012008BDE8B2002000001A0D00002C40E6
:1047A0002DE9F047294B8946DFF8C0A0284ECAF80A
:1047B0000030FBF79FFC274D0446DFF8B480264FFE
:1047C00006E0FBF797FC001BB84229D8FDF716FC62
:1047D00031682846FFF704FF0028F2D0D8F81030DF
:1047E000DB05EED500234FF40072CAF80030D8F88C
:1047F000283023F48033C8F82830184BC8F8042038
:104800001B78CBB149461648FFF7EAFE30B9154987
:104810000E24154B40F257420C701A60BDE8F08729
:10482000104A0A210020104B117040F24B42CAF886
:1048300000001A60BDE8F0874FEA49290848494658
:10484000FFF7CEFE0028E9D1E1E700BFA92701006C
:10485000E8B2002000001A0D40420F001EC50020E3
:1048600020003A19429A0020BCB20020ECB200208D
:1048700000002C402DE9F041254C00212548A36A79
:1048800023F48033A362FFF7ABFE054648B9224903
:104890000920224B40F23D2208701A602846BDE8EC
:1048A000F0811F4BDFF88080C8F80030FBF722FC56
:1048B000636A0646D80118D41A4F04E0FDF79EFB40
:1048C000636AD90111D4FBF715FC831BBB42F5D9F0
:1048D000114A0A210025114B11704FF4107228461D
:1048E000C8F800501A60BDE8F0810022084BC8F8F3
:1048F00000205A6A9207D1D5586B9A6AD96A22F475
:10490000803241F08061D96258639A62C6E700BF85
:1049100000002C400000DB0C429A0020BCB20020BA
:10492000BD21010040420F00ECB200202DE9F0470C
:1049300082468946364EFBF7DDFB364D0446DFF8EE
:104940000081354F04E0FBF7D5FB031BBB4227D8A2
:1049500031682846FFF744FE0028F4D0D8F810301C
:10496000DA05F0D501232D4D2D4F51462B70002334
:104970002C483B602C4BC8F80090C8F804302B4BF7
:10498000C8F83830FFF72CFE0446A0B928490420A7
:10499000284B40F29F12087020461A60BDE8F0874D
:1049A00023490A20234B4FF4CC72002408701A606C
:1049B0002046BDE8F087204BDFF88890C9F800302A
:1049C000FBF798FB2B780646BBB1DFF84C8003E081
:1049D000FDF714FB2B7883B1FBF78CFB831B43455E
:1049E000F6D90023C9F8003011492520114B4FF4A6
:1049F000D172002408701A60DAE73B6800229B0736
:104A0000C9F80020F0D53A680C4B1A42D0D0EBE739
:104A1000E8B2002000001A0D40420F0020C500201F
:104A2000F0B2002011003A064000010002007F11A0
:104A3000429A0020BCB20020D121010000007F1169
:104A400000002C40ECB200202DE9F041324D14461C
:104A5000AB7A13F0400012D103F03F03EA7A5B0017
:104A600043EAD213621C0A43134208D02B4927247D
:104A70002B4B40F202320C701A60BDE8F081294BDA
:104A80001B780BB9490264022748FFF7A9FD40B91A
:104A900022490F24224B40F20A320C701A60BDE802
:104AA000F08121462148FFF79BFD40B91B491024A6
:104AB0001B4B40F20D320C701A60BDE8F0810021F2
:104AC0001B48FFF78DFD38B914491124144B4FF4DE
:104AD00044720C701A60E2E7FBF70CFB154E164DA2
:104AE0000446DFF85C80154F31682846FFF778FDF3
:104AF00018B1D8F81030DB05D1D4FBF7FBFA001B56
:104B0000B842F1D905492824054B40F21332002060
:104B10000C701A60C3E700BFD4B20020429A002094
:104B2000BCB200201EC5002000001A2000001A217F
:104B300000001B26E8B2002000001A0D40420F00C2
:104B400000002C402DE9F04F12F0030483B018BF91
:104B5000012401900093002B08BF44F001045CB1D4
:104B600040492520404B40F2F512002408701A609D
:104B7000204603B0BDE8F08F3C4B15463C4A0E463C
:104B8000DFF80C911360FBF7B5FADFF808810746F0
:104B9000DFF804B1DFF8F0A006E0FBF7ABFAC01BCA
:104BA000504544D8FDF72AFAD9F800104046FFF7DF
:104BB00017FD0028F1D0DBF81030DA05EDD5009AAA
:104BC0002C4B2B4903EA024300222B4F0A6043F48B
:104BD00000730121DFF8C4803970C8F80020CBF8D9
:104BE0000050CBF80430254BCBF83830244B1B78E1
:104BF00043B331460198FFF7F3FC81460028B7D054
:104C0000204B1B4A1360FBF775FA3B780546DBB176
:104C10001D4E03E0FDF7F2F93B78ABB1FBF76AFA02
:104C2000401BB042F6D90023114A1360A0E70D4B98
:104C30000A2200210E481A704FF4FC720A4B0160E0
:104C40001A6095E77602D4E70023094A1360D8F882
:104C500000309B078CD5D8F800200C4B1A4208BFB7
:104C60004C4685E7429A0020BCB20020A9270100EB
:104C7000ECB200200000FF1F20C5002002007F11C1
:104C80001EC50020D121010040420F0000007F110D
:104C9000E8B2002000001A0D00002C40F0B2002005
:104CA000F8B50646007A0C461546C0071F4613D4D1
:104CB00083B10F4401E0BC420CD033682A46214640
:104CC00030461B69013405F5007598470028F2D17C
:104CD0000020F8BD0120F8BD900712D0002BF9D0BC
:104CE0000F4401E0BC42F5D033682A4621463046E5
:104CF0001B69013405F5007598470028F2D10020A2
:104D0000E7E70648FFF71EFF0028E3D104490C241B
:104D1000044B40F2A1320C701A60F8BD37003A1211
:104D2000429A0020BCB20020F8B50646007A0C4634
:104D30001546C0071F4613D483B10F4401E0BC429F
:104D40000CD033682A46214630465B6A013405F5AB
:104D5000007598470028F2D10020F8BD0120F8BD69
:104D6000900712D0002BF9D00F4401E0BC42F5D0DF
:104D700033682A46214630465B6A013405F50075E2
:104D800098470028F2D10020E7E70648FFF7DAFE4F
:104D90000028E3D104490E24044B40F23D420C703C
:104DA0001A60F8BD27003A19429A0020BCB20020D0
:104DB0002DE9F04F0025DFF8C0929B4C91B0DFF851
:104DC000BC829A4E0172457289F80050257088F8AD
:104DD00000503570FFF7D2FA29462846FFF700FC4D
:104DE00050B90121924B40F28E22054621701A6083
:104DF000284611B0BDE8F08F03258E4F4FF4D571D2
:104E00003846FFF7EDFB00284ED1013DF6D133784F
:104E1000002B3DD0DFF868B2FBF76CF9864E0546F3
:104E2000DFF860A2854F00213046FFF7D9FB50B96B
:104E3000002517217E4B4FF42A72284621701A60F4
:104E400011B0BDE8F08F59465046FFF7C9FB002866
:104E5000EED0FBF74FF9401B794BB842E8D81A69FE
:104E6000002AE0DA1969774A11601B695A0002D5F5
:104E7000012388F8003000217348FFF7B1FB054695
:104E800010BB02216A4B40F2B12221701A60AFE7D9
:104E9000FFF774FA29462846FFF7A2FB3378002B68
:104EA000B8D14FF4401BB7E7654B1B69B3F5D57F0D
:104EB00007D006215E4B4FF42572002521701A6041
:104EC00096E701233370A5E700216048FFF788FBD0
:104ED000054630B90321564B4FF42D7221701A60EC
:104EE00086E7574E5A4B32695A4F13405A495B482E
:104EF0003B60FFF7C1FB054630B907214C4B40F240
:104F0000B92221701A6073E755495648FFF7B4FB80
:104F1000054630B90821464B4FF42F7221701A60B4
:104F200066E739685048FFF75BFB054630B9052155
:104F30003F4B40F2BF2221701A6059E739683E4862
:104F4000FFF74EFB38B91421394B40F2C32200253C
:104F500021701A604CE702214448FFF741FB0546E7
:104F60000028F0D0B36A69466FF07F4023F0060353
:104F7000B362B36A43F00203B3624FF01013736479
:104F8000FFF7D4FC9DF80D309B0743D5002841D096
:104F9000274E6946364894F800803768FFF7C6FC0C
:104FA0009DF8103003F00F03012B36D1A8B34CF25B
:104FB0005030304C0523C4F8CC31C4F8D031C4F89B
:104FC000BC31C4F8C031C4F8C431C4F8C831FFF7EB
:104FD000EBF8002347F2B802C4F8CC31C4F8D03162
:104FE000C4F8BC31C4F8C031C4F8C431C4F8C83105
:104FF00041F2B803C4F8BC23C4F8C023C4F8AC23FE
:10500000C4F8B0330123C4F8B423C4F8B82389F832
:105010000030EDE646F2A810CBE746F2A81084F87F
:1050200000803760C5E700BF429A00201DC5002000
:10503000BCB2002000001A0800001A3740420F00DE
:1050400000002C40E4B200200000090200001A0316
:105050000000FFFFE8B20020D4B2002000000909E0
:10506000C4B200200000090A00001B0700001A0655
:10507000F1FFFF8000801F401CC500201EC50020DE
:105080000000304000000229374B5A6A92052DE992
:10509000F0410F460DD49A6A22F480329A6272B6B9
:1050A0009A6A42F400329A629A6A42F480329A62B0
:1050B00062B6FBF71FF82C4EDFF8C480054604E00B
:1050C000FBF718F8431B434537D8746A14F400649F
:1050D000F6D007F13C0C244807F50F77436A1B050F
:1050E000FCD5ACF14003026A43F8042F9C45FAD189
:1050F0000CF1400C6745F1D1FAF7FCFF1A4F1B4D3C
:105100000646DFF87C8004E0FAF7F4FF831B434592
:105110001DD83C6B2C40F7D03B6B154A13601368CD
:105120003B63136813F002031BD01268114B1A4241
:105130000CBF01200020BDE8F0810F491A250F4B5C
:1051400040F2563220460D701A60BDE8F0810A49DF
:105150001D250A4B40F2613220460D701A60BDE8F1
:10516000F0811846BDE8F08100002C4002007F115C
:10517000F0B2002000007F11429A0020BCB2002053
:1051800040420F002DE9F047294B8946DFF8C0A0C7
:10519000284ECAF80030FAF7ADFF274D0446DFF875
:1051A000B480264F06E0FAF7A5FF001BB84229D8C5
:1051B000FCF724FF31682846FFF712FA0028F2D0E6
:1051C000D8F81030DB05EED500234FF40072CAF892
:1051D0000030D8F8283043F48033C8F82830184B12
:1051E000C8F804201B78CBB149461648FFF7F8F9F8
:1051F00030B915490C24154B40F2BD320C701A60C1
:10520000BDE8F087104A0A210020104B117040F2CF
:10521000B132CAF800001A60BDE8F0874FEA4929A8
:1052200008484946FFF7DCF90028E9D1E1E700BF6B
:10523000A9270100E8B2002000001A0D40420F002B
:105240001EC5002030003A12429A0020BCB2002055
:10525000ECB2002000002C402DE9F04100221D4C52
:105260000D4642721146A36A1B4823F48033A362A1
:10527000FFF7B6F940B919490924194B40F2D33266
:105280000C701A60BDE8F081002DFBD0154B164E56
:105290003360FAF72FFF636A0746DA0116D4DFF8A6
:1052A0004C8004E0FCF7AAFE636ADB010ED4FAF737
:1052B00021FFC01B4045F5D9084A0A210020084BB0
:1052C000117040F2D73230601A60DBE700232846C5
:1052D0003360D7E700002C400000DB0C429A00202E
:1052E000BCB20020BD210100ECB2002040420F0002
:1052F0000A4B1B7810B504461BB9637A43B90120E9
:1053000010BDFFF7CFF80028FAD0637A002BF6D053
:1053100020460121BDE81040FFF79EBF1FC50020B9
:105320002DE9F0410446007AADF5007D164610F0F7
:10533000010513D093073CD0012338486A46FFF794
:1053400001FC00283AD04FF4007269463046FBF762
:1053500083F928460DF5007DBDE8F081DFF8CC80AB
:105360000F4698F80030002B35D1637A012B39D0E5
:1053700022682B49126A8A424AD198F80020002AF2
:1053800034D1002B39D139462046FFF7FBFEE8B176
:1053900001236760637231462046FFF775FEA8B1AE
:1053A000636805460133284663600DF5007DBDE85E
:1053B000F08101231948FFF7C5FB38B919490B20C3
:1053C000194B4FF45D72002508701A6028460DF5E0
:1053D000007DBDE8F081FFF765F80028F6D0637A1C
:1053E000012BC5D16268BA42C2D1D4E7FFF75AF89F
:1053F0000028EBD0637A002BC5D001212046FFF7AF
:105400002BFF0028BFD128460DF5007DBDE8F081B7
:10541000204690470028F6D0B5E700BF11003A11AA
:1054200025330100429A0020BCB200201FC5002095
:105430002DE9F041047AADF5007D0F46904614F059
:1054400001041DD012F0030F06D0684611464FF438
:1054500000728046FBF700F90123424639462C488A
:10546000FFF770FB044630B92A490D202A4B40F261
:10547000114208701A6020460DF5007DBDE8F081EC
:10548000264D06462B782BBB737A022B29D0326827
:105490002349126A8A4236D12A7832BB002B2BD19B
:1054A0003368394630461B6E98470028E3D0022304
:1054B00077607372336841463046DB6D9847002849
:1054C000D9D0736804460133204673600DF5007D22
:1054D000BDE8F081FEF7E6FF0028CCD0737A022BFE
:1054E000D5D17268BA42D2D1E4E7FEF7DBFF0028DB
:1054F000C1D0737A002BD3D001213046FFF7ACFE28
:105500000028B8D0CCE7304690470028B3D0C7E792
:1055100001003A18429A0020BCB200201FC50020AA
:10552000253301000121FAF74BBE00BFFAF70CBE8C
:1055300030B482B00C4602AB03E90600C37C002BFA
:1055400030D072B6C37CDA0708D54FF0E021456948
:10555000D1F880212A408262C1F880219D0708D5B8
:105560004FF0E0218569D1F884212A40C262C1F858
:105570008421590708D54FF0E021C569D1F8882169
:105580002A400263C1F888211A0708D54FF0E021AC
:10559000056AD1F88C212A404263C1F88C21DB06D0
:1055A0002FD462B683689C4235D0224B84609B69BD
:1055B000214AC3F30111C3F3826352F8211001336E
:1055C000B1FBF3F2CCB1944227D8B2FBF4F3B2FBB7
:1055D000F3F294422CD3B3F5817F20D3174CC460EF
:1055E000036803220020019918615A6201221C6499
:1055F00019661A6102B030BC70479942EFD3531C50
:10560000E9E74FF0E022416AD2F890310B40836322
:10561000C2F89031C5E7C468E2E70024DFE7022B57
:10562000FBD9023B5A08140244EA02441C43D6E761
:105630001A46E4E700C00F409C1D0020FF7F7F005A
:1056400008B5034653F8040B93E80600FFF770FF14
:1056500008BD00BF84B00DF1100C0CE90E0002462D
:1056600023B11846136004B000F072B9024B18461B
:10567000136004B000F06CB9009200200268D37C83
:1056800013B3D80704D5906A4FF0E021C1F80001A8
:10569000990704D5D06A4FF0E021C1F804015807FA
:1056A00004D5106B4FF0E021C1F80801190704D5AB
:1056B000506B4FF0E021C1F80C01DB0604D5926B72
:1056C0004FF0E023C3F81021704700BF006800F0DE
:1056D0005DBA00BF0268FF2312685366D36D13F4EE
:1056E000F81FFBD0506FC0B2704700BF30B50C46FA
:1056F00083B00546FF212046019202F03BFB28685B
:10570000019B2246214600F03DFA002003B030BD47
:1057100003681A685166D36D13F4F81FFBD0536FFA
:10572000704700BF531EB3F5007F30B51446ADF58A
:10573000017D054611D36AB10368481E19688218B5
:1057400010F8013F4B66CB6D13F4F81FFBD090426D
:105750004B6FF5D10DF5017D30BD6846FAF77CFF42
:105760006A4623462868114600F00CFA0DF5017DC3
:1057700030BD00BFB1F5807F21D810292ED840233D
:105780004FF0200CB2FBF3F1B1F5806F20D203FB98
:10579000112300B5B2FBFCFEB3FBFCF30CFB1E2295
:1057A0004FEA910CDBB201322CF03F0CC9B203700E
:1057B00042EA0C028170D2B242705DF804FB3F23D2
:1057C0009C46802910D9B1F5FC7F0FD81B01D9E781
:1057D000FF21FE234170037081707047202916D885
:1057E00080234FF0200CCDE7DB00CBE7B1F57C7FC9
:1057F00004D9B1F5FC6F03D89B01C3E75B01C1E796
:10580000B1F57C6F94BFDB01C3EB0323BAE7202320
:105810009C46D6E7F0B4046840F201251E46256197
:10582000A3B121B311F8015B013B6566256FAF079A
:1058300007D41546013E676F1AB105F8017B2A4669
:1058400004686569ED07F1D5002BEAD16EB10368F4
:10585000196F8907FAD41146013E5B6F002AF5D013
:1058600001F8013B0A46002EF1D1F0BC704790F8D8
:105870003C50D9E7324B334930B5D3E91154207944
:10588000C8771A6C95F804C081F81CC0087752B12B
:10589000B2F5004F23D32C4911442A4A1964D0761B
:1058A00082F81BC030BD19680F24D86C8C6540F29B
:1058B0000134CA610C614FF47C544C6103210468CB
:1058C000246883F83D10214B9C4226D1037F42601F
:1058D000022BC26026D18368BDE8304018472D688E
:1058E000E98B090422D492B2EA832168EC8BA4B23A
:1058F000EC82CC8B240405D5CC8BC2F3080204F4D3
:105900007E442243CA83CA8B92B2CA8200210D4AC6
:105910001964D07682F81BC030BD23461146BDE81D
:1059200030401847BDE83040FCF7D4BBE98BC2F3E8
:10593000080E92B201F47E4141EA0E01E983D4E7F8
:105940000092002000800E400180FFFF8D010100C9
:1059500043682DE9F04FD3E90041814D4FF0B80A7B
:1059600022684FF0020822EA01027E492260AA69F9
:1059700011407D4A0A43AA6190F810E07B4A03EB8C
:105980000E0603EB8E0E317C02EB01118968C1F823
:1059900000A090F811C003EB0C050CF10A0C95F86F
:1059A000241002EB01118968C1F800A0817C03EB8F
:1059B000010903EB810199F838B002EB0B1BDBF80E
:1059C00008B0CBF800A0D4F800A05F684AEA070A44
:1059D000C4F800A0347CDEF814E002EB0414646820
:1059E000C4F800E095F8244053F82CC002EB0414EE
:1059F0006468C4F800C0C96B99F8384002EB04121F
:105A0000526811609A6C99F8441011601A6A317FDB
:105A10005B6B116095F830201A600F220368C3F8A1
:105A200010809A65C27C002A31D072B6C37CDC0734
:105A300008D54FF0E0214469D1F8802122408262EC
:105A4000C1F88021990708D54FF0E0218469D1F889
:105A500084212240C262C1F884215A0708D54FF040
:105A6000E021C469D1F8882122400263C1F888216D
:105A70001F0708D54FF0E021046AD1F88C2122409D
:105A80004263C1F88C21DE0655D462B60368384CF7
:105A90008268A24259D0324A846092693549C2F381
:105AA0000116C2F38262344D51F826100132B1FB67
:105AB000F2F2AA4231D80022C260002403211C6104
:105AC0000724596201211A641C661961C37C13B34F
:105AD000DD0704D5816A4FF0E022C2F800119C076F
:105AE00004D5C16A4FF0E022C2F80411590704D569
:105AF000016B4FF0E022C2F808111A0704D5416B80
:105B00004FF0E022C2F80C11DB0604D5826B4FF097
:105B1000E023C3F81021BDE8F08F1849A1FB025122
:105B2000090DB2FBF1F2A24288BF0131B1F5817FCC
:105B30000DD3134AC0E74FF0E022416AD2F890310A
:105B40000B408363C2F890319FE7C268B5E7022932
:105B5000B1D902394C08220242EA04420A43ABE7B7
:105B600000C00F40CFFFFFE310000008108C0020A2
:105B700000093D009C1D0020FF083D0083DE1B4303
:105B8000FF7F7F000BB1FFF745BE70474368D3E945
:105B900000120968114200D1704710B5026804462E
:105BA000002005211061227C1344187CFAF708FBC1
:105BB000627C63680521134493F82400FAF700FB24
:105BC0006368A27C05211344BDE8104093F83800B7
:105BD000FAF7F6BA53B94AB9002908BF00281CBF22
:105BE0004FF0FF314FF0FF3000F070B9ADF1080C0D
:105BF0006DE904CE00F006F8DDF804E0DDE90223EB
:105C000004B070472DE9F047089E0D4604460F4644
:105C1000002B4AD18A42944665D9B2FA82F343B145
:105C200002FA03FCC3F120029F4020FA02F217435C
:105C30009C404FEA1C4E1FFA8CF5B7FBFEF1220C7C
:105C40000EFB117742EA074201FB05F090420AD9A8
:105C50001CEB020201F1FF3780F01C81904240F200
:105C6000198102396244121AA4B2B2FBFEF00EFB93
:105C7000102244EA024400FB05F5A5420AD91CEBB8
:105C8000040400F1FF3280F00781A54240F2048154
:105C90006444023840EA0140641B00211EB1DC402C
:105CA0000023C6E90043BDE8F0878B4208D9002EE7
:105CB00000F0ED800021C6E900050846BDE8F08748
:105CC000B3FA83F1002949D1AB4202D3824200F2F8
:105CD000F880841A65EB030201201746002EE2D0FB
:105CE000C6E90047DFE702B9FFDEB2FA82F3002B14
:105CF00040F090808A1A4FEA1C471FFA8CFE01215F
:105D0000B2FBF7F507FB1520220C42EA00420EFB1E
:105D100005F0904208D91CEB020205F1FF3802D2CF
:105D2000904200F2CB804546121AA4B2B2FBF7F0C3
:105D300007FB102244EA02440EFB00FEA64508D9E8
:105D40001CEB040400F1FF3202D2A64500F2BB8036
:105D50001046A4EB0E0440EA05409FE7C1F120077E
:105D60008B4022FA07FC4CEA030C05FA01F420FAF6
:105D700007F3FD404FEA1C492343B5FBF9F81FFA2E
:105D80008CFE09FB18551C0C44EA054408FB0EF573
:105D9000A54202FA01F200FA01F00BD91CEB04044F
:105DA00008F1FF3A80F08880A54240F28580A8F192
:105DB00002086444641B9DB2B4FBF9F309FB13446D
:105DC00045EA044403FB0EFEA64508D91CEB040477
:105DD00003F1FF356CD2A6456AD9023B644443EA1D
:105DE0000843A3FB0295A4EB0E04AC42C846AE46A2
:105DF00056D353D056B1B0EB080264EB0E0404FA4C
:105E000007F7CA40CC401743C6E900741846002182
:105E1000BDE8F087C3F1200102FA03FC20FA01F289
:105E200025FA01F19D402A434FEA1C471FFA8CFED8
:105E3000B1FBF7F007FB1015110C41EA054100FB1F
:105E40000EF58D4204FA03F408D91CEB010100F1B0
:105E5000FF382FD28D422DD902386144491B92B2AE
:105E6000B1FBF7F507FB151142EA014205FB0EF104
:105E7000914208D91CEB020205F1FF3816D291427B
:105E800014D9023D6244521A45EA004138E73146CE
:105E9000304608E73946E6E61046FBE64845A9D213
:105EA000B9EB020865EB0C0E013BA3E74546EAE7B8
:105EB0002B4694E74046D1E7D0467BE7023D62445B
:105EC00032E708460AE76444023842E7704700BFF9
:105ED000931E222B10B50C460CD80A2A03D001F0D1
:105EE000F7FC204610BD0028F9DA2D2301F8013B0C
:105EF0004042F4E700230B70184610BD024B0146E8
:105F0000186800F00BB800BFD8990020024B01467A
:105F1000186802F08DBB00BFD89900202DE9F04F22
:105F200001F10B06162E83B0044624D8102900F286
:105F3000BA8000F0A3FA102618220220B54F3A4486
:105F4000A2F1080153688B4200F0BA805A68D96800
:105F500022F003021A449D68E9608D60516841F0A7
:105F600001012046516003F1080500F08DFA284632
:105F700003B0BDE8F08F36F0070600F19480B1421F
:105F800000F2918000F07AFAB6F5FC7FC0F09A81B9
:105F9000730A00F08F80042B00F26F81B30903F1C4
:105FA000390003F1380CC3009A4F3B44A3F10805B4
:105FB0005B689D4206D10CE0002980F22781DB68F6
:105FC0009D4206D05A6822F00302911B0F29F3DD8F
:105FD00060463D69DFF850C265457CD06A6822F0B2
:105FE0000302931B0F2B00F37B81002BC7E904CC2A
:105FF00080F26C81B2F5007F80F01A81D308796855
:1060000001334FEA521E012202FA0EF20A4357F8F8
:1060100033E0C5F808E007EBC3010839E9607A60AE
:1060200047F83350CEF80C5083100121994091422B
:1060300057D8114206D120F003004900114200F167
:106040000400FAD007EBC0094D468646D5F80C800F
:10605000454508D11DE1002B80F22481D8F80C8041
:10606000454500F01681D8F8042022F00302931B66
:106070000F2BF0DD2046D8E9025408EB060146F06C
:106080000106C8F80460EC60A56043F00104C7E9AC
:106090000411C1E902CC4C6048F8023000F0F4F978
:1060A00008F1080502E00C2323600025284603B010
:1060B000BDE8F08F4FF4007340204FF03F0C73E7C2
:1060C000D3689A4208BF02307FF440AF3D69DFF8E1
:1060D00058C1654582D17A68831001219940914267
:1060E000A7D9BD686B6823F003094E4503D8A9EB17
:1060F00006030F2B7ADCDFF834B1474BDBF80020C6
:106100001B680132334405EB090A00F0338103F5C3
:1061100080530F3323F47F6828F00F084146204650
:1061200001F042FF411C024600F0F380824500F27C
:10613000EE803A4B196841441960084600F04E81E0
:10614000DBF80010019301311BBFA2EB0A01091813
:10615000CBF80020196012F0070B00F01781CBF18B
:1061600008010A44CBF5805190440831A1EB0801A5
:10617000C1F30B0A51462046009201F015FF421C64
:10618000DDE9002300F04F81801A00EB0A0819684E
:10619000BA6048F001005144BD425060196000F0FF
:1061A0002981B9F10F0F40F227816868A9F10C0C21
:1061B0002CF0070C00F0010040EA0C0068604FF082
:1061C000050E05EB0C00BCF10F0FC0E901EE00F26B
:1061D000328150681546124B1A688A4238BF1960DE
:1061E000104B1A688A4238BF196094E0AA1943F02C
:1061F000010346F001066E602046BA60536000F06D
:1062000043F90835284603B0BDE8F08FD9681A4431
:10621000A1E600BFBC950020A0B5002070B500200D
:1062200098B500209CB50020C4950020C49900209A
:10623000B2F5206F4FEA522363D3142B00F2B780DC
:1062400003F15C01C9005B3307EB010E7958AEF135
:10625000080E8E4500F091804B6823F003039342B3
:1062600002D989688E45F7D1D1F80CE07A68C5E982
:10627000021ECEF80850CD60D6E6142B59D9542B07
:1062800000F29D80330B03F16F0003F16E0CC3002D
:106290008AE60EF1010E1EF0030F05F108057FF4EA
:1062A000D5AE51E0424445465368D8F80C1043F04F
:1062B0000103536055F8083F2046D9608B6000F019
:1062C000E3F8F3E6F00806F1080237E62A44204630
:1062D000536843F001035360083500F0D5F8E5E654
:1062E000A919204646F0010643F001046E60C7E993
:1062F0000411C1E902CC4C60AB5000F0C5F8083580
:10630000D4E6930903F13901C90038339CE7BD4253
:106310005FD0BD68686820F003084645A8EB060317
:1063200002D80F2B3FF762AF204600F0ADF80025F2
:10633000BCE603F15C0003F15B0CC30034E659F8E2
:1063400008394B4540F0968010F0030F00F1FF3004
:10635000F5D17B6823EA01037B60490099423FF64F
:10636000C0AE19B9BDE649000EF1040E1942FAD0CB
:10637000704667E603F11008D0E69A104FF0010866
:106380007B6808FA02F21A437A6070E702EB0801B0
:106390004942C1F30B0A51462046009201F004FE27
:1063A000431CDDE900237FF4EFAEDA46EFE6542B21
:1063B00025D8130B03F16F01C9006E3344E7B3F521
:1063C000AA7F25D8F30B03F1780003F1770CC30003
:1063D000EAE5294B186840441860B1E6CAF30B0C93
:1063E000BCF1000F7FF4ACAEBD68C84448F00100BA
:1063F0006860F0E61546EEE60123536094E7B3F5D6
:10640000AA7F23D8D30B03F17801C90077331BE7A8
:1064100040F25452934223D8B30C03F17D0003F1B0
:106420007C0CC300C0E5ABF1080BD844A8EB020814
:106430004FF0000AABE605F108012046009302F098
:10644000F7F8BD68009B68681968C4E640F25451CB
:106450008B420BD8930C03F17D01C9007C33F3E62A
:106460004FF47E737F204FF07E0C9DE54FF47E71DC
:106470007E23E9E67B6870E770B50020014801F0F3
:10648000B9BF00BF68B50020014801F0B5BF00BF2B
:1064900068B5002010B4044C03460A4620685DF835
:1064A000044B194600F002B8D89900202DE9F84FA6
:1064B0001746002900F098800C4607F10B0580462E
:1064C000FFF7DCFF162D54F8041C5BD810252A4674
:1064D000AF425CD821F003069642A4F1080962DAC3
:1064E000BC4BD3F808C009EB0600844500F0978048
:1064F000D0F804C02CF0010303445B68DB0768D4C8
:106500002CF0030C06EB0C03934247DACB0710D4B4
:1065100054F8083CA9EB030ADAF8043023F003012D
:106520008C44B444944580F211817318934280F2F4
:10653000E88039464046FFF7F1FC0746E0B154F8E1
:10654000043C23F001034B44A0F10802934200F005
:10655000D280321F242A00F2F580132A00F2AC8088
:1065600003462246116819605168596092689A6022
:106570002146404602F05CF84046FFF785FF38466A
:10658000BDE8F88F25F00705002D2A46A0DA0C2378
:10659000C8F8003000273846BDE8F88F1E46D0E91D
:1065A0000223D3609A60731B0F2B22D8D9F80430D2
:1065B00003F0010333434E44C9F80430736843F0D9
:1065C0000103736040462746FFF75EFF3846BDE88B
:1065D000F88FC907ADD454F8083CA9EB030ADAF8E0
:1065E000041021F00301A0E7BDE8F84F1146FFF7C2
:1065F00095BCD9F8042009EB050102F001024E44D4
:1066000043F001032A43C9F804204B60736843F048
:10661000010308317360404602F00AF8D2E7DCF863
:10662000040020F0030B06EB0B0C05F11000844571
:106630004DDAC9073FF57DAF54F8081CA9EB010AF4
:10664000DAF8041021F003018B44B34458453FF7B6
:106650006CAF5746DAF80C1057F8080F321F242A8F
:10666000C160886000F2DB80132A40F2D680216886
:10667000CAF808106168CAF80C101B2A00F2DF8003
:1066800008340AF110022168116061685160A16844
:1066900091600AEB0501ABEB050242F00102996043
:1066A0004A60DAF8043003F001032B434046CAF88D
:1066B0000430FFF7E9FE6EE7236803606368436018
:1066C0001B2A68D804F1080200F108034AE709EB25
:1066D00005029A60ACEB050343F00103536054F8E4
:1066E000043C03F001032B43404644F8043CFFF70D
:1066F000CBFE27464FE750F8043C23F003031E442B
:1067000051E75746DAF80C1057F8080F321F242AC1
:10671000C16088604CD8132A48D92168CAF808108B
:106720006168CAF80C101B2A56D808340AF1100206
:106730001E462368136063685360A3689360D14664
:106740003C4630E7214601F099FA11E7D0E90213FF
:106750005746CB60996057F8081FDAF80C30CB60C9
:10676000321F242A99602DD8132A29D92368CAF800
:1067700008306368CAF80C301B2A42D808340AF182
:10678000100322681A6062685A60A2689A606646BE
:10679000D1463C4607E7A3688360E368C360242AC8
:1067A00026D004F1100200F11003DBE63A46BFE701
:1067B000214638461E46D14601F060FA3C46F2E6D4
:1067C0003B46DEE7214638466646D14601F056FA9A
:1067D0003C46E8E6BC950020A168CAF81010E168C4
:1067E000CAF81410242A20D010340AF118029FE7A6
:1067F000236903616169416104F1180200F1180322
:10680000B0E6A368CAF81030E368CAF81430242A46
:1068100021D010340AF11803B3E73A4633E7214692
:10682000384601F02BFA164B33E72269CAF81820D4
:106830006269CAF81C2018340AF1200278E7A168BE
:10684000CAF81010E168CAF81410242A0DD01034C8
:106850000AF1180217E72369CAF818306369CAF801
:106860001C3018340AF120038BE72269CAF818207B
:106870006269CAF81C2018340AF1200203E700BF3D
:10688000BC9500200CB410B51F4B00291C689CB0AF
:1068900035DB4FF40273ADF81430029006901FAB55
:1068A00018D001394FF6FF7204910791ADF8162008
:1068B00002A91E9A0193204602F0E8FB421C01DA6D
:1068C0008B232360029B00221A701CB0BDE810408D
:1068D00002B070474FF6FF7204910791ADF8162091
:1068E00002A91E9A0193204602F0D0FB431C01DA54
:1068F0008B2323601CB0BDE8104002B070478B238F
:1069000023604FF0FF30F5E7D89900202DE9F04FD4
:106910002DED108B97B08A4600210792129100222C
:106920000021CDE904128046514611910F4611F81D
:10693000012B2D2A5ED801A050F822F0114B010046
:10694000294A0100294A0100294A0100294A010077
:10695000294A0100294A0100294A0100294A010067
:106960005F4901005F4901005F4901005F49010083
:106970005F490100294A0100294A0100294A010012
:10698000294A0100294A0100294A0100294A010037
:10699000294A0100294A0100294A0100294A010027
:1069A000294A0100294A0100294A0100294A010017
:1069B000294A0100294A0100294A01005F490100D2
:1069C000294A0100294A0100294A0100294A0100F7
:1069D000294A0100294A0100294A0100294A0100E7
:1069E000294A0100294A01004B510100294A0100AE
:1069F0003751010000210991302A7DD000230893EE
:106A00002F2A144640F2CD844FF0000938464E46F6
:106A10004D4612E00130082D1190C8BF09EB8909DD
:106A20000478C6BF02EB4902A2F13009A3F1300697
:106A30002F2C05F1010522466FDD06EB8603392C6C
:106A400002EB4303E6DD9F49012201F0E5F900284E
:106A500037D1119B1A46013311935478002D40F021
:106A60004385302C40F02485C3F10102981801338E
:106A700011931C78302CF9D0A4F13103082B00F2CB
:106A80000183119F431CA4F1300B0B930125BC46DD
:106A90004FF0000E06EB86060BEB460600200CF1CD
:106AA000010311939CF80140A4F13001092900F27F
:106AB000BB8201308B46002940F04F84DDF844C092
:106AC000EDE70020652CAE460B90844601D0452CA6
:106AD00030D1002D6BD1089B034367D1079B9FEDFD
:106AE000778B13B1079BC3F800A0B0EE480B17B02B
:106AF000BDEC108BBDE8F08F7A7802F0DF02582AE7
:106B000000F00C84013711973A78302AFAD0002A25
:106B100000F0B7800123089372E76A49012201F06F
:106B20007BF9002800F0C080AE464FF0000CCDF895
:106B30002CC060464FF0000B002D7ED007EE906A0F
:106B40000B9BB8EE677BABEB0303BEF1000F08BFF6
:106B5000AE46102D0A932B46A8BF1023092D8DEDAC
:106B6000047B0CDD584A02EBC30212ED125B06EE09
:106B7000909AB8EE666BA7EE056B8DED046B0F2D4A
:106B800000F3A8800A9A002A00F0E4830A9A40F3EE
:106B90003C83162A40F398840A99C5F125028A425B
:106BA00080F2A6840A9AEB1A134499E00025DDF8D6
:106BB00044A00AF1010311939AF801402B2C00F034
:106BC0005E822D2C00F0F78100230A93A4F130039C
:106BD000092B00F2EB81302C05D1119B013311936D
:106BE0001C78302CFAD0A4F13103082BA2D8119ACA
:106BF0000C92531C1193A4F1300B54782F2C07DC0A
:106C0000DEE3013311934C782F2CA2F1300B06DD1B
:106C10000BEB8B02392C194604EB4202F1DD0C9A86
:106C20009B1A082B40F3CC8344F61F6B0A9B002B66
:106C300082D0CBF1000B002D80D1089B034320D1E3
:106C4000BCF1000F7FF44AAF692C00F0CF8300F352
:106C5000F382492C00F0CA834E2C7FF43FAF1B49CE
:106C600011A802F007F900283FF438AF119B1B78F8
:106C7000282B00F0F284164801F07CFCB0EE408B2B
:106C800001E09FED0E8B079A0AB1119B1360099BDF
:106C9000002B3FF42AAFB1EE488BB0EE480B17B093
:106CA000BDEC108BBDE8F08F119B0B905A1C11921C
:106CB0005C78AE46F8E600BFAFF30080000000004D
:106CC00000000000140A0020A802002098210020E3
:106CD000B40900200A9AEB1A1344002B40F3B08247
:106CE00013F00F010AD0C34A02EBC1029DED046B01
:106CF00092ED007B27EE067B8DED047B33F00F02D7
:106D000040F038820023089300962B46724639469D
:106D1000404605F007FC8146002800F0E1820B9B0D
:106D2000A3EB0B0B0A9B9FEDA9EB002B9FEDA9CBCF
:106D30009FEDAADB9FEDABBBB4BF5A4600224FF0DC
:106D4000000A23EAE3730B920C935446D9F804101B
:106D5000404605F065FB0646002800F00E81D9F894
:106D600010209DED048B0232920009F10C010C30D1
:106D7000F9F772FCB0EE480B14AA13A9404605F0CF
:106D80008DFF1290002800F0E4800121404605F0BC
:106D900071FC0446002800F0F080139A002AC0F22B
:106DA000DE800B9B0C9F02EB030B089B149DD21AF9
:106DB0002A44914B013A9A42C5F1360580F29880F7
:106DC000991A1F29A5EB010500F3E380012202FABD
:106DD00001F30D9300230E932F44089B5D44AB45B4
:106DE0005A461F44A8BF2A46BA42A8BF3A46002ABC
:106DF00003DDAD1ABF1AABEB020B0B9B002B00F3AC
:106E00008880002D00F39C800A9B002B00F3B78044
:106E1000002F00F3A980BBF1000F08DD21465A4680
:106E2000404605F063FD0446002800F0A680129954
:106E30003246404605F0F4FD8246002800F09D8071
:106E40000023C568C360214605F0C8FD0028C0F2D4
:106E5000C78300F061832146504605F089FFB0EEFC
:106E6000007BB4EEC70BF1EE10FA46D8002D00F00F
:106E7000CB80B7EE009B0598604B00226049DFF89D
:106E800084C100EA0107674500F0D480089959B130
:106E9000B7F1D46F08D8B4EECB9BF1EE10FA40F204
:106EA000568103F1D661CB1BB0EE480B43EC1A2B95
:106EB00005F060FEAAEE008B8DED048B18EE903A83
:106EC000089A22B94E4A1A40974200F0E48012997B
:106ED000404605F0CBFA3146404605F0C7FA214658
:106EE000404605F0C3FA5146404605F0BFFA2DE78B
:106EF00001230021CDE90D316EE7B6EE009B20EEB7
:106F0000099B002D5FD1B1EE497B059853EC172BFF
:106F1000B4E721461A46404605F088FC044660B3B3
:106F20000146129A404605F0D3FB30B30F901299F8
:106F3000404605F09BFA0F9A1292002D7FF764AF3E
:106F400012992A46404605F0D1FC129000287FF4A1
:106F50005BAF22239FED258BC8F80030BCE00C9B73
:106F6000DDF82CB09F1A20E731463A46404605F03E
:106F7000BDFC064600287FF44EAF1298E9E7314683
:106F80000C9A404605F052FC064600287FF440AFBC
:106F9000F3E7C2F17F4202F57F0202F57B42012155
:106FA000E23201FA02F3CDE90D1315E7CDF844A062
:106FB0004FF0000BC0E501230A930AF1020311937D
:106FC0009AF8024002E6B0EE497B9EE79535A09420
:106FD000FFFFCF3F9535A094FFFFDF3F35E5AF358D
:106FE0000000E03F0000C0FFFFFFDF4100000000A5
:106FF0000000F07FA802002002FCFFFF0000F03F2D
:107000000000F07F0000E07FDDE90412002900F0BD
:107010008580DDE90412012900F0D8811046B74BC4
:10702000B7EE009B002229E7652C4FF0010C3FF4DE
:10703000BEAD4CE543EC1A2BA0F1547305939DEDC6
:1070400004FBB0EE4F0B05F095FDAD49AAEE00FB39
:107050001FEE903AAB4A194091428DED04FB72D974
:10706000A94B18EE902A9A4203D118EE103A013338
:1070700083D0A54A4FF0FF33CDE9043227E7002340
:107080000A939AE7652C00F0D080452C00F0CD8063
:107090004FF0010CD1E551EC190B0D9309F01AFCDE
:1070A00009F0EAFB049B1D430D9B41EC170BC3F356
:1070B00013031D4339EE479B00F0A080B4EECC9B38
:1070C000F1EE10FA05D4B4EECD9BF1EE10FA7FF795
:1070D000FEAE9DED048B12980146404605F0C6F9C0
:1070E0003146404605F0C2F92146404605F0BEF95A
:1070F0004946404605F0BAF95146404605F0B6F912
:10710000C1E501220992791C11917A78002A3FF495
:10711000E5AC0F4670E400220992F4E7C2F31303D2
:107120001046002B7FF47BAFB7EE007BB4EEC70BAD
:10713000F1EE10FA00F1D381B6EE009B20EE099B30
:10714000B1EE497BE2E603F154730593B8E6BCEE79
:10715000C99B19EE103A012B38BF012309EE103AF2
:10716000B8EE499B002D40F03E81B1EE497B53ECD7
:10717000172B96E6B2F59A7F00F3B280102A4FEAF9
:10718000221340F38682614C9DED047B0020224651
:10719000014613F0010F01F101014FEA630304D02E
:1071A00092ED006B012027EE067B012B02F1080215
:1071B000EFD108B18DED047B059BA3F154730593CA
:1071C00004EBC1049DED046B94ED007B4C4B27EE6A
:1071D000067B17EE902A4E4913408B428DED047BBF
:1071E0007ED8A1F580118B4240F2D681464C4FF0FB
:1071F000FF33CDE904340023089385E5B4EECE9B3C
:10720000F1EE10FA7FF563AE63E71632FFF662AD7A
:107210000B9BA3EB0B0B3F4B03EBCB0393ED007BE3
:107220009DED046B86EE078B2DE54FF0000ECDF83B
:107230002CE04FF0010C4EE46E2C3FF410AD4DE409
:107240003FF460AD5B4213F00F010AD0314A02EB0C
:10725000C1029DED046B92ED007B86EE077B8DED08
:10726000047B1B113FF44EAD1F2B33DC13F01002D7
:1072700018BF6A229DED047B0892274A0021D80797
:1072800004D592ED006B012127EE067B5B1002F125
:107290000802F4D109B18DED047B089B93B1DDE9BF
:1072A0000401C1F30A52C2F16B03002B0ADD1F2B4C
:1072B00040F32F820020342B049040F340824FF0A3
:1072C0005C7305939DED047BB5EE407BF1EE10FA07
:1072D0007FF41AAD22239FED058BC8F80030D2E46D
:1072E00022239FED048BC8F80030CCE4000000009E
:1072F00000000000000000000000F07F0000F0BF70
:107300000000F07FFFFF9F7CFFFFEF7F80020020E7
:107310000000A07CA8020020700300200293099BBB
:10732000019312AB0093A74A13AB11A9404601F099
:10733000D7FA10F00F0504463FF4A3AC062D74D124
:10734000079B9FED9A8B0137002B3FF4CEAB1F605C
:10735000FFF7CBBB9DED048B95E40B9BDDF844C0A0
:1073600003440B93012805F101031A4614D0284465
:10737000441E03E046009C420DD001332A46082AF1
:107380001D4606EB8600F5D9102BDCBF09EB8909F9
:107390004FEA4909EFE70232082D3CDC1546FFF7BA
:1073A00079BB89490122384600F036FD002800F0FB
:1073B00082804FF0000EF14676467546FFF7B5BB6A
:1073C00044F61F639B45A8BF9B462FE4DDE90423D9
:1073D0001846002B7FF423AE22239FED748B129866
:1073E000C8F8003078E6B0EE497BC0E6774911A8CE
:1073F00001F040FD00283FF471AB119B7449013B43
:1074000011A8119301F036FD10B9119B01331193AE
:107410009FED688B37E4102ADCBF09EB890901EB8B
:10742000490915460020FFF73ABB129A3AB13521B7
:1074300014A805F0CFFC1299404605F017F8013D5D
:10744000139B042D00F28F81DFE805F0032D2A1F26
:107450000300149A049203F23342159B23F4801321
:1074600043EA02530593E50502D543F00043059333
:10747000584A1A409DED048B002A7FF404AC00F0BA
:10748000BBFD22230360FFF7FEBB4FF0FF336FF01D
:107490000046CDE90436E3057FF55CAF059BE4E7E4
:1074A0004C4B0593F7E7149B0493159B0593DAE780
:1074B0000020FFF7E1BA119B1A460133119354786B
:1074C00006468146FFF7CDBA434B03EBC20393ED6B
:1074D000008B9DED047B28EE078BFFF7D4BBBEEE3F
:1074E000007BB6EE009B11E5AE460B90FFF7DCBAD1
:1074F000394BC5F10F054A1B03EBC50503EBC2036E
:1075000095ED008B93ED007B9DED046B28EE068BD3
:1075100028EE078BFFF7B7BB002D00F09580DDE963
:1075200004BC2E4BCCF313019942624600F0D2808A
:107530000E9B002B00F0A580DDE9041213421746D4
:107540001AD0B0EE480B002D00F0A68005F012FB1B
:10755000089B7BB1C7F30A53C3F16B03002B09DD12
:107560001B0503F17F51002001F5401141EC170B81
:1075700020EE070B38EE008B089B5BB19FED0F7B75
:10758000144B28EE078B18EE902A134013B92223D0
:10759000C8F8003012989FE502F154730593002358
:1075A0000893FFF7B1BB00BFAFF3008000000000FD
:1075B00000000000000000000000F07F000000005C
:1075C00000005039888F0020140A00208C210020F0
:1075D000902100200000F07FA8020020FFFF0F0094
:1075E000DDE904120D43C7D1C2F313031746002B84
:1075F000C2D122F000431B0D1B05B3F1D66FBBD9DE
:10760000DAF814301BB9DAF81030012BB4DD51462A
:107610000122404605F06AF92146824605F0DEF96E
:107620000028A9DD089B002B7ED1504B3B40A3F5E1
:1076300080136FEA13536FEA035305934FF0FF3340
:1076400004939DED048B97E7DDE90412C2F3130365
:107650000B4317467FF46CAFE4E7454911A814AA21
:1076600001F024FC05287FF406AB159B43F0FF4393
:1076700043F4E0030593149B04939DED048BFFF703
:1076800002BBDDE904010D9B03423FF475AF0F46D9
:1076900057E7384C00218FE505F06CFA089B002B6A
:1076A00055D0C7F30A53C3F16B03002B09DD1B054B
:1076B00003F17F5101F54011284641EC170B20EEF4
:1076C000070B38EE408BB5EE408BF1EE10FA7FF4ED
:1076D00055AF81E6089B04991BB3244B1340B3F1CB
:1076E000D46F1ED81B0DC3F16B034FF0FF3000FAAF
:1076F00003F399427FF41CAF1F4B9A4230D01B4BCF
:10770000134003F580130593002304939DED048B30
:1077100032E74FF0FF3202FA03F3049A1A40049260
:10772000D0E54FF0FF33E4E7104B3B40B3F1D66FA9
:107730003FF77DAFB3F15C7F3FF720AF4CE6C2F17E
:107740004B024FF0FF3393400B400593BAE538EE00
:10775000408BB5EE408BF1EE10FA7FF41BAF3BE6A9
:107760000131CCD109E400237DE600BF0000F07FA9
:107770009C8F002080020020FFFFEF7F014BFFF76E
:10778000C5B800BF50940020012B2DE9F84F40D020
:10779000242B98463DD84C4D8E4676461EF801BBAC
:1077A00015F80B4014F00804F7D1BBF12D0F72D07F
:1077B000BBF12B0F08BF9EF800B06FF0004908BF67
:1077C00006F1020E002B42D0102B57D0B9FBF8F770
:1077D00000252E4608FB179A05E033D008FB06C6A5
:1077E00001251EF801BBABF1300CBCF1090F06D925
:1077F000ABF1410CBCF1190F12D8ABF1370C63455A
:1078000017DDB5F1FF3FECD0B742E6D24FF0FF35C0
:10781000E7E700F0F1FB162303600020BDE8F88FD6
:10782000ABF1610CBCF1190F03D8ABF1570C6345F8
:10783000E7DC6B1C27D08CB90AB1A5BB11603046C0
:10784000BDE8F88FE245C9DA4FF0FF35C9E7BBF173
:10785000300F05D04FF00A084346B7E77642EBE712
:107860009EF8003003F0DF03582B21D14FF01008B1
:107870009EF801B043460EF1020EA7E7BBF1300FB0
:107880001AD09846A2E72223036072B10EF1FF31AD
:107890004E461160D3E79EF800B04FF0004906F164
:1078A000020E01248EE7B146F0E74E463046C7E7A8
:1078B0004FF00808434689E79EF8005005F0DF05C1
:1078C000582DD3D0984681E701200020FFF75CBFF8
:1078D000F0B5254FA2F1020E164605460C460FCF15
:1078E0008BB0EC46ACE80F000FCFACE80F0097E888
:1078F00003004CF8040BBEF1220F8CF800102ED8B8
:1079000004F1FF3E70464FF0000CB5FBF6F206FBAB
:10791000125328336B44614613F828CC00F801CF8A
:107920002B469E4201F1010C1546EED9002304F8C6
:107930000C3089B1A44472461EF8010F1CF8015D99
:107940008EF80050A4EB0E030232013B121B0B44D5
:107950009A428CF80000EEDB20460BB0F0BD00230D
:10796000184623700BB0F0BDD81F00200EB410B520
:107970009FB021AC4FF4017154F8042B0192ADF883
:107980001C100490089000F041FD059009900B48F0
:107990000B490C9100234FF6FF7C10931593019A2D
:1079A0000068ADF81EC0234604A9039403F010F943
:1079B0001FB0BDE8104003B0704700BFD899002049
:1079C0001D5A010010B50C46B1F90E1000F0D0FAA6
:1079D000002803DB236D0344236510BDA38923F432
:1079E0008053A38110BD00BF002070472DE9F041F6
:1079F0000C46B1F90C101F46CB05054616460BD4B4
:107A000021F48051A1813B46B4F90E10324628463C
:107A1000BDE8F04100F0DABAB4F90E1002230022FA
:107A200000F08AFAB4F90C10EAE700BF10B50C4672
:107A3000B1F90E1000F080FAA389421C0EBF23F4A6
:107A4000805343F480532065A38110BDB1F90E101B
:107A500000F060BA024A0349034800F0BBB800BF17
:107A6000CC990020C9AE0100D89000200C4B416891
:107A7000994210B5044601D005F00CFAA168094BF3
:107A8000994202D0204605F005FAE168064B99427A
:107A900004D02046BDE8104005F0FCB910BD00BF81
:107AA000A4B500200CB6002074B600202DE9F843E0
:107AB0002A4C2B4B2B48DFF8C090DFF8C0802A4FB0
:107AC0001860002504230822294604F15C00274E93
:107AD0006566C4E90253C4E90055C4E90455A561CB
:107AE00000F048F9224B63670822294604F1C400DC
:107AF000C4E90749C4E90987C4E91A55C4E91E5510
:107B0000C4F8CC502567C4F88050E66200F032F922
:107B1000184BC4F8DC30294604F16803082204F548
:107B20009670C4F88430C4E92298C4E92476C4E984
:107B30003455C4E93855C4F83451C4F8D850C4F8A1
:107B4000E85000F017F904F1D003C4E93C98C4E907
:107B50003E76C4F8EC30BDE8F88300BFA4B5002041
:107B6000DCB60020895A0100615A0100815A0100E7
:107B70000900010012000200F9590100215A010018
:107B800010B504460A4800F035FC636B23B9094B75
:107B9000094A1B68626323B1BDE81040044800F045
:107BA0002BBCFFF783FFBDE81040014800F024BC68
:107BB0006CB50020DCB60020A15A0100014800F09D
:107BC00019BC00BF6CB50020014800F015BC00BF17
:107BD0006CB500202DE9F84380460F4616464FF05D
:107BE0000009D6E90154013D11D4A389012B05F107
:107BF000FF3508D9B4F90E300133214603D0404691
:107C0000B84749EA00096B1C04F16804EDD13668F5
:107C1000002EE6D14846BDE8F88300BF032A70B5C0
:107C200014D940EA01039B0722D104460B461946AA
:107C300020460E680568B54204F1040403F104030C
:107C400016D1043A032A20461946F0D8541E9AB198
:107C5000421E013901E0C3180CD012F801EF11F8EF
:107C600001CFE645A4EB0203F5D0AEEB0C0070BDEE
:107C7000541EEDE7184670BD104670BD88420DD900
:107C80008B1883420AD900EB020CBAB1624613F892
:107C900001CD02F801CD9942F9D170470F2A0ED8D3
:107CA000034602F1FF3C4AB10CF1010C013B8C444C
:107CB00011F8012B03F8012F6145F9D1704740EA13
:107CC00001039B0750D1A2F1100370B501F1200C04
:107CD00023F00F0501F1100E00F11004AC441B0954
:107CE0005EF8105C44F8105C5EF80C5C44F80C5CC8
:107CF0005EF8085C44F8085C5EF8045C44F8045CD8
:107D00000EF1100EE64504F11004E9D1013312F032
:107D10000C0F01EB031102F00F0400EB031327D04B
:107D2000043C24F003064FEA940C1E441C1F8E46AC
:107D30005EF8045B44F8045FB442F9D10CF101042D
:107D400002F0030203EB840301EB840102F1FF3C28
:107D50004AB10CF1010C013B8C4411F8012B03F8E2
:107D6000012F6145F9D170BD02F1FF3C03469BE74D
:107D70002246EBE7830730B548D0541E002A3FD097
:107D8000CAB2034601E0013C3AD303F8012B9D0738
:107D9000F9D1032C2DD9CDB245EA05250F2C45EAA2
:107DA000054536D9A4F1100222F00F0C03F1200E84
:107DB000E6444FEA121C03F1100242E9045542E97D
:107DC000025510327245F8D10CF1010214F00C0F7B
:107DD00003EB021204F00F0C13D0ACF1040323F0F8
:107DE00003030433134442F8045B9342FBD10CF0C9
:107DF00003042CB1C9B21C4403F8011B9C42FBD103
:107E000030BD64461346002CF4D1F9E7034614460E
:107E1000BFE71A46A446E0E7002A3ED040EA010345
:107E20009B0730B584462FD1032A2DD90B4608E095
:107E3000043A8446194625D01EF0803F22D1032AF9
:107E400022D90468194653F8045BA4F1013EAC4200
:107E500084462EEA040E00F10400E9D09CF80000EC
:107E60000C78A0421BD1E64668B11EF8010F11F84C
:107E7000014FA2EB0E03A04203F1FF330FD11CEB25
:107E80000303F1D1002030BD9CF800000C7884423F
:107E900005D1012AF6D0E646E6E710467047001BFA
:107EA00030BD00BF40EA01039B0730B501D1032A72
:107EB0000FD8844601F1FF3E07E01EF8011F03F8CA
:107EC000011B541EC1B19C4622466346002AF4D1D0
:107ED00030BD0B468446194653F8045BA5F10134C6
:107EE00024EA050414F0803FE4D1043A032A4CF854
:107EF000045B1946EFD8DDE79444002CE8D003F882
:107F0000011B6345FBD130BD014B93F8280170473D
:107F10005094002038B5074D0022044608462A60D8
:107F2000F8F7CCFF431C00D038BD2B68002BFBD0EA
:107F3000236038BDF0B6002038B50C46084D8446A5
:107F4000114620461A4600232B606446F8F7C2FF0C
:107F5000431C00D038BD2B68002BFBD0236038BDFC
:107F6000F0B6002013460A460146022000F0BCBAD3
:107F700038B50C46084D8446114620461A46002363
:107F80002B606446F8F798FF431C00D038BD2B687F
:107F9000002BFBD0236038BDF0B60020B7EEC00A3E
:107FA000002305F0E7B900BF38B5074D00220446AD
:107FB00008462A60F8F766FF431C00D038BD2B68DE
:107FC000002BFBD0236038BDF0B6002038B50C463E
:107FD000084D8446114620461A4600232B6064460D
:107FE000F7F708FB431C00D038BD2B68002BFBD0F3
:107FF000236038BDF0B60020014B1868704700BF01
:10800000D89900200000000000000000A2EB03004F
:10801000704700BF02780B78012A28BF9A42F5D139
:108020006DE9044540EA0104CDE902676FF0000CF8
:108030004FEA447212B380EA010414F0070F6AD1C8
:1080400000F0070420F0070004F0030521F0070109
:108050004FEAC505F0E8042314F0040FF1E80467C3
:108060000CFA05F462EA040266EA04060AD063EA3E
:108070000403624667EA0407664603E0F0E8042367
:10808000F1E8046782FA4CF582EA0604A4FA8CF45B
:108090006CBB83FA4CF583EA0705A5FA8CF595B914
:1080A00050E9022351E9026782FA4CF582EA06049C
:1080B000A4FA8CF483FA4CF583EA0705A5FA8CF54B
:1080C0002543DBD09CB92DBAB5FA85F424F007041A
:1080D00027FA04F1DDE9026723FA04F303F0FF0055
:1080E00001F0FF01FDE80445A0EB0100704724BA50
:1080F000B4FA84F424F0070426FA04F1DDE90267F7
:1081000022FA04F202F0FF0001F0FF01FDE804454D
:10811000A0EB0100704714F0030F3CD110F00304F2
:1081200028D150F8082B51F8083B82FA4CF582EA26
:108130000305A5FA8CF55DB950F8042C51F8043C00
:1081400082FA4CF582EA0305A5FA8CF5002DE8D0F9
:108150002DBAB5FA85F424F0070423FA04F122FAC3
:1081600004F202F0FF0001F0FF01FDE80445A0EB7E
:10817000010070474FEAC40420F0030050F8082BB8
:1081800021F0030151F8083B0CFA04F462EA0402FE
:1081900063EA0403C9E710F003041AD0A1EB040159
:1081A00020F00300E40750F8042B06D00FD28B78A0
:1081B0005FFAA2F4E41A06D12BB1CB785FFAB2F4DD
:1081C000E41A00D11BB920465DF8104B704701F14D
:1081D000040150F8042BCC0721F0030151F8043BB3
:1081E00048D824D222F07F4482FA4CF594EA132531
:1081F000A5FA8CF50AD165B951F8043B84EA02046A
:10820000B4EB036F0ED150F8042BEBE74FEA1323C6
:1082100055E035F07F454DD10878FDE80445C0F1C3
:10822000000070474FEA126203F0FF0347E002EAE2
:108230001C4482FA4CF594EA1345A5FA8CF50AD150
:1082400065B951F8043B84EA0204B4EB034F0CD146
:1082500050F8042BEBE74FEA134330E015EA1C45D6
:1082600028D10B884FEA124229E04FEA124203EA72
:108270001C4324E002F0FF0482FA4CF594EA1365F3
:10828000A5FA8CF50AD165B951F8043B84EA0204D9
:10829000B4EB032F09D150F8042BEBE74FEA13633B
:1082A0000DE015F0FF0F05D10B684FEA122223F005
:1082B0007F4304E04FF00000FDE80445704712BA28
:1082C0001BBA82FA4CF482EA0304A4FA8CF5B5FADC
:1082D00085F402FA04F203FA04F34FEA1260FDE8AF
:1082E0000445A0EB1360704780EA0102844612F057
:1082F000030F4FD111F0030F32D14DF8044D11F09F
:10830000040F51F8043B0BD0A3F101329A4312F051
:10831000803F04BF4CF8043B51F8043B16D100BF2A
:1083200051F8044BA3F101329A4312F0803FA4F1BB
:1083300001320BD14CF8043BA24312F0803F04BF42
:1083400051F8043B4CF8044BEAD023460CF8013BAF
:1083500013F0FF0F4FEA3323F8D15DF8044B704759
:1083600011F0010F06D011F8012B0CF8012B002A97
:1083700008BF704711F0020FBFD031F8022B12F086
:10838000FF0F16BF2CF8022B8CF8002012F47F4F41
:10839000B3D1704711F8012B0CF8012B002AF9D149
:1083A000704700BF70B50D4E0D4D761BB61006D050
:1083B000002455F8043B01349847A642F9D1094EF0
:1083C000094D761B08F0C2FAB61006D0002455F805
:1083D000043B01349847A642F9D170BD801E00606D
:1083E000801E0060A41E0060801E0060704700BFF9
:1083F000704700BF704700BF704700BF000000001B
:1084000000000000000000000000000090F800F0F4
:108410006DE9024520F007016FF0000C10F0070431
:1084200091F820F040F049804FF000046FF0070011
:10843000D1E9002391F840F000F1080082FA4CF2F3
:10844000A4FA8CF283FA4CF3A2FA8CF34BBBD1E979
:10845000022382FA4CF200F10800A4FA8CF283FAAB
:108460004CF3A2FA8CF3E3B9D1E9042382FA4CF27B
:1084700000F10800A4FA8CF283FA4CF3A2FA8CF310
:108480007BB9D1E9062301F1200182FA4CF200F117
:108490000800A4FA8CF283FA4CF3A2FA8CF3002BB6
:1084A000C6D0002A04BF04301A4612BAB2FA82F2C9
:1084B000FDE8024500EBD2007047D1E9002304F04B
:1084C0000305C4F100004FEAC50514F0040F91F84C
:1084D00040F00CFA05F562EA05021CBF63EA0503E9
:1084E00062464FF00004A9E72DE9F047DFF87CA0D1
:1084F0000646DAF8000098460F469146FFF77AFFE5
:10850000184B1C6824B365681F2D24DC5EB96B1CF6
:108510000235DAF80000636044F82570FFF76CFF5D
:108520000020BDE8F08704EB85010123C1F88890A5
:10853000D4F88821AB401A43022EC4F88821C1F830
:108540000881E4D1D4F88C211A43C4F88C21DEE7E9
:10855000054C1C60D7E7DAF80000FFF74DFF4FF03D
:10856000FF30DEE7D0B30020D4B3002044940020D5
:10857000000000009FED010B704700BF00000000ED
:108580000000F87F9FED010A704700BF0000C07F28
:10859000F8B5244F0C460646FDF770FFBB685D68D2
:1085A000C4F57E610F3125F003054B1923F47F6379
:1085B00023F00F03A3F58054B4F5805F07DB00219F
:1085C0003046FFF7F1FCBB682B44984204D030469C
:1085D000FDF75AFF0020F8BD61423046FFF7E4FC8A
:1085E00001300DD0104ABB682D1B45F001055D60C0
:1085F000136830461B1B1360FDF746FF0120F8BDD2
:1086000000213046FFF7D0FCBA68831A0F2BDEDD5D
:1086100043F001035360054B03491B68C01A08600F
:10862000D5E700BFBC95002070B50020C49900209C
:10863000002961D0F8B50C460646FDF71FFF54F837
:10864000042C7B4FA4F1080522F0010105EB010C7D
:10865000B868DCF80430604523F0030300F08B8039
:10866000D207CCF8043032D454F8082CAD1A114497
:10867000AA6807F1080082426AD00CEB0304D4F820
:1086800004E0EC68D4601EF0010FA26000F0978057
:1086900041F001036B60CCF80010B1F5007F35D2DA
:1086A0007868CB080122490901338A40024357F810
:1086B00033107A6007EBC302083AC5E9021247F8A3
:1086C0003350CD603046BDE8F840FDF7DDBE0CEB21
:1086D00003025268D00710D4194407F10800DCF8EF
:1086E0000830834273D0DCF80C20DA60936041F0EC
:1086F00001036B606950D0E7704741F00103B1F5A9
:10870000007F44F8043CCCF80010C9D3B1F5206FC9
:108710004FEA512348D28B0903F1390003F13802A3
:10872000C300F818FB580838984259D05A6822F00C
:1087300003028A4202D99B689842F7D1D868C5E9FA
:1087400002308560DD603046BDE8F840FDF79CBE34
:108750000CEB03025268D20763D40B44DCE902122B
:10876000CA60916043F001026A603046EB50BDE898
:10877000F840FDF789BE0B44D10707D454F8082C04
:10878000AD1A1344D5E90212CA60916043F00102A8
:108790006A60284ABD6012689A4293D8264B3046D8
:1087A0001968FFF7F5FE8DE7142B0AD9542B1FD853
:1087B0000B0B03F16F0003F16E02C300B1E7194424
:1087C0008DE703F15C0003F15B02C300A9E741F010
:1087D0000103C7E90455C5E902006B60695071E700
:1087E00079689210012404FA02F20A437A60A6E73B
:1087F000B3F5AA7F06D8CB0B03F1780003F177021B
:10880000C3008EE740F25452934206D88B0C03F11A
:108810007D0003F17C02C30083E74FF47E737E2268
:108820007FE741F001036B60CCF800104AE700BF1E
:10883000BC950020C8990020A0B500202DE9F0418A
:108840000469B4EB611F2FDD00F1140E4E1111F01D
:108850001F0C0EEB84050EEB86032BD05EF8261062
:1088600004339D4221FA0CF1CCF1200818D9774647
:108870001A6802FA08F20A4347F8042B53F8041B5B
:108880009D4221FA0CF1F3D8A31B9B00053B9B08EA
:1088900001330EEB83044EF82310C9B1043417E002
:1088A000416174460029F9D100230361002343612B
:1088B000BDE8F0819D4288BF00F11002F4D953F861
:1088C000041B42F8041F9D42F9D8A41B0EEB84043C
:1088D000A4EB0E039B1074450361E7D0BDE8F08163
:1088E0002DE9F04F2DED028B0C688B46A17885B0F9
:1088F000302908EE100A9246029340F0CE816FF0C4
:108900000100001BE21C8318144612F8011B3029D9
:10891000F9D0DFF8008318F80120002A00F0E58084
:108920002278002718F802203D4626462AB116F87C
:10893000012F18F80220002AF9D1B549019301222C
:108940003046FFF769FA019B814600284DD0002D83
:108950004ED13278A94602F0DF02502A354650D077
:10896000CBF80060002F69D12B1B013B072B394648
:1089700004DD5B10072B01F10101FADC18EE100A8F
:1089800003F04EFD8346002800F0668200F11406D5
:10899000AC42019680F0D2810027CDF80C909C4922
:1089A000A1463C460CE0202F19D0384604372A78DF
:1089B00018F8022002F00F02824014434D4547D0C0
:1089C00015F8012D2E2AEED14D45ECD30122284673
:1089D000FFF722FA8E490028F0D0202FE5D10020A1
:1089E00046F8044B04270446E1E7002D00F04281DD
:1089F000327802F0DF02AD1B502A4FEA8509354676
:108A0000AED16A782B2A00F025812D2A00F0A580AE
:108A10006E1C002018F802104A1E182A00F29B80D3
:108A2000727818F8022010390136002A5AD100B1A4
:108A300049428944CBF80060002F95D0002B14BF29
:108A400000250625284605B0BDEC028BBDE8F08F59
:108A5000DDF80C90234646F8043B1846019BF61AB5
:108A6000B610CBF8106003F0B5FD7601DAF80040DF
:108A7000301AA04275DCC0F2EF800027DAF8083027
:108A80004B45C0F25181DAF804304B454ADDA3EB87
:108A900009094C4500F38280DAF80C20022A00F024
:108AA0006581032A00F08181012A00F06F8118EEB0
:108AB000100A594603F0DAFC5025109A0023284684
:108AC000136005B0BDEC028BBDE8F08F01EB8101B6
:108AD00002EB4102A2F1100116F8012F18F8022052
:108AE000002AA4D0192AF1DDA1E749490193012206
:108AF0002046FFF791F9019B00286DD1617818F8A5
:108B00000120651C002A69D030292C4605D114F8B3
:108B1000013F302BFBD018F80320B2FA82F77F090F
:108B2000012302E7012557B1DAF80C30022B5DD0A2
:108B3000032B5FD0012B00F0848045F01005109BC3
:108B4000C3F800B0029B2846C3F8009005B0BDEC06
:108B5000028BBDE8F08F2E4602E70120AA78AE1CFA
:108B600058E7061B3146584604F062F9074678B1CB
:108B7000721E53110199012751F8231002F01F03AF
:108B800007FA03F30B4203D0BA4200F3E280022754
:108B900031465846B144FFF751FE6FE709F1FF3502
:108BA000002F40F0CE80002D40F0CD806B11019A57
:108BB00005F01F0552F823200123AB40134249461C
:108BC000584618BF47F00207A4EB0904FFF736FE2A
:108BD0000225DAF80490A6E72178254601F0DF01A6
:108BE000502900F0BF80CBF8005027E7119BC3F15C
:108BF00001031193119B002B9FD0DBF81070DDF85F
:108C00000480BA004346019208EB8700002107E088
:108C1000140A00206C1E0020984243F8041C3FD91F
:108C20001E4653F8042BB2F1FF3FF5D00132022D5E
:108C3000326000F0BF8014F01F0440F0E78021256F
:108C40007DE7BA077FF579AF019B1B681F43FB07E0
:108C5000D3D472E7002081E7221A594618EE100A91
:108C6000A9EB020903F042FE00F1140383460193CD
:108C7000002703E7727818F80200711C002800F042
:108C8000A0800D4611F8012F18F802000028F8D135
:108C9000751B4FEA85090E465DE60234002338E66F
:108CA000DBF808309F4280F28E803B460BEB83025C
:108CB00001210133022DCBF8103051617AD09F424F
:108CC000B9DA002B40F39B80DBF8142008EB830318
:108CD0000BF1180083424FEA520240F2B180444641
:108CE000016842EAC17244F8042B50F8042B834215
:108CF0004FEA5202F4D8A3EB0B03193B9B08013354
:108D000048F8232008EB8303002A40F09D80A3EB62
:108D1000080292104345CBF8102073D0DAF80830DF
:108D200009F101094B458ADA18EE100A594603F099
:108D30009DFB109A00231360A32583E6019E002368
:108D400089E6012732E72946584604F071F80746BC
:108D50002CE7B11E584604F06BF800283FF417AF1B
:108D6000032715E74FF0000901274AE6119A002A68
:108D70007FF49DAE02990B60019B0122CBF810207D
:108D80001A60109B6225C3F800B05BE64C457FF487
:108D90008EAE012CEED0611E584604F049F8002832
:108DA0003FF485AEDAF80430E4E7119A002A3FF484
:108DB0007EAEDFE7DAF80030013BA34234D0222553
:108DC000BDE60E46C7E5DBF8041018EE100A0131C7
:108DD00003F026FB0646C8B3DBF8103002339A00D6
:108DE0000BF10C010C30F7F737FC594618EE100A5E
:108DF00003F03CFB06F114083369B34656E7002341
:108E0000CBF810300023CBF8143087E7019B4344A4
:108E1000C4F1200453F8040C03F0DCFBA042BFF6BD
:108E20000EAFDBF810304CE7631104F01F0458F864
:108E300023200123A34013420CBF222521257EE6D7
:108E4000C8F8002043466AB1043360E7074B08487E
:108E50003246842104F06AFD044B05485A46E42159
:108E600004F064FDCBF81020CCE700BFEC1D00201F
:108E7000001E002010B4046809E014F8013FA3F1BB
:108E8000410CBCF1190F98BF2033934209D111F85E
:108E9000012B002AF1D10134046001205DF8044B5C
:108EA000704700205DF8044B704700BF2DE9F04F7C
:108EB000096885B04B1111F01F01029002EB83038A
:108EC000039140F08F801D1F0193029B01991C6844
:108ED000002341F8043C61780134002900F09880B7
:108EE000DFF87491A846AC469A461E460EE020294B
:108EF00000F28C80564506DDC44501D2072B5BDDB0
:108F0000624551D3082314F8011FA1B119F80100DB
:108F10000028ECD00133082B06F101063ADCDCF81E
:108F20000010090100F00F000843CCF8000014F80D
:108F3000011F0029EAD1002E6AD0C44501D2072BB7
:108F400074DD624552D2111F634653F8040B41F899
:108F5000040FAB42F9D9A5EB0C0323F00303691C02
:108F600004330CF1010C614538BF04231344002184
:108F700043F8041BAB42FBD9019B53F8043C2BB9CB
:108F8000AA4249D055F8043D002BF9D0052005B080
:108F9000BDE8F08F6245B6D200234CF8043C194678
:108FA000ACF1040C0123BDE70023ACF104084CF83C
:108FB000043CB246C446A6E7C3F10801DCF8003021
:108FC0008900C1F1200E60469B46476807FA0EF300
:108FD00043EA0B0327FA01FB036040F804BF404556
:108FE000F3D38DE7191D01911D466EE7039B002BFE
:108FF000C2D0039B0198C3F120014FF0FF33CB4057
:1090000050F8041C0B4040F8043CB8E7292909D06B
:10901000042005B0BDE8F08F012305202B6005B0CA
:10902000BDE8F08F029901340C6084E7DCF8001091
:10903000C3F108039B00C3F1200764460846666835
:1090400006FA07F1014326FA03F0216044F8040F01
:109050004445F4D375E700BF6C1E002082B049B1CF
:109060005AB16BB113780B601278101E18BF012033
:1090700002B0704701A9002AF3D1104602B0704730
:109080006FF00100F4E700BF000000002DE9F04F91
:109090002DED088BD1B00C460BEE101A90460893BC
:1090A000834604F063F9036812931846FFF7AEF99C
:1090B00020AF1090082200213846FEF75BFEA389FE
:1090C0001B0603D52369002B00F0558700239FED75
:1090D000838B9FED849BCDE92533CDE91333CDE917
:1090E000153327AA0E932492924611930493444673
:1090F000A1467E4BD3F8E450FEF706FF4A460346EE
:109100001CA900975846A847002800F0B080C0F27C
:10911000A6801C9A252A034601D09944E9E7B9EBB9
:109120000405064640F0A78000234FF0FF328DF87B
:1091300067309846069309F1010999F800300392C7
:109140002B25202609F10109A3F120025A2A00F259
:10915000CF80DFE812F0E802CD00CD00E302CD00C1
:10916000CD00CD006A00CD00CD0005028402CD0007
:109170001002C902CD00BD025B005B005B005B001A
:109180005B005B005B005B005B00CD00CD00CD00B1
:10919000CD00CD00CD00CD005301CD0083011A02DA
:1091A000530153015301CD00CD00CD00CD00150278
:1091B000CD00CD009602CD00CD00CD00AB01CD009D
:1091C000AA02CD00CD00E306CD00CD00CD00CD003C
:1091D000CD00CD00CD00CD005301CD008301DE01D7
:1091E0005301530153017702DE017F00CD00890254
:1091F000CD005F02E0062F027F00CD00AB017C00B6
:10920000B806CD00CD00BD06CD007C00A3F1300234
:10921000002119F8013B01EB810102EB4101A3F1AF
:109220003002092AF5D906918EE7584604F09EF8D7
:10923000436815931846FFF7E9F81690584604F06E
:1092400095F883681393169B002B40F02D8699F8B0
:10925000003077E799F8003048F0200872E70822DC
:1092600000213846FEF786FD0123994441E7B9EB1A
:109270000405064611D0269B2B442693259B0133DB
:10928000072BCAE9004525931CDC0AF1080A049B58
:109290002B440493002E7FF447AF269B002B41F014
:1092A0000B821BEE103AB3F90C3013F0400F049B05
:1092B00018BF4FF0FF330493049851B0BDEC088BF6
:1092C000BDE8F08F1BEE101A24AA584605F0A4FB47
:1092D0000028E6D10DF19C0AD9E700BF000000008C
:1092E00000000000FFFFFFFFFFFFEF7F5094002012
:1092F0000B93002BD1D00021CDE90C118DF8DC307F
:1093000001238DF8671002930791059303910F9144
:1093100037AC18F00203099302D0029B0233029388
:1093200018F084030A9305D1069B029A9D1A002D1A
:1093300000F36983269A89B125990DF167000131FF
:109340000132CAF8000007294FF00100269225914A
:10935000CAF8040000F3A2830AF1080A099B83B14A
:10936000259B1AA901330232CAF80010072B4FF0CF
:10937000020126922593CAF8041000F3A3830AF190
:10938000080A0A9B802B00F06C82039B05995D1AEA
:10939000002D00F3A58218F4807F40F00D82059B1C
:1093A000CAF804301A44259BCAF800400133072B41
:1093B0002692259300F31B830AF1080A18F0040F84
:1093C00005D0069B02995C1A002C00F38883049B4D
:1093D000069902988142ACBF5B181B180493002ABF
:1093E00040F0B08200232593079B1BB10799584694
:1093F000FFF71EF90DF19C0A4C4679E60B93089B8A
:10940000073323F00703B3EC028BB0EEC87BB4EE56
:10941000497BF1EE10FA089340F3E984B5EEC08B76
:10942000F1EE10FA01F159809DF86710AB4CAC4B8E
:1094300028F080080B9A472AC8BF1C460023CDE9B4
:109440000C33032207930292059203930F93002992
:109450003FF45FAF029B013302935AE7432B0B9318
:1094600003D018F0100F00F05D85089D0822002140
:1094700022A837ACFEF77EFC22AB55F8042B214620
:10948000584604F0CDF903460133059001F0EE8211
:10949000059B089523EAE37302930021CDE90C11A3
:1094A0008DF86710079103910F9132E70B93089B9A
:1094B0001A4600238DF86730134653F8044B08937F
:1094C000002C00F048850B9B532B00F0EC8618F025
:1094D00010030C9340F0E786039B5D1C01F0E580D0
:1094E0000C991A46204604F021F90790002801F053
:1094F0002883079B1A1B05920C9B039322EAE272B6
:109500000F930D93079373239DF8671002920B93AB
:109510009DE718F0200F0B93089B3DD0073323F0F5
:1095200007031A4611465B6851F8082B0891194643
:10953000002BC0F20C84039B013300F09E8228F0C4
:10954000800052EA0103029040F09982039B002BB5
:1095500040F09A82804600230393059350AC06E1C5
:10956000089B53F8042B0692002A80F21984069A6D
:1095700008935242069299F8003048F00408E1E559
:1095800099F8003048F00808DCE548F0100818F0B9
:10959000200F0B93089BC1D118F0100F40F00B84E3
:1095A00018F0400F00F0038433F9042B0893D1170F
:1095B0000B46BDE7089B48F00202029253F8042BC9
:1095C000089347F63003ADF868307820454B119387
:1095D000002102230B900020039C8DF86700601C83
:1095E00000F0AD80029820F0800852EA010040F0BF
:1095F000A480002C40F0AE86002BACD1029B13F06F
:109600000103059300F0D18330238DF83F310DF233
:109610003F14ACE018F0200F40F0D48318F0100F86
:1096200040F09F8618F0400F40F0978718F4007FB5
:1096300000F09786089B049953F8042B0893117047
:109640004C4655E599F80030682B03BF99F8013076
:1096500048F4007809F1010948F0400872E599F8EA
:1096600000308DF867506DE599F800306C2B03BF22
:1096700099F8013048F0200809F1010948F0100874
:1096800060E50B9348F0100818F0200100F05183BA
:10969000089B073323F00703596853F8082B0893F6
:1096A00028F480630293002395E70B9348F010039E
:1096B0000293029B13F0200100F02983089B0733DB
:1096C00023F00703596853F8082B0893012382E716
:1096D00099F8003048F0800834E500BF9C21002054
:1096E000441A0020A4210020494611F8013B2A2BEE
:1096F00001F04982A3F13002092A894698BF00216E
:1097000001F2448119F8013B01EB810102EB4101B7
:10971000A3F13002092AF5D9039115E599F8003033
:1097200048F001080EE59DF86730002B7FF48FADFF
:1097300099F800308DF8676004E5CDF80880012BBA
:1097400000F09D81022B50AC20D1119802F00F0344
:109750001209C35C04F8013D42EA0172090952EAA8
:109760000103F3D150AB1B1BDDF808800593059A6C
:1097700003989DF8671082424FF00003B8BF02467D
:10978000CDE90C33079302920F9360E602F00703D2
:10979000D20842EA4172C908303352EA0105204634
:1097A00004F8013DF2D1029AD10700F14D8250AB8D
:1097B0001B1B90460593DAE70B9B652B40F3D48087
:1097C000B5EE408BF1EE10FA40F0C181259BBA490D
:1097D000CAF80010013301320121072B269225938C
:1097E000CAF8041000F351850AF1080A1B9B0E9970
:1097F0008B4280F2D082109B12991A44CAE900135E
:10980000259B26920133072B259300F397830AF1BA
:10981000080A0E9B5C1E002C7FF7D0AD102C259BF8
:1098200040F36E851BEE106A102505E00AF1080A68
:10983000103C102C40F364850133A0491032072BF3
:10984000CAE90015CDE92532F0DD24AA3146584693
:1098500005F0E2F800287ED1DDE925320DF19C0A01
:10986000E6E7069B02995D1A002D7FF78EAD102D5D
:10987000259B21DD099410261BEE104A04E0103DC3
:10988000102D0AF1080A16DD01338C491032072B1E
:10989000CAE90016CDE92532F1DD24AA2146584651
:1098A0000DF19C0A05F0B8F8002854D1103D102D98
:1098B000DDE92532E8DC099C8049CAF8045001330F
:1098C0002A44072BCDE92532CAF8001000F326857B
:1098D000039B05995D1A002D0AF1080A7FF75BAD1D
:1098E000102D259B1FDD514610261BEE10AA04E00B
:1098F000103D102D01F1080114DD01336F481032C5
:10990000072BC1E90006CDE92532F1DD24AA514635
:10991000584605F081F8F0B9103D102DDDE92532EB
:1099200027A9EADC8A4601336449CAF804502A446C
:10993000072BCDE92532CAF8001000F3DA810AF1CD
:10994000080A28E51BEE101A24AA584605F064F808
:1099500000283FF447AD079B002B3FF4A2AC0799CA
:109960005846FEF765FE9CE40E9B012B40F37A817E
:10997000259BCAF80040013301320121072B2692B2
:109980002593CAF8041000F3F8810AF1080A109927
:10999000129801330A44072BCAE90001CDE92532A8
:1099A00000F3DD810AF1080AB5EE408BF1EE10FA02
:1099B00000F077810E990133013901340A44072BF5
:1099C000CAF800402593CAF80410269200F35B8180
:1099D0000AF1080A1499CAF8041001330A44072B43
:1099E0001EA9CDE92532CAF800107FF7E5AC1BEEC1
:1099F000101A24AA584605F00FF80028ABD1269A71
:109A00000DF19C0ADAE4102DDDE925122C4E24DD3F
:109A1000179410231BEE104A084604E0103D102D49
:109A20000AF1080A17DD013010320728CAE900637D
:109A3000CDE92502F2DD24AA214658460DF19C0A03
:109A400004F0EAFF002886D1103D102DDDE9250243
:109A50004FF01003E7DC179C014601312A44072927
:109A6000CDE92512CAF80060CAF8045000F3BD839E
:109A70009DF867100AF1080A5DE4CDF808800A2A0B
:109A800071F1000380F0458330320123DDF8088056
:109A90008DF83F2105930DF23F1468E61BEE101A76
:109AA00024AA584604F0B8FF00287FF454AF269A41
:109AB0000DF19C0A52E400BF808F0020B09000207E
:109AC0004C3C00201BEE101A24AA584604F0A4FFB8
:109AD00000287FF440AF269A0DF19C0A51E4102C27
:109AE000259BBE4E1FDD1BEE108A102504E0103CA6
:109AF000102C0AF1080A16DD01331032072BCAE9CF
:109B00000065CDE92532F2DD24AA414658460DF123
:109B10009C0A04F081FF00287FF41DAF103C102C3C
:109B2000DDE92532E8DC01332244072BCAE9006471
:109B3000CDE925327FF74BAC1BEE101A24AA58460C
:109B400004F06AFF00287FF406AF269A3FE41B99D1
:109B5000002940F35A830C9E0E9B9E42A8BF1E46CE
:109B6000002E0BDD259B01333244072BCAE900464A
:109B70002692259300F389860AF1080A0C9D002E8F
:109B8000A8BFAD1B002D00F303820C9B18F4806F5F
:109B90002344059340F01F821B9B0E998B4203DBED
:109BA00018F0010F00F0CF84109912980A44CAE906
:109BB00000012599269201310729259100F3A586F8
:109BC0000AF1080A0E996518CC1A059BED1AA542F0
:109BD000A8BF2546002D0DDDCAF80030259BCAF828
:109BE000045001332A44072B2692259300F3BB86A9
:109BF0000AF1080A002DA8BF641B002C7FF7DEAB1A
:109C0000102C259B40F37C831BEE106A102505E089
:109C10000AF1080A103C102C40F37283013370499A
:109C20001032072BCAE90015CDE92532F0DD24AA50
:109C30003146584604F0F0FE00287FF48CAEDDE992
:109C400025320DF19C0AE5E7302B3FF48BAD302334
:109C5000023804F8013C50AB1B1ADDF8088005936C
:109C6000044684E518F0010F7FF482AE259BCAF804
:109C70000040013301320121072B26922593CAF8B7
:109C800004107FF7A5AE1BEE101A24AA584604F064
:109C9000C3FE00287FF45FAEDDE925320DF19C0A9A
:109CA00098E60E994C1E002C7FF794AE102C40F3D2
:109CB00061831BEE106A102505E00AF1080A103CCA
:109CC000102C40F35783013345491032072BCAE962
:109CD0000015CDE92532F0DD24AA3146584604F0BE
:109CE0009BFE00287FF437AEDDE925320DF19C0A9A
:109CF000E5E71BEE101A24AA584604F08DFE002852
:109D00007FF429AE269A0DF19C0AFFF744BB029B13
:109D100013F0100340F0C180029A12F0400200F0EC
:109D20007A83089850F8042B0890194692B20123C0
:109D300051E418F0100355D118F0400200F05D8393
:109D4000089850F8042B0890194692B2A8E45242A1
:109D500061EB4101CDF808802D2001233CE41BEE8E
:109D6000101A24AA584604F057FE00287FF4F3ADD9
:109D7000DDE925320DF19C0A16E61BEE101A24AA25
:109D8000584604F049FE00287FF4E5ADDDE92532B0
:109D90000DF19C0AFBE518F0010F3FF40FAB2AE52B
:109DA000089399F80030FFF7CDB950ACDFE418F410
:109DB000007F40F0DB8353F8042B0893D1170B4648
:109DC000FFF7B6BB089B049853F8041B0893C2170F
:109DD000C1E900024C46FFF78BB900BF4C3C0020A4
:109DE000B0900020089B53F8042B089358E4B4EE7D
:109DF000488BF1EE10FA80F194860B9B612B00F0FA
:109E00005285412B00F0C085039B01330B9B23F04F
:109E1000200500F08084472D04D1039B002B08BF50
:109E20000123039318EE903A002B48F480724646C3
:109E3000C0F21886B0EE48AB002390460993079312
:109E40000B9B413B252B00F29883DFE813F06F0456
:109E500096039603960368046C0496039603960390
:109E6000960396039603960396039603960396032A
:109E7000960396039603960396039603960396031A
:109E8000960396039603960396039603960396030A
:109E900096039603960368046C04089B53F8042BFE
:109EA00008930123FFF797BB139B002B3FF4CFA927
:109EB000139B1B78002B3FF4CAA999F8003048F493
:109EC0008068FFF73FB90B93CDF80880FFF7F1BB2F
:109ED0000B939A4B119318F0200100F00581089B19
:109EE000073323F00703596853F8082B089318F039
:109EF000010F0AD052EA010307D00B9B8DF869309D
:109F0000302348F002088DF8683028F4806302930B
:109F10000223FFF760BB0B93FFF7B6BB0B93884B95
:109F20001193D8E7089B012153F8042B02918DF877
:109F3000DC200893059137ACFFF7AFBA1BEE101A7F
:109F400024AA584604F068FD00287FF404AD269A40
:109F50000DF19C0A5DE4039B0794062B224628BF63
:109F6000062303942146CDE90C22764C02930593F7
:109F70000F92FFF76CBA40215846FBF7CFFF2060E5
:109F80002061002800F00F8640236361FFF79EB830
:109F9000102D259B40F35D82514610261BEE10AA22
:109FA00004E00831103D102D40F352820133664821
:109FB0001032072BC1E90006CDE92532F1DD24AAD4
:109FC0005146584604F028FD00287FF4C4ACDDE972
:109FD000253227A9E6E70E9BCDF82490E3180393DA
:109FE0000D9BCDF82880139E059DDDF85890DDF877
:109FF0003C800B941BEE101A5046002B34D0B8F165
:10A00000000F35D10D9B013B013E0D93159BC0E91F
:10A010000039259B01334A44072B269225936CDC9B
:10A020000830039B96F800C05B1B6345A8BF6346DE
:10A03000002B9A460CDD259C01341A44072CC0E9FC
:10A0400000532692259400F3778196F800C00830DB
:10A05000BAF1000FACBFACEB0A046446002C0ADC7A
:10A0600065440D9B002BCAD1B8F1000F00F0AC8302
:10A0700008F1FF38CAE7102CDDF894C024DD0595FF
:10A080004FF0100A63460D4604E0103C102C00F11E
:10A09000080016DD01332C491032072BC0E9001AE5
:10A0A000CDE92532F1DD24AA2946584604F0B4FC56
:10A0B00000287FF450AC103C102CDDE9253227A895
:10A0C000E8DC2946059D9C460CF1010322444460CE
:10A0D000072B1D4C0460CDE9253200F3C68396F8AA
:10A0E00000C008306544BCE718F0100300F0C280DF
:10A0F000089B53F8042B0893F9E624AA58460591C7
:10A1000004F08AFC00287FF426AC269A059927A83B
:10A1100087E70298CDF81CA050AC00F480600025C1
:10A120000AEE10BA094BDDF84CA0CDF81490A34606
:10A130004FF00508AC46044610E000BFA421002003
:10A14000B8210020CC210020B0900020CDCCCCCC78
:10A150000A2A71F1000136D34A463146501840F1BF
:10A160000000A3FB005626F0030505EB9605401BF7
:10A17000151A4FF0CC3661F1000E06FB05F6A5FB73
:10A18000039503FB0E6609F0010E2E44AEFB085E3C
:10A190002D184FEA590930350BF8015C49EAC679A8
:10A1A0000CF1010C0BF1FF3B7608002CD0D09AF893
:10A1B00000008445CCD1BCF1FF0FC9D00A2A71F14F
:10A1C000000180F08F815C4650AB1B1BDDF81490C2
:10A1D000CDF84CA01AEE10BADDF81CA0DDF808800E
:10A1E000CDF838C00593FFF7C2BA1BEE101A24AAA7
:10A1F000584604F011FC00287FF4ADAB9DF86710C1
:10A20000269A0DF19C0AFFF796B8259BBE48CAF81E
:10A210000000013301320120072B26922593CAF852
:10A22000040000F377810AF1080A002940F0AF80AA
:10A230000E9908F001030B433FF4C0A8109B12993C
:10A240001A44CAE90013259B26920133072B259354
:10A2500000F352820AF1080A0E99CAF8004001334D
:10A260000A44072BCDE92532CAF804107FF7A4A8C9
:10A27000FFF7BDBB18F0400200F0DD80089850F8F1
:10A28000042B0890194692B231E61BEE101A24AA4C
:10A29000584604F0C1FB00287FF45DAB269A0DF10F
:10A2A0009C0AFFF7A3BA22AE0822002130461D9473
:10A2B000FDF760FD039B5A1C00F0DB800025CDF804
:10A2C0000890CDF81C809946A8460CE037A958465E
:10A2D00003F0A6FA431C404400F0C883484508DC5C
:10A2E00000F0188480461D9A525933460435002ADE
:10A2F000ECD1CDF81480DDF80890DDF81C80C5E0C5
:10A3000001338249CAF804402244072BCAF80010DE
:10A31000CDE925327FF750A8FFF769BB1BEE101A75
:10A3200024AA584604F078FB00287FF414AB269A40
:10A330000DF19C0AFFF729B824AA5846059104F0AC
:10A340006BFB00287FF407AB96F800C0269A0599AE
:10A3500027A87DE6012BCDF808807FF4F3A9FFF74D
:10A3600093BB089B049953F8042B4C461160089347
:10A37000FEF7BEBE01336549CAF804402244072BEC
:10A38000CDE92532CAF800107FF722AB7BE4109BA1
:10A3900012981A44CAE90003259B26920133072B21
:10A3A000259300F3A9810AF1080A0029BFF654AFEA
:10A3B0004D42103180F20F831BEE101A102605E07B
:10A3C0000AF1080A103D102D40F3058301334F4870
:10A3D0001032072BCAE90006CDE92532F0DD24AAA8
:10A3E0005846039104F018FB00287FF4B4AADDE975
:10A3F000253203990DF19C0AE4E7089B18F40071DB
:10A400001ABF114653F8042B53F8042B089318BFB6
:10A41000D2B2FFF745B9029B13F40071089B1ABF33
:10A42000114653F8042B53F8042B089318BFD2B2EB
:10A430000123FFF7D0B8089B18F400711ABF11462A
:10A4400053F8042B53F8042B089318BFD2B24EE5EF
:10A450008A4601332D49CAF804502A44072BCDE916
:10A460002532CAF8001000F339810AF1080AFFF713
:10A470008CBB0023194600961DAA584603F0F6F936
:10A4800003460133059000F0F1821D94059B002BDB
:10A490004ED0632B00F318810023079337AC0822BA
:10A4A00000213046FDF766FC059D00962B461DAA4F
:10A4B0002146584603F0DAF9854240F07C83059A3C
:10A4C0000023A35422EAE272CDE90C339DF8671011
:10A4D000039302920F93FEF7BABF2D218DF86710F8
:10A4E000FEF7A4BF169B1599ABEB030B1A46584613
:10A4F000FDF7D8FC9AF80120054B0AB10AF1010AD0
:10A500004FF0000C28E600BF808F0020B0900020A4
:10A51000CDCCCCCC1BEE101A24AA584604F07CFA01
:10A5200000287FF418AA1B99269A0DF19C0A7CE654
:10A53000059B9DF867100F93CDE90233CDE90C33ED
:10A540000793FEF784BF0E99059865182D1ACC1A4B
:10A55000A542A8BF2546FFF74DBB089B049953F8B9
:10A56000042B089311804C46FEF7C2BD13F9042B4F
:10A570000893D1170B46FEF7DBBF039A022122ABEB
:10A5800001931DAB009358461BABB0EE4A0B0292F1
:10A5900003F088FB472D029A044600F06181462DA6
:10A5A000104405D12378302B00F06F821B9A1044A1
:10A5B000B5EE40ABF1EE10FA40F0468103461B1BAE
:10A5C0000E93472D00F01081462D00F0B5811B9BA6
:10A5D0000C930C9B412D03F1FF331B9300F0E5819D
:10A5E0009DF82C200021002BB8BF0C9B8DF8782003
:10A5F000BABFC3F101032D222B22092B8DF879203C
:10A6000040F3DA810DF18F05DFF81CC42A461046AD
:10A610008CFB0321DA17C2EBA10202EB8201A3EB50
:10A620004101303100F8011C19466329134600F13D
:10A63000FF32ECDC3033D9B2831E9D4202F8011C9C
:10A6400040F28B8213460DF17A0201E013F8011BF0
:10A6500002F8011B9D42F9D10DF191030DF17A022F
:10A660001B1A13441EAA9B1A14930E9B149A012BB7
:10A670001A44059240F30382059B109A13440593F4
:10A6800026F48063059A43F480780023CDE90C33E7
:10A6900022EAE2720F930292099B002B40F0B180F4
:10A6A0009DF867100393FEF7D2BE2046FDF7AEFE7D
:10A6B00002460590FEF720BF1BEE101A24AA58464A
:10A6C00004F0AAF9FEF7EDBD591C5846FBF726FC2D
:10A6D0000446002800F0CA810790E0E61BEE101A3D
:10A6E00024AA584604F098F900287FF434A9269A41
:10A6F0000DF19C0AFFF749BA1BEE101A24AA58461E
:10A7000004F08AF900287FF426A9DDE925321B9997
:10A710000DF19C0A49E606230393FFF783BB039BD5
:10A7200002215A1C2BE7039A032128E71BA8B0EE4D
:10A730004A0B03F0BFF8B4EE007B20EE070BB5EE3A
:10A74000400BF1EE10FA01D101231B93B348039B98
:10A75000B3EE005B013B224604E0B5EE400BF1EEA8
:10A7600010FA13D020EE050BFDEEC07BB3F1FF3FD6
:10A7700017EE901A415CB8EEE76B944630EE460B4C
:10A7800002F8011B194603F1FF33E6D1B6EE006B68
:10A79000B4EEC60BF1EE10FA00F34881B4EE460BAE
:10A7A000F1EE10FA04D117EE903ADB0700F13E818A
:10A7B000002906DB4B1C1344302102F8011B934295
:10A7C000FBD1131B0E93FCE60B9C0E9BDDF8249033
:10A7D000DDF828801396E3189D42294628BF1946C4
:10A7E00082460591FFF7D8B91B9B0C93DA1C02DB5C
:10A7F000039A93420CDD0B9B023B0B9323F0200545
:10A80000E7E62D2100238DF867100393FEF722BEA3
:10A810000C9B0E9A9342C0F2BD80F0070C9B40F156
:10A820003281109A13440593710503D50C9B002BBC
:10A8300000F33581059B23EAE373029367230B93AF
:10A8400000230F930D9327E7229B8342BFF4B7AEFB
:10A8500030215A1C22921970229B9842F9D8AEE6F8
:10A86000F30700F1A780229BA9E624AA5846059188
:10A8700004F0D2F800287FF46EA896F800C0269A5B
:10A88000059927A86544FFF7ECBB1BEE101A24AA14
:10A89000584604F0C1F800287FF45DA8269A0DF10F
:10A8A0009C0AFFF76BB978238DF8693030238DF857
:10A8B0006830039B632B48F0020600F3A680002358
:10A8C000079337AC18EE903A002B48F481782BDBD5
:10A8D000B0EE48AB0B9B23F02005002309930B9BA4
:10A8E000612B7FF4ADAAB0EE4A0B1BA802F0E2FF89
:10A8F000B4EE007B20EE070BB5EE400BF1EE10FA44
:10A9000001D101231B93464821E71BEE101A24AA0C
:10A91000584604F081F800287FF41DA81B9B269A56
:10A920000DF19C0AFFF74EB90B9B23F020052D2358
:10A930000993B1EE48ABD2E71B9A0C92002A06F0BD
:10A94000010340F30D8103990B4340F0CF800C9B32
:10A95000059366230B93720500F1A380059B23EA00
:10A96000E37302936CE71BEE101A24AA584604F016
:10A9700053F800287EF4EFAF1B9C0E9B269A1C1BFD
:10A980000DF19C0AFFF736B958238DE70022039298
:10A99000FEF7DABB0E9B109A9A180C9B0592002BBF
:10A9A00040F3AB8067230B93D5E70B9A0F32D2B2FB
:10A9B000012118E6A018FBE5002940F0A88030220C
:10A9C0008DF87A200DF17B02303302F8013B1EAB8B
:10A9D000D31A149349E601331249CAF804502A44A1
:10A9E000072BCDE92532CAF800107FF733AC1BEEF8
:10A9F000101A24AA584604F00FF800287EF4ABAFD2
:10AA0000DDE925320DF19C0A26E4591C5846FBF776
:10AA100085FA044650B3079054E700BFB8210020E0
:10AA2000A4210020B090002067666666CDF888C03B
:10AA300012F8011C90F80FC0614513460AD14FF07F
:10AA4000300E03F801EC229B591E229113F8011CD1
:10AA50008C45F6D0392916BF0131817AC9B203F885
:10AA6000011CAEE600239046079360E71BEE102A18
:10AA7000B2F90C3043F040039381FEF716BCF507A2
:10AA80007FF5FEADF8E50593CEE6B5EE40ABF1EE11
:10AA900010FA3FF48BADC2F101021B9287E56723E8
:10AAA0000B9313990B78FF2B79D000250C9A28462D
:10AAB00003E001300131FF2B08D0934206DAD21AAD
:10AAC0004B78002BF5D10B780135F4E70C921391FC
:10AAD0000D900F950F9A0D9B16991344059A01FB43
:10AAE0000323059323EAE3730293D5E5109BD31860
:10AAF0001944662305910B932DE7C3F101031A4412
:10AB000022EAE2730293672305920B9398E60DF114
:10AB10007A0259E7039BDDF80890DDF81C80059365
:10AB2000B4E418EE903A002BB4BF2D219DF86710C5
:10AB3000254C264BB8BF8DF8671028F08008FEF72B
:10AB400079BC039B0293059373239DF867100390D0
:10AB50000F900D900B93FEF77ABC0223149384E5BB
:10AB6000039A134305D10123662202930B920593A6
:10AB700066E6109B01331A4422EAE27302936623CD
:10AB800005920B935CE6089A99F80130894652F8D1
:10AB9000041B089241EAE1710391FEF7D3BA002346
:10ABA0000F930D9396E70C23CBF800304FF0FF3353
:10ABB0000493FEF781BB1BEE102A938943F04003F8
:10ABC0009381FEF7C8BE00BFA0210020401A0020DC
:10ABD0002DE9F04F2DED028BADF5377D8B46B1F9A8
:10ABE0000C1002AF8C048146FA643B6309D4DBF895
:10ABF000643041F4005123F40053ABF80C10CBF84F
:10AC0000643000231C460822194607F15800FB62F5
:10AC1000A246FDF7AFF83C647C62BC637C64834B66
:10AC2000D3F8E440FDF770F907F1580203460092AB
:10AC300007F15401FA6C4846A047051EFB6C33DB54
:10AC40002B44FB647B6D2E46002B00F0B680012D5B
:10AC500038D0252B40D0002DE1D0FB6C9E1BDBF8BB
:10AC60000430741E002B40F39880DBF8001094F839
:10AC700001C091F800E0A31C0AEB0300E64501F1D6
:10AC80000101A3EB060204F10104A0EB060040F071
:10AC90009480DBF80430CBF80010013BAA42CBF8DB
:10ACA0000430DFDB8246BAE70133FB6408224FF64B
:10ACB000FD73002107F158007B65FDF75BF87B6DA4
:10ACC000002B7AD05A4EF25C100700F11C85252B20
:10ACD00040F0868001252E46F86C00240278A046BC
:10ACE000A2F12503411C552B67D8DFE813F00A07B2
:10ACF0006600660066006600010766006600660082
:10AD0000660066000C060C060C060C060C060C060B
:10AD10000C060C060C060C06660066006600660053
:10AD2000660066006600180666008E04C9041806F0
:10AD30001806180666006600660066008200660057
:10AD40006600BF0466006600660089006600660053
:10AD5000660066006B0666006600DD06660066003B
:10AD6000660066006600180666009004CB041806AC
:10AD700018061806BE06D20682006600E706F3062D
:10AD8000AC06C104DA06660066008B007D00CA06C8
:10AD9000660066006B0666007D005946484603F073
:10ADA000FBFE00283FF461AF7B6C002B01F052806A
:10ADB000BBF80C305A0601F14D803B6C43B13B6C43
:10ADC000D3F80080B8F1000F02D04046FBF79EF8A0
:10ADD000786C07F53577BD46BDEC028BBDE8F08F8A
:10ADE000FB6C01255E1E3AE72307E6D14278084650
:10ADF00076E72207E1D1427844F0020408466FE783
:10AE000044F00104F9640225DBF80430002B40F320
:10AE10000884600640F10F846B1E032B01F2EB8067
:10AE2000DFE813F07B02F1014B0108005094002091
:10AE300001200020484602F099FA03683B6208F1BD
:10AE4000FF33B3F5AE7F40F25A856FF4AE7508EB71
:10AE500005033B6140F25D18002607F5B87308EE64
:10AE6000109AC7E90566FE637E63FE61BE6444F422
:10AE7000F064BB621D464646DBF800100A78A2F17A
:10AE80002B034E2B50D8DFE813F07E034F007E03D8
:10AE90004F004F00A300A600A600A600A600A60033
:10AEA000A600A600A600A6004F004F004F004F00CE
:10AEB0004F004F004F0074030B030B030B039E0363
:10AEC00094034F004F0084034F004F004F004F008A
:10AED0005D034F003A034F004F004F0033034F0014
:10AEE0004F004F001E036D034F004F004F004F00F7
:10AEF0004F004F004F0074030B030B030B039E0323
:10AF000094034F004F0084034F004F004F004F0049
:10AF10005D034F003A034F004F004F0033034F00D3
:10AF20004F004F001E036D03A0056FD5386A0378EC
:10AF300093426BD1C7E902457E60814618EE106AE4
:10AF40004FF000085C4607E0216091F800E099F8B6
:10AF5000000086451CD1DA4619F8010F45460AF172
:10AF6000010B013108F10108002800F064866068D7
:10AF7000013800286060E7DC2146304603F00CFE13
:10AF800030B9216899F8000091F800E08645E2D0D8
:10AF9000A3463A6ABC683D612B46B146BE6CFD686B
:10AFA000BD6401335D4602EB0308B34626461446F2
:10AFB00018F8011D2A46484603F0AEFD4445F7D176
:10AFC0003B693446AAEB030A5E46AB46BD6C20E003
:10AFD000E00500F10185BB6CF96BD94216D124F470
:10AFE000C07405F8012B013EDBF80430013B002B57
:10AFF0000AF1010ACBF8043040F36F83DBF800302C
:10B000000133CBF80030002E7FF436AFBE6C18EE63
:10B01000109A7B6B002B40F0DC82FB6B013B012B19
:10B0200041F21680731E062B40F22786E3051BD5DE
:10B03000660501F1B58015F8011C652905F1FF339E
:10B040000AF1FF360AD0452908D05A46484603F08F
:10B0500063FD15F8021CAAF10206AB1E5A464846CB
:10B06000B2461D4603F058FD14F010027FF4D7AD30
:10B0700004F4C063B3F5806F2A7000F0D284BB691A
:10B08000002B40F02C874846B96A0022FCF776FB7B
:10B09000E0073B6B00F1C985A10700F1C685B4EE5E
:10B0A000400BF1EE10FA53F8044B80F1F486B7EE42
:10B0B000C00B3B6384ED000AA2E308F1FF33B3F554
:10B0C000AE7F40F2A2836FF4AE7208EB0203FB6323
:10B0D00040F25D1807F5B8730022BE6BBB6259469B
:10B0E00044F45864D3461D4692460A681078A0F18D
:10B0F0002B034D2B60D8DFE813F082025F00820241
:10B100005F005F00CD02E001E001E001E001E0014D
:10B11000E001E0016F026F025F005F005F005F000F
:10B120005F005F005F004E004E004E004E004E007C
:10B130004E005F005F005F005F005F005F005F0028
:10B140005F005F005F005F005F005F005F005F0007
:10B150005F005F0076025F005F005F005F005F00DE
:10B160005F005F005F004E004E004E004E004E003C
:10B170004E005F005F005F005F005F005F005F00E8
:10B180005F005F005F005F005F005F005F005F00C7
:10B190005F005F0076020A2E0EDD24F438644B68EF
:10B1A00005F8010B013B002B4B6040F38D8201320F
:10B1B0000A60B8F1010898D1E005D046BE63DA46CE
:10B1C0008B4607D5BB6A9D4200F22284BB6A9D4232
:10B1D0003FF4F3AD14F0100210D1B96ABB6BFE6AF4
:10B1E0002A704846B047A10640F108843B6B53F8EB
:10B1F000042B10603B637B6C01337B64BB6AED1AEC
:10B200004544AA440BE5B8F1000F08BF4FF0FF38E2
:10B21000E00740F1958214F010037B6340F07484E2
:10B22000210640F166863C6B54F8043BFB63002B1F
:10B230003FF4C3AD8020FAF761FEB864002800F047
:10B240007887FB6BBA6C1A603A6CD58893889D42FC
:10B2500080F052851068FB6B40F825303B6C3C63F6
:10B260000135DD80BB6CBB6220233B62DBF8003024
:10B27000B14E1B78F35C13F0080340F0BB847C6A8A
:10B280007E621D46FCF740FEA8423FF48DADDBE92F
:10B29000003207F5B87013F8011B4155013A032C31
:10B2A000CBE9003205F1010507F1680602D13368E8
:10B2B000042B04D0082200213046FCF75BFD07F583
:10B2C000B872B96C00962B46484602F07FFA421CD1
:10B2D00004463FF469AD002840F07884BB6C1860E8
:10B2E00002F0D0FA002840F05C86AA4408F1FF384A
:10B2F0007B6B002B40F03386BB6CFA6B0433BB6472
:10B30000002A00F02C86BA6A9D1A3B6AB3EBA50F9F
:10B3100040F256877D6B00F05CBCB8F1000F08BFAF
:10B320004FF0FF38E00740F17B8214F01003BB625E
:10B3300040F0F383210640F1ED853E6B56F8043B67
:10B340003B62002B3FF439AD8020FAF7D7FD04466D
:10B35000002800F0EE863B6A3A6C1860D588938826
:10B360009D4280F0DD8410683B6A40F825303B6CDC
:10B370003E630135DD802023FC61BB617E6AC7F836
:10B380003CA00025C246A046FCF7BEFDA8423FF403
:10B390000BADDBE9003213F8011B013A07F5B87079
:10B3A000CBE90032032E05F101034155BB6407F1DF
:10B3B000600402D12368042B04D008220021204617
:10B3C000FCF7D8FC07F5B872BB6C009441464846C0
:10B3D00002F0FCF9421C06463FF4E6AC002840F0BF
:10B3E000CA82C8F80000054607F168030822002158
:10B3F00018467B63FCF7BEFC50497B6BD1F8E0102C
:10B400002A4648460D4607F15001A847012800F09A
:10B41000D583002207F170039B5C002B00F0A1850F
:10B42000FB6BBA6C032E1344FB6300F0CA830AF172
:10B43000FF3ABB6A5BB93B6A08F104083BB1FB69A0
:10B44000A8EB0304BB69B3EBA40F40F20584DBF85F
:10B450000430002B4FF0000540F39682BAF1000F44
:10B4600092D1D7F83CA07E624446BB6A002B7FF4A1
:10B47000D6AB23603B6A002B00F0C281FB69BA693E
:10B48000E11A8B1001339A4240F2BA813C6A0431CE
:10B490002068FAF7FFFF002800F0B2812060AFE1DA
:10B4A00021057FF5B3ADFB6BB96C5B187FF4AEADD6
:10B4B000BB6424F4C074FB6393E5214B24F438642B
:10B4C00033F916606BE604F41863B3F5807F7FF4FC
:10B4D0009DAD7B6B012B7FF499AD302305F8013BCB
:10B4E00024F48074002344F40064013E7B6378E517
:10B4F000BB6C062B40F074850723BB6471E5230504
:10B500007FF584AD04F4A063B3F5806F05D06105C9
:10B510007FF57CAD7B6B002B47D0A30504D47B6B00
:10B52000F9695B1AC7E9055324F47864002344F4ED
:10B53000C0747B6355E500BF0120002050940020BB
:10B54000283C0020FB6B002B00F0FF81FB6B022BE3
:10B5500000F0B083BB6C012B00F0F181042B00F0F4
:10B56000EE8153E5BB6C072B40F03A850823BB64A2
:10B5700037E5200500F1F981FB6B012B7FF446AD27
:10B580000223FB632DE523067FF540AD24F0800404
:10B5900027E5BB6C002B40F0CC817B6BB3B904F486
:10B5A000E063B3F5E06F00F02085BE6C18EE109AF2
:10B5B00033E5210500F1B781BB6C022B40F010850B
:10B5C0000323BB640DE520059CD56CE7BE6C18EE2B
:10B5D000109A24F4807420E58D4B33F91660082E00
:10B5E0003FF7DBADE8E504F4C063B3F5007F7FF41B
:10B5F000E3AD24F4007444F4A0641026CFE52306E0
:10B600007FF5DAAD24F08004C9E544F00104DBF8ED
:10B610000430F964002B44F040044FF000053FF77C
:10B62000F8AB5946484603F0B7FA00287FF4BCABA4
:10B6300060063FF5F1ABDBF80020764E1378F35C43
:10B6400019077FF5E9ABDBF80430013B002B0AF169
:10B65000010ACBF8043002F101024ADDCBF80020E8
:10B660001378F35C19077FF5D7ABECE744F00104DE
:10B67000694BFB620823F964BB630325FFF7C4BB76
:10B6800044F00104654BFB620A23F964BB630325A4
:10B69000FFF7BABB23057FF582AD16B944F40074F9
:10B6A0000826630500F1A681FB6B24F460741BB1CE
:10B6B000013BFB6308F101084B68013B002B0AF1D9
:10B6C000010A4B603FF773AD4846B96403F064FA72
:10B6D000B96C00283FF46DAD6EE518EE100A5946BE
:10B6E00003F05AFA00287FF491AC002E7FF4C4AB2B
:10B6F0008CE45946484603F04FFA00287FF454ABD7
:10B70000DBF800209AE7DBF804200FE0DBF80030DC
:10B710001A78B25C110703F101037FF580AADBF808
:10B720000420013ACBE900320AF1010A002AEDDCDB
:10B730005946484603F030FA0028E7D0FFF76FBAC1
:10B74000E10600F1498314F0800400F0AB833C6B08
:10B7500054F8046BBE64002E3FF42FAB2020FAF7A0
:10B76000CDFB0546002800F062843A6C3060938877
:10B77000D6889E4280F0A8821068BB6C40F82630C4
:10B780003B6C3C630136DE802023FB63DBF800204A
:10B79000204E1178715C080700F1AC8233462C46CC
:10B7A00010462E46DBF80410BA6C0139CBF80410B1
:10B7B000411CCBF800103546017805F8011B22B179
:10B7C000FA6B2E1B964280F07A83B8F101080BD0F9
:10B7D000DBF8041000292E4640F3AE83DBF80000AE
:10B7E0000178595C0907DDD5291B8A4401314FF0E6
:10B7F00000032B70BB6C1BB1FB6B8B4200F294837C
:10B800007B6C01337B64FFF70ABA0023FB6361E4BE
:10B81000283C00200120002059B1010001590100FD
:10B82000E60600F1818114F0800400F06D833C6B2A
:10B8300054F8046BBE64002E3FF4BFAA2020FAF730
:10B840005DFB0546002800F0F2833A6C3060938877
:10B85000D6889E4280F07A821068BB6C40F8263011
:10B860003B6C3C630136DE802024DBF8002007F1CE
:10B87000700319461378CB5C002B3FF49EAA08EEA8
:10B88000109AD7F84890C7F83CA02E46A24610461A
:10B890000C46DBF80410431C0139CBE90031294682
:10B8A000007801F8010BB9F1000F02D08D1B55454E
:10B8B0007AD20D46B8F101080AD0DBF8041000294D
:10B8C00040F36A81DBF800000178615C0029E0D177
:10B8D000544618EE109AD7F83CA0AE1B3FF46DAA60
:10B8E0004FF000032B70BB6C1BB1711C8C4200F23B
:10B8F0002D837B6C0133B2447B64FFF790B9002346
:10B900003B61FFF7A9BA14F08F0F7FF456AA08EB3A
:10B91000880802EB4808A8F13008FFF767BAF96415
:10B920000425FFF771BAFB6BB96C5B187FF444AE6A
:10B93000BEE5BB6C032B02D0052B7FF467ABBB6C61
:10B940000133DBB2BB64FFF74CBB7B6B002B7FF496
:10B9500001AE04F4E063B3F5E06F7FF4FBAD0123C7
:10B9600024F4F064FB63FFF73CBBFB6BB96C5B1822
:10B970007FF402AE9CE5831C40F05B84DBF804306E
:10B98000BD6C002B3FF700AD5946484603F004F963
:10B9900000283FF463ADD7F83CA07E624446002DFA
:10B9A0003FF463ADFFF700BA4FEA4A0A304651460A
:10B9B000FAF770FD0646002800F039830544C9F8FF
:10B9C000000077E744F40074BC4BFB621023F96479
:10B9D000BB630325FFF718BA7B6B01337B633B69BD
:10B9E00024F08004002B3FF4FEAA3B69013B3B613D
:10B9F000FFF7FABA24F4B064FFF7D1BB220740F195
:10BA0000C7813B6B53F8042B3B631070FFF7F3BB0C
:10BA100015F8011C5A464846013D03F07DF8FFF732
:10BA2000D5BBFB697A6B93423FF42DAB9A1A07F2B0
:10BA3000C3239D4228BF07F2C225A149284601F031
:10BA400035FCFFF720BBE20600F13181230700F14E
:10BA5000BA81660740F1B4823B6BF96453F8042B5A
:10BA60003B63A2F800A0FFF7DAB823077FF4A5A98B
:10BA70004278682A00F0868144F004040846FFF703
:10BA80002FB98E4BFB620A23F964BB630325FFF7D2
:10BA9000BBB98C4BFB620023F964BB630325FFF742
:10BAA000B3B944F408748FE707F1700001F056FA57
:10BAB00044F04004F8640125FFF7A6B922077FF49B
:10BAC0007CA942786C2A00F0578144F001040846B2
:10BAD000FFF706B914F08F037FF46FA93A6C002AC0
:10BAE00000F0E781427844F080040846FFF7F8B898
:10BAF00058EA04087FF461A9427810240846FFF749
:10BB0000EFB8F964FFF7A7B800233B62BB62FB63A1
:10BB100007F15403BB64FFF7A9BB0023C7E9063351
:10BB20003B6207F1540429E4DBF8003007F17002AE
:10BB300011461A788A5C002A3FF43FA90133CBF8FA
:10BB40000030DBF80430B8F1010F03F1FF33CBF81C
:10BB5000043018BF0C4614D1FFF753BBDBF800309C
:10BB60001A78A25C0133002A3FF44BABCBF80030CB
:10BB7000DBF804300135013B4545CBF804303FF498
:10BB800040AB002BEADC5946484603F005F8002894
:10BB9000E4D0AA44FFF743B818EE100A594602F061
:10BBA000FBFF00283FF48EAEB542544618EE109AC3
:10BBB000D7F83CA07FF491AEFFF7F6B897F8502085
:10BBC00028E42368042B7FF432AC32E4831C40F079
:10BBD0003983DBF80430002B40F3D781DBF80030E9
:10BBE0007A6A1B78D35C180703D4B8F1000F7FF48E
:10BBF00049AB7C627B6B002B7FF411A8BA6C13609D
:10BC0000FB6B002B3FF4FCADBB6AD11A8B103A6A78
:10BC100001339A427FF6F4ADFC6B04312068FAF7E9
:10BC200039FC00287FF43AACEAE553F8042B82EDA6
:10BC3000000B3B63E4E5FD68396A7E6828464246AE
:10BC4000A346BC6801F060FB7B6BFB6124F42074AD
:10BC5000013E0546FFF7C8B9F869D9001D46FAF755
:10BC600019FCF861002800F064823A6A6B0000EB6E
:10BC700004081060BB61FFF7EABB022E40F2C482E9
:10BC8000032E3FF4D3A9043E5FFA86F86FEA080357
:10BC9000EE1815F8011D5A46484602F03DFFAE4227
:10BCA000F7D10AF1FF3AAAEB080AFFF7BFB9F96426
:10BCB000FEF7B5BF0323FB63FFF793B959B101004A
:10BCC000D01F0020015901004FF6F672934200F296
:10BCD00097823A6C08339BB21068F86399007B63D3
:10BCE000FAF7D8FB002800F07B823A6C7B6B9380DC
:10BCF000106042E501217AE54FF6F672934200F2B8
:10BD0000938208339EB23B6CB1001868FAF7C2FB0D
:10BD10003B6C002800F03E829E801860FFF79BBAC3
:10BD20004FF6F672934200F27F823A6C08339BB270
:10BD300099001068BB64FAF7ADFBBB6C002800F0FB
:10BD400028823A6C93801060FFF70EBB4FF6F672B4
:10BD5000934200F255823A6C08339BB21068F86344
:10BD600099007B63FAF796FB002800F039823A6C61
:10BD70007B6B9380106070E5827844F0020402309F
:10BD8000FEF7AEBF827844F008040230FEF7A8BF89
:10BD9000630758D414F001027FF428AAA6077FF5A0
:10BDA00025AAB34BF96A99424846BB6BB96A00F0C1
:10BDB0003D8201F0E7FB3B6B53F8042B3B63C2E988
:10BDC0000001FFF718BA3B6BF96453F8042B3B638F
:10BDD00082F800A0FEF723BFDBF80030A54E1A78EA
:10BDE000B25C12073EF51BAF0133CBF80030DBF835
:10BDF0000430B8F1010F03F1FF33CBF8043008BF72
:10BE00000AF1010A3EF40BAF012411E0DBF8003027
:10BE10001A78B25C150703F1010311D4CBF8003096
:10BE2000DBF804300134013B4445CBF8043007D043
:10BE3000002BEBDC5946484602F0AEFE0028E5D068
:10BE4000A244FEF7ECBE3B6B53F8042B3B6310801F
:10BE5000FFF7D1B93B6C002B00F06E813B6CD3F83F
:10BE60000080DE8876B10024A8F10405A14655F8CB
:10BE7000043F1868FAF74AF801342B68A642C3F861
:10BE80000090F4D14FF0FF337B64B8F1000F7EF4E3
:10BE90009CAFFEF79DBF78483B63FCF773FB84EDD6
:10BEA000000AADE43A6BFC6352F8045B3A63BC648D
:10BEB0006CE482B0CDE9023302AB3B6412E67B63F3
:10BEC000530020461946FB63FAF7E4FA04460028BB
:10BED00000F0AD80BB6C851918607B6B75E47D69E3
:10BEE00029460A2301314846FBF7F0FCBB69C21A18
:10BEF0009DE5D7E90C3253F8041B3A62B9643B6301
:10BF0000BA62FA63FFF7B2B93B6BBC6453F8045BE7
:10BF10003B63AAE43B6BBA6A53F8044BBA61C7E9C6
:10BF200007223B63FFF72ABABC6C2068FAF7B2FA23
:10BF300000287FF4B3AA63E4594648467B6302F0C5
:10BF40002BFE7B6B00283FF449AC4DE418681C467F
:10BF5000FAF7A0FA00283FF4CCAC2060C9E4002531
:10BF600037E6BD6CD7F83CA07E624446002D3FF416
:10BF70007CAA013D07F5B8735A46595D484602F060
:10BF8000CBFD002DF5D1FFF770BA5946484602F0B7
:10BF900003FE00283FF422AE7C62002D7EF404AF45
:10BFA00028E67C62002D3FF425AE013D07F5B8730D
:10BFB0005A46595D484602F0AFFD002DF5D119E60D
:10BFC000E5073CD4A4073AD53B6BF96453F8042B3E
:10BFD0003B634FEAEA73C2F800A05360FEF71FBE4E
:10BFE00018EE109A1E46FFF714B8012324F4F064EB
:10BFF000BB64FEF7F6BFB8F1010F38BF4FF0010880
:10C0000014F001033AD1E50600F13681240640F12F
:10C010004C813B6B53F8045BBB64002D3EF4CDAE0A
:10C020004046F9F76BFF0346002840F0DC803B6C8C
:10C03000002B00F08180D3F80080DE8812E73B6B94
:10C04000F96453F8042BC2F800A03B63FEF7E7BD88
:10C050002B46BD6AAB427EF6B0AE1C4614F8011DFD
:10C060005A46484602F058FDAC42F7D1FEF7A5BE4D
:10C0700059B1010001200020B409002014F0100380
:10C080007B635ED00025FD63BD642E4600244B46D5
:10C09000C146A84625461C46FBF736FFA8423EF49B
:10C0A00083AEDBE9003213F8011B013ACBE9003221
:10C0B0007A6A07F5B870032A415505F1010307F1C3
:10C0C000680502D12A68042A06D0082200212846E1
:10C0D000BB62FBF74FFEBB6A009507F5B8723146AD
:10C0E0002046BB6201F072FB431C78623EF45CAEFA
:10C0F000BB6A002840F047817A6B02B932609A44EB
:10C1000009F1FF397B6B002B40F07581BB6C002B74
:10C1100000F07081FB6BF51AB8EBA50F00F26A8195
:10C1200018464FEAC801FAF7B5F9F863002840F05D
:10C130005C813B6C002B2DD14FF0FF337B64FEF70D
:10C1400047BE220640F18F803C6B54F8043BBB6431
:10C15000002B3EF432AE8020F9F7D0FE06460028D0
:10C16000E7D0BB6C18603B6CDD889A889542C0F0C4
:10C17000B3804FF6F6718A4256D8083293B23A6CC1
:10C18000FB6399001068FAF785F9FB6B002840F013
:10C19000AE803B6CDB883A6C1E46D2F8008061E6CC
:10C1A0002B46BD6AAB427EF608AE1C4614F8011D54
:10C1B0005A46484602F0B0FCAC42F7D1FEF7FDBD4E
:10C1C0001046D9001E46FAF765F9B8620028B0D0CB
:10C1D0004219BA64FA6B7D6B106073003B62F8E43D
:10C1E000D7F83C803EE6396C2860CE888A88964233
:10C1F000C0F08E804FF6F6718A42386340F2A58017
:10C200003B6CD3F800802DE6BA6A95427EF6D5AD38
:10C210002C46BD6A14F8011D5A46484602F07CFCC3
:10C22000AC42F7D1FEF7C9BD2B46B4E701F07AFA6C
:10C23000C1E5D8F800301D4601337FF4D5A82A4661
:10C24000FFF7E8B8BB6C186801F01CFB00287FF40E
:10C25000A8AE032CAA447FF449A83368042B7FF4CA
:10C2600045A8FFF745B8D7E90C3253F8046B3B6398
:10C270001546FA63BA6409E71C46DBF804309845B2
:10C2800039DDDBF800201A44CBF800205946484637
:10C290001C44A8EB030802F07FFC0028EDD0002C22
:10C2A0003EF482ADA244FEF7BABC3D6B434629681A
:10C2B000CDF800B00122484602F08CFC044600286C
:10C2C0003EF472AD0435BD647B6C01337B64BB6CA2
:10C2D0003B63A244FEF7A3BC1868BB6C40F8253052
:10C2E0003B6C3C630135DD80FE632025CEE63A6C75
:10C2F00093801060F1E7A3EB0803CBF80430DBF880
:10C30000003044444344CBF80030A244FEF787BCDD
:10C310000A68FA63FA6B42F826503A6C0136B6B2F4
:10C32000D6801946CDF800B043460122484602F0B7
:10C3300051FC0446D8B18045C6D928682146FAF791
:10C34000A9F80028C0D02860BEE73B6C083294B240
:10C350001A687A631046A100FAF79CF87A6BF863C2
:10C3600000285BD03B6C9C8018603B6BD2E77B6CF9
:10C37000D7F83C80002B3FF475ADBBF80C305B0662
:10C380007EF51DAD6AE57A6A02321DD1DBF8042024
:10C39000002A1D463FF780AE5946204602F0FCFBBE
:10C3A000E0B9B9F1000F7FF477AE4546A146BB6C0A
:10C3B00023B1FB6BF11AB5EBA10F27D87B6B002BD8
:10C3C0007EF42DACFFF71CBA9A447B6A032B7FF4F2
:10C3D00097AE2B68042B7FF493AE93E6A1462C46D0
:10C3E0004546002CE3D0FEF7DFBCBA6C461910605E
:10C3F0004FEA48080436DBF80430002B4FF0000504
:10C40000CADDB9F1000F7FF447AECEE7BC6C2068FF
:10C41000FAF740F80028D1D02060CFE7904621E518
:10C42000436C70B505460C464BB153F8240080B1FF
:10C43000026843F824200023C0E9033370BD2122A1
:10C44000042101F05FFB034668640028EDD1002061
:10C4500070BD012101FA04F6721D9200284601F018
:10C4600051FB0028F3D0C0E90146E4E731B1436C49
:10C470004A6853F82200086043F82210704700BF52
:10C480002DE9F0410E6980460F461D4601F1140E5C
:10C490000020DEF800108CB202FB0453090C4FEAB6
:10C4A000134C02FB01CC01309CB204EB0C448642DD
:10C4B0004EF8044B4FEA1C45EBDC3DB1BB68B34280
:10C4C00007DD07EB860301365D613E613846BDE856
:10C4D000F081796840460131FFF7A2FF0446B0B110
:10C4E0003A69023207F10C0192000C30F4F7B4F80B
:10C4F000D8F844307A6853F82210396043F8227033
:10C50000274607EB860301365D613E61DEE7034B9C
:10C5100003482246BA2101F009FA00BFEC1D0020B1
:10C520006C1F00202DE9F8431746274A1E460833A2
:10C530000C46092E82FB03124FEAE3730546C3EB58
:10C54000620339DD4FF0010C00214FEA4C0C6345CA
:10C5500001F10101F9DC2846FFF762FF014668B3EB
:10C56000089B4361092F4FF00103036112DC0A3479
:10C570000927BE420BDDF21BA61814F8013B0A2264
:10C58000303B2846FFF77CFFA6420146F5D108461E
:10C59000BDE8F88304F10909C8463C4418F8013B9A
:10C5A0000A22303B2846FFF76BFFA0450146F5D134
:10C5B000A7F108044C44DCE70021CCE70A46034B12
:10C5C0000348D32101F0B2F9398EE338EC1D002085
:10C5D0006C1F0020030C1B04D3B90004102310F0BF
:10C5E0007F4F04BF0002083310F0704F04BF0001FA
:10C5F000043310F0404F04BF80000233002805DBF5
:10C6000010F0804F03F1010308BF20231846704744
:10C610000023E4E7036813F0070208D0D9071FD40A
:10C620009A0722D55B08036001221046704799B231
:10C6300009B91B0C1022D9B209B908321B0A190713
:10C6400004BF1B090432990704BF9B080232D907B3
:10C6500003D45B0802F1010205D003601046704765
:10C660000022104670472022DFE79B080222036069
:10C670001046704738B5436C04460D464BB15868B8
:10C68000B0B102685A6000220123C0E90435C260DB
:10C6900038BD2122042101F035FA034660640028E8
:10C6A000EDD1094B0948002240F2451101F03EF955
:10C6B0001C220121204601F025FA0028F1D0012298
:10C6C0000223C0E90123DEE7EC1D00206C1F0020DF
:10C6D0002DE9F04F0E691569AE4285B088461446C3
:10C6E00005DB2A46234635460C4616469846A3687F
:10C6F0006168AF19BB42B8BF0131FFF791FE0190ED
:10C70000002800F08780019B03F1140909EB870AD8
:10C71000D14505D24B46002243F8042B9A45FBD85D
:10C7200008F1140808EB860B04F11403D8451A46E7
:10C7300003EB85055FD22B1B153B23F0030304336A
:10C740001534A54238BF0423CDE902A7AC461F46E5
:10C75000924605E0090C29D1C34509F1040948D9DD
:10C7600058F8041B8DB2002DF4D056464C460023D9
:10C7700056F8041B22681FFA81FE90B2090C05FBD3
:10C780000E00120C034405FB012202EB13429BB284
:10C7900043EA0243B44544F8043B4FEA1243E7D866
:10C7A00049F8073058F8041C090CD5D0D9F80030E6
:10C7B00050461A464C4600260588120C01FB0522FD
:10C7C00016449BB243EA064344F8043B50F8045B2A
:10C7D00022682D0C93B201FB053303EB164384450D
:10C7E0004FEA1346E8D8C34549F8073009F1040970
:10C7F000B6D8DDE902A7002F02DC05E0013F03D037
:10C800005AF8043D002BF9D0019B18461F6105B072
:10C81000BDE8F08F034B0448019A4FF4B17101F069
:10C8200085F800BFEC1D00206C1F002012F00303F0
:10C830002DE9F0411446064632D10D46A41020D011
:10C84000D6F84080B8F1000F33D0E3074FF000076F
:10C8500007D4641015D0D8F80000A8B18046E307CB
:10C86000F7D5424629463046FFF732FFB5B1696831
:10C87000736C641053F821202A6043F82150054658
:10C88000E9D12846BDE8F081424641463046FFF7EF
:10C890001FFFC8F8000007608046E0E70546D8E7BC
:10C8A000013B0F4A52F823200023FFF7E9FD05461C
:10C8B000C4E701213046FFF7B3FD804640B10123B4
:10C8C00040F27122C0E90432002330640360BCE707
:10C8D000044B0548424640F2451101F027F800BFDD
:10C8E000B08F0020EC1D00206C1F00202DE9F047C8
:10C8F0000D4614462F69AB68496807EB62177E1C2A
:10C900009E4280464FEA621904DD5B009E4201F1BF
:10C910000101FADC4046FFF783FD8446002852D02F
:10C92000B9F1000F00F114020EDD09F105014FEA23
:10C93000810E134600EB8101002043F8040B8B426B
:10C94000FBD1AEF114031A44296905F1140314F064
:10C950001F0E03EB81012ED0CEF1200910464FF0BF
:10C96000000A1C6804FA0EF444EA0A0440F8044B76
:10C9700053F8044B994224FA09FAF2D84B1B153BA1
:10C9800023F00303043305F11500814238BF04236B
:10C99000BAF1000F18BF374642F803A0D8F8443068
:10C9A0006A68CCF8107053F822102960604643F88A
:10C9B0002250BDE8F087043A53F8040B42F8040F04
:10C9C0009942F9D8EAE7034B034862464FF4EF7106
:10C9D00000F0ACFFEC1D00206C1F00200B698446AA
:10C9E0000069C01A16D10CF1140C14310CEB83023F
:10C9F00010B401EB830301E0944508D252F8044DD2
:10CA000053F8041D8C42F7D005D24FF0FF305DF88B
:10CA1000044B7047704701205DF8044B704700BF1E
:10CA20002DE9F84F0F691369FF1A002F0E46904643
:10CA30007FD101F11405143202EB830205EB83036D
:10CA400001E09D4278D253F8041D52F8044DA142F2
:10CA5000F7D069D37168FFF7E3FC8146002877D0EF
:10CA60003569D8F81020C76008F1140E06F11400DB
:10CA700009F1140A06F110010EEB820200EB8507A2
:10CA800056464FF0000C5EF8044B51F804BFA3B2B9
:10CA90001CFA8BFCACEB03034FEA144CCCEB1B4CA5
:10CAA0000CEB234C9BB243EA0C43724546F8043B23
:10CAB0004FEA2C4CE7D8A2EB0801153908F115080C
:10CAC000424521F0030404F1040438BF0424204447
:10CAD00021F0030238BF002287425244544418D93F
:10CAE0002646014651F8043B1CFA83FC4FEA2C42CF
:10CAF00002EB13421FFA8CFC4CEA02438F4246F8C9
:10CB0000043B4FEA224CEDD8013F3F1A27F00307C0
:10CB1000E21923B952F8043D013D002BFAD0C9F8BF
:10CB200010504846BDE8F88F3346012746469846E0
:10CB300090E7F9DB00278DE70021FFF771FC8146C4
:10CB400068B101220023C9E904234846BDE8F88FF3
:10CB5000064B07484A4640F2452100F0E7FE034BEA
:10CB600003484A4640F2372100F0E0FEEC1D002069
:10CB70006C1F002082B08DED000B164B019A134004
:10CB8000A3F15073002B06DD00221946104641EC3C
:10CB9000100B02B070475B42B3F1A07F4FEA235203
:10CBA00009DA4FF40023134100221946104641ECE4
:10CBB000100B02B07047A2F114031E2BDABF4FF026
:10CBC0000042DA40012200231946104641EC100BC6
:10CBD00002B070470000F07FF8B5046900F1140658
:10CBE00006EB8404271F54F8045C2846FFF7F2FC88
:10CBF000C0F120030A280B601BDDBE420BD20B38AC
:10CC000054F8081C2ED145F07F5343F440130A46D4
:10CC100043EC102BF8BDB0F10B01F4D005FA01F193
:10CC200041F07F53002143F440130A4643EC102B9C
:10CC3000F8BDC0F10B0C25FA0CF1BE4241F07F5358
:10CC400038BF54F8081C00F1150034BF21FA0CF16C
:10CC5000002105FA00F0014343F440130A4643EC77
:10CC6000102BF8BDC0F1200C854021FA0CF345EAE9
:10CC70000307A4F10805AE4201FA00F13CBF54F8E5
:10CC80000C0C20FA0CF047F07F5338BF014343F4FB
:10CC900040130A4643EC102BF8BD00BF2DE9F043CA
:10CCA000884683B0012157EC106B1546FFF7B8FB9F
:10CCB0000446002851D0C7F30A59C7F31303B9F14A
:10CCC000000F01D043F48013002E019318D101A866
:10CCD000FFF7A0FC019A6261012200F120032261AA
:10CCE000B9F1000F25D0A9F2334909EB0302204620
:10CCF000C3F13503C8F800202B6003B0BDE8F08312
:10CD000068460096FFF786FC034610B3DDE9000293
:10CD1000C3F1200102FA01F10143DA40616101929D
:10CD2000002AA26114BF022201222261B9F1000F80
:10CD3000D9D1A3F23243C8F8003004EB820318695A
:10CD4000FFF748FCC0EB421320462B6003B0BDE860
:10CD5000F083009A6261019AE2E7034B034822469E
:10CD600040F20F3100F0E2FDEC1D00206C1F0020AE
:10CD7000F0B583B00E4669460746FFF72DFF01A9BF
:10CD8000304655EC104BB0EE407BFFF725FF336982
:10CD90003A69D21ADDE900315B1A03EB4213002B2A
:10CDA00009DD17EE902A02EB035545EC174B87EE91
:10CDB000000B03B0F0BD10EE902A51EC100BC3EB4A
:10CDC000033302EB035141EC100B87EE000B03B071
:10CDD000F0BD00BF0139491101F1010C116902F1E7
:10CDE000140303EB81018B4200EB8C0C17D210B5BE
:10CDF000A0F1040E53F8044B4EF8044F9942F9D8B1
:10CE00008A1AA2F1150323F003030433184484455E
:10CE100004D9002340F8043B8445FBD810BD844569
:10CE200005D9002340F8043B8445FBD87047704780
:10CE300003694A11934200F1140009DA00EB8303FD
:10CE400002E053F8042DC2B98342FAD8002070479B
:10CE500010DD11F01F010DD010B450F8224000EB8E
:10CE6000820324FA01F28A4094420CD001205DF83A
:10CE7000044B704700EB8203E6E70120704753F84C
:10CE8000042D002AF2D18342F9D800205DF8044B2A
:10CE9000704700BF70B500294BD006460C4610B154
:10CEA000436B002B48D0636ED80734D5B4F90C30EF
:10CEB000002B3ED02146304600F036F9E36A0546A5
:10CEC00033B1E169304698470028B8BF4FF0FF35CD
:10CED000A3891A063CD4216B41B104F14003994265
:10CEE00002D03046FBF7A4FB00232363616C21B121
:10CEF0003046FBF79DFB00236364FAF75FFE636E29
:10CF00000022DB07A2811FD5A06DFBF771FAFAF7AB
:10CF10005BFE284670BDA3899905CBD4A06DFBF7B5
:10CF200069FAB4F90C30002BC4D1656E15F0010517
:10CF300005D00025284670BDFAF722FEB3E7A06DA4
:10CF4000FBF75AFA284670BDA06DFBF755FADBE7F0
:10CF500021693046FBF76CFBBDE700BF70B50C786C
:10CF60005E2C86461ED00022481C94460EF1FF33EC
:10CF70000EF1FF0103F8012F8B42FBD184B18CF03D
:10CF800001010EF80410451C15F8013C2D2B0ED0A4
:10CF90005D2B03D01BB11C462846F2E7284670BD26
:10CFA000013870BD01224C78881C9446DEE790F869
:10CFB00001C0BCF15D0FEED06445ECDC661C0230B4
:10CFC0000EEB060202F8011BA2EB0E03013B9C458F
:10CFD000F8DCACEB0403013B6445A8BF0023023539
:10CFE0009C19D1E72DE9F04707464C480E463546D7
:10CFF00016F801EB10F80EC01CF0080CF7D1BEF1CA
:10D000002D0F5AD0BEF12B0F03BF96F800E06446F7
:10D01000AE1C64465BB1102B54D04FF0FF38B8FB08
:10D02000F3F803FB08FA6FEA0A0A994608E0BEF132
:10D03000300F5AD00A23DFF8E8804FF0050A9946EE
:10D040000025284605E02CD009FB00C0012516F874
:10D0500001EBAEF1300CBCF1090F06D9AEF1410C79
:10D06000BCF1190F0BD8AEF1370C634510DDB5F1EB
:10D07000FF3FECD04045E6D94FF0FF35E7E7AEF192
:10D08000610CBCF1190F03D8AEF1570C6345EEDC0F
:10D090006B1C0BD004B140420AB165B91160BDE808
:10D0A000F087D445D0DD4FF0FF35D0E722233B6039
:10D0B0002846002AF3D0711EF0E796F800E001241C
:10D0C000AE1CA7E7BEF1300F21D1307800F0DF00B1
:10D0D000582816D14FF0100996F801E04FF00F0ACA
:10D0E00002366FF070484B46AAE7337803F0DF034F
:10D0F000582BEFD008234FF0070A6FF0604899468D
:10D100009EE799466FF070484FF00F0A98E74FF08E
:10D110000F0A6FF07048994692E700BF0120002087
:10D1200099999919FFF75EBFB1F90C202DE9F041EB
:10D130000C461107804647D4636842F40062002B16
:10D14000A2815EDDA56A002D58D00023D8F80060CA
:10D15000C8F8003093B212F4805256D10123E1692D
:10D160004046A847431C67D0A389A56A5F0705D539
:10D170006368C01A236B0BB1E36BC01AE169024606
:10D1800000234046A847411C41D1D8F80030002B6D
:10D190003DD01D2B01D0162B56D1A38922692260C8
:10D1A00023F4006300216160A381216BC8F8006053
:10D1B00021B304F14003994202D04046FBF738FA0C
:10D1C00000202063BDE8F0812669BEB193B22568D6
:10D1D00026609A070CBF63690023AD1BA3600BE0B8
:10D1E0002B463246E169676A4046B847B0F1000C09
:10D1F000A5EB0C05664417DD002DF1DC0020BDE831
:10D20000F081E36B002B9DDCF8E7206DAEE7B4F90D
:10D210000C302269226023F40063A3810022DB0426
:10D220006260C2D52065C0E7A38943F040034FF098
:10D23000FF30A381BDE8F081D8F80030002B93D0F7
:10D240001D2B06D0162B04D0A38943F04003A381E5
:10D25000D5E7C8F80060D1E738B50C46054608B1F7
:10D26000436B03B3B4F90C0088B1636EDB0701D4E0
:10D2700081050FD528462146FFF756FF636EDA0772
:10D28000054602D4A3899B0508D5284638BD054626
:10D29000284638BDA06DFBF7ADF8EBE7A06DFBF7B6
:10D2A000ABF8284638BDFAF76BFCDBE70EB410B5D7
:10D2B0009DB06FF000411FABCDE906010491094913
:10D2C00053F8042B0290084C0868019302A90594B6
:10D2D000FBF7DCFE029B00221A701DB0BDE8104077
:10D2E00003B07047D89900200802FFFF49B1FF2A18
:10D2F00002D80A70012070478A2303604FF0FF3084
:10D3000070470846704700BF41EA00039B0730B4EE
:10D3100001D1032A0FD801F1FF3C07E01CF8011FDF
:10D3200003F8011B541EC1B1224618460346002AC9
:10D33000F4D130BC70470B46194653F8045BA5F195
:10D34000013424EA050414F0803FE4D1043A032AAE
:10D3500040F8045B1946EFD8DDE70244002CE8D022
:10D3600003F8011B9342FBD130BC70470048704763
:10D37000409500202DE9F0430E46264987B00F68FE
:10D38000044690461D4653B305AA33460192032135
:10D390002246CDF80080384600F084FC059B3268B8
:10D3A00098428446C2F10002294609D2101A1CF89C
:10D3B000013B01F8013B059B634500EB0C02F6D8ED
:10D3C000944224DDA21A0A44302301F8013B914221
:10D3D000FBD100231370284607B0BDE8F083BA6C78
:10D3E00000F123039A4201DDFD6CCDE700F1240931
:10D3F000F96C4A4638468DED020BF9F757F80546A9
:10D400000028E8D0C7E912909DED020BBCE70A4660
:10D41000DFE700BFD89900202DE9F04F85B01F4607
:10D42000574B03908A4600920D462A4615F8014B49
:10D430001E5D16F00806F8D12D2C75D02B2C05BFDB
:10D440002C7802960296951C4FF0FF366FF0004B39
:10D450002FB1102F6FD0B8464FEAE77905E0302C96
:10D4600074D04FF00A08B946474642464B4630460C
:10D470005946F8F7AFFB0023019284460A46184646
:10D48000194611E08A4208BF84453DD000FB09F3EC
:10D4900008FB0133A0FB08010B441EEB000043EB2B
:10D4A000EE71012315F8014BA4F1300EBEF1090F06
:10D4B00006D9A4F1410EBEF1190F0CD8A4F1370E14
:10D4C000774511DD5C1CEDD0844572EB0103D9D2A8
:10D4D0004FF0FF33E6E7A4F1610EBEF1190F03D858
:10D4E000A4F1570E7745EDDC5A1C13D0029A12B105
:10D4F000404261EB4101009A1AB1A3BB009BC3F803
:10D5000000A005B0BDE8F08F019B7345BEDA4FF077
:10D51000FF33C7E7039A22231360009B33B305F15F
:10D52000FF3A30465946E9E701232C780293951CCF
:10D530004FF0004B8CE7302C04D12B7803F0DF0345
:10D54000582B08D0B8464FF000098EE72B7803F02F
:10D55000DF03582B0FD14FF010086C784FF0000903
:10D560000235474681E706468B46D8E7304659469E
:10D5700005B0BDE8F08F4FF00808B946474674E79C
:10D5800001200020FFF748BF2DE9F04F85B08B4602
:10D590000192624A03901E460D46294615F8014B3A
:10D5A000135D13F00803F8D12D2C00F082802B2C92
:10D5B00003BF2C7802938D1C0293BEB1102E7DD038
:10D5C0004FEAE67A324653464FF0FF304FF0FF31D4
:10D5D000F8F700FB32460746884653464FF0FF30C7
:10D5E0004FF0FF31B146F8F7F5FA0AE0302C79D068
:10D5F0004FF00A09DFF82881B24605224FF099372B
:10D600004E464FF0000C6046614611E0414508BFB0
:10D61000B8423ED000FB0AF409FB0141A0FB09041B
:10D620002144181841EBE3714FF0010C15F8014B40
:10D63000A4F13003092B05D9A4F14103192B0DD80E
:10D64000A4F137039E4211DDBCF1FF3FEED08742CB
:10D6500078EB0104DAD24FF0FF3CE7E7A4F1610375
:10D66000192B03D8A4F157039E42EDDCBCF1FF3F18
:10D6700014D0029B13B1404261EB4101019B2BB1DD
:10D68000BCF1000F12D1019BC3F800B005B0BDE89A
:10D69000F08F9342BEDD4FF0FF3CC7E7039A222391
:10D6A0001360019B60466146002BEFD005F1FF3B04
:10D6B000E9E701232C7802938D1C7EE7302C23D1DF
:10D6C0002B7803F0DF03582B1BD14FF010096C7837
:10D6D0000F2202354FF0FF376FF070484FF0000A0D
:10D6E0004E468EE72B7803F0DF03582BEDD04FF03A
:10D6F0000809B24607224FF0FF376FF060484E46E8
:10D700007FE74FF0000A5DE70F224FF0FF376FF021
:10D710007048B1464FF0000A73E700BF01200020B7
:10D7200099999919FFF730BF0000000001F0FF013F
:10D73000102A2BDB10F0070F08D010F8013B013A3C
:10D740008B422DD010F0070F42B3F6D1F0B441EA6E
:10D75000012141EA014122F007047FF00007002384
:10D76000F0E80256083C85EA010586EA010685FADA
:10D7700047F5A3FA87F586FA47F6A5FA87F68EB934
:10D78000EED1F0BC01F0FF0102F0070232B110F857
:10D79000013B013A83EA010313B1F8D1002070473D
:10D7A00001387047002D06BF35460338073815F09D
:10D7B000010F07D1013015F4807F02BF013015F44D
:10D7C000C03F0130F0BC0138704700BF70B582B077
:10D7D0000446069D55B16AB10F480095D0F8E46043
:10D7E0002046B047431C10D002B070BD00F1F405D4
:10D7F000002AF1D1084B0095D3F8E46011460123CB
:10D80000064A2046B047431CEED100228A232A60F4
:10D81000236002B070BD00BF50940020B409002006
:10D8200070B5054684B05BB11C4669B10E4B284605
:10D83000D3F8E0602346B047431C0FD004B070BD5E
:10D8400000F582740029F1D1074A2346D2F8E0603E
:10D8500028460A4601A9B047431CEFD100228A237B
:10D8600022602B6004B070BD5094002010B582B0CF
:10D87000049CCDE900344FF0FF3302F071FD02B09B
:10D8800010BD00BF002100F001B800BF10B500F0CE
:10D8900007F9044601F07CF8A0F11A03DBB2022B71
:10D8A00006D9A4F1090004288CBF0020012010BD76
:10D8B000012010BD30B482B08DED000B019A194CDF
:10D8C00022F000430021A342016021DC009C1C43A4
:10D8D0001ED0154C144054B99FED107B20EE077BF1
:10D8E0008DED007B019A6FF0350122F0004322F0AC
:10D8F000FF42DDE9004522F4E00242F07F551B15AE
:10D9000045F40015A3F2FE33CDE900450B44036056
:10D910009DED000B02B030BC704700BF000000005E
:10D9200000005043FFFFEF7F0000F07F00B50B4C7D
:10D9300025681446EE681A4685B003460D464CB17C
:10D9400007490095CDE901143046064901F050F829
:10D95000F3F7C6FA04490C46F3E700BFD899002054
:10D96000AC1D0020BC1D0020B4090020022932D0CB
:10D970000329C0F307231DBFA0F1800283F08003B9
:10D98000D2B2C2B203F15001C9B21F2906D84CF677
:10D99000D371884269D94FF0FF30704703F13001ED
:10D9A000C9B224290ED84FF2A6418842F3D8D03B01
:10D9B000C3EBC313A2F1A10000EB4300304A32F8DD
:10D9C00010007047A13B072BE5D8DFE803F0483E85
:10D9D000342E29252119C2B29E2AC0F307210BD962
:10D9E0002332D2B280239F2994BF7039503103EB88
:10D9F000410303F0FF03C5E77E3AD2B27F23F2E78B
:10DA0000C02AC8D81F4BA2F1A10033F810007047FC
:10DA1000F12AC0D81C4B19E0D82ABCD81B4B15E002
:10DA2000F62AB8D802F540507047F32AB3D802F569
:10DA30003E5020307047164B134413F8A13C002B86
:10DA4000A9D002F57E4060307047124BA2F1A100D0
:10DA500033F81000002808BF4FF0FF3070470E4B1E
:10DA6000A2F1A10033F810007047B03BC3EBC31321
:10DA7000A2F1A10000EB4300084A32F81000704701
:10DA800094710020BC24002018240020A82300202A
:10DA90004C23002090220020D4210020FC240020D0
:10DAA00038B50546B9B101F5957412492046FAF723
:10DAB000B1FA28B928460121BDE83840FFF756BF22
:10DAC0000D492046FAF7A6FA38B928460221BDE8E2
:10DAD0003840FFF74BBF094CE7E709492046FAF702
:10DAE00099FA28B928460321BDE83840FFF73EBF20
:10DAF000284638BD782100207C2100207A9500201E
:10DB00008421002038B5A1FB02148CBBF8F706FA7B
:10DB10000546E0B150F8042C22F00302043A242A0E
:10DB200017D8132A1AD91B2AC0E900441DD9242A60
:10DB300014BF00F1100200F118024FF00003C0E919
:10DB4000024404BF04614461C2E900339360284683
:10DB500038BD2146FAF70EF9284638BD02460023A3
:10DB6000C2E900339360284638BD00F10802F6E7A9
:10DB7000FAF742FA0C2300250360E8E72DE9F04F9D
:10DB800003690C69A34283B0C0F28780013C01F1B4
:10DB90001405A30000F11408009355F8243058F838
:10DBA0002420013381469A4208EB840005EB840768
:10DBB0000190B2FBF3F63BD34FF0000CAE4640466B
:10DBC000E24663465EF804BB02681FFA8BFC06FB64
:10DBD0000C334FEA134C4FEA1B4B06FB0BCC9BB2AA
:10DBE000AAEB03031FFA8CFA13FA82F3CAEB124270
:10DBF00002EB23429BB243EA0243774540F8043BE1
:10DC00004FEA224A4FEA1C43DCD2009B58F803300B
:10DC100073B9019B043B984504D307E0984504F190
:10DC2000FF3403D253F80429002AF7D0C9F8104072
:10DC30004846FEF7D3FE00282BDB01364146002381
:10DC400055F8040BD1F800C082B29A1A030C12FAEC
:10DC50008CF2C3EB1C4303EB224392B242EA034231
:10DC6000AF4241F8042B4FEA2343E9D258F824206D
:10DC700008EB84036AB9043B984504D307E0984550
:10DC800004F1FF3403D253F80429002AF7D0C9F86D
:10DC90001040304603B0BDE8F08F002003B0BDE86F
:10DCA000F08F00BF2DE9F04F2DED028B8FB08DED81
:10DCB000020B0191816B1A9D059357EC106B044682
:10DCC000934641B1C26B4A60012393408B60FEF7DB
:10DCD000CDFB0023A363B7F10008B4BF01230023E9
:10DCE0002B60BE4BBCBF28F00048CDF80C8033EA57
:10DCF000080300F09F809DED028BB5EE408BF1EEA6
:10DD000010FA11D1059A012313601B9B002B00F020
:10DD10003F82B34B1B9A1360013B009300980FB0F6
:10DD2000BDEC028BBDE8F08F0CAA0DA92046B0EE29
:10DD3000480BFEF7B3FF5FEA1853054640F09280A8
:10DD4000DDE90C130B4403F23242202A40F3FA823D
:10DD5000C2F1400208FA02F803F21242D64048EA41
:10DD6000060207EE102AB8EE477B581E17EE906A9F
:10DD700053EC172B4FF0010AA6F1F8739FED913B7E
:10DD80009FED927B9FED935B06EE900A43EC122B86
:10DD9000B8EEE64BB7EE086B32EE466BA6EE037BB1
:10DDA000A4EE057BFDEEC76BB5EEC07BF1EE10FA7D
:10DDB00016EE907A08D5B8EEE66BB4EE476BF1EE4E
:10DDC00010FA18BF07F1FF37162F00F24581854B77
:10DDD00003EBC70393ED007BB4EEC78BF1EE10FAB3
:10DDE00057D5091A0023B1F1010807F1FF370A934B
:10DDF00000F1398100230693002F52DA069B049725
:10DE0000DB1B06937B420893019B092B4FF0000715
:10DE10004ED8052B40F39D82043B01930026019BC5
:10DE20009A1E032A00F22581DFE812F0AA03A70355
:10DE30009D037E03059AC8F3130842F20F7358EA54
:10DE4000060813601ED11B9B002B00F09185664BCA
:10DE5000009308331B9A009813600FB0BDEC028B3F
:10DE6000BDE8F08F18EE906AC6F31306A3F2FF30F8
:10DE700053EC182B46F07F530C994FF0000A43F4F3
:10DE800040137BE71B9B002B40F03B83574B0093D9
:10DE900044E7091A0023B1F101080A9300F1E38075
:10DEA000069300230893019B0497092BB844B0D92B
:10DEB00000230126019307964FF0FF399B4600216E
:10DEC000E163CDF82C902046FEF7AAFA00900028D6
:10DED00000F04085009BA363B9F10E0F00F2DC80D7
:10DEE000002E00F0D980049B002B40F3DE833D4AD6
:10DEF00003F00F0102EBC10292ED007B1A11DB056A
:10DF000040F182833A4991ED086B02F00F02032041
:10DF100088EE065B5AB13649D60704D591ED006B01
:10DF2000013027EE067B521001F10801F4D185EE95
:10DF3000076B0A9B3BB1B7EE007BB4EEC76BF1EE0B
:10DF400010FA00F1AE8407EE900AB8EEE75BB1EE8E
:10DF50000C7BA5EE067B17EE902A51EC170BA2F175
:10DF60005071B9F1000F00F08883049E4A46079B68
:10DF7000002B00F04784B6EE003B1A4BFDEEC64B7B
:10DF800003EBC20CB8EEE47B36EE477B1CED026B74
:10DF900083EE065B41EC160B14EE900A35EE465B01
:10DFA0000099B4EEC75B3030F1EE10FA01F8010BC6
:10DFB00000F3AC84B7EE002BB2EE044B4FF0000C34
:10DFC00031E000BF61436F63A787D23FB3C8608B66
:10DFD000288AC63FFB799F501344D33F0000F07F4F
:10DFE000818F0020A80200200421002010210020A1
:10DFF000800200200CF1010C94454DDA27EE047BE1
:10E0000025EE045BFDEEC76B16EE903AB8EEE63BEC
:10E01000303337EE437BB4EEC57BF1EE10FA01F8F6
:10E02000013B00F1738432EE476BB4EEC56BF1EE49
:10E0300010FADFD5009A049602E08A4200F050847C
:10E04000894611F8013D392BF7D00133DBB20B7053
:10E05000049B0133049355E1091A0123B1F101082E
:10E060000A937FF5C7AEC1F1010306934FF0000894
:10E07000C2E60026E66331462046FEF7D1F900905D
:10E08000002800F06784009BA3634FF0FF330B93DD
:10E0900099460123B34607930D9A002A55DB04994C
:10E0A0000E2952DCB74BBBF1000F03EBC10393ED1C
:10E0B000006B15DAB9F1000F12DC40F0F282B1EE1C
:10E0C000047B26EE077BB4EEC78BF1EE10FACA464E
:10E0D0004E4600F26D82DDF800806FEA0B0B70E2B5
:10E0E00088EE067BBDEEC77B009917EE103AB9F1BA
:10E0F000010F03F13003B8EEC75B01F8013BA5EE59
:10E10000468B00F03483B2EE044B012311E088EE1D
:10E11000067BBDEEC77B013317EE102A4B4502F19B
:10E120003002B8EEC75B01F8012BA5EE468B00F07C
:10E130001E8328EE048BB5EE408BF1EE10FAE6D18B
:10E14000049B013304938946DCE0079B43B3019BA6
:10E15000012B40F37682089B09F1FF3A534580F288
:10E160003F82089BCDF820A0AAEB030217444FF092
:10E17000000AB9F1000FC0F22583069B09934B44B6
:10E18000C844069301212046FEF774FA06460CE0C7
:10E190007D4B009300980FB0BDEC028BBDE8F08F73
:10E1A000069BDDF820A0079E0993099B6BB1B8F18F
:10E1B000000F0ADD434506991A46A8BF4246891A50
:10E1C0009B1A06910993A8EB0208089B63B1079B71
:10E1D000002B00F0A782BAF1000F00F30482089B25
:10E1E000B3EB0A0240F0FF8201212046FEF742FA1B
:10E1F000002F824600F3AF80019B012B40F3878103
:10E20000002308930120002F40F0B180404410F01B
:10E210001F0000F07A81C0F12002042A00F38880F8
:10E2200040F0F681069B002B05DD29461A46204664
:10E23000FEF75CFB0546B8F1000F05DD514642468E
:10E240002046FEF753FB82460A9B002B40F03F819D
:10E25000B9F1000F40F32581079B002B40F0A3800C
:10E26000049B01330493DDF80080012707E0294671
:10E2700000230A222046FEF703F9013705465146DE
:10E280002846FFF77BFCB94500F1300008F8010B88
:10E29000EDDCB9F1000F009ACCBFCB464FF0010B7B
:10E2A0000346934400272946012220460193FEF7A6
:10E2B0001DFB51460546FEF791FB002840F3AF8158
:10E2C0001BF8013C009A0BF1FF3B04E05A4500F0BB
:10E2D000B1811BF8013D392B0BF10109F6D0013357
:10E2E0008BF8003051462046FEF7C0F856B12FB1EA
:10E2F000B74203D039462046FEF7B8F831462046EB
:10E30000FEF7B4F829462046FEF7B0F8002389F856
:10E310000030DDE904231A601B9B002B3FF4FEACA8
:10E320000098C3F800900FB0BDEC028BBDE8F08FF1
:10E33000C0F11C00069B03440693099B0344099308
:10E3400080446FE7C2F1200206FA02F207EE102ABB
:10E3500009E5012663E501463A462046FEF766FADE
:10E36000019B012B824640F3C58100230893DAF814
:10E3700010200AEB82021069FEF72CF9C0F1200090
:10E3800044E700BFA8020020808F00203146002310
:10E390000A222046FEF774F80B9B002B064640F33A
:10E3A000CE8204979946099B002B05DD31461A461B
:10E3B0002046FEF79BFA0646089B002B40F0EB81B7
:10E3C000B046029B009F03F001027B1E4B44089362
:10E3D000019B0A921343099351462846FFF7CEFB4F
:10E3E000314683462846FEF7F9FA424651468146B1
:10E3F0002046FEF715FBC26801460BF13003002AE8
:10E4000042D1CDE906032846FEF7E8FA06990290C4
:10E410002046FEF72BF8029A079B1AB909990029A2
:10E4200000F07E82B9F1000FC0F28381019949EAC0
:10E4300001090A9951EA090900F07B81002A00F3D9
:10E44000C681089A3B7007F101099742CB4600F05C
:10E45000C481294600230A222046FEF711F84645CA
:10E46000054631464FF000034FF00A02204612D015
:10E47000FEF706F84146064600230A222046FDF72D
:10E48000FFFF4F468046A7E720460293FDF7EEFFC9
:10E49000029B0122C6E7FDF7F3FF4F460646804682
:10E4A0009AE7019B022B71DC079B002B7FF47BAF6B
:10E4B000049B5146013328460493FFF75FFBDDF8C8
:10E4C00000B000F130030BF8013B0027EBE65146AA
:10E4D0002846FEF783FA0028BFF6BAAE2946002385
:10E4E0000A222046FDF7CCFF049B5F1E079B0546D2
:10E4F000002B7FF44BAF0B9B002B40F31882994607
:10E50000B1E6BC4B00930333A4E41C2012E7DDE921
:10E51000020100287FF474AEC1F31302002A00F058
:10E52000F480029B08936DE601230793049B5B44F0
:10E5300003F10109B9F1010FCC460B93B8BF4FF0BD
:10E54000010C0021BCF1170FE1637FF7BCAC012087
:10E550000422520002F114036345014600F1010058
:10E56000F7D9E163AFE401230793BBF1000F52DD5C
:10E57000CDF82CB0D946DC46E3E700230793D5E776
:10E5800000230793F1E7DDF82C900497B9F1000F11
:10E590007FF4A1AD51464B4605222046FDF770FFA2
:10E5A000014682462846FEF719FA00287FF793AD08
:10E5B000049B03F1010B009B3122984603F8012BC9
:10E5C000009351462046FDF751FF0BF10103DDF8A2
:10E5D00000900493CDF80080002E7FF48FAE91E67A
:10E5E000A3EB0A0AC5E5314652462046FEF71EF95E
:10E5F0002A46014606462046FEF76AF829460546A1
:10E600002046FDF733FFEAE50220B0EE485B81E4E7
:10E61000C0F13C008EE64FF0010BD9464FE403D128
:10E62000019BDB073FF54CAED9461BF8013D302B73
:10E63000FAD057E6049B009A0133049331231370F8
:10E6400050E6BAF1000F00F0238102F23342069B3C
:10E6500009931344DDF820A00693904492E507EE59
:10E66000900AB1EE0C5BB8EEE77BA6EE075B15EE09
:10E67000902A51EC150BA2F1507141EC150BB1EE43
:10E68000047B36EE477BB4EEC57BF1EE10FA00F367
:10E690003781B1EE455BB4EEC57BF1EE10FA7FF544
:10E6A000FBAC4FF0000A564615E500F0F580049BE0
:10E6B00051495A4202F00F0001EBC00191ED006B8D
:10E6C000121128EE066B00F04281B0EE467B4B49FA
:10E6D00000260220D30705D591ED005B013001260D
:10E6E00027EE057B521001F10801F3D1002E06FE42
:10E6F000076B1EE4029B002B7FF437AEDDE90201BD
:10E70000C1F31302002A40F037813D4A0A40002A33
:10E7100000F0FA80069B01330693012308F10108FB
:10E7200008936FE52946089A2046FEF77FF80546CC
:10E730005AE5002A12DD2946012220460193FEF700
:10E74000D5F851460546FEF749F90028019B40F3EC
:10E75000E180392B00F0CA800BF13103B94609F88A
:10E76000013B049B0133374604934646BAE538EE35
:10E77000088BB4EEC68BF1EE10FA0ADCB4EE468BD1
:10E78000F1EE10FA7FF4DCAC17EE103AD8077FF503
:10E79000D7AC009A54E471682046FDF741FE074665
:10E7A000002800F0DE80336902339A0006F10C0184
:10E7B0000C30F1F751FF394601222046FEF796F85A
:10E7C0008046FEE5069BA3EB09030993DAE4392BA7
:10E7D00000F08C80B9460133C1E7049A0132374614
:10E7E000049246465FE529462046FEF71FF8054697
:10E7F000FAE400BF10210020A802002080020020BF
:10E800000000F07F5E4BFDEEC65B03EBC20C1CED1F
:10E81000023BB8EEE57B36EE477B41EC160B15EE7E
:10E82000901A23EE063B00983031012A00F8011BB4
:10E8300000F08380B2EE044B009B991827EE047B16
:10E84000FDEEC76B16EE903A303300F8013B814283
:10E85000B8EEE65B37EE457BF0D1B6EE006B33EEFB
:10E86000065BB4EEC75BF1EE10FA3FF5E3AB36EEB4
:10E87000436BB4EEC76BF1EE10FA7FF70DAC89462F
:10E88000013919F8013C302BF9D0731C049339E598
:10E890000C9AC2F13602DAE60220B0EE486BFFF7BE
:10E8A00048BBB9F1000F3FF4DAAE0B9A002A7FF7AC
:10E8B000F3ABB2EE044B26EE046B013007EE900A88
:10E8C000049BB8EEE75BB1EE0C7BA6EE057B17EE82
:10E8D00090CA51EC170B5E1EACF15071FFF747BBAD
:10E8E000049B013304933123FFF7B1BB049BBB4668
:10E8F00001330493392337460BF8013B4646E1E4E4
:10E900004FF0000A564653E608927BE4731C0493CA
:10E910008946F7E47FF422AFDA077FF51FAF18E7E7
:10E92000392BE3D0B9F1000F3FF716AF16E7019B83
:10E93000022B3FF728AE0497BAE501468DE7019B0D
:10E94000022B3FF720AEDDF82C9004972BE5022038
:10E95000FFF7EFBA0B4B0C48002240F2AF11FEF765
:10E96000E5FF084B08483A4640F2EF21FEF7DEFF8C
:10E97000064B0093FFF7D2B9029B0893F7E400BF60
:10E98000A8020020EC1D00201421002004210020FA
:10E99000154B984223D870B5144E4FF0000E40F638
:10E9A000DB0403E002F1010EA64516DC04EB0E02C7
:10E9B00022F0010303EB620306EB43035210597884
:10E9C0005D88B3F804C041EA05218C446045E9D86C
:10E9D000884206D2541EA645E8DDFF2070BDFF2008
:10E9E0007047187870BD00BFEF010E006C3C00202E
:10E9F0000EB410B583B005AB064C53F8042B01934D
:10EA00000146206800F07CF903B0BDE8104003B077
:10EA1000704700BFD89900202DE9F04F9368176820
:10EA200083B09246002B70D081468A6808680C46F5
:10EA3000083743E0A38913F4906F2ED0D4E904166D
:10EA4000A0EB010806EB460606EBD67608F10100BE
:10EA500076102844B042324684BF064632465B05F3
:10EA600037D511464846F7F759FA019000283AD0B1
:10EA700042462169F1F7F0FDA289019B22F49062E0
:10EA800042F08002A281A6EB080203EB0800666157
:10EA9000A260236120602E46A84642465946F9F7F7
:10EAA000EDF8DAF80830A2682068921B40445B1B3E
:10EAB000A2602060CAF808303BB3083757E902B5B6
:10EAC000002DFAD0AA4216469046B3D92E46A84643
:10EAD000E3E74846F7F7EAFC03460028D3D121696B
:10EAE0004846F9F7A5FDA3890C2243F04003C9F875
:10EAF00000204FF0FF30A38100220023CAF8082035
:10EB0000CAF8043003B0BDE8F08F00200023CAF833
:10EB1000043003B0BDE8F08F38B54B1C1AD0938990
:10EB20001446126B23F02003A381CDB2AAB1626810
:10EB3000636B9A4209DA23685A1E226003F8015C6B
:10EB4000636801336360284638BD214601F0DEF872
:10EB50000028F0D04FF0FF35F5E7236922682BB18C
:10EB6000934203D212F8013CAB420FD06168E163DB
:10EB70002346A26304F1400103226263216303F888
:10EB8000425F0122C4E90032284638BD6368013A79
:10EB90000133C4E90023D6E710B50C46096B69B10F
:10EBA00004F14003994201D0F9F742FDE36B636041
:10EBB0000020206313B1A36B236010BDA3892169DA
:10EBC000002243F02003C4E90012A3814FF0FF307C
:10EBD00010BD00BF2DE9F04F85B0CDE9023202FB38
:10EBE00003F30E9C0193A3B3D4F804A0019B5345F7
:10EBF0008B4646D9A046019D58F8401B0746002683
:10EC000052465846F1F728FD2368226B5344A94623
:10EC1000C4E9003611463846D344A5EB0A05E2B1F3
:10EC2000424501D0F9F704FDE36B26636360A3B1AD
:10EC3000A16B2160AB429A46E2D3029B01932A4624
:10EC40005846F1F709FDD4E90032521B2B44C4E9C0
:10EC50000032019805B0BDE8F08F019A039B524441
:10EC6000A2EB0902B2FBF3F30193A3892269019895
:10EC700043F02003A3810023C4E9002305B0BDE8CD
:10EC8000F08F21681D46D8E72DE9F84F4B6E9C04A4
:10EC900090462DD59368126843B38B46064602F121
:10ECA000080959E9025A5FEA9A0715D0043D002481
:10ECB00001E0A7420ED055F8041F5A46304601F035
:10ECC00097FA431C04F10104F3D10023C8E901338E
:10ECD000BDE8F88FD8F808302AF0030AA3EB0A033E
:10ECE000C8F8083009F10809002BDAD10020ECE758
:10ECF00001F048F80023C8E90133BDE8F88F00BFF0
:10ED00002DE9F04F2DED028BC5B00DF1500A834671
:10ED100008EE101A16460021082250461C4607939A
:10ED2000F9F728F8BBF1000F04D0DBF83430002BE2
:10ED300000F0A08618EE102A536EDB0740F1138511
:10ED4000B2F90C108AB295040BD418EE103A41F4C3
:10ED5000005199815B6E8AB218EE101A23F40053A9
:10ED60004B66100740F1058118EE103A1B69002B25
:10ED700000F0FF8002F01A030A2B00F00A81002342
:10ED8000CDE91933CDE90D331BAA0C9318929146A6
:10ED90000B930593B0464446A84BD3F8E450F9F7DB
:10EDA000B3F82246034612A9CDF800A05846A8475A
:10EDB000002800F04581C0F23981129A252A0346C5
:10EDC00001D01C44E8E7B4EB0806054640F03C815E
:10EDD000002361788DF8433004F1010806934FF069
:10EDE000FF371E462B2408F10108A1F120035A2BFE
:10EDF00000F27881DFE813F0B50276017601B00207
:10EE00007601760176016A00760176017D028D0237
:10EE1000760188029702760192025B005B005B003C
:10EE20005B005B005B005B005B005B0076017601D2
:10EE300076017601760176017601760176015C0233
:10EE400084007601760176017601760176017601FD
:10EE5000760176017601E8007601760176013302CB
:10EE60007601DA02760176018B057601760176016C
:10EE700076017601760176017601760176015C02F3
:10EE80008600760176017601CD0286007F0076014C
:10EE9000C0027601FD02EA00ED027F007601330236
:10EEA0007C006905760176016B0576017C00A1F195
:10EEB0003003002218F8011B02EB820203EB42022E
:10EEC000A1F13003092BF5D906928EE75846FEF7DB
:10EED0004DFA43680D931846F9F798FA0E900546D7
:10EEE0005846FEF743FA83680B93002D40F0D68412
:10EEF00098F8001077E798F8001046F0200672E7BF
:10EF000046F01006B40640F18E81079B073323F0CC
:10EF100007031A46596852F8083B07920A46002927
:10EF2000C0F27084791C00F0A28526F08001039164
:10EF300053EA020100F03F840A2B72F1000180F0D5
:10EF4000418530338DF80F31039E012304930DF278
:10EF50000F14049BBB42B8BF3B46039300230893A6
:10EF60009DF84330002B00F0CB80039B01330393CB
:10EF7000C6E018EE101A584618EE105A01F07CF848
:10EF8000002840F05286AA8902F01A030A2B7FF467
:10EF9000F6AE18EE101AB1F90E30002BFFF6EFAEF8
:10EFA0004B6EDB0702D4970540F1128618EE101A5B
:10EFB00023463246584600F069FE0590059845B054
:10EFC000BDEC028BBDE8F08F46F0100616F0200273
:10EFD00000F03681079B073323F0070319465A6870
:10EFE00051F8083B079126F480610391002100202D
:10EFF0008DF84300781C00F01082039820F0800602
:10F0000053EA020040F00882002F40F038850029C2
:10F0100040F0D583039B13F00103049300F01184A7
:10F0200030238DF80F310DF20F1492E708220021E2
:10F030005046F8F79FFE01231C44ADE65094002093
:10F04000B4EB080605461BD0199B1A9A01333244CB
:10F05000072BC9E900861A9219931CDD002A00F0DB
:10F06000A68318EE101A18AA5846FFF70DFE20BB0B
:10F070000DF16C09059B33440593002D7FF4A8AE78
:10F080001A9B002B40F0C18518EE103A0022B3F90C
:10F090000C30199215E009F10809EBE718EE101A87
:10F0A00018AA5846FFF7F0FD002800F0A680089B3C
:10F0B0001BB108995846F9F7BBFA18EE103AB3F9A4
:10F0C0000C3018EE102A526E12F0010F9AB200F0B6
:10F0D000A080500600F1B285059845B0BDEC028BCA
:10F0E000BDE8F08F0029CBD000238DF843300123F9
:10F0F000CDE903338DF8AC102BAC002308931F46E9
:10F1000016F00203099302D0039B0233039316F017
:10F1100084030A9305D1069B039A9D1A002D00F3E0
:10F120007B82DDE91903411C9DF8432082B1012255
:10F130000133C9F8042007290DF14302CDE9191361
:10F14000C9F8002000F34A82084609F10809013194
:10F15000099AE2B111AA0233C9F8002007294FF039
:10F160000202CDE91913C9F8042040F35082002BA4
:10F1700000F0438318EE101A18AA5846FFF784FDD2
:10F18000002894D1DDE919030DF16C09411C0A9A9C
:10F19000802A00F08481049ABD1A002D00F3D781E3
:10F1A000049AC9F8004013440729CDE91913C9F896
:10F1B000042040F36E81002B00F0758218EE101AC7
:10F1C00018AA5846FFF760FD00287FF470AF1A9B1D
:10F1D0000DF16C09750705D5069A0399541A002C90
:10F1E00000F36B82DDE9052103988142ACBF521820
:10F1F00012180592002B7FF451AF08990023199340
:10F20000002900F049815846F9F712FA0DF16C090E
:10F21000C1E59C053FF55DAF18EE104AA06DF9F70A
:10F22000EBF8A28955E7F006079A00F11F837106F3
:10F2300040F1198332F9043B0792DA1711466EE662
:10F2400016F01003079940F0098316F0400000F013
:10F2500001831A4651F8043B07919BB2C3E6079B12
:10F260001A4600238DF84330134653F8044B03939A
:10F27000002C00F01284532900F0658316F010056D
:10F2800040F061837B1C00F0B3843A462946204657
:10F29000FEF74CFA0890002800F09F84031B039AA5
:10F2A000049323EAE3732F4607920393089557E6E6
:10F2B000432902D0F50640F12D83079D0822002145
:10F2C00016A82BACF8F756FD16AB55F8042B2146C3
:10F2D0005846FEF7A5FA03460133049000F0B384C4
:10F2E000049B079523EAE373039300238DF84330CF
:10F2F00003E7079B53F8042B0692002A80F29C82B6
:10F30000069A5242CDE9062398F8001046F004060A
:10F3100069E598F800108DF8434064E598F800100E
:10F3200046F080065FE5424612F8011B2A2900F0EC
:10F330009684A1F13003092B90464FF000073FF669
:10F3400054AD18F8011B07EB870703EB4707A1F142
:10F350003003092BF5D948E598F8001046F001066E
:10F3600041E59DF84330002B7FF4C2AD202398F88F
:10F3700000108DF8433036E598F800106C2903BF73
:10F3800098F8011046F0200608F1010846F0100632
:10F3900029E598F80010682903BF98F8011046F491
:10F3A000007608F1010846F040061CE546F010031F
:10F3B0000393039B13F0200200F00682079B0733A0
:10F3C00023F0070319465A6851F8083B07910121B9
:10F3D0000DE6079A46F00203039352F8043B0792A6
:10F3E00047F63002ADF84420B84A0C9202210022C0
:10F3F000FDE5B70600F14882F50600F14683740684
:10F4000000F1D583B00540F14083079B059953F87F
:10F41000042B07931170BEE4039601293FF48CADD1
:10F42000022944AC11D10C9803F00F011B09415C77
:10F4300004F8011D43EA0273120953EA0201F3D1F1
:10F44000039E44AB1B1B049383E503F00701DB0819
:10F4500043EA4273D208303153EA0205204604F8E9
:10F46000011DF2D1039EF307EBD53029E8D03023FC
:10F47000023804F8013C44AB1B1A039E0493044673
:10F4800067E5049B1B9401221C931A9319920DF1BA
:10F490006C0909F108099DE60DF16C097BE4069AF7
:10F4A000039D551B002D7FF776AE102D40F3BB83D7
:10F4B000099418EE104A07E000F1020C09F108095E
:10F4C0001046103D102D1EDD8149C9F80010421C68
:10F4D00010331021072ACDE91923C9F80410EBDDF8
:10F4E00018AA002B74D0214658460DF16C09FFF77D
:10F4F000CBFB00287FF4DBADDDE91903103D102DB7
:10F5000000F1010CE0DC099C714AC9F804502B445D
:10F51000BCF1070FCDE919C3C9F8002040F394816D
:10F52000002B00F01F8318EE101A18AA5846FFF798
:10F53000ABFB00287FF4BBAD049ADDE91903BD1ACB
:10F54000002D00F101010DF16C097FF729AE102D9E
:10F5500029DD0994102718EE104A07E000F1020C8B
:10F5600009F108091046103D102D1ADD421C5849BA
:10F570001033072AC9E90017CDE91923EEDD18AACF
:10F5800003B3214658460DF16C09FFF77DFB0028B7
:10F590007FF48DADDDE91903103D102D00F1010C54
:10F5A000E4DC099C61464A4AC9F804502B44072907
:10F5B000CDE91913C9F8002000F3E78009F1080923
:10F5C0000131EDE54FF0010C18460DF16C09CAE769
:10F5D0004FF0010C18460DF16C0972E7002B00F09A
:10F5E000048118EE101A18AA5846FFF74DFB0028A0
:10F5F0007FF45DADDDE919030DF16C09411CA7E550
:10F60000022311AA1C931B9201210DF16C090846DB
:10F6100009F10809411CBAE5102D40F3E582DDE946
:10F6200019130F94084618EE104A07E000F1020C77
:10F6300009F108091046103D102D1DDD2549C9F8B6
:10F640000010421C10331021072ACDE91923C9F8F4
:10F650000410EBDD18AA03B3214658460DF16C09DE
:10F66000FFF712FB00287FF422ADDDE91903103DFE
:10F67000102D00F1010CE1DC0F9C6046154AC9F821
:10F6800004502B440728CDE91903C9F8002000F3E2
:10F69000C18009F10809411C46E518464FF0010CEC
:10F6A0000DF16C09C7E77607199353D5069A0399AC
:10F6B000541A002C4EDD0DF16C09102C40F3B08271
:10F6C000199918EE106A10250DE000BFA421002042
:10F6D000C09000205C3C0020881C09F108091146FC
:10F6E000103C102C1ADD4A1CB3481033072AC9E914
:10F6F0000005CDE91923EFDD18AA33B3314658468A
:10F70000FFF7C2FA00287FF4D2ACDDE91913103CF0
:10F71000102C01F101000DF16C09E4DCA64AC9F8D6
:10F72000044023440728CDE91903C9F800207FF7D6
:10F7300059AD7BB118EE101A18AA5846FFF7A4FA73
:10F7400000287FF4B4AC1A9B4CE5012019460DF15A
:10F750006C09C5E7DDE9053203998A42ACBF9B1805
:10F760005B18059349E5B2F90C108F0518EE103AB5
:10F770008AB23FF5E8AA18EE105A986DF8F73AFEEB
:10F78000B5F90C108AB2FFF7DEBA002B3FF479AE60
:10F7900018EE101A18AA5846FFF776FA00287FF4D8
:10F7A00086AC19991A9B01310DF16C09F8E4199294
:10F7B0000DF16C095EE4002F7FF4C3AB039E0027BC
:10F7C000049744ACFFF7C5BB039B13F0100354D15F
:10F7D000039A12F0400000F06B8107991A4651F825
:10F7E000043B07919BB2012101E4099A002A64D1EC
:10F7F000184601210DF16C09C9E4012118460DF1EB
:10F800006C09C4E45B4262EB420203962D200121A5
:10F81000FFF7EEBB002B00F0888018EE101A18AA34
:10F820005846FFF731FA00287FF441ACDDE91903AF
:10F830000DF16C09411C77E498F800100793FFF76D
:10F84000D2BA44ACFFF785BB09F108090CF10101FC
:10F850006046A0E416F4007240F0978151F8043B32
:10F860000791FFF7C0BBB30500F1888152F8043B54
:10F870000792DA171146FFF752BB079951F8043B7C
:10F8800007910121FFF7B3BB079B059853F8041BB1
:10F890000793C217C1E90002FFF77DBA0B9B002B4B
:10F8A0003FF426AB0B9B1B78002B3FF421AB98F861
:10F8B000001046F48066FFF796BA022311AA1C9343
:10F8C0001B9201200DF16C09A2E6039671E53B4BFA
:10F8D0000C9316F0200259D0079B073323F007033F
:10F8E00018465A6850F8083B0790F40709D553EAC0
:10F8F000020006D08DF84510302146F002068DF842
:10F90000441026F4806103910221FFF770BB2C4B59
:10F910000C93DEE7079B012153F8042B03918DF82C
:10F92000AC20079304912BACDFE49DF84320002A20
:10F9300040F03281099A002A7FF462AE1846012114
:10F940000DF16C0927E40021082216A81394F8F79A
:10F9500011FA791C00F0BC80002507942C460CE0BD
:10F960002BA95846FDF75CFF421C204400F06B8138
:10F97000B84208DC00F070810446139A525916AB65
:10F980000435002AECD10494079CAFE016F0100374
:10F9900007980CD116F0400405D01A4650F8043BE5
:10F9A00007909BB2A1E716F4007240F0E18050F896
:10F9B000043B079099E700BF5C3C0020A421002095
:10F9C000B82100200399049744AC9E4608EE90BAF3
:10F9D00001F480664FF0000C234606E0BEF10A0FEA
:10F9E00072F1000239D3A6462A46A6491EEB020050
:10F9F00040F100000F46A1FB001424F0030101EBCD
:10FA00009401401ABEEB00014FF0CC3562F10004C6
:10FA100005FB01F507FB0455A1FB07410D44052734
:10FA200004F00101A1FB071B09186408303103F839
:10FA3000011C44EAC5740CF1010C013B6D08002E59
:10FA4000CCD00B9909786145C8D1BCF1FF0FC5D066
:10FA5000BEF10A0F72F100026CD21C4644AB1B1BB4
:10FA6000049F039E049318EE90BAFFF772BA0396B0
:10FA7000FFF762BA5846F8F783F8FFF75BB9012938
:10FA800003967FF4CDACFFF75CBA079B059953F85A
:10FA9000042B11600793FFF77EB9062F3B46039AAC
:10FAA000794C079228BF062304930393FFF725BBE5
:10FAB000039B079913F4007214BF51F8043B51F8EB
:10FAC000043B07911CBF0246DBB20121FFF78FBA4E
:10FAD00016AB00930023194613AA5846FDF7C6FE3D
:10FAE00003460133049000F0AE801394049B002B76
:10FAF00030D0632B63DC002308932BAC0822002159
:10FB000016A8F8F737F9049D16AB009313AA2B46F5
:10FB100021465846FDF7AAFE854240F0AB80039B84
:10FB2000049A07930023A3541F4622EAE273039327
:10FB3000FFF716BA0E9A0D999B1A18460893F8F714
:10FB4000B1F90B99089B4A780AB101310B914FF03A
:10FB5000000C48E7039B0793049B03931F460893FD
:10FB6000FFF7FEB9012118460DF16C09FFF713BB31
:10FB700050F8043B07902246DBB2B6E612F9043B8C
:10FB80000792DA171146FFF7CAB951F8043B0791FB
:10FB90000246DBB2FFF727BA01231C9301210DF1C6
:10FBA00043031B930DF16C090B46FFF7CDBA079B7E
:10FBB000059953F8042B07931180FFF7ECB8591CF3
:10FBC0005846F6F7ABF9044600283CD0089095E774
:10FBD000886DF8F711FCFFF7E9B9039B0793CDE9AE
:10FBE0000377089FFFF7BCB919981A9B013045E5C8
:10FBF000039B07932046F8F709FC20EAE0732F46A1
:10FC0000049003930895FFF7ABB918EE101A18AAE1
:10FC10005846FFF739F800283FF436AAFFF74DBAE7
:10FC2000199801307AE58C466EE46B6ED90705D4DD
:10FC3000AB899A0502D4A86DF8F7DEFB4FF0FF33CD
:10FC40000593FFF749BA18EE102AB2F90C3043F0C9
:10FC500040039381FFF735BA079C049746E7079B5B
:10FC600098F8011053F8047B0793904647EAE7772A
:10FC7000FFF7B9B818EE102A938943F04003938137
:10FC8000FFF715BACDCCCCCCCC21002070B50C46FA
:10FC90008989ADF58E6D21F00201ADF81410616E09
:10FCA0001B91E189ADF81610E1690991616A0B9128
:10FCB0001CA9029106914FF48061064604910791B8
:10FCC00018A80021CDE900320891F8F78FFBDDE993
:10FCD000003202A93046FFF713F8051E07DB02A920
:10FCE0003046FDF7B9FA002818BF4FF0FF35BDF8D0
:10FCF00014305B0603D5A38943F04003A381189811
:10FD0000F8F776FB28460DF58E6D70BD01F14003C6
:10FD10002DE9F0410C46096B994214D0666B7700CF
:10FD20003A46F6F7C3FB054640B300EB060801462A
:10FD300032464046F0F790FCC4E90C57C4F8008006
:10FD40000020BDE8F0814FF48061F6F7E7F8A8B134
:10FD500094F842304FF48062C4E90C0280F8FF331B
:10FD600094F8413080F8FE3394F8402080F8FD2369
:10FD700000F2FD3323600020BDE8F0814FF0FF303A
:10FD8000DFE700BF9368002B00F085802DE9F04F7E
:10FD9000B1F90C300C461907804683B0174698B26B
:10FDA00025D523691BB310F002033D682DD04FF019
:10FDB000000ADFF8C0B25646B9465E4533465246A1
:10FDC00028BF5B464046002E52D0E169676AB847BB
:10FDD000002856DDD9F808301B1A8244361AC9F8B3
:10FDE0000830002BE9D1002003B0BDE8F08F214698
:10FDF000404600F041F9002840F03881B4F90C3059
:10FE00003D6898B210F00203D1D110F0010944D13D
:10FE10004E46009746B38205D4F808B040F185807D
:10FE2000B3455A4600F2B48010F4906F40F0C180A0
:10FE3000206801924946F7F721FFA368019AA3EBD6
:10FE40000B012368A1601344B24623600026009A88
:10FE50009368A3EB0A03D1449360002BC3D0B4F999
:10FE60000C0080B2002ED6D1D5E900960835D1E736
:10FE7000D5E900A60835A0E721464046FDF7ECF994
:10FE800088B3B4F90C3043F040034FF0FF30A38146
:10FE900003B0BDE8F08F002070471E46BA46994671
:10FEA000184600951F4666B3002832D04A46D4E96A
:10FEB00004132068A568B24228BF3246884204D99C
:10FEC00005EB030B5A4500F3A780934264DCE1691C
:10FED000656A3A464046A847B0F1000BD1DDB9EB60
:10FEE0000B09C9D00120DAF80830A3EB0B035F44FB
:10FEF000A6EB0B06CAF80830002B3FF474AF002EB7
:10FF0000D2D1009A5668134608320092002EF8D0DB
:10FF10001F6832460A213846FDF708FC002800F029
:10FF20009C800130A0EB0709C0E720682369984254
:10FF300016D86269B24213D86FF00043B34228BFAB
:10FF40003346E16993FBF2F3676A02FB03F3404631
:10FF50004A46B847B0F1000A93DDA6EB0A0676E7F9
:10FF6000B345DA4628BFB24652464946F7F786FE01
:10FF7000A3682268A3EB0A035244A3602260002B0B
:10FF8000EBD121464046FDF767F90028E5D078E738
:10FF90002068B34632464CE739460192F7F76EFEC9
:10FFA000019AA3689B1AA3602368134423609346B5
:10FFB00095E723682169A3EB010B636903EB430A0F
:10FFC0000AEBDA7A0BF101034FEA6A0A334453452C
:10FFD000524684BF9A46524643052CD511464046A8
:10FFE000F5F79CFF00283BD05A4621690190F0F7B5
:10FFF00033FBA289019B22F4906242F08002A2812D
:02000004600298
:1000000003EB0B002361AAEB0B03C4F814A0A3605D
:100010002060B34632460CE739465A46F7F72EFEC3
:1000200023685B44236021464046FDF715F900280C
:100030003FF455AF25E74046F6F738FA0346002867
:10004000DED121694046F8F7F3FAB4F90C300C22FE
:1000500023F08003C8F8002015E7721C914626E7BC
:100060000C22B4F90C30C8F800200CE74FF0FF3038
:10007000BAE600BF00FCFF7F38B5314B1B68054670
:100080000C4613B15A6B002A4ED0B4F90C30180745
:100090009AB21CD5216929B312F0010007D00020C3
:1000A000A06060694042A06139B1002038BD950769
:1000B00058BF6069A0600029F7D1120658BF0846F2
:1000C000F4D543F04003A3814FF0FF3038BDD10693
:1000D0002ED5520714D4216943F00803A3819AB2A4
:1000E0000029D9D102F42070B0F5007FD4D0214688
:1000F000284600F047F9B4F90C3021699AB2CBE7F1
:10010000216B51B104F14002914204D02846F8F726
:100110008FFAB4F90C300022226321690022C4E96D
:10012000001223F02403D7E71846F7F729FDACE7C0
:10013000092243F040032A604FF0FF30A38138BD0D
:10014000D89900202DE9F04782B0824688461446AF
:10015000F7F7DAFE012803D108F1FF33FE2B36D979
:100160000DF10409424604F15C0349465046FDF78F
:1001700057FB421C064632D020B39DF804C0002530
:1001800009E023685A1C226083F800C00135B5429B
:1001900018D219F801CFA368013B002BA360F0DA55
:1001A000A769BB4261462246504602DBBCF10A0FFA
:1001B000E7D100F053F9431CE8D10646304602B0BF
:1001C000BDE8F0874646304602B0BDE8F0875FFAEA
:1001D00088FC8DF804C006460DF10409CFE7A38919
:1001E000304643F04003A38102B0BDE8F08700BF72
:1001F00030B5536E13F0010FB2F90C30144683B0D2
:1002000005469AB201D198051CD5900406D4626EB9
:1002100043F4005342F40052A3816266224628460A
:10022000FFF790FF636EDA07054602D4A3899B05AA
:1002300002D5284603B030BDA06DF8F7DDF828469A
:1002400003B030BDA06D0191F8F7D4F8B4F90C30CB
:1002500001999AB2D9E700BF2DE9F04F8BB0DDE9E3
:10026000158A149F0391814605921E46B8F1000F2E
:100270005CD0039B002B5ED0059B1D68002F6AD0CD
:10028000741E4EB3039B0493043D002601950BE0BE
:10029000039B2BBB019B1A68002A3AD0BC455CD259
:1002A000013C631C664617D0D8F800300293019BCE
:1002B000DAF8E05053F8042F019307A94346484663
:1002C000D8F804B0A847421C3AD000EB060CBC4555
:1002D000DED9029BC8E9003B30460BB0BDE8F08F89
:1002E00000280EDD049B019D18445A1E07A900F149
:1002F000FF3E11F8013B02F8013F7245F9D101952B
:100300000490059B1A6804321A60019B1A68002A3F
:10031000C4D1039B0BB1059B1A600CF1FF36002280
:100320003046C8F800200BB0BDE8F08F039B00F505
:100330008678002BA0D1059B4FF0FF371D689FE703
:1003400006468A2100223046C9F80010C8F800206D
:100350000BB0BDE8F08F3E46BEE76646BCE700BF87
:1003600010B584B0054C0698009007980190044899
:1003700000680294FFF770FF04B010BD5094002095
:10038000D89900202DE9F0418B890C46990796B049
:1003900008D504F143030122C4E90432236016B0F6
:1003A000BDE8F081B4F90E100029064625DB6A4647
:1003B00000F0ACF800281FDB019D05F47045A5F5A1
:1003C0000055B5FA85F54FF480686D094FF4006764
:1003D00041463046F5F7A2FDE0B1B4F90C30C4F85F
:1003E000148043F0800320602061A38135BB3B4330
:1003F000A38116B0BDE8F081A38913F0800519D060
:100400004FF040080025414630462F46F5F786FD5F
:100410000028E2D1B4F90C309A05C0D423F00303CC
:1004200004F1430243F002030121C4E90421A38142
:100430002260B4E74FF480682F46C9E7B4F90E1084
:10044000304600F079F810B9B4F90C30CFE7A38941
:1004500023F0030343F001031BB2C8E7F8B50D46D0
:100460001446064610B1436B002B4CD0B4F90C2057
:10047000A369A360170790B21BD52369CBB1EDB276
:1004800081042F4622D522686169D31A994229DD59
:100490000133A1680139A160511C216015706269A6
:1004A0009A4227D0A389DB0701D50A2D22D03846EE
:1004B000F8BD21463046FFF7DFFD08BBB4F90C203C
:1004C000236990B2EDB281042F46DCD442F400528D
:1004D000A281626E616922F4005262662268D31AB8
:1004E0009942D5DC21463046FCF7B6FE40B9226879
:1004F0000123CEE721463046FCF7AEFE0028D6D0D9
:100500004FF0FF37D3E7F7F73BFBAFE770B50C468B
:10051000084D03460026204611461C462E60F0F783
:10052000D1FC431C00D070BD2B68002BFBD0236096
:1005300070BD00BFF0B6002038B5074D002204465C
:1005400008462A60F0F7C4FC431C00D038BD2B6875
:10055000002BFBD0236038BDF0B6002081F00041B5
:1005600002E000BF83F0004330B54FEA41044FEA98
:10057000430594EA050F08BF90EA020F1FBF54EA33
:10058000000C55EA020C7FEA645C7FEA655C00F0CF
:10059000E2804FEA5454D4EB5555B8BF6D420CDDA0
:1005A0002C4480EA020281EA030382EA000083EA23
:1005B000010180EA020281EA0303362D88BF30BDC3
:1005C00011F0004F4FEA01314FF4801C4CEA113119
:1005D00002D0404261EB410113F0004F4FEA033378
:1005E0004CEA133302D0524263EB430394EA050F03
:1005F00000F0A780A4F10104D5F1200E0DDB02FA72
:100600000EFC22FA05F2801841F1000103FA0EF205
:10061000801843FA05F359410EE0A5F120050EF1CB
:10062000200E012A03FA0EFC28BF4CF0020C43FAFC
:1006300005F3C01851EBE37101F0004507D54FF009
:10064000000EDCF1000C7EEB00006EEB0101B1F559
:10065000801F1BD3B1F5001F0CD349085FEA30009F
:100660004FEA3C0C04F101044FEA445212F5800FAA
:1006700080F09A80BCF1004F08BF5FEA500C50F147
:10068000000041EB045141EA050130BD5FEA4C0C2A
:10069000404141EB0101013C28BFB1F5801FE9D287
:1006A00091F0000F04BF01460020B1FA81F308BFAA
:1006B0002033A3F10B03B3F120020CDA0C3208DD76
:1006C00002F1140CC2F10C0201FA0CF021FA02F151
:1006D0000CE002F11402D8BFC2F1200C01FA02F1C1
:1006E00020FA0CFCDCBF41EA0C019040E41AA2BFE6
:1006F00001EB0451294330BD6FEA04041F3C1CDAAE
:100700000C340EDC04F11404C4F1200220FA04F0CD
:1007100001FA02F340EA030021FA04F345EA030177
:1007200030BDC4F10C04C4F1200220FA02F001FA39
:1007300004F340EA0300294630BD21FA04F02946BB
:1007400030BD94F0000F83F4801306BF81F4801154
:100750000134013D4EE77FEA645C18BF7FEA655CC7
:1007600029D094EA050F08BF90EA020F05D054EA99
:10077000000C04BF1946104630BD91EA030F1EBF9E
:100780000021002030BD5FEA545C05D140004941A2
:1007900028BF41F0004130BD14F580043CBF01F595
:1007A000801130BD01F0004545F0FE4141F470017B
:1007B0004FF0000030BD7FEA645C1ABF1946104656
:1007C0007FEA655C1CBF0B46024650EA013406BF57
:1007D00052EA033591EA030F41F4002130BD00BF16
:1007E00090F0000F04BF0021704730B54FF48064D3
:1007F00004F132044FF000054FF0000150E700BF54
:1008000090F0000F04BF0021704730B54FF48064B2
:1008100004F1320410F0004548BF40424FF000019F
:100820003EE700BF42004FEAE2014FEA31014FEAE2
:1008300002701FBF12F07F4393F07F4F81F0605131
:10084000704732F07F4208BF704793F07F4F04BF7C
:1008500041F40021704730B54FF4607401F0004559
:1008600021F000411CE700BF50EA010208BF7047B9
:1008700030B54FF000050AE050EA010208BF7047AA
:1008800030B511F0004502D5404261EB41014FF413
:10089000806404F132045FEA915C3FF4D8AE4FF01B
:1008A00003025FEADC0C18BF03325FEADC0C18BFFE
:1008B000033202EBDC02C2F1200300FA03FC20FA4F
:1008C00002F001FA03FE40EA0E0021FA02F114449C
:1008D000BDE600BF08B502460B4643EC172BB5EE4C
:1008E000C07BF1EE10FA03D4BDE8084000F00AB86E
:1008F000B1EE477B51EC170B00F004F8404261EB7E
:10090000410108BD9FED0B6B41EC170B9FED0B5B9D
:1009100027EE066BBCEEC66BB8EE464BA4EE457BED
:10092000FCEEC77B16EE101A17EE900A704700BF58
:10093000AFF30080000000000000F03D0000000068
:100940000000F0415FF800F0E11D00605FF800F08A
:0C095000351E00600000000000000000E8
:04095C00F8B500BF2B
:080960004819FF7F01000000AF
:10096800000000000000000000000000000000007F
:10097800000000000000000000000000000000006F
:10098800000000000000000000000000000000005F
:10099800000000000000000000000000000000004F
:1009A800000000000000000000000000000000003F
:1009B800000000000000000000000000000000002F
:1009C800000000000000000000000000000000001F
:1009D800000000000000000000000000000000000F
:1009E80000000000000000000000000000000000FF
:1009F80000000000000000000000000000000000EF
:100A080000000000000000000000000000000000DE
:100A180000000000000000000000000000000000CE
:100A280000000000000000000000000000000000BE
:100A380000000000000000000000000000000000AE
:100A4800000000000000000000000000000000009E
:100A5800000000000000000000000000000000008E
:100A6800000000000000000000000000000000007E
:100A7800000000000000000000000000000000006E
:100A8800000000000000000000000000000000005E
:100A9800000000000000000000000000000000004E
:100AA800000000000000000000000000000000003E
:100AB800000000000000000000000000000000002E
:100AC800000000000000000000000000000000001E
:100AD800000000000000000000000000000000000E
:100AE80000000000000000000000000000000000FE
:100AF80000000000000000000000000000000000EE
:100B080000000000000000000000000000000000DD
:100B180000000000000000000000000000000000CD
:100B280000000000000000000000000000000000BD
:100B380000000000000000000000000000000000AD
:100B4800000000000000000000000000000000009D
:100B5800000000000000000000000000000000008D
:100B6800000000000000000000000000000000007D
:100B7800000000000000000000000000000000006D
:100B8800000000000000000000000000000000005D
:100B9800000000000000000000000000000000004D
:100BA800000000000000000000000000000000003D
:100BB800000000000000000000000000000000002D
:100BC800000000000000000000000000000000001D
:100BD800000000000000000000000000000000000D
:100BE8000080E03779C34143176E05B5B5B8934621
:100BF800F5F93FE9034F384D321D30F94877825AED
:100C08003CBF737FDD4F1575000000000000F03F0A
:100C180000000000000024400000000000005940CF
:100C28000000000000408F40000000000088C34022
:100C380000000000006AF8400000000080842E4197
:100C480000000000D01263410000000084D79741E3
:100C58000000000065CDCD41000000205FA00242E9
:100C6800000000E876483742000000A2941A6D425E
:100C7800000040E59C30A2420000901EC4BCD64251
:100C880000003426F56B0C430080E03779C34143FC
:100C980000A0D8855734764300C84E676DC1AB4372
:100CA800003D9160E458E143408CB5781DAF154490
:100CB80050EFE2D6E41A4B4492D54D06CFF080446B
:100CC800F64AE1C7022DB544B49DD9794378EA4480
:100CD800BC89D897B2D29C3C33A7A8D523F649390A
:100CE8003DA7F444FD0FA5329D978CCF08BA5B252C
:100CF800436FAC64280668116D48000000000000CE
:100D0800E9480000000000008949000000000000D8
:100D1800314B000000000000994D00000000000069
:100D2800695000000000000015520000000000009B
:100D38005D53000000000000000000000000A0401B
:100D4800000000C000606A460000280000000000A3
:100D5800000000000000A040000000C000606A46DB
:100D68000000290000000000000000000000904082
:100D7800000000C00000FA44000027000000000046
:100D8800000000000000A040000000C00000FA447D
:100D980000002600000000000000000000002041C4
:100DA800000000C00000803F00000F0000000000AD
:100DB800000000000000FA430000FAC30000FA43F4
:100DC80000000000000000000000FA430000FAC321
:100DD8000000803F00000000564D4F4E5F000000AD
:100DE800494D4F4E5F00000054454D505F000000D4
:100DF8004552525F000000004D4F545F0000000054
:100E0800FF00780180014302880187018C018B0172
:100E1800920191019501F601990198019A013D020B
:100E28009E012002A801A701AD01AC01B001AF01EC
:100E3800B901B801BD01BC01BF01F701C601C40178
:100E4800C901C701CC01CA01DD018E01F301F1011D
:100E5800F501F4013A02652C3C023B023E02662C85
:100E6800420241025302810154028601560289015D
:100E780057028A0159028F015B02900160029301B7
:100E88006302940168029701690296016B02622C61
:100E98006F029C0172029D0175029F017D02642C04
:100EA8008002A6018302A9018802AE0189024402D8
:100EB8008A02B1018B02B2018C0245029202B7018B
:100EC8007B03FD037C03FE037D03FF03AC03860362
:100ED800C203A303CC038C03CD038E03CE038F037D
:100EE800F203F903F803F703FB03FA03CF04C00482
:100EF8007D1D632C511F591F531F5B1F551F5D1FFD
:100F0800571F5F1F781FF81F791FF91FB31FBC1FDA
:100F1800CC1FC31FE51FEC1FFC1FF31F4E213221FE
:100F280084218321612C602C762C752C00190000FB
:100F3800CDD400000000000074C00F40C0000000C5
:100F4800000000000200000050851F400100000062
:100F5800340000000200000050851F40000000001F
:100F6800010000000200000054851F40010000003D
:100F7800350000000200000054851F4000000000FA
:100F8800FF004000260018007C0000006100E01A05
:100F9800E000E017F800E007000101303201010627
:100FA800390101104A01012E79010106820101046B
:100FB800A0010106B3010104CD010110DE010112F7
:100FC800F8010128220201124602010AAD03DB03DF
:100FD800B103E011C303E009D80301183004E0208D
:100FE8005004B010600401228A040136C104010EC5
:100FF800D00401446105D026001E0196A01E015AA6
:10100800001F0808101F0806201F0808301F0808BE
:10101800401F0806601F0808701F4A02721F560406
:10102800761F64027A1F70027C1F7E02801F0808E8
:10103800901F0808A01F0808B01F0802D01F080248
:10104800E01F08027021F010D024E61A302CD02FAF
:10105800672C0106802C0164002D002641FFE01A50
:101068001F1C1F1E1F1E1F1F1E1F1E1F4F7665726F
:1010780020746F727175652C207265656C000000B4
:101088004D4342205265656C20546F72717565201E
:101098004C696D69742C20743D256600556E646535
:1010A8007220746F727175652C207265656C000012
:1010B8004F76657220746F727175652C206C657639
:1010C800656C2077696E64004D4342204C5720546C
:1010D8006F72717565204C696D69742C20743D259B
:1010E80066000000556E64657220746F72717565D4
:1010F8002C206C6576656C2077696E6400000000B2
:101108004F7665722063757272656E740000000018
:101118004F43206368616E6E656C3A2000000000E2
:101128004D43422043757272204C696D69742C20BE
:1011380063682025752C20493D256600556E646539
:10114800722063757272656E740000004F76657266
:1011580020766F6C74616765000000004D43422083
:10116800566F6C74204C696D69742C206368202557
:10117800752C20563D256600556E64657220766F85
:101188006C7461676500000054656D70733A2000E7
:10119800566F6C74616765733A200000437572720C
:1011A800656E74733A200000556E6B6E6F776E2013
:1011B8006D6F6E69746F72207175657565206572E3
:1011C800726F720053656E74206D6F74696F6E2054
:1011D800544D207061636B65740000004572726F36
:1011E80072206372656174696E6720544D20627560
:1011F80066666572000000004572726F7220757035
:10120800646174696E67207265656C20706F7369BC
:1012180074696F6E000000004572726F72207570FD
:10122800646174696E67206C6576656C2077696E99
:101238006420706F736974696F6E00004F76657211
:101248002074656D706572617475726500000000C8
:101258004D43422054656D70204C696D69742C2093
:1012680063682025752C20743D256600556E6465DD
:10127800722074656D706572617475726500000026
:1012880073656E736F7220637263206261642C20D1
:10129800636865636B2073656E736F7220636F6E2E
:1012A8006E656374696F6E00257500002C256600F5
:1012B8002C25750025660000436F6E74726F6C6C88
:1012C80065722053796E63656400000043524320C1
:1012D8006973206E6F742076616C69642100000068
:1012E80020536361746368706164204352432069CA
:1012F80073206E6F742076616C69642100000000B1
:101308004361726420697320746F6F20736D616C20
:101318006C2E0D0A00000000466F726D6174204447
:101328006F6E650D0A000000466F726D617420468D
:1013380061696C65640D0A0042616420636C7573B1
:1013480074657220636F756E740D0A004465766962
:10135800636520697320746F6F20736D616C6C0D09
:101368000A00000057726974696E6720464154206C
:10137800000000002E00000057726974696E672033
:10138800757063617365207461626C650D0A000095
:1013980057726974696E6720726F6F740D0A000066
:1013A800466F726D617420646F6E650D0A000000EF
:1013B800466F726D6174206661696C65640D0A0020
:1013C80045584641540000004572726F722072659C
:1013D800676973746572696E6720454550524F4D51
:1013E80020636F6E66696773000000006C6F675F4B
:1013F800646174612F0000004552523A20756E6195
:10140800626C6520746F206D616B65206C6F67205E
:1014180064617461206469726563746F7279000035
:101428006673775F646174612F0000004552523A19
:1014380020756E61626C6520746F206D616B65202C
:10144800465357206469726563746F7279000000AF
:101458006C6F675F646174612F626F6F7400000066
:101468004552523A20756E61626C6520746F206D2A
:10147800616B652062617365206469726563746F6E
:1014880072793A20000000005741524E3A204261DA
:101498007365206469726563746F727920616C7218
:1014A80065616479206578697374733A2000000077
:1014B8002E747874000000004572726F72206F708D
:1014C800656E696E67206C6F672066696C650000E1
:1014D8004552523A20556E61626C6520746F2073D4
:1014E80074617274205344206361726400000000C8
:1014F8004552523A204572726F7220636F6E666968
:10150800677572696E67206469726563746F726962
:10151800657300004572726F722073657474696E2A
:10152800672074656D70206C696D697473000000C4
:101538004572726F722073657474696E6720746F78
:1015480072717565206C696D69747300556E6B6E88
:101558006F776E20444942205258206D657373613D
:10156800676500002D2D2D2D204465627567204D7F
:10157800656E75202D2D2D2D000000003B09286378
:10158800616E63656C206D6F74696F6E2900000071
:101598003B09286C6F7720706F776572290000000F
:1015A8003B09287265616479290000003B092868B5
:1015B8006F6D65206C6576656C2077696E642900AF
:1015C8003B092863656E746572206C6576656C20CE
:1015D80077696E64290000003B09287A65726F20DC
:1015E8007265656C290000003B09286765742074E2
:1015F800656D7073290000003B09286765742076C3
:101608006F6C7473290000003B09286765742063B8
:1016180075727273290000003B09286272616B655C
:10162800206F6E29000000003B09286272616B651B
:10163800206F6666290000003B0928636F6E74728C
:101648006F6C6C657273206F6E2900003B0928630C
:101658006F6E74726F6C6C657273206F66662900AA
:101668003B092866756C6C20726574726163742915
:10167800000000003B092869676E6F7265206C697D
:101688006D697473290000003B0928757365206C27
:10169800696D6974732900003B09286765742045E2
:1016A8004550524F4D20636F6E74656E74732900F8
:1016B8002D2D2D2D2D2D2D2D2D2D2D2D2D2D2D2D52
:1016C8002D2D2D2D000000002C6E756D5F72657636
:1016D800732C73706565643B09287265656C206FAF
:1016E800757429002C6E756D5F726576732C737036
:1016F8006565643B09287265656C20696E29000080
:101708002C6E756D5F726576732C73706565643BBE
:101718000928646F636B29002C6E756D5F7265769E
:10172800732C73706565643B09287265656C206964
:101738006E20776974686F7574204C572900000013
:101748002C6163633B09286F757420616363656C62
:1017580065726174696F6E29000000002C61636313
:101768003B0928696E20616363656C657261746901
:101778006F6E29002C6163633B0928646F636B20DB
:10178800616363656C65726174696F6E290000003E
:101798002C6D74723168692C6D7472316C6F2C6D9C
:1017A80074723268692C6D7472326C6F2C6D63318F
:1017B80068692C6D63316C6F3B092874656D702006
:1017C8006C696D69747329002C7265656C5F686952
:1017D8002C7265656C5F6C6F3B0928746F7271754C
:1017E80065206C696D697473290000002C72656549
:1017F8006C5F68692C7265656C5F6C6F092863752E
:101808007272656E74206C696D69747329000000CA
:1018180023000000556E696D706C656D656E7465AA
:1018280064206D65737361676520747970652066DF
:10183800726F6D2044494200454550524F4D207308
:10184800657269616C20627566666572206372658F
:101858006174696F6E206572726F720053656E7481
:1018680020454550524F4D20627566666572206F5F
:101878007665722073657269616C00004D43422081
:10188800426F6F74200000004572726F722075708D
:10189800646174696E67206C6576656C2077696E23
:1018A80064206472697665207374617475730000CE
:1018B8004661696C656420746F2075706461746535
:1018C800206C6576656C2077696E64206472697631
:1018D80065207374617475732031302074696D6587
:1018E800730000004D6F74696F6E206661756C74CB
:1018F80020286C77290000004465706C6F7920649B
:10190800656E6965642C207265656C206F70732044
:101918006F6E676F696E67005265747261637420D9
:1019280064656E6965642C207265656C206F7073E0
:10193800206F6E676F696E6700000000446F636B0D
:101948002064656E6965642C207265656C206F7013
:1019580073206F6E676F696E670000005265656C73
:1019680020696E206E6F204C572064656E6965642F
:101978002C207265656C206F7073206F6E676F69BD
:101988006E670000486F6D652064656E6965642C3C
:10199800207265656C206F7073206F6E676F696E5B
:1019A8006700000043656E746572204C57206465BB
:1019B8006E6965642C207265656C206F7073206F8A
:1019C8006E676F696E6700005265656C206E6F7494
:1019D80020696E697469616C697A656420666F72E2
:1019E800206272616B6500004572726F7220706FC1
:1019F800776572696E6720636F6E74726F6C6C6561
:101A08007273000057726F6E67207374617465207B
:101A1800666F7220706F776572696E6720636F6E8C
:101A280074726F6C6C657273000000005A65726F97
:101A3800696E67207265656C0000000046756C6C05
:101A4800207265747261637420636F6D6D616E647A
:101A580020726563656976656400000046756C6C84
:101A6800207265747261637420756E6E6563657348
:101A7800736172792C20616C72656164792072657A
:101A8800656C656420696E00537769746368696E74
:101A98006720746F2069676E6F7265206C696D6965
:101AA80074730000537769746368696E6720746F94
:101AB80020757365206C696D69747300556E6B6E63
:101AC8006F776E207374617465206D616E616765F0
:101AD8007220616374696F6E000000004572726F56
:101AE80072207374617274696E67207265656C2008
:101AF800636F6E74726F6C206C6F6F707300000090
:101B0800556E61626C6520746F2073796E63207204
:101B180065656C20636F6E74726F6C6C6572000023
:101B2800486F6D6564203D20747275650000000083
:101B3800556E61626C6520746F20636F6D6D616EA8
:101B480064206E657874206C77207365676D656EA8
:101B58007400000052657365742063617573656471
:101B6800206279207761746368646F670000000001
:101B78004572726F72207374617274696E67206C3B
:101B88006576656C2077696E6420636F6E74726F1A
:101B98006C206C6F6F7073004572726F7220737473
:101BA800617274696E67207265656C20636F6E740C
:101BB800726F6C206C6F6F707320696E206C657625
:101BC800656C2077696E64206F6E00004C57204367
:101BD8006F6E74726F6C6C6572206F666620486FEA
:101BE8006D6564203D2066616C736500456E7465A3
:101BF80072696E6720646F636B000000566F6C74C7
:101C080061676520746F6F206C6F7720746F206434
:101C18006F636B21000000004E6F74207265616471
:101C28007920666F7220646F636B3A205265656C29
:101C3800204E6F7420496E697469616C697A6564B5
:101C4800000000004E6F7420726561647920666F31
:101C58007220646F636B3A204C6576656C57696EC9
:101C680064204E6F7420496E697469616C697A6585
:101C7800640000004E6F7420726561647920666F9D
:101C88007220646F636B3A204C6576656C57696E99
:101C98006420686173206E6F74206265656E2068C9
:101CA8006F6D6564000000004E6F7420726561649A
:101CB8007920666F7220646F636B3A204C65766595
:101CC8006C57696E64206973206E6F7420646F634B
:101CD8006B6564004572726F7220636F6D6D616E23
:101CE80064696E67207265656C20696E20666F7224
:101CF80020646F636B000000446F636B696E673A22
:101D0800200000004572726F722073657474696EEA
:101D180067206C772063656E74657220666F722029
:101D2800646F636B00000000556E6B6E6F776E20FA
:101D3800646F636B2073756273746174650000006F
:101D4800456E746572696E6720726561647900001A
:101D580045786974696E672072656164790000006E
:101D6800556E6B6E6F776E2072656164792073753E
:101D78006273746174650000456E746572696E679C
:101D880020686F6D65206C7700000000566F6C74DA
:101D980061676520746F6F206C6F7720746F20689F
:101DA8006F6D6521000000004572726F7220706FC0
:101DB800776572696E6720636F6E74726F6C6C659D
:101DC8007273206F6E20666F72204C5720686F6D9B
:101DD800650000004572726F7220686F6D696E67EA
:101DE800204C570045786974696E6720686F6D6587
:101DF800206C7700556E6B6E6F776E20686F6D651F
:101E0800206C77207375627374617465000000003C
:101E1800566F6C7461676520746F6F206C6F7720E4
:101E2800746F207265656C20696E20286E6F204C77
:101E3800572921004572726F7220636F6D616E645D
:101E4800696E67207265656C20696E20286E6F2048
:101E58004C5729005265656C696E6720696E2028A9
:101E68006E6F204C57293A200000000045786974AD
:101E7800696E67207265656C20696E20286E6F2018
:101E88004C572900556E6B6E6F776E207265656CC6
:101E980020696E20286E6F204C5729207375627355
:101EA8007461746500000000456E746572696E6740
:101EB800207265656C20696E00000000566F6C74B6
:101EC80061676520746F6F206C6F7720746F207264
:101ED80065656C20696E21004572726F7220706FA3
:101EE800776572696E67207265656C206F6E000099
:101EF8004572726F7220706F776572696E67204CD9
:101F080057206F6E000000004572726F7220636F79
:101F18006D6D616E64696E67207265656C20696EAF
:101F2800000000005265656C696E6720696E3A2092
:101F3800000000004572726F7220737461727469D8
:101F48006E672063616D6D696E670000486F6D652F
:101F5800206469646E277420636F6D706C657465A6
:101F68002C20706F776572696E67206F6666000057
:101F780045786974696E67207265656C20696E00C2
:101F8800556E6B6E6F776E207265656C20696E207A
:101F9800737562737461746500000000456E746542
:101FA80072696E67206E6F6D696E616C000000006B
:101FB80045786974696E67206E6F6D696E616C0033
:101FC800556E6B6E6F776E206E6F6D696E616C20EB
:101FD800737562737461746500000000566F6C74E9
:101FE80061676520746F6F206C6F7720746F207243
:101FF80065656C206F757421000000004572726F72
:102008007220636F6D6D616E64696E6720726565BD
:102018006C206F75740000005265656C696E6720EE
:102028006F75743A2000000045786974696E6720FE
:102038007265656C206F757400000000556E6B6EDC
:102048006F776E207265656C206F7574207375628A
:1020580073746174650000004D4342206275696CB9
:102068006420666F72200000464C4F4154530000B4
:102078004A756C20313320323032360031363A30EE
:10208800313A3531000000004D4342206572726FCD
:102098007220696E697469616C697A696E67204536
:1020A8004550524F4D21205265636F6E66696775C2
:1020B80072656400436F6E666967206D616E616763
:1020C800657220696E6974207375636365737366DE
:1020D800756C00004D4342206572726F72207374F4
:1020E800617274696E6720534420636172642100D1
:1020F8005344206361726420737461727475702034
:102108007375636365737366756C0000496E6974F3
:1021180069616C697A652053656E736F727300002C
:10212800557064617465204C696D697473000000B2
:10213800456E746572696E672063656E746572209A
:102148006C770000566F6C7461676520746F6F2040
:102158006C6F7720746F2063656E746572204C57BE
:10216800210000004572726F7220706F7765726986
:102178006E6720636F6E74726F6C6C657273206F1C
:102188006E20666F72204C572063656E746572000E
:102198004572726F7220686F6D696E67204C5720A8
:1021A800666F722063656E74657200004572726FA7
:1021B800722063656E746572696E67204C57000003
:1021C8004C572063656E746572206D6F74696F6E0D
:1021D8002074696D6564206F7574000045786974B2
:1021E800696E672063656E746572206C7700000005
:1021F800556E6B6E6F776E2063656E746572206CBA
:102208007720737562737461746500004D6F74692B
:102218006F6E206661756C742C20756E61626C65DA
:1022280020746F2067656E657261746520726565DC
:102238006C20696E666F00004D6F74696F6E206662
:1022480061756C7420726C3A000000002C0000006C
:102258004D6F74696F6E206661756C742C20756E95
:1022680061626C6520746F2067656E657261746564
:10227800206C6576656C2077696E6420696E666F80
:10228800000000004D6F74696F6E206661756C7494
:10229800206C773A000000004572726F72207570EA
:1022A800646174696E67207265656C206472697612
:1022B8006520737461747573000000004661696C71
:1022C800656420746F20757064617465207265653B
:1022D8006C2064726976652073746174757320313B
:1022E800302074696D6573004D6F74696F6E206678
:1022F80061756C7420287265656C29005265656C7F
:10230800206D6F74696F6E20636F6D706C65746596
:10231800000000006673775F646174612F706F73EB
:102328005F6C6F672E646174000000005265766F01
:102338006C7574696F6E732057726F6E670000005A
:1023480053706565642057726F6E67004163632040
:1023580057726F6E67000000536574436F6D6D614F
:102368006E64506F736974696F6E2057726F6E6711
:1023780000000000536574536C65775261746520E2
:1023880057726F6E67000000536574416363656C34
:1023980065726174696F6E2057726F6E6700000016
:1023A8006E616E00696E66006F766600545820454F
:1023B80052523A20000000006CC00F40C0000000DC
:1023C800504F0000A93801000CFF00001300000066
:1023D800000000000000000024851F400BFF0000E3
:1023E80013000000000000000000000028851F40C6
:1023F8000DFF0000130000000000000000000000B6
:1024080020851F400A252400130000001200000048
:102418001200000001020300000000001C851F409C
:1024280000000000000000000000000000000000A4
:102438003D010000B10000000000000000000000A5
:102448001D010000690000000000000000000000FD
:102458005D010000DD000000000000000000000039
:102468002D0100008D0000000000000000000000A9
:102478007D010000010100000000000000000000D4
:10248800050C0000DD0B000089060000C90B0000E8
:102498008D0C00007D0B00000D0B000000000000FB
:1024A8000000000011EF0000000000000000000024
:1024B8009D01000000000000000000007D140100E4
:1024C800891401008114010089150100F91C01001B
:1024D800291C0100851C0100251B010005170100AE
:1024E80039210100991401000D140100C91D0100D2
:1024F800F9130100FD13010005140100091401007E
:102508001D170100591F0100E11E0100391A0100C1
:10251800F11301000114010039200100611D0100BF
:10252800FD140100000000000000000081640000AC
:10253800D5F80000D1F80000CDF80000756400005F
:10254800796400007D640000C9F800000000000004
:10255800000000007DD3000071D5000099CD000077
:10256800F1CE0000B9CD00005DCE0000E1CD000045
:1025780075CF00000DCF000095CD000000000000D1
:1025880000000000250D00008509000089060000F4
:10259800AD0A0000C9090000550A0000290A000018
:1025A800850F0000450E000000000000000000003C
:1025B800050C0000DD0B000089060000C90B0000B7
:1025C8008D0C00007D0B00000D0B000000000000CA
:1025D80000000000790D0000B90D0000650B000037
:1025E800F10B0000D90C0000250B0000B50B000012
:1025F800CD070000F50E0000D50A0000F10A000022
:10260800A5060000910600007D0700003D0B0000B4
:10261800CD0600005D08000015090000A5080000AF
:10262800390C00000908000000000000000000004C
:1026380011EF000071D50000890600008D0600002A
:1026480011EF000011EF000011EF00000000000082
:102658000000000081150000A11500000000000026
:1026680000000000E1C60000F1C80000B5C8000085
:10267800FDC7000061C80000A9C7000029C9000003
:1026880019CA000055CA000031CB00000000000044
:1026980000000000192301001D2301008921010009
:1026A8000D27010055330100D52C01008DB900001C
:1026B8004923010025330100653401005D2D010027
:1026C8001D0E01007D2A0100A9220100B52201008A
:1026D8007D2101008121010085210100C122010025
:1026E800E522010009230100892701002D230100AB
:1026F80061250100D5270100A9280100D8399D27A7
:102708000054EA2A00A4781F007B9A172C206675CB
:102718006E6374696F6E3A20000000006173736520
:102728007274696F6E2022257322206661696C6558
:10273800643A2066696C6520222573222C206C6916
:102748006E65202564257325730A000042616C6C50
:102758006F632073756363656564656400000000DA
:102768002F566F6C756D65732F646174612F6A6580
:102778006E6B696E732F776F726B73706163652F01
:10278800474E552D746F6F6C636861696E2F617267
:102798006D2D31312F7372632F6E65776C69622DE1
:1027A80063796777696E2F6E65776C69622F6C69DC
:1027B80062632F7374646C69622F6764746F612D30
:1027C8006765746865782E630000000000000000EB
:1027D80000000000000000000000000000000000F1
:1027E80000000000000000000000000000000000E1
:1027F800000000000000000000000000101112138B
:10280800141516171819000000000000001A1B1CE8
:102818001D1E1F0000000000000000000000000056
:10282800000000000000000000000000001A1B1C4F
:102838001D1E1F0000000000000000000000000036
:102848000000000000000000000000000000000080
:102858000000000000000000000000000000000070
:102868000000000000000000000000000000000060
:102878000000000000000000000000000000000050
:102888000000000000000000000000000000000040
:102898000000000000000000000000000000000030
:1028A8000000000000000000000000000000000020
:1028B8000000000000000000000000000000000010
:1028C8000000000000000000000000002F566F6CA0
:1028D800756D65732F646174612F6A656E6B696EBF
:1028E800732F776F726B73706163652F474E552D29
:1028F800746F6F6C636861696E2F61726D2D313111
:102908002F7372632F6E65776C69622D63796777B1
:10291800696E2F6E65776C69622F6C6962632F73BD
:1029280074646C69622F6D707265632E63000000B9
:1029380065256C6400000000303132333435363799
:1029480038396162636465666768696A6B6C6D6E65
:102958006F707172737475767778797A00000000F9
:102968000020202020202020202028282828282057
:10297800202020202020202020202020202020204F
:1029880020881010101010101010101010101010B7
:1029980010040404040404040404041010101010A7
:1029A8001010414141414141010101010101010171
:1029B80001010101010101010101010110101010C3
:1029C8001010424242424242020202020202020243
:1029D8000202020202020202020202021010101097
:1029E80020000000000000000000000000000000BF
:1029F80000000000000000000000000000000000CF
:102A080000000000000000000000000000000000BE
:102A180000000000000000000000000000000000AE
:102A2800000000000000000000000000000000009E
:102A3800000000000000000000000000000000008E
:102A4800000000000000000000000000000000007E
:102A5800000000000000000000000000000000006E
:102A680000000000496E66696E6974790000000014
:102A78004E614E002F566F6C756D65732F646174CF
:102A8800612F6A656E6B696E732F776F726B7370E7
:102A98006163652F474E552D746F6F6C636861696C
:102AA8006E2F61726D2D31312F7372632F6E6577C2
:102AB8006C69622D63796777696E2F6E65776C69CB
:102AC800622F6C6962632F7374646C69622F64741B
:102AD8006F612E63000000004A495300534A49536E
:102AE800000000004555434A500000006E66000093
:102AF800696E697479000000616E0000494E4600F5
:102B08004E414E0030313233343536373839616210
:102B1800636465660000000030313233343536377F
:102B2800383941424344454600000000286E756C20
:102B38006C2900000030013002300CFF0EFFFB3022
:102B48001AFF1BFF1FFF01FF9B309C30B40040FFA2
:102B5800A8003EFF3E203FFFFD30FE309D309E30F6
:102B68000330DD4E053006300730FC3014201020CD
:102B78000FFF3CFF1C3016205CFF26202520182064
:102B880019201C201D2008FF09FF143015303BFFB9
:102B98003DFF5BFF5DFF083009300A300B300C3019
:102BA8000D300E300F30103011300BFF1222B100F3
:102BB800D700F7001DFF60221CFF1EFF6622672258
:102BC8001E22342242264026B00032203320032120
:102BD800A50004FFA200A30005FF03FF06FF0AFFEC
:102BE80020FFA70006260526CB25CF25CE25C725FD
:102BF800C625A125A025B325B225BD25BC253B208A
:102C0800123092219021912193211330000000006D
:102C180000000000000000000000000000000000AC
:102C2800000008220B2286228722822283222A225F
:102C38002922000000000000000000000000000041
:102C4800000027222822AC00D221D421002203220E
:102C58002922000000000000000000000000000021
:102C68000000000000002022A522122302220722D1
:102C7800612252226A226B221A223D221D2235220B
:102C88002B222C22000000000000000000000000A1
:102C980000002B2130206F266D266A262020212057
:102CA800B6002C22000000000000EF250000000004
:102CB8000000000000000000000000010101010107
:102CC80001010101010000000000000001010101F3
:102CD80001010101010101010101010101010101DC
:102CE80001010101010100000000000000010101D3
:102CF80001010101010101010101010101010101BC
:102D0800010101010101010091039203930394035E
:102D1800950396039703980399039A039B039C03CF
:102D28009D039E039F03A003A103A303A403A5037C
:102D3800A603A703A803A9030000000000000000E1
:102D48000000000000000000B103B203B303B403A5
:102D5800B503B603B703B803B903BA03BB03BC038F
:102D6800BD03BE03BF03C003C103C303C403C5033C
:102D7800C603C703C803C9031004110412041304CB
:102D880014041504010416041704180419041A0479
:102D98001B041C041D041E041F0420042104220417
:102DA80023042404250426042704280429042A04C7
:102DB8002B042C042D042E042F0400000000000016
:102DC80000000000000000000000000000000000FB
:102DD8000000000000000000300431043204330415
:102DE80034043504510436043704380439043A04E9
:102DF8003B043C043D043E043F04400441044204B7
:102E080043044404450446044704480449044A0466
:102E18004B044C044D044E044F04000000250225C9
:102E28000C251025182514251C252C25242534258A
:102E38003C25012503250F2513251B2517252325AB
:102E480033252B253B254B2520252F2528253725C0
:102E58003F251D2530252525382542259C4E16550C
:102E6800035A3F96C0541B612863F6592290758413
:102E78001C83507AAA60E163256EED656684A6829C
:102E8800F59B93682757A16571629B5BD0597B8638
:102E9800F498627DBE7D8E9B16629F7CB788895BA5
:102EA800B55E096397664868C7958D974F67E54E85
:102EB8000A4F4D4F9D4F4950F2563759D459015A30
:102EC800095CDF600F61706113660569BA704F7540
:102ED8007075FB79AD7DEF7DC3800E846388028BAE
:102EE80055907A903B53954EA54EDF57B280C190CE
:102EF800EF78004EF158A26E3890327A28838B8290
:102F08002F9C41517053BD54E154E056FB59155F55
:102F1800F298EB6DE4802D8562967096A096FB97EB
:102F28000B54F353875BCF70BD7FC28FE8966F5306
:102F38005C9DBA7A114E9378FC81266E185604551A
:102F48001D6B1A853B9CE559A953666DDC748F95FA
:102F58004256914E4B90F2964F830C99E153B655D9
:102F6800305B715F2066F3660468386CF36C296D1A
:102F78005B74C8764E7A3498F1825B88608AED92E9
:102F8800B26DAB75CA76C599A660018B8A8DB2956C
:102F98008E69AD538651125730584459B45BF65E6A
:102FA8002860A963F463BF6C146F8E701471597133
:102FB800D5713F73017E7682D182978560905B924E
:102FC8001B9D6958BC655A6C2575F9512E59655970
:102FD800805FDC5FBC62FA652A6A276BB46B8B730F
:102FE800C17F56892C9D0E9DC49EA15C966C7B83E7
:102FF80004514B5CB661C68176686172594EFA4FCE
:1030080078536960296E4F7AF3970B4E1653EE4E3C
:10301800554F3D4FA14F734FA052EF5309560F59CB
:10302800C15AB65BE15BD17987669C67B6674C6B22
:10303800B36C6B70C2738D79BE793C7A877BB18231
:10304800DB8204837783EF83D3836687B28A29562A
:10305800A88CE68F4E901E978A86C44FE85C116252
:1030680059723B75E581BD82FE86C08CC596139961
:10307800D599CB4E1A4FE389DE564A58CA58FB5E9B
:10308800EB5F2A6094606260D0611262D062396539
:10309800419B6666B068776D70704C758676757DF5
:1030A800A582F9878B958E969D8CF151BE52165943
:1030B800B354B35B165D68618269AF6D8D78CB845C
:1030C8005788728AA793B89A6C6DA899D986A3571E
:1030D800FF67CE860E92835287560454D35EE16210
:1030E800B9643C683868BB6B7273BA786B7A9A8932
:1030F800D2896B8D038FED90A39594966997665B43
:10310800B35C7D694D984E989B63207B2B6A7F6AE0
:10311800B6680D9C5F6F72529D557060EC623B6D96
:10312800076ED16E5B841089448F144E399CF65318
:103138001B693A6A84972A685C51C37AB284DC9125
:103148008C935B56289D226805833184A57C0852A0
:10315800C582E6747E4E834FA051D25B0A52D85284
:10316800E752FB5D9A552A58E6598C5B985BDB5B06
:10317800725E795EA3601F616361BE61DB63626535
:10318800D1675368FA683E6B536B576C226F976F21
:10319800456FB0741875E3760B77FF7AA17B217CB5
:1031A800E97D367FF07F9D8066829E83B389CC8AD5
:1031B800AB8C8490519493959195A2956596D397ED
:1031C80028991882384E2B54B85CCC5DA9734C767C
:1031D8003C77A95CEB7F0B8DC19611985498589851
:1031E800014F0E4F71539C556856FA574759095B62
:1031F800C45B905C0C5E7E5ECC5FEE633A67D7651D
:10320800E2651F67CB68C4685F6A305EC56B176C80
:103218007D6C7F754879635B007A007DBD5F8F891F
:10322800188AB48C778DCC8E1D8FE2980E9A3C9BB1
:10323800804E7D50005193599C5B2F628062EC64F4
:103248003A6BA07291754779A97FFB87BC8A708B0E
:10325800AC63CA83A09709540354AB555468586AA1
:10326800708A27787567CD9E7453A25B1A81508641
:103278000690184E454EC74E114FCA533854AE5B90
:10328800135F256051653D67426C726CE36C787022
:103298000374767AAE7A087B1A7DFE7C667DE765D4
:1032A8005B72BB53455CE85DD262E0621963206ED5
:1032B8005A86318ADD8DF892016FA6795A9BA84EFD
:1032C800AB4EAC4E9B4FA04FD1504751F67A71513F
:1032D800F651545321537F53EB53AC558358E15C5B
:1032E800375F4A5F2F6050606D601F6359654B6A96
:1032F800C16CC272ED72EF77F880058108824E8545
:10330800F790E193FF9757995A9AF04EDD512D5C4B
:1033180081666D69405CF266756989735068817C65
:10332800C550E4524757FE5D2693A465236B3D6B59
:1033380034748179BD794B7BCA7DB982CC837F880F
:103348005F89398BD18FD1911F5480925D4E365051
:10335800E5533A53D7729673E977E682AF8EC699EA
:10336800C899D29977511A615E86B0557A7A7650A3
:10337800D35B47908596324EDB6AE791515C485C97
:1033880098639F7A936C7497618FAA7A8A718896EA
:10339800827C1768707E51686C93F2521B54AB851F
:1033A800138AA47FCD8EE190665388884179C24FF5
:1033B800BE501152445153552D57EA738B575159EA
:1033C800625F845F756076616761A961B2633A6420
:1033D8006C656F664268136E66753D7AFB7C4C7D42
:1033E800997D4B7E6B7F0E834A83CD86088A638ADC
:1033F800668BFD8E1A988F9DB882CE8FE89B875278
:103408001F628364C06F999641689150206B7A6CF3
:10341800546F747A507D4088238A0867F64E395075
:10342800265065507C5138526352A7550F5705589E
:10343800CC5AFA5EB261F861F36272631C69296A58
:103448007D72AC722E7314786F78797D0C77A980B1
:103458008B89198BE28CD28E639075937A965598E6
:10346800139A789E43519F53B3537B5E265F1B6E1E
:10347800906E8473FE73437D3782008AFA8A509671
:103488004E4E0B50E4537C54FA56D159645BF15DAF
:10349800AB5E275F38624565AF67566ED072CA7CEF
:1034A800B488A180E180F0834E86878AE88D3792C0
:1034B800C7966798139F944E924E0D4F48534954A0
:1034C8003E542F5A8C5FA15F9F60A7688E6A5A741A
:1034D80081789E8AA48A778B90915E4EC99BA44E70
:1034E8007C4FAF4F1950165049516C519F52B952E9
:1034F800FE529A53E35311540E5489555157A2570B
:103508007D59545B5D5B8F5BE55DE75DF75D785EDC
:10351800835E9A5EB75E185F52604C619762D862AC
:10352800A7633B6502664366F4666D672168976822
:10353800CB695F6C2A6D696D2F6E9D6E32758776CB
:103548006C783F7AE07C057D187D5E7DB17D1580C5
:103558000380AF80B18054818F812A8252834C8846
:1035680061881B8BA28CFC8CCA90759171923F78F4
:10357800FC92A4954D9605989999D89A3B9D5B52D3
:10358800AB52F7530854D558F762E06F6A8C5F8FD7
:10359800B99E4B513B524A54FD56407A7791609DF3
:1035A800D29E4473096F70811175FD5FDA60A89A25
:1035B800DB72BC8F646B0398CA4EF0566457BE58D2
:1035C8005A5A6860C7610F6606663968B168F76D50
:1035D800D5753A7D6E82429B9B4E504FC953065516
:1035E8006F5DE65DEE5DFB67996C73740278508AD7
:1035F8009693DF885057A75E2B63B550AC508D511A
:103608000067C9545E58BB59B05B695F4D62A163DE
:103618003D68736B086E7D70C79180721578267847
:103628006D798E65307DDC83C188098F9B966452E5
:10363800285750676A7FA18CB45142572A963A5846
:103648008A69B480B2540E5DFC579578FA9D5C4F38
:103658004A528B543E6428661467F567847A567B11
:10366800227D2F935C68AD9B397B19538A51375261
:10367800DF5BF662AE64E6642D67BA6BA985D19606
:103688009076D69B4C630693AB9BBF765266094EE9
:103698009850C253715CE860926463655F68E67134
:1036A800CA732375977B827E9586838BDB8C789192
:1036B8001099AC65AB668B6BD54ED44E3A4F7F4FA5
:1036C8003A52F853F253E355DB56EB58CB59C959E4
:1036D800FF59505B4D5C025E2B5ED75F1D60076330
:1036E8002F655C5BAF65BD65E8659D67626B7B6B4D
:1036F8000F6C45734979C179F87C197D2B7DA280BF
:103708000281F38196895E8A698A668A8C8AEE8A42
:10371800C78CDC8CCC96FC986F6B8B4E3C4F8D4FD6
:103728005051575BFA5B486101634266216BCB6E6F
:10373800BB6C3E72BD74D475C1783A790C80338005
:10374800EA8194849E8F506C7F9E0F5F588B2B9DCF
:10375800FA7AF88E8D5BEB96034EF153F757315991
:10376800C95AA45B89607F6E066FBE75EA8C9F5B41
:103778000085E07B7250F4679D82615C4A851E7EFD
:103788000E829951045C6863668D9C656E713E7902
:10379800177D05801D8BCA8E6E90C786AA901F5014
:1037A800FA523A5C53677C7035724C91C8912B93EE
:1037B800E582C25B315FF9603B4ED653885B4B6252
:1037C80031678A6BE972E0732E7A6B81A38D52910F
:1037D80096991251D7536A54FF5B8863396AAC7D56
:1037E8000097DA56CE536854975B315CDE5DEE4F36
:1037F8000161FE62326DC079CB79427D4D7ED27F08
:10380800ED811F82908446887289908B748E2F8FE9
:1038180031904B916C91C6969C91C04E4F4F45513B
:103828004153935F0E62D467416C0B6E6373267EBF
:10383800CD918392D4531959BF5BD16D5D792E7E9A
:103848009B7C7E589F71FA515388F08FCA4FFB5C5E
:103858002566AC77E37A1C82FF99C651AA5FEC65AE
:103868006F69896BF36D966E646FFE76147DE15D0A
:10387800759087910698E6511D5240629166D96607
:103888001A6EB65ED27D727FF866AF85F785F88AC4
:10389800A952D95373598F5E905F5560E49264962C
:1038A800B7501F51DD5220534753EC53E854465547
:1038B800315517566859BE593C5AB55B065C0F5CC2
:1038C800115C1A5C845E8A5EE05E705F7F6284626F
:1038D800DB628C63776307660C662D6676667E67A7
:1038E800A2681F6A356ABC6C886D096E586E3C7197
:1038F80026716771C77501775D7801796579F07907
:10390800E07A117BA77C397D9680D6838B844985A4
:103918005D88F3881F8A3C8A548A738A618CDE8C9E
:10392800A49166927E9318949C9698970A4E084E96
:103938001E4E574E97517052CE573458CC58225B72
:10394800385EC560FE6461675667446DB67273750C
:10395800637AB884728BB89120933156F457FE98E5
:10396800ED620D69966BED71547E77807282E689FF
:10397800DF985587B18F3B5C384FE14FB54F0755FE
:10398800205ADD5BE95BC35F4E612F63B0654B6610
:10399800EE689B69786DF16D3375B9751F775E793F
:1039A800E679337DE381AF82AA85AA893A8AAB8E0C
:1039B8009B8F3290DD910797BA4EC14E03527558CE
:1039C800EC580B5C1A753D5C4E810A8AC58F63966C
:1039D8006D97257BCF8A08986291F356A853179064
:1039E80039548257255EA863346C8A7061778B7C62
:1039F800E07F708842905491109318938F965E746C
:103A0800C49A075D695D7065A267A88DDB966E63D1
:103A180049671969C5831798C096FE88846F7A64C8
:103A2800F85B164E2C705D752F66C4513652E25203
:103A3800D359815F276010623F6574651F6674669D
:103A4800F2681668636B056E72721F75DB76BE7C52
:103A58005680F058FD887F89A08A938ACB8A1D906A
:103A680092915297599789650E7A0681BB962D5E79
:103A7800DC601A62A56514669067F3774D7A4D7C11
:103A88003E7E0A81AC8C648DE18D5F8EA9780752E9
:103A9800D962A563426498622D8A837AC07BAC8A16
:103AA800EA96767D0C824987D94E48514353605334
:103AB800A35B025C165CDD5D26624762B064136836
:103AC8003468C96C456D176DD3675C6F4E717D7135
:103AD800CB657F7AAD7BDA7D4A7EA87F7A811B82AF
:103AE8003982A6856E8ACE8CF58D78907790AD92C6
:103AF80091928395AE9B4D528455386F36716851BB
:103B08008579557EB381CE7C4C565158A85CAA6302
:103B1800FE66FD665A69D9728F758E750E7956796B
:103B2800DF79977C207D447D0786348A3B966190B7
:103B3800209FE7507552CC53E2530950AA55EE58CE
:103B48004F593D728B5B645C1D53E360F3605C63AB
:103B580083633F63BB63CD64E965F966E35DCD6963
:103B6800FD69156FE571894EE975F876937ADF7C02
:103B7800CF7D9C7D6180498358836C84BC84FB85A0
:103B8800C588708D01906D9097931C97129ACF50AD
:103B980097588E61D3813585088D2090C34F745016
:103BA800475273536F6049635F672C6EB38D1F90E4
:103BB800D74F5E5CCA8CCF659A7D525396887651F2
:103BC800C363585B6B5B0A5C0D6451675C90D64EAF
:103BD8001A592A59706C518A3E551558A559F060E2
:103BE8005362C167358255694096C499289A534FE4
:103BF8000658FE5B1080B15C2F5E855F20604B61CC
:103C08003462FF66F06CDE6ECE807F81D4828B8852
:103C1800B88C00902E908A96DB9EDB9BE34EF05387
:103C280027592C7B8D914C98F99DDD6E2770535345
:103C38004455855B58629E62D362A26CEF6F227412
:103C4800178A3894C16FFE8A3883E751F886EA5399
:103C5800E953464F5490B08F6A593181FD5DEA7A35
:103C6800BF8FDA68378CF872489C3D6AB08A394E43
:103C7800585306566657C562A263E6654E6BE16DFA
:103C88005B6EAD70ED77EF7AAA7BBB7D3D80C68019
:103C9800CB86958A5B93E356C7583E5FAD659666BB
:103CA800806AB56B3775C78A2450E57730571B5F34
:103CB80065607A66606CF4751A7A6E7FF48118878D
:103CC8004590B399C97B5C75F97A517BC48410908F
:103CD800E979927A3683E15A40772D4EF24E995B14
:103CE800E05FBD623C66F167E86C6B8677883B8A6B
:103CF8004E91F392D099176A26702A73E7825784F7
:103D0800AF8C014E4651CB518B55F55B165E335E39
:103D1800815E145F355F6B5FB45FF2611163A26609
:103D28001D676E6F52723A753A777480398178815F
:103D38007687BF8ADC8A858DF38D9A92779502986B
:103D4800E59CC5525763F4761567886CCD73C38CB0
:103D5800AE937396256D9C580E69CC69FD8F9A9326
:103D6800DB751A905A580268B463FB69434F2C6F8D
:103D7800D867BB8F2685B47D54933F69706F6A57A7
:103D8800F7582C5B2C7D2A720A54E391B49DAD4EF2
:103D98004E4F5C50755043529E8C485424589A5B41
:103DA8001D5E955EAD5EF75E1F5F8C60B5623A631F
:103DB800D063AF68406C87788E790B7AE07D478254
:103DC800028AE68A448E1390B8902D91D8910E9F5E
:103DD800E56C5864E2647565F46E84761B7B6990C3
:103DE800D193BA6EF254B95FA4644D8FED8F4492AB
:103DF80078516B582959555C975EFB6D8F7E1C7501
:103E0800BC8CE28E5B98B9701D4FBF6BB16F30757B
:103E1800FB964E51105435585758AC59605C925F18
:103E280097655C67216E7B76DF83ED8C1490FD903F
:103E38004D9325783A78AA52A65E1F577459126096
:103E480012505A51AC51CD5100521055545858582F
:103E58005759955BF65C8B5DBC6095622D64716704
:103E68004368BC68DF68D776D86D6F6E9B6D6F70DE
:103E7800C871535FD8757779497B547B527BD67C60
:103E8800717D305263846985E4850E8A048B468C83
:103E98000F8E03900F90199476962D98309AD89596
:103EA800CD50D5520C5402580E5CA7619E641E6D0D
:103EB800B377E57AF480048453908592E05C079D9B
:103EC8003F53975FB35F9C6D79726377BF79E47BEB
:103ED800D26BEC72AD8A0368616AF851817A3469F1
:103EE8004A5CF69CEB82C55B49911E7078566F5C04
:103EF800C76066658C6C5A8C419013985154C7669C
:103F08000D924859A39085514D4EEA5199850E8BD3
:103F180058707A634B936269B499047E77755753E6
:103F28006069DF8EE3965D6C8C4E3C5C105FE98FB8
:103F38000253D18C89807986FF5EE565734E6551A1
:103F480082593F5CEE97FB4E8A59CD5F8D8AE16FAF
:103F5800B0796279E75B71842B73B171745EF55F38
:103F68007B639A64C371987C434EFC5E4B4EDC576E
:103F7800A256A960C36F0D7DFD803381BF81B28FCA
:103F88009789A486F45D8A62AD6487897767E26C55
:103F98003E6D36743478465A757FAD82AC99F34FCE
:103FA800C35EDD62926357656F67C3764C72CC80DF
:103FB800BA80298F4D910D50F957925A85687369C7
:103FC8006471FD72B78CF258E08C6A9619907F87FD
:103FD800E479E77729842F4F65525A53CD62CF672A
:103FE800CA6C7D76947B957C36828485EB8FDD6602
:103FF800206F06721B7EAB83C199A69EFD51B17BD3
:104008007278B87B8780487BE86A615E8C805175DE
:1040180060756B5162928C6E7A769791EA9A104F1E
:10402800707F9C624F7BA595E99C7A565958E48627
:10403800BC96344F24524A53CD53DB53065E2C644E
:1040480091657F673E6C4E6C4872AF72ED73547524
:10405800417E2C82E985A98CC47BC691697112982E
:10406800EF983D6369666A75E476D0784385EE8695
:104078002A53515326548359875E7C5FB260496244
:104088007962AB629065D46BCC6CB275AE76917880
:10409800D879CB7D777FA580AB88B98ABB8C7F9098
:1040A8005E97DB980B6A387C99503E5CAE5F8767F9
:1040B800D86B357409778E7F3B9FCA67177A395357
:1040C8008B75ED9A665F9D81F18398803C5FC55F33
:1040D8006275467B3C906768EB599B5A107D7E76EB
:1040E8002C8BF54F6A5F196A376C026FE274687936
:1040F8006888558A798CDF5ECF63C575D279D78297
:104108002893F2929C84ED862D9CC1546C5F8C653B
:104118005C6D1570A78CD38C3B984F65F6740D4E6B
:10412800D84EE0572B59665ACC5BA851035E9C5E6B
:10413800166076627765A7656E666E6D3672267B49
:1041480050819A8199825C8BA08CE68C748D1C9628
:104158004496AE4FAB64666B1E8261846A85E890B4
:10416800015C5369A8987A8457850F4F6F52A95FED
:10417800455E0D678F79798107898689F56D175FA7
:104188005562B86CCF4E6972929B06523B54745676
:10419800B358A4616E621A716E59897CDE7C1B7DEE
:1041A800F09687655E80194E754F75514058635E6D
:1041B800735E0A5FC467264E3D8589955B96737C5E
:1041C8000198FB50C1585676A7782552A5771185D6
:1041D800867B4F5009594772C77BE87DBA8FD48FC9
:1041E8004D90BF4FC952295A015FAD97DD4F1782D5
:1041F800EA9203575563696B2B75DC88148F427AF2
:10420800DF52935855610A62AE66CD6B3F7CE983F5
:104218002350F84F05534654315849599D5BF05C7B
:10422800EF5C295D965EB16267633E65B9650B67B1
:10423800D56CE16CF97032782B7EDE80B3820C8409
:10424800EC84028712892A8A4A8CA690D292FD9819
:10425800F39C6C9D4F4EA14E8D5056524A57A8590B
:104268003D5ED85FD95F3F62B4661B67D067D2688E
:104278009251217DAA80A881008B8C8CBF8C7E9264
:10428800329620542C981753D5505C53A858B264D2
:10429800346767726677467AE691C352A16C866B7B
:1042A80000584C5E54592C67FB7FE151C67669640F
:1042B800E878549BBB9ECB57B95927669A67CE6B53
:1042C800E954D969555E9C819567AA9BFE67529C03
:1042D8005D68A64EE34FC853B9622B67AB6CC48FB9
:1042E800AD4F6D7EBF9E074E6261806E2B6F13854A
:1042F80073542A67459BF35D957BAC5CC65B1C8752
:104308004A6ED184147A088199598D7C116C207772
:10431800D952225921715F72DB772797619D0B690A
:104328007F5A185AA5510D547D540E66DF76F78FC3
:104338009892F49CEA595D72C56E4D51C968BF7D6B
:10434800EC7D6297BA9E7864216A028384595F5B28
:10435800DB6B1B73F276B27D178099843251286724
:10436800D99EEE766267FF520599245C3B627E7C9B
:10437800B08C4F55B6600B7D809501535F4EB6519A
:104388001C593A723680CE91255FE2778453795F63
:10439800047DAC85338A8D8E5697F367AE8553942A
:1043A80009610861B96C5276ED8A388F2F55514FE3
:1043B8002A51C752CB53A55B7D5EA0608261D6634C
:1043C8000967DA67676E8C6D3673377331755079A4
:1043D800D588988A4A909190F590C4968D871559FA
:1043E800884E594F0E4E898A3F8F1098AD507C5E8B
:1043F8009659B95BB85EDA63FA63C164DC664A69E8
:10440800D8690B6DB66E94712875AF7A8A7F008073
:104418004984C9848189218B0A8E65907D960A9981
:104428007E619162326B836C746DCC7FFC7FC06D52
:10443800857FBA87F8886567B1833C98F7961B6DC6
:10444800617D3D846A91714E7553505D046BEB6FCD
:10445800CD852D86A78929520F54655C4E67A868BB
:1044680006748374E275CF88E188CC91E2967896D9
:104478008B5F8773CB7A4E84A06365758952416DD3
:104488009C6E097459756B78927C8696DC7A8D9F40
:10449800B64F6E61C5655C86864EAE4EDA50214ECB
:1044A800CC51EE5B99658168BC6D1F734276AD7720
:1044B8001C7AE77C6F82D28A7C90CF917596189887
:1044C8009B52D17D2B5098539767CB6DD071337425
:1044D800E8812A8FA396579C9F9E60744158996DD6
:1044E8002F7D5E98E44E364F8B4FB751B152BA5D6F
:1044F8001C60B2733C79D3823492B796F6960A97C9
:10450800979E629FA666746B1752A352C870C288A2
:10451800C95E4B609061236F49713E7CF47D6F806A
:10452800EE8423902C9342546F9BD36A8970C28C7B
:10453800EF8D3297B452415ACA5E045F17677C699F
:1045480094696A6D0F6F6272FC72ED7B01807E80E8
:104558004B87CE906D51939E84798B803293D68A07
:104568002D508C54718A6A6BC48C0781D160A06706
:10457800F29D994E984E109C6B8AC185688500699A
:104588007E6E9778558100000A0001000200030042
:104598000400050006000700080009000A000B00D7
:1045A8000C000D000E000F0010000000202020203D
:1045B80020202020202020202020202020202020F3
:1045C8002020202020202020202020200000000063
:1045D8001F001C2000000000142100000200162407
:1045E800000000001425000002001528000000004B
:1045F800112900000000142A00000000182B0000F8
:104608000000142C00000000102D00000000142EE3
:10461800000001000C3000000900143A00000100FD
:10462800183C00000200143F000001000341000094
:104638001900155B00000000145C00000000115D0B
:1046480000000000175E000000000F5F000000007F
:10465800176000000000036100001900157B0000CE
:104668000000187C00000000117D00000000187E8A
:1046780000000000007F000020001CA000000000D7
:1046880014A10000000016A20000030019A60000F3
:10469800000014A70000000017A80000000019A9D6
:1046A8000000000006AA0000000013AB0000000094
:1046B80018AC0000000001AD0000000019AE0000B9
:1046C800000017AF0000000019B00000000018B18A
:1046D800000000000EB20000010017B40000000046
:1046E80003B50000000014B60000010017B8000070
:1046F80000000EB90000000006BA0000000012BB5E
:10470800000000000EBC0000020014BF0000000002
:1047180003C00000160018D70000000003D80000EE
:10472800060004DF0000000003E00000160018F790
:104738000000000003F800003F00043801000000FA
:10474800033901000F00044901000000034A010079
:104758004200048D01000000038E01000C00049B40
:1047680001000000039C01000D0004AA01000100E3
:1047780003AC01000D0004BA0100000006BB0100F3
:10478800000003BC0100010004BE0100000003BFDB
:104798000100000006C00100030003C4010000007E
:1047A80007C50100000003C60100010007C8010099
:1047B800000003C90100010007CB0100000003CC81
:1047C8000100230004F00100000003F101000000D3
:1047D80007F20100000003F301002D00042102008C
:1047E8000000032202001100043402000500033A0D
:1047F80002001A00045502000000035602000100DE
:10480800045802000000035902000000045A020084
:104818000000035B02000100045D02000200036067
:1048280002000100046202000000036302000000AD
:10483800046402000000036502000100046702002E
:104848000000036802000400046D02000100036F09
:104858000200000004700200000003710200010061
:1048680004730200010003750200000004760200D0
:104878000600037D02000000047E020001000380A0
:10488800020000000481020000000382020001000F
:10489800048402000200038702000500048D020060
:1048A8000400039202000000049302000000069432
:1048B80002000000049502000700039D02000100A9
:1048C800049F0200100005B00200110017C2020088
:1048D800030005C602000B0017D202000D0005E018
:1048E8000200040017E50200060005EC02000000C3
:1048F80017ED0200000005EE0200000017EF0200AD
:1049080010000B0003006F00037003000300057420
:104918000300000017750300000003760300010080
:10492800057A03000000037B03000200147E0300E5
:104938000000037F030000001784030001000386C2
:10494800030000001487030000000388030002002E
:10495800038C03000000038E030001000490030091
:10496800000003910300100003A303000C0004B02F
:104978000300000003B10300200008D20300020076
:1049880003D50300200018F60300000003F7030016
:10499800040004FC0300000003FD030084001982E6
:1049A800040000000B83040004000A8804000100CE
:1049B800038A0400A50003310500250005590500F8
:1049C8000000145A0500050004600500000003619A
:1049D8000500250004870500010014890500000072
:1049E800108A05000000198D05000100168F0500CA
:1049F80000000B9105002C0010BE050000000BBF45
:104A08000500000014C0050000000BC105000100EE
:104A180014C3050000000BC40500010014C60500FE
:104A280000000BC70500000006D005001A0006EFBD
:104A38000500030014F3050001000100060005004D
:104A4800180606000200140906000100160B0600ED
:104A58000000140C06000100190E060001000B10DE
:104A680006000A00141B06000000011C06000000D6
:104A7800141D06000200062006001F00054006005F
:104A880000000641060009000B4B060014000C60EC
:104A980006000900146A06000300066E06000100FD
:104AA8000B700600000006710600620014D40600B0
:104AB800000006D5060000000BD60600060001DD42
:104AC8000600000019DE060000000BDF06000500E6
:104AD80005E5060001000BE70600010019E90600DC
:104AE80000000BEA0600030006EE060001000CF0C9
:104AF8000600090006FA0600020019FD060001007A
:104B080006FF06000000140007000D00010F070053
:104B180000000610070000000B1107000000061235
:104B280007001D000B3007001A00064D070058004B
:104B38000BA607000A0006B1070000000CC007001A
:104B4800090006CA070020000BEB0700080005F45F
:104B58000700010019F60700000014F7070002001B
:104B680005FA070000000BFD0700000016FE07000D
:104B780001000600080015000B1608000300051ABE
:104B8800080000000B1B08000800052408000000AE
:104B98000B25080002000528080000000B29080062
:104BA8000400143008000E000640080018000B59D5
:104BB80008000200145E08000000066008000A00F1
:104BC800067008001700178808000000068908000A
:104BD80005000190080001000B980800070006A0D6
:104BE8000800280005C9080000000BCA08001700C3
:104BF80001E2080000000BE308001F000903090098
:104C080000000604090035000B3A09000000093BC2
:104C1800090000000B3C09000000063D09000000E7
:104C2800093E090002000B41090007000949090073
:104C380003000B4D09000000094E09000100065051
:104C4800090000000B510900060006580900090078
:104C58000B62090001001464090001000C660900D8
:104C680009001470090000000571090000000672AF
:104C780009000E000B8109000000098209000100EB
:104C8800068509000700068F090001000693090040
:104C9800150006AA0900060006B20900000006B6BB
:104CA800090003000BBC0900000006BD0900000054
:104CB80009BE090002000BC10900030009C7090069
:104CC800010009CB090001000BCD0900000006CE48
:104CD8000900000009D70900000006DC09000100EE
:104CE80006DF090002000BE2090001000CE60900DA
:104CF800090006F00900010016F2090001000EF48F
:104D08000900050019FA0900000016FB0900000057
:104D180006FC0900000014FD090000000BFE090054
:104D280000000B010A00010009030A000000060543
:104D38000A000500060F0A00010006130A00150004
:104D4800062A0A00060006320A00010006350A0093
:104D5800010006380A0001000B3C0A000000093E69
:104D68000A0002000B410A0001000B470A0001007B
:104D78000B4B0A0002000B510A00000006590A00FA
:104D88000300065E0A0000000C660A0009000B70AA
:104D98000A00010006720A0002000B750A000000F2
:104DA80014760A0000000B810A00010009830A003A
:104DB800000006850A000800068F0A000200069314
:104DC8000A00150006AA0A00060006B20A00010039
:104DD80006B50A0004000BBC0A00000006BD0A0064
:104DE800000009BE0A0002000BC10A0004000BC73C
:104DF8000A00010009C90A00000009CB0A000100E5
:104E08000BCD0A00000006D00A00000006E00A00E8
:104E180001000BE20A0001000CE60A00090014F088
:104E28000A00000016F10A00000006F90A00000056
:104E38000BFA0A0005000B010B00000009020B0029
:104E4800010006050B000700060F0B000100061302
:104E58000B001500062A0B00060006320B000100A5
:104E680006350B0004000B3C0B000000063D0B0050
:104E78000000093E0B0000000B3F0B00000009403A
:104E88000B0000000B410B00030009470B00010059
:104E9800094B0B0001000B4D0B0000000B550B00DC
:104EA800010009570B000000065C0B000100065FBB
:104EB8000B0002000B620B0001000C660B000900DE
:104EC80019700B00000006710B0000000E720B0039
:104ED80005000B820B00000006830B00000006850E
:104EE8000B000500068E0B00020006920B00030063
:104EF80006990B000100069C0B000000069E0B00A3
:104F0800010006A30B00010006A80B00020006AE74
:104F18000B000B0009BE0B0001000BC00B000000CA
:104F280009C10B00010009C60B00020009CA0B00E9
:104F380002000BCD0B00000006D00B00000009D7C3
:104F48000B0000000CE60B0009000EF00B0002003D
:104F580019F30B00050016F90B00000019FA0B00F5
:104F680000000B000C00000009010C0002000B04FB
:104F78000C00000006050C000700060E0C000200DD
:104F880006120C001600062A0C000F000B3C0C0041
:104F98000000063D0C0000000B3E0C000200094119
:104FA8000C0003000B460C0002000B4A0C00030027
:104FB8000B550C00010006580C000200065D0C00A1
:104FC800000006600C0001000B620C0001000C667A
:104FD8000C00090014770C0000000E780C00060085
:104FE800197F0C00000006800C0000000B810C00EB
:104FF800000009820C00010014840C0000000685E2
:105008000C000700068E0C00020006920C00160029
:1050180006AA0C00090006B50C0004000BBC0C0025
:10502800000006BD0C00000009BE0C0000000BBF0C
:105038000C00000009C00C0004000BC60C000000A6
:1050480009C70C00010009CA0C0001000BCC0C00B8
:10505800010009D50C00010006DD0C00010006E086
:105068000C0001000BE20C0001000CE60C0009002A
:1050780006F10C0001000B000D00010009020D00F3
:10508800010006040D000800060E0D0002000612BD
:105098000D0028000B3B0D000100063D0D0000002F
:1050A800093E0D0002000B410D00030009460D00EA
:1050B8000200094A0D0002000B4D0D000000064ECB
:1050C8000D000000194F0D00000006540D000200ED
:1050D80009570D0000000E580D000600065F0D0070
:1050E80002000B620D0001000C660D0009000E7035
:1050F8000D00080019790D000000067A0D00050062
:105108000B810D00000009820D00010006850D00CD
:105118001100069A0D00170006B30D00080006BD21
:105128000D00000006C00D0006000BCA0D000000AF
:1051380009CF0D0002000BD20D0002000BD60D00A6
:10514800000009D80D0007000CE60D00090009F25F
:105158000D00010014F40D00000006010E002F00E0
:105168000B310E00000006320E0001000B340E0059
:105178000600163F0E00000006400E00050005461A
:105188000E0000000B470E000700144F0E00000031
:105198000C500E000900145A0E00010006810E0082
:1051A800010006840E00000006860E000400068C2E
:1051B8000E00170006A50E00000006A70E00090045
:1051C8000BB10E00000006B20E0001000BB40E0079
:1051D800080006BD0E00000006C00E00040005C64B
:1051E8000E0000000BC80E0005000CD00E000900D0
:1051F80006DC0E00030006000F00000019010F0076
:10520800020014040F000E0019130F0000001414FC
:105218000F00000019150F0002000B180F00010005
:10522800191A0F0005000C200F0009000E2A0F00A4
:10523800090019340F0000000B350F000000193663
:105248000F0000000B370F00000019380F00000096
:105258000B390F000000153A0F000000113B0F003A
:105268000000153C0F000000113D0F000000093E32
:105278000F00010006400F00070006490F00230039
:105288000B710F000D00097F0F0000000B800F004D
:10529800040014850F0000000B860F00010006882B
:1052A8000F0004000B8D0F000A000B990F0023005C
:1052B80019BE0F0007000BC60F00000019C70F002A
:1052C800050019CE0F00010014D00F00040019D5F5
:1052D8000F00030014D90F000100060010002A0077
:1052E800092B100001000B2D1000030009311000DC
:1052F80000000B32100005000938100000000B39BF
:1053080010000100093B100001000B3D10000100D6
:10531800063F100000000C4010000900144A10005D
:1053280005000650100005000956100001000B5832
:1053380010000100065A100003000B5E1000020066
:1053480006611000000009621000020006651000E6
:105358000100096710000600066E100002000B71BC
:1053680010000300067510000C000B8210000000EE
:105378000983100001000B85100001000987100047
:1053880005000B8D10000000068E10000000098F2C
:10539800100000000C9010000900099A100002008B
:1053A8000B9D10000000199E1000010003A01000C2
:1053B800250003C71000000003CD1000000003D033
:1053C80010002A0014FB1000000005FC100000006B
:1053D80003FD10000200060011004801064A1200F1
:1053E8000300065012000600065812000000065A74
:1053F80012000300066012002800068A120003004B
:1054080006901200200006B21200030006B812002F
:10541800060006C01200000006C21200030006C8FB
:1054280012000E0006D812003800061213000300FE
:105438000618130042000B5D1300020014601300ED
:1054480008000E6913001300068013000F0019905E
:105458001300090003A01300550003F8130005000A
:10546800100014000000060114006B02196D1600EC
:105478000000146E16000000066F160010001C8055
:1054880016000000068116001900159B1600000082
:10549800119C1600000006A016004A0014EB160026
:1054A80002000DEE1600020006F1160007000600C5
:1054B800170011000B121700020009151700000051
:1054C800061F170012000B321700010009341700DD
:1054D80000001435170001000640170011000B5298
:1054E80017000100066017000C00066E1700020086
:1054F8000B72170001000680170033000BB4170069
:10550800010009B6170000000BB71700060009BE16
:10551800170007000BC61700000009C71700010095
:105528000BC917000A0014D41700020005D717008A
:10553800000014D81700020016DB1700000006DC74
:10554800170000000BDD170000000CE01700090031
:105558000EF01700090014001800050010061800C6
:1055680000001407180003000B0B18000200010EBE
:10557800180000000B0F180000000C10180009009C
:1055880006201800220005431800000006441800F1
:1055980034000680180004000B85180001000687F7
:1055A800180021000BA91800000006AA1800000026
:1055B80006B018004500060019001E000B2019004F
:1055C80002000923190003000B271900010009290B
:1055D800190002000930190001000B3219000000FF
:1055E8000933190005000B39190002001940190088
:1055F80000001444190001000C4619000900065067
:1056080019001D00067019000400068019002B00FF
:1056180006B0190019000CD0190009000EDA19009B
:10562800000019DE1900210006001A0016000B17E9
:105638001A00010009191A0001000B1B1A000000CA
:10564800141E1A00010006201A00340009551A0019
:1056580000000B561A00000009571A0000000B58EA
:105668001A0006000B601A00000009611A00000009
:105678000B621A00000009631A0001000B651A008A
:105688000700096D1A0005000B731A0009000B7F4B
:105698001A0000000C801A0009000C901A0009007A
:1056A80014A01A00060005A71A00000014A81A0082
:1056B80005000BB01A000D000ABE1A0000000BBF4F
:1056C8001A000F000B001B00030009041B00000058
:1056D80006051B002E000B341B00000009351B00BB
:1056E80000000B361B000400093B1B0000000B3CAC
:1056F8001B000000093D1B0004000B421B000000BA
:1057080009431B00010006451B0007000C501B0045
:105718000900145A1B00060019611B0009000B6BD5
:105728001B00080019741B000800147D1B000100F1
:105738000B801B00010009821B00000006831B0070
:105748001D0009A11B0000000BA21B00030009A6F5
:105758001B0001000BA81B00010009AA1B00000088
:105768000BAB1B00020006AE1B0001000CB01B00B7
:10577800090006BA1B002B000BE61B00000009E716
:105788001B0000000BE81B00010009EA1B000200D7
:105798000BED1B00000009EE1B0000000BEF1B00C7
:1057A800020009F21B00010014FC1B0003000600A4
:1057B8001C00230009241C0007000B2C1C000700F8
:1057C80009341C0001000B361C000100143B1C00AE
:1057D80004000C401C000900064D1C0002000C507F
:1057E8001C000900065A1C001D0005781C00050055
:1057F800147E1C00010003801C00080003901C009C
:105808002A0003BD1C00020014C01C0007000BD0B6
:105818001C00020014D31C0000000BD41C000C0058
:1058280009E11C0000000BE21C00060006E91C0050
:1058380003000BED1C00000006EE1C0005000BF435
:105848001C00000006F51C00010009F71C00000000
:105858000BF81C00010006FA1C00000004001D00E3
:105868002B00052C1D003E00046B1D000C00057864
:105878001D00000003791D000000047A1D000200CD
:10588800037D1D000000047E1D000F00038E1D0017
:105898000000048F1D000B00059B1D0024000BC099
:1058A8001D003F0003001E00950004961E00040022
:1058B800039B1E000000049C1E000100039E1E00A6
:1058C8000000049F1E00000003A01E0075000318BE
:1058D8001F00050003201F00250003481F000500C6
:1058E80004501F00000003511F00000004521F0055
:1058F800000003531F00000004541F00000003555C
:105908001F00000004561F00000003571F0000007E
:1059180003591F000000035B1F000000035D1F0008
:105928000000035F1F001E0003801F000700078898
:105938001F00070003901F00070007981F000700BB
:1059480003A01F00070007A81F00070003B01F00DF
:10595800010004B21F00000003B31F00000004B4DC
:105968001F00000004B61F00010003B81F00030059
:1059780007BC1F00000017BD1F00000003BE1F006A
:10598800000017BF1F00020004C21F00000003C36D
:105998001F00000004C41F00000004C61F0001000F
:1059A80003C81F00030007CC1F00000017CD1F000D
:1059B800020003D01F00010004D21F00010004D61A
:1059C8001F00010003D81F00030017DD1F0002009D
:1059D80003E01F00010004E21F00020003E51F00AE
:1059E800000004E61F00010003E81F00040017ED93
:1059F8001F00020004F21F00000003F31F00000054
:105A080004F41F00000004F61F00010003F81F0043
:105A1800030007FC1F00000017FD1F0001001C0009
:105A280020000A00010B20000400101020000500CF
:105A3800141620000100131820000000121920007D
:105A48000000151A20000000131B20000100121D81
:105A580020000000151E20000000131F2000000079
:105A68001420200007001A28200000001B2920000D
:105A78000000012A200004001C2F20000000143020
:105A880020000800133920000000123A200000000E
:105A9800143B200003000F3F2000010014412000A8
:105AA800020018442000000015452000000011469F
:105AB80020000000144720000A00185220000000AF
:105AC8001453200000000F5420000000145520003B
:105AD80009001C5F2000000001602000040001662E
:105AE800200009000E702000000005712000000051
:105AF8000E7420000500187A20000200157D200091
:105B08000000117E20000000057F200000000E80AC
:105B180020000900188A20000200158D20000000CE
:105B2800118E20000000059020000C0016A0200017
:105B380020000BD020000C000ADD200003000BE140
:105B4800200000000AE2200002000BE520000B0004
:105B5800190021000100080221000000190321009A
:105B68000300080721000000190821000100040AA9
:105B780021000000080B21000200040E2100010092
:105B8800081021000200041321000000191421004C
:105B9800000008152100000019162100010018183E
:105BA80021000000081921000400191E2100050029
:105BB80008242100000019252100000003262100E7
:105BC80000001927210000000828210000001929D9
:105BD80021000000032A21000100082C21000100F7
:105BE800192E21000000042F210000000830210098
:105BF80001000332210000000833210000000434B2
:105C080021000000063521000300043921000000AE
:105C1800193A21000100043C21000100083E21003E
:105C28000100184021000400084521000000044636
:105C380021000300194A21000000184B2100000030
:105C4800194C21000100034E21000000194F2100CA
:105C580000000E5021000F000D6021002200038378
:105C6800210001000D85210003000E89210000009C
:105C7800198A2100010018902100040019952100BB
:105C88000400189A21000100199C2100030018A0A3
:105C98002100000019A12100010018A32100000023
:105CA80019A42100010018A62100000019A721004D
:105CB800060018AE2100000019AF21001E0018CE02
:105CC8002100010019D02100010018D22100000094
:105CD80019D32100000018D42100000019D5210093
:105CE8001E0018F421000B011900230007001508F5
:105CF80023000000110923000000150A23000000FA
:105D0800110B23000000190C230013001820230096
:105D18000100192223000600152923000000112A7A
:105D280023000000192B23005000187C23000000DA
:105D3800197D23001D00189B2300180019B42300A7
:105D4800270018DC2300050019E22300440019404D
:105D580024000A000E6024003B00199C24004D001A
:105D68000EEA2400150019002500B60018B7250012
:105D7800000019B82500080018C12500000019C244
:105D88002500350018F825000700190026006E00C8
:105D9800186F2600000019702600F7001568270004
:105DA8000000116927000000156A27000000116B28
:105DB80027000000156C27000000116D2700000067
:105DC800156E27000000116F2700000015702700CE
:105DD80000001171270000001572270000001173E0
:105DE8002700000015742700000011752700000027
:105DF8000E7627001D00199427002B0018C02700D5
:105E0800040015C52700000011C62700000018C7A8
:105E180027001E0015E62700000011E727000000F4
:105E280015E82700000011E92700000015EA2700FF
:105E3800000011EB2700000015EC2700000011ED11
:105E48002700000015EE2700000011EF27000000D2
:105E580018F027000F0019002800FF00180029007B
:105E6800820015832900000011842900000015858F
:105E7800290000001186290000001587290000006C
:105E8800118829000000158929000000118A2900BD
:105E98000000158B29000000118C29000000158DC9
:105EA80029000000118E29000000158F290000002C
:105EB8001190290000001591290000001192290075
:105EC8000000159329000000119429000000159581
:105ED80029000000119629000000159729000000EC
:105EE800119829000000189929003E0015D82900AA
:105EF800000011D92900000015DA2900000011DB83
:105F08002900000018DC29001F0015FC29000000EA
:105F180011FD2900000018FE2900010119002B00BD
:105F28002F0018302B00140019452B0001001847CA
:105F38002B000500194D2B00260019762B001F0099
:105F480019972B00680003002C00700004712C00C6
:105F5800000003722C00010004742C00000003757B
:105F68002C00010004772C000400057C2C000100A3
:105F7800037E2C00650004E42C00000019E52C00C9
:105F8800050003EB2C0003000BEF2C00020003F2CA
:105F98002C00010014F92C0003000EFD2C00000059
:105FA80014FE2C00010003002D00250003272D00FE
:105FB8000000032D2D00000006302D003700056F6E
:105FC8002D00000014702D0000000B7F2D00000034
:105FD80006802D00160006A02D00060006A82D003C
:105FE800060006B02D00060006B82D00060006C003
:105FF8002D00060006C82D00060006D02D0006005C
:1060080006D82D0006000BE02D001F0014002E00FE
:10601800010013022E00000012032E0000001304DA
:106028002E00000012052E00000014062E000200AB
:1060380013092E000000120A2E000000140B2E0077
:106048000000130C2E000000120D2E000000140E8C
:106058002E00080010172E00000014182E00010052
:10606800101A2E000000141B2E000000131C2E0016
:106078000000121D2E000000141E2E000100132027
:106088002E00000012212E00000015222E00000014
:1060980011232E00000015242E00000011252E00CB
:1060A800000015262E00000011272E0000001528DC
:1060B8002E00000011292E000000142A2E000400D2
:1060C800052F2E00000014302E000900103A2E0073
:1060D8000100143C2E00030010402E000000144163
:1060E8002E00000015422E00000014432E000C0064
:1060F80019502E00010014522E00020015552E00D2
:10610800000011562E00000015572E0000001158EF
:106118002E00000015592E000000115A2E00000014
:10612800155B2E000000115C2E000000105D2E0093
:10613800000019802E001900199B2E005800190024
:106148002F00D50019F02F000B001C0030000000B4
:106158001401300002001904300000000505300069
:1061680000000606300000000D073000000015088A
:1061780030000000110930000000150A300000004E
:10618800110B30000000150C30000000110D30001C
:106198000000150E30000000110F3000000015102F
:1061A8003000000011113000000019123000010009
:1061B80015143000000011153000000015163000CD
:1061C80000001117300000001518300000001119E8
:1061D80030000000151A30000000111B30000000CC
:1061E800101C30000000151D30000000111E30008A
:1061F80001001920300000000D21300008000B2A92
:1062080030000300092E300001001030300000007B
:106218000531300004001936300001000D38300017
:106228000200053B30000000063C30000000143D31
:1062380030000000193E30000100064130005500D2
:106248000B9930000100179B30000100059D3000BC
:106258000100069F3000000010A03000000006A1D9
:106268003000590014FB3000000005FC300002002B
:1062780006FF30000000060531002A000631310013
:106288005D001990310001000E923100030019964B
:106298003100090006A031001F0019C03100230099
:1062A80006F031000F00190032001E000E203200E7
:1062B8000900192A32001D000E4832000700195043
:1062C800320000000E5132000E00196032001F002B
:1062D8000E8032000900198A320026000EB1320001
:1062E8000E0019C032003F0106003400BF1919C062
:1062F8004D003F0006004E0014520515A000000096
:106308000616A00076041990A400360006D0A40052
:10631800270005F8A400050014FEA40001000600EB
:10632800A5000B01050CA6000000140DA600020034
:106338000610A6000F000C20A6000900062AA600D9
:1063480001000340A6002D00066EA60000000B6F9A
:10635800A60000000A70A60002001473A600000040
:106368000B74A6000900147EA6000000057FA60095
:1063780000000380A6001B00059CA60001000B9EE0
:10638800A600010006A0A60045000DE6A60009002B
:106398000BF0A600010014F2A60005001700A700E4
:1063A80016000517A70008001720A7000100032200
:1063B800A7000D000430A70001000332A7003D002C
:1063C8000570A70000000471A70007000379A70063
:1063D8000E000588A70000001789A7000100038B9D
:1063E800A7000200048EA7000000068FA700000087
:1063F8000390A70004000495A70000000396A700D7
:10640800180004AFA700000003B0A7001A0003D0CB
:10641800A700010004D3A700000004D5A7000000CE
:1064280003D6A700030005F2A700020003F5A700A2
:10643800010006F7A700000005F8A700010004FA0C
:10644800A700000006FBA70006000B02A80000003A
:106458000603A80002000B06A80000000607A80013
:1064680003000B0BA8000000060CA8001600092367
:10647800A80001000B25A80001000927A8000000BA
:106488001928A80003000B2CA80000000E30A80053
:1064980005001936A80001001638A80000001939AF
:1064A800A80000000640A80033001474A8000300E8
:1064B8000980A80001000682A800310009B4A800DC
:1064C8000F000BC4A800010014CEA80001000CD0D6
:1064D800A80009000BE0A800110006F2A8000500BA
:1064E80014F8A800020006FBA800000014FCA8008D
:1064F800000006FDA80001000BFFA80000000C002A
:10650800A9000900060AA9001B000B26A90007001C
:10651800142EA90001000630A90016000B47A90097
:106528000A000952A9000100145FA90000000660D2
:10653800A9001C000B80A90002000983A900000023
:106548000684A9002E000BB3A900000009B4A90015
:1065580001000BB6A900030009BAA90001000BBC91
:10656800A900010009BEA900020014C1A9000C007D
:1065780005CFA90000000CD0A900090014DEA9006D
:10658800010006E0A90004000BE5A900000005E6EB
:10659800A900000006E7A90008000CF0A9000900FE
:1065A80006FAA90004000600AA0028000B29AA0080
:1065B8000500092FAA0001000B31AA0001000933C8
:1065C800AA0001000B35AA0001000640AA0002003B
:1065D8000B43AA0000000644AA0007000B4CAA00BF
:1065E8000000094DAA0000000C50AA000900145C24
:1065F800AA0003000660AA000F000570AA000000A8
:106608000671AA0005001977AA000200067AAA00F6
:106618000000097BAA0000000B7CAA000000097D8D
:10662800AA000000067EAA0031000BB0AA000000F4
:1066380006B1AA0000000BB2AA00020006B5AA0023
:1066480001000BB7AA00010006B9AA0004000BBE9E
:10665800AA00010006C0AA0000000BC1AA000000A1
:1066680006C2AA00000006DBAA00010005DDAA0098
:10667800000014DEAA00010006E0AA000A0009EBE7
:10668800AA0000000BECAA00010009EEAA00010014
:1066980014F0AA00010006F2AA00000005F3AA00FF
:1066A800010009F5AA0000000BF6AA000000060187
:1066B800AB0005000609AB0005000611AB0005009C
:1066C8000620AB0006000628AB0006000430AB002D
:1066D80022000353AB0000000454AB000600175B14
:1066E800AB000000055CAB0003000460AB000800D1
:1066F8000569AB000000176AAB0001000370AB002E
:106708004F0006C0AB00220009E3AB0001000BE517
:10671800AB00000009E6AB0001000BE8AB0000008D
:1067280009E9AB00010014EBAB00000009ECAB0079
:1067380000000BEDAB0000000CF0AB0009000600F8
:10674800AC00A32B06B0D700160006CBD70030004C
:106758000200D800FF070600F9006D010670FA0074
:1067680069000400FB0006000413FB000400061D7A
:10677800FB0000000B1EFB000000061FFB000900C9
:106788001829FB000000062AFB000C000638FB0055
:106798000400063EFB0000000640FB000100064323
:1067A800FB0001000646FB006B0017B2FB0010005F
:1067B80006D3FB006A01113EFD000000153FFD00F5
:1067C80000001940FD000F000650FD003F00069232
:1067D800FD00350019CFFD00000006F0FD000B009C
:1067E80016FCFD00000019FDFD0002000B00FE0074
:1067F8000F001410FE0006001517FE000000111807
:10680800FE0000001419FE0000000B20FE000F001F
:106818001430FE0000001031FE0001000F33FE00AE
:1068280001001535FE0000001136FE000000153786
:10683800FE0000001138FE0000001539FE000000BF
:10684800113AFE000000153BFE000000113CFE005E
:106858000000153DFE000000113EFE000000153F3F
:10686800FE0000001140FE0000001541FE0000007F
:106878001142FE0000001543FE0000001144FE0016
:1068880000001445FE0001001547FE0000001148F5
:10689800FE0000001449FE0003000F4DFE00020038
:1068A8001450FE0002001454FE0003001058FE00AD
:1068B80000001559FE000000115AFE000000155B8B
:1068C800FE000000115CFE000000155DFE000000E7
:1068D800115EFE000000145FFE0002001862FE0058
:1068E80000001063FE0000001864FE000200146837
:1068F800FE0000001669FE000000146AFE00010098
:106908000670FE0004000676FE00860001FFFE0009
:1069180000001401FF0002001604FF000000140527
:10692800FF0002001508FF0000001109FF00000029
:10693800140AFF000000180BFF000000140CFF00F1
:106948000000100DFF000000140EFF0001000C10E5
:10695800FF000900141AFF000100181CFF000200C4
:10696800141FFF0001000321FF001900153BFF0061
:106978000000143CFF000000113DFF000000173E1E
:10698800FF0000000F3FFF0000001740FF0000005D
:106998000341FF001900155BFF000000185CFF00B1
:1069A8000000115DFF000000185EFF000000155F89
:1069B800FF0000001160FF0000001461FF000000EC
:1069C8001562FF0000001163FF0000001464FF005F
:1069D80001000666FF0009000570FF00000006714F
:1069E800FF002C00059EFF00010006A0FF001E000E
:1069F80006C2FF00050006CAFF00050006D2FF0018
:106A0800050006DAFF00020016E0FF00010018E2A8
:106A1800FF00000017E3FF00000019E4FF0000007A
:106A280016E5FF00010019E8FF00000018E9FF0063
:106A3800030019EDFF00010001F9FF00020019FC35
:106A4800FF000100060000010B00060D00011900FF
:106A5800062800011200063C00010100063F000163
:106A68000E00065000010D00068000017A00140097
:106A7800010102000E0701012C001937010108006D
:106A88000D40010134000E7501010300197901015F
:106A980010000E8A01010100198C010102001990F1
:106AA80001010C0019A00101000019D001012C00FE
:106AB8000BFD01010000068002011C0006A0020176
:106AC80030000BE0020100000EE102011A0006008E
:106AD80003011F000E2003010300062D030113000C
:106AE8000D41030100000642030107000D4A03019E
:106AF80000000650030125000B7603010400068000
:106B080003011D00149F0301000006A003012300D8
:106B180006C80301070014D0030100000DD10301CA
:106B28000400030004014F00065004014D000CA0AE
:106B38000401090003B00401230003D80401230061
:106B4800060005012700063005013300146F050112
:106B58000000037005010A00037C05010E00038C88
:106B680005010600039405010100039705010A00C9
:106B780003A305010E0003B30501060003BB0501CD
:106B880001000600060136010640070115000660EF
:106B9800070107000580070105000587070129008F
:106BA80005B20701080006000801050006080801EB
:106BB8000000060A08012B00063708010100063C00
:106BC80008010000063F08011600145708010000DC
:106BD8000E58080107000660080116001977080119
:106BE80001000E7908010600068008011E000EA7A4
:106BF8000801080006E00801120006F40801010077
:106C08000EFB080104000600090115000E16090113
:106C18000500141F09010000062009011900143F8E
:106C2800090100000680090137000EBC09010100B6
:106C380006BE090101000EC009010F000ED20901AC
:106C48002D0006000A0100000B010A0102000B05D5
:106C58000A0101000B0C0A01030006100A010300D7
:106C680006150A01020006190A011C000B380A0160
:106C780002000B3F0A0100000E400A0108001450F0
:106C88000A01080006600A011C000E7D0A010100C5
:106C9800147F0A01000006800A011C000E9D0A01EB
:106CA800020006C00A01070019C80A01000006C947
:106CB8000A011B000BE50A0101000EEB0A010400A2
:106CC80014F00A01060006000B01350014390B0107
:106CD800060006400B0115000E580B010700066060
:106CE8000B0112000E780B01070006800B01110042
:106CF80014990B0103000EA90B01060006000C01F4
:106D0800480003800C01320003C00C0132000EFA67
:106D18000C01050006000D0123000B240D010300E2
:106D28000C300D0109000E600E011E0006800E01D8
:106D380029000BAB0E01010010AD0E01000006B0DA
:106D48000E01010006000F011C000E1D0F010900B5
:106D580006270F01000006300F0115000B460F0132
:106D68000A000E510F01030014550F0104000670AC
:106D78000F0111000B820F01030014860F0103009D
:106D880006B00F0114000EC50F01060006E00F0142
:106D980016000900100100000B0110010000090293
:106DA800100100000603100134000B3810010E001A
:106DB8001447100106000E52100113000C66100152
:106DC80009000B70100100000671100101000B731F
:106DD800100101000675100100000B7F1001020070
:106DE800098210010000068310012C0009B010016F
:106DF80002000BB31001030009B7100101000BB921
:106E08001001010014BB1001010001BD10010000B8
:106E180014BE100103000BC21001000001CD1001C7
:106E2800000006D0100118000CF0100109000B003A
:106E3800110102000603110123000B2711010400B0
:106E4800092C110100000B2D110107000C3611014E
:106E5800090014401101030006441101000009450E
:106E6800110101000647110100000650110122001E
:106E78000B73110100001474110101000676110151
:106E880000000B8011010100098211010000068336
:106E980011012F0009B3110102000BB611010800FE
:106EA80009BF1101010006C11101030014C5110138
:106EB80003000BC91101030014CD1101000009CE14
:106EC800110100000BCF110100000CD011010900C5
:106ED80006DA1101000014DB1101000006DC1101C3
:106EE800000014DD110102000EE11101130006007B
:106EF80012011100061312011800092C12010200D8
:106F08000B2F120102000932120101000B34120189
:106F180000000935120100000B3612010100143877
:106F2800120105000B3E1201000006801201060046
:106F3800068812010000068A12010300068F12015A
:106F48000E00069F1201090014A91201000006B0E4
:106F580012012E000BDF1201000009E012010200ED
:106F68000BE3120107000CF0120109000B001301DA
:106F78000100090213010100060513010700060FAD
:106F880013010100061313011500062A1301060058
:106F98000632130101000635130104000B3B1301EF
:106FA8000100063D13010000093E130101000B40DA
:106FB80013010000094113010300094713010100EF
:106FC800094B130102000650130100000957130171
:106FD8000000065D130104000962130101000B663D
:106FE800130106000B70130104000600140134009D
:106FF8000935140102000B38140107000940140177
:1070080001000B42140102000945140100000B465F
:1070180014010000064714010300144B1401040076
:107028000C5014010900145A14010100145D1401D4
:1070380000000B5E14010000065F140102000680C8
:1070480014012F0009B0140102000BB3140105004C
:1070580009B9140100000BBA1401000009BB14019E
:1070680003000BBF1401010009C1140100000BC289
:107078001401010006C41401010014C61401000023
:1070880006C7140100000CD0140109000680150180
:107098002E0009AF150102000BB21501030009B853
:1070A800150103000BBC1501010009BE1501000004
:1070B8000BBF1501010014C11501160006D81501F2
:1070C80003000BDC15010100060016012F00093032
:1070D800160102000B3316010700093B16010100D7
:1070E8000B3D16010000093E160100000B3F16017A
:1070F80001001441160102000644160100000C505C
:1071080016010900146016010C00068016012A00F9
:107118000BAB1601000009AC160100000BAD1601FF
:10712800000009AE160101000BB01601050009B6F2
:10713800160100000BB71601000006B81601000082
:1071480014B9160100000CC0160109000600170149
:107158001A000B1D170102000920170101000B225C
:10716800170103000926170100000B271701040067
:107178000C30170109000E3A17010100143C1701E1
:107188000200193F1701000006401701060006001B
:1071980018012B00092C180102000B2F18010800F8
:1071A8000938180100000B3918010100143B1801B7
:1071B800000003A018013F000CE0180109000EEAC6
:1071C8001801080006FF1801070006091901000048
:1071D800060C190107000615190101000618190106
:1071E80017000930190105000937190101000B3B87
:1071F80019010100093D190100000B3E19010000A9
:10720800063F190100000940190100000641190153
:1072180000000942190100000B4319010000144441
:10722800190102000C501901090006A019010700F4
:1072380006AA1901260009D1190102000BD4190167
:1072480003000BDA1901010009DC190103000BE046
:107258001901000006E11901000014E219010000FB
:1072680006E31901000009E41901000006001A01EB
:1072780000000B011A010900060B1A0127000B3345
:107288001A01050009391A010000063A1A0100001E
:107298000B3B1A010300143F1A0107000B471A01A0
:1072A800000006501A0100000B511A010500095789
:1072B8001A0101000B591A010200065C1A012D007F
:1072C8000B8A1A010C0009971A0100000B981A0181
:1072D8000100149A1A010200069D1A010000149E6A
:1072E8001A01040006B01A01480006001C01080033
:1072F800060A1C012400092F1C0100000B301C0188
:1073080006000B381C010500093E1C0100000B3F5C
:107318001C01000006401C01000014411C0104006F
:107328000C501C0109000E5A1C01120014701C019B
:10733800010006721C011D000B921C01150009A911
:107348001C0100000BAA1C01060009B11C01000069
:107358000BB21C01010009B41C0100000BB51C0193
:10736800010006001D01060006081D010100060BAC
:107378001D0125000B311D0105000B3A1D01000000
:107388000B3C1D0101000B3F1D01060006461D01B7
:1073980000000B471D0100000C501D01090006608C
:1073A8001D01050006671D010100066A1D011F0079
:1073B800098A1D0104000B901D01010009931D019C
:1073C80001000B951D01000009961D0100000B9797
:1073D8001D01000006981D0100000CA01D010900F8
:1073E80006E01E0112000BF31E01010009F51E0143
:1073F800010014F71E01010006B01F0100000EC0B5
:107408001F01140019D51F01070016DD1F01030015
:1074180019E11F01100014FF1F01000006002001E0
:1074280099030D0024016E001470240104000680E5
:107438002401C30006902F01600014F12F01010000
:10744800060030012E040130340108000600440112
:10745800460206006801380206406A011E000C60F8
:107468006A010900146E6A01010006706A014E0083
:107478000CC06A01090006D06A011D000BF06A0100
:10748800040014F56A01000006006B012F000B30A0
:107498006B01060014376B010400193C6B010300F3
:1074A80005406B01030014446B01000019456B0192
:1074B80000000C506B0109000E5B6B0106000663AF
:1074C8006B011400067D6B01120003406E013F0042
:1074D8000E806E01160014976E01030006006F01FE
:1074E8004A000B4F6F01000006506F010000095160
:1074F8006F0136000B8F6F01030005936F010C00BD
:1075080005E06F01010014E26F01000005E36F015F
:1075180000000BE46F01000009F06F010100060094
:107528007001F71706008801D50406008D010800D0
:1075380005F0AF01030005F5AF01060005FDAF0139
:1075480001000600B00122010650B10102000664E4
:10755800B10103000670B1018B010600BC016A008D
:107568000670BC010C000680BC0108000690BC0136
:107578000900199CBC0100000B9DBC010100149F6F
:10758800BC01000001A0BC0103000B00CF012D00CD
:107598000B30CF0116001950CF0173001900D0012C
:1075A800F5001900D10126001929D1013B00096510
:1075B800D10101000B67D1010200196AD101020053
:1075C800096DD10105000173D10107000B7BD101C1
:1075D80007001983D10101000B85D1010600198C20
:1075E800D1011D000BAAD101030019AED1013C0045
:1075F8001900D20141000B42D20102001945D20103
:1076080000000EE0D20113001900D30156000E60ED
:10761800D30118000800D4011900041AD401190074
:107628000834D4011900044ED40106000456D401CC
:1076380011000868D40119000482D4011900089CBB
:10764800D4010000089ED401010008A2D401000062
:1076580008A5D401010008A9D401030008AED4018B
:10766800070004B6D401030004BBD401000004BD24
:10767800D401060004C5D4010A0008D0D4011900B9
:1076880004EAD40119000804D50101000807D5014E
:107698000300080DD50107000816D5010600041ED1
:1076A800D50119000838D5010100083BD5010300B0
:1076B8000840D50104000846D5010000084AD50154
:1076C80006000452D5011900086CD501190004867A
:1076D800D501190008A0D501190004BAD50119006F
:1076E80008D4D501190004EED50119000808D601FF
:1076F80019000422D6011900083CD60119000456C5
:10770800D60119000870D6011900048AD6011B0099
:1077180008A8D601180018C1D601000004C2D60175
:10772800180018DBD601000004DCD601050008E2C9
:10773800D601180018FBD601000004FCD601180079
:107748001815D70100000416D7010500081CD70139
:1077580018001835D70100000436D7011800184F53
:10776800D70100000450D70105000856D7011800BA
:10777800186FD70100000470D70118001889D701C5
:107788000000048AD70105000890D701180018A93D
:10779800D701000004AAD701180018C3D7010000B8
:1077A80004C4D701050008CAD701000004CBD701DB
:1077B80000000CCED70131001900D801FF010B00E1
:1077C800DA0136001937DA0103000B3BDA01310020
:1077D800196DDA0107000B75DA0100001976DA0174
:1077E8000D000B84DA0100001985DA010100148705
:1077F800DA0104000B9BDA0104000BA1DA010E0088
:107808000400DF010900060ADF010000040BDF01A4
:1078180013000B00E00106000B08E00110000B1B31
:10782800E00106000B23E00101000B26E001040043
:107838000600E1012C000B30E10106000537E101EB
:1078480006000C40E1010900064EE1010000194F55
:10785800E10100000690E2011D000BAEE20100000C
:1078680006C0E2012B000BECE20103000CF0E20180
:10787800090016FFE201000006E0E701060006E83D
:10788800E701030006EDE701010006F0E7010E003D
:107898000600E801C4000EC7E80108000BD0E801A3
:1078A80006000300E90143000B44E9010600054B0B
:1078B800E90100000C50E9010900145EE90101002A
:1078C8000E71EC013A0019ACEC0100000EADEC01B0
:1078D800020016B0EC0100000EB1EC0103000E012D
:1078E800ED012C00192EED0100000E2FED010E0008
:1078F8000600EE0103000605EE011A000621EE015E
:1079080001000624EE0100000627EE01000006290A
:10791800EE0109000634EE0103000639EE0100000D
:10792800063BEE0100000642EE0100000647EE01AC
:1079380000000649EE010000064BEE010000064D6E
:10794800EE0102000651EE0101000654EE010000AE
:107958000657EE0100000659EE010000065BEE0135
:107968000000065DEE010000065FEE010000066102
:10797800EE0101000664EE0100000667EE01030057
:10798800066CEE0106000674EE0103000679EE01AE
:107998000300067EEE0100000680EE010900068B5A
:1079A800EE01100006A1EE01020006A5EE0104009A
:1079B80006ABEE01100018F0EE0101001900F0010D
:1079C8002B001930F001630019A0F0010E0019B165
:1079D800F0010E0019C1F0010E0019D1F0012400C8
:1079E8000E00F1010C00190DF101A00019E6F101DA
:1079F8001C001910F2012B001940F201080019505F
:107A0800F20101001960F20105001900F301FA0002
:107A180017FBF30104001900F401D70219DDF60180
:107A28000F0019F0F6010C001900F7017300198016
:107A3800F701580019E0F7010B0019F0F7010000F1
:107A48001900F8010B001910F80137001950F80156
:107A580009001960F80127001990F8011D0019B0F4
:107A6800F80101001900F90153011960FA010D002C
:107A78001970FA0104001978FA0104001980FA0152
:107A880006001990FA011C0019B0FA010A0019C081
:107A9800FA01050019D0FA01090019E0FA010700F6
:107AA80019F0FA0106001900FB0192001994FB0174
:107AB80036000CF0FB01090006000002DFA60600F4
:107AC800A70238100640B702DD000620B80281166A
:107AD80006B0CE02301D0600F8021D0206000003A3
:107AE8004A130101000E00000120000E5F000B0088
:107AF800010EEF000C5F104E154E2A4E314E364ED9
:107B08003C4E3F4E424E564E584E824E854E6B8CE2
:107B18008A4E12820D5F8E4E9E4E9F4EA04EA24EF2
:107B2800B04EB34EB64ECE4ECD4EC44EC64EC24EDD
:107B3800D74EDE4EED4EDF4EF74E094F5A4F304FBF
:107B48005B4F5D4F574F474F764F884F8F4F984F3A
:107B58007B4F694F704F914F6F4F864F964F18511B
:107B6800D44FDF4FCE4FD84FDB4FD14FDA4FD04FE6
:107B7800E44FE54F1A50285014502A50255005500C
:107B88001C4FF64F215029502C50FE4FEF4F1150EB
:107B980006504350475003675550505048505A506C
:107BA80056506C50785080509A508550B450B2500E
:107BB800C950CA50B350C250D650DE50E550ED50AF
:107BC800E350EE50F950F550095101510251165148
:107BD800155114511A5121513A5137513C513B51C9
:107BE8003F51405152514C5154516251F87A6951A8
:107BF8006A516E5180518251D8568C5189518F519A
:107C08009151935195519651A451A651A251A95100
:107C1800AA51AB51B351B151B251B051B551BD5147
:107C2800C551C951DB51E0515586E951ED51F0512B
:107C3800F551FE5104520B5214520E5227522A5239
:107C48002E52335239524F5244524B524C525E527A
:107C580054526A527452695273527F527D528D52F5
:107C680094529252715288529152A88FA78FAC5257
:107C7800AD52BC52B552C152CD52D752DE52E35228
:107C8800E652ED98E052F352F552F852F952065383
:107C9800085338750D5310530F5315531A53235364
:107CA8002F53315333533853405346534553174E8C
:107CB80049534D53D6515E5369536E5318597B53EC
:107CC800775382539653A053A653A553AE53B0533C
:107CD800B653C353127CD996DF53FC66EE71EE534C
:107CE800E853ED53FA5301543D5440542C542D5449
:107CF8003C542E54365429541D544E548F547554A4
:107D08008E545F5471547754705492547B548054F9
:107D18007654845490548654C754A254B854A554E5
:107D2800AC54C454C854A854AB54C254A454BE54FC
:107D3800BC54D854E554E6540F551455FD54EE542C
:107D4800ED54FA54E2543955405563554C552E5567
:107D58005C55455556555755385533555D559955C4
:107D68008055AF548A559F557B557E5598559E55DD
:107D7800AE557C558355A9558755A855DA55C5552F
:107D8800DF55C455DC55E455D4551456F7551656E9
:107D9800FE55FD551B56F9554E565056DF71345653
:107DA8003656325638566B5664562F566C566A56A7
:107DB800865680568A56A05694568F56A556AE5665
:107DC800B656B456C256BC56C156C356C056C85607
:107DD800CE56D156D356D756EE56F9560057FF56BB
:107DE8000457095708570B570D5713571857165765
:107DF800C7551C572657375738574E573B57405784
:107E08004F576957C057885761577F5789579357B6
:107E1800A057B357A457AA57B057C357C657D457F4
:107E2800D257D3570A58D657E3570B5819581D58E5
:107E38007258215862584B587058C06B52583D5868
:107E480079588558B9589F58AB58BA58DE58BB5816
:107E5800B858AE58C558D358D158D758D958D85803
:107E6800E558DC58E458DF58EF58FA58F958FB58E9
:107E7800FC58FD5802590A5910591B59A66825592A
:107E88002C592D59325938593E59D27A5559505989
:107E98004E595A5958596259605967596C59695914
:107EA800785981599D595E4FAB4FA359B259C6595C
:107EB800E859DC598D59D959DA59255A1F5A115A96
:107EC8001C5A095A1A5A405A6C5A495A355A365A3B
:107ED800625A6A5A9A5ABC5ABE5ACB5AC25ABD5AA0
:107EE800E35AD75AE65AE95AD65AFA5AFB5A0C5B59
:107EF8000B5B165B325BD05A2A5B365B3E5B435B9F
:107F0800455B405B515B555B5A5B5B5B655B695BE3
:107F1800705B735B755B785B88657A5B805B835BA2
:107F2800A65BB85BC35BC75BC95BD45BD05BE45B38
:107F3800E65BE25BDE5BE55BEB5BF05BF65BF35B12
:107F4800055C075C085C0D5C135C205C225C285CAB
:107F5800385C395C415C465C4E5C535C505C4F5C01
:107F6800715B6C5C6E5C624E765C795C8C5C915C7F
:107F7800945C9B59AB5CBB5CB65CBC5CB75CC55C99
:107F8800BE5CC75CD95CE95CFD5CFA5CED5C8C5D51
:107F9800EA5C0B5D155D175D5C5D1F5D1B5D115D2A
:107FA800145D225D1A5D195D185D4C5D525D4E5D74
:107FB8004B5D6C5D735D765D875D845D825DA25D02
:107FC8009D5DAC5DAE5DBD5D905DB75DBC5DC95D41
:107FD800CD5DD35DD25DD65DDB5DEB5DF25DF55DBC
:107FE8000B5E1A5E195E115E1B5E365E375E445E7E
:107FF800435E405E4E5E575E545E5F5E625E645EE8
:10800800475E755E765E7A5EBC9E7F5EA05EC15EF0
:10801800C25EC85ED05ECF5ED65EE35EDD5EDA5ECF
:10802800DB5EE25EE15EE85EE95EEC5EF15EF35E19
:10803800F05EF45EF85EFE5E035F095F5D5F5C5FA5
:108048000B5F115F165F295F2D5F385F415F485FE7
:108058004C5F4E5F2F5F515F565F575F595F615F9F
:108068006D5F735F775F835F825F7F5F8A5F885F23
:10807800915F875F9E5F995F985FA05FA85FAD5F24
:10808800BC5FD65FFB5FE45FF85FF15FDD5FB36005
:10809800FF5F216060601960106029600E603160C8
:1080A8001B6015602B6026600F603A605A60416063
:1080B8006A6077605F604A6046604D6063604360F5
:1080C800646042606C606B60596081608D60E760DD
:1080D80083609A6084609B60966097609260A760F6
:1080E8008B60E160B860E060D360B460F05FBD6051
:1080F800C660B560D8604D6115610661F660F760CD
:108108000061F460FA6003612161FB60F1600D6158
:108118000E6147613E61286127614A613F613C61A8
:108128002C6134613D6142614461736177615861DA
:1081380059615A616B6174616F61656171615F61F9
:108148005D6153617561996196618761AC61946104
:108158009A618A619161AB61AE61CC61CA61C961A2
:10816800F761C861C361C661BA61CB61797FCD61CE
:10817800E661E361F661FA61F461FF61FD61FC614A
:10818800FE610062086209620D620C6214621B6281
:108198001E6221622A622E6230623262336241625A
:1081A8004E625E6263625B62606268627C62826287
:1081B80089627E62926293629662D46283629462FA
:1081C800D762D162BB62CF62FF62C662D464C86202
:1081D800DC62CC62CA62C262C7629B62C9620C631B
:1081E800EE62F162276302630863EF62F56250632F
:1081F8003E634D631C644F6396638E638063AB6319
:108208007663A3638F6389639F63B5636B636963F5
:10821800BE63E963C063C663E363C963D263F6639D
:10822800C4631664346406641364266436641D6586
:10823800176428640F6467646F6476644E642A6503
:1082480095649364A564A9648864BC64DA64D264A0
:10825800C564C764BB64D864C264F164E764098216
:10826800E064E164AC62E364EF642C65F664F46492
:10827800F264FA640065FD6418651C65056524658B
:1082880023652B65346535653765366538654B7507
:108298004865566555654D6558655E655D657265E9
:1082A8007865826583658A8B9B659F65AB65B765D5
:1082B800C365C665C165C465CC65D265DB65D9652E
:1082C800E065E165F16572670A660366FB657367D9
:1082D8003566366634661C664F664466496641668E
:1082E8005E665D666466676668665F666266706637
:1082F800836688668E668966846698669D66C166AA
:10830800B966C966BE66BC66C466B866D666DA660D
:10831800E0663F66E666E966F066F566F7660F674B
:1083280016671E672667276738972E673F67366781
:1083380041673867376746675E676067596763678D
:10834800646789677067A9677C676A678C678B67EA
:10835800A667A1678567B767EF67B467EC67B36718
:10836800E967B867E467DE67DD67E267EE67B96704
:10837800CE67C667E7679C6A1E68466829684068D2
:108388004D6832684E68B3682B68596863687768C7
:108398007F689F688F68AD6894689D689B688368EC
:1083A800AE6AB9687468B568A068BA680F698D68FC
:1083B8007E680169CA680869D86822692669E1681F
:1083C8000C69CD68D468E768D568366912690469AC
:1083D800D768E3682569F968E068EF6828692A6959
:1083E8001A6923692169C668796977695C69786956
:1083F8006B6954697E696E69396974693D6959693F
:10840800306961695E695D6981696A69B269AE6985
:10841800D069BF69C169D369BE69CE69E85BCA69B9
:10842800DD69BB69C369A7692E6A9169A0699C69FE
:108438009569B469DE69E869026A1B6AFF690A6BB3
:10844800F969F269E769056AB1691E6AED69146A32
:10845800EB690A6A126AC16A236A136A446A0C6A77
:10846800726A366A786A476A626A596A666A486AE4
:10847800386A226A906A8D6AA06A846AA26AA36AC4
:10848800976A1786BB6AC36AC26AB86AB36AAC6A73
:10849800DE6AD16ADF6AAA6ADA6AEA6AFB6A056B87
:1084A8001686FA6A126B166B319B1F6B386B376B2B
:1084B800DC76396BEE98476B436B496B506B596BA5
:1084C800546B5B6B5F6B616B786B796B7F6B806BED
:1084D800846B836B8D6B986B956B9E6BA46BAA6B8F
:1084E800AB6BAF6BB26BB16BB36BB76BBC6BC66B83
:1084F800CB6BD36BDF6BEC6BEB6BF36BEF6BBE9EF5
:10850800086C136C146C1B6C246C236C5E6C556CBF
:10851800626C6A6C826C8D6C9A6C816C9B6C7E6CE4
:10852800686C736C926C906CC46CF16CD36CBD6CA1
:10853800D76CC56CDD6CAE6CB16CBE6CBA6CDB6CA8
:10854800EF6CD96CEA6C1F6D4D88366D2B6D3D6DE7
:10855800386D196D356D336D126D0C6D636D936DDE
:10856800646D5A6D796D596D8E6D956DE46F856D7D
:10857800F96D156E0A6EB56DC76DE66DB86DC66D91
:10858800EC6DDE6DCC6DE86DD26DC56DFA6DD96D93
:10859800E46DD56DEA6DEE6D2D6E6E6E2E6E196EF4
:1085A800726E5F6E3E6E236E6B6E2B6E766E4D6EC8
:1085B8001F6E436E3A6E4E6E246EFF6E1D6E386EE1
:1085C800826EAA6E986EC96EB76ED36EBD6EAF6EB0
:1085D800C46EB26ED46ED56E8F6EA56EC26E9F6E6F
:1085E800416F116F4C70EC6EF86EFE6E3F6FF26E5D
:1085F800316FEF6E326FCC6E3E6F136FF76E866F12
:108608007A6F786F816F806F6F6F5B6FF36F6D6FCD
:10861800826F7C6F586F8E6F916FC26F666FB36F8A
:10862800A36FA16FA46FB96FC66FAA6FDF6FD56F05
:10863800EC6FD46FD86FF16FEE6FDB6F09700B7052
:10864800FA6F117001700F70FE6F1B701A70746FE3
:108658001D7018701F7030703E70327051706370EA
:1086680099709270AF70F170AC70B870B370AE70F2
:10867800DF70CB70DD70D9700971FD701C711971D4
:10868800657155718871667162714C7156716C7142
:108698008F71FB7184719571A871AC71D771B971C3
:1086A800BE71D271C971D471CE71E071EC71E7718C
:1086B800F571FC71F971FF710D7210721B722872DD
:1086C8002D722C72307232723B723C723F72407261
:1086D80046724B72587274727E728272817287729D
:1086E80092729672A272A772B972B272C372C6728D
:1086F800C472CE72D272E272E072E172F972F772EB
:108708000F5017730A731C7316731D7334732F730A
:10871800297325733E734E734F73D89E57736A73CC
:1087280068737073787375737B737A73C873B37374
:10873800CE73BB73C073E573EE73DE73A2740574F6
:108748006F742574F87332743A7455743F745F7497
:10875800597441745C746974707463746A7476745F
:108768007E748B749E74A774CA74CF74D474F173B6
:10877800E074E374E774E974EE74F274F074F174FD
:10878800F874F7740475037505750C750E750D7519
:10879800157513751E7526752C753C7544754D75C4
:1087A8004A7549755B7546755A7569756475677557
:1087B8006B756D75787576758675877574758A7538
:1087C8008975827594759A759D75A575A375C27519
:1087D800B375C375B575BD75B875BC75B175CD750F
:1087E800CA75D275D975E375DE75FE75FF75FC75AA
:1087F8000176F075FA75F275F3750B760D760976D4
:108808001F7627762076217622762476347630767F
:108818003B764776487646765C7658766176627619
:10882800687669766A7667766C767076727676762A
:1088380078767C768076837688768B768E76967652
:10884800937699769A76B076B476B876B976BA761B
:10885800C276CD76D676D276DE76E176E576E7769E
:10886800EA762F86FB7608770777047729772477C7
:108878001E77257726771B773777387747775A77A4
:1088880068776B775B7765777F777E7779778E7791
:108898008B779177A0779E77B077B677B977BF77E0
:1088A800BC77BD77BB77C777CD77D777DA77DC77B3
:1088B800E377EE77FC770C781278267920782A7996
:1088C80045788E78747886787C789A788C78A378CE
:1088D800B578AA78AF78D178C678CB78D478BE78CE
:1088E800BC78C578CA78EC78E778DA78FD78F478D7
:1088F80007791279117919792C792B79407960796E
:1089080057795F795A79557953797A797F798A795C
:108918009D79A7794B9FAA79AE79B379B979BA7954
:10892800C979D579E779EC79E179E379087A0D7A2B
:10893800187A197A207A1F7A8079317A3B7A3E7AC6
:10894800377A437A577A497A617A627A697A9D9F47
:10895800707A797A7D7A887A977A957A987A967AF7
:10896800A97AC87AB07AB67AC57AC47ABF7A839077
:10897800C77ACA7ACD7ACF7AD57AD37AD97ADA7A97
:10898800DD7AE17AE27AE67AED7AF07A027B0F7B99
:108998000A7B067B337B187B197B1E7B357B287B08
:1089A800367B507B7A7B047B4D7B0B7B4C7B457BFA
:1089B800757B657B747B677B707B717B6C7B6E7B67
:1089C8009D7B987B9F7B8D7B9C7B9A7B8B7B927B13
:1089D8008F7B5D7B997BCB7BC17BCC7BCF7BB47B57
:1089E800C67BDD7BE97B117C147CE67BE57B607CC8
:1089F800007C077C137CF37BF77B177C0D7CF67B74
:108A0800237C277C2A7C1F7C377C2B7C3D7C4C7C00
:108A1800437C547C4F7C407C507C587C5F7C647CDD
:108A2800567C657C6C7C757C837C907CA47CAD7C5E
:108A3800A27CAB7CA17CA87CB37CB27CB17CAE7CF4
:108A4800B97CBD7CC07CC57CC27CD87CD27CDC7CFB
:108A5800E27C3B9BEF7CF27CF47CF67CFA7C067D26
:108A6800027D1C7D157D0A7D457D4B7D2E7D327DE9
:108A78003F7D357D467D737D567D4E7D727D687D5B
:108A88006E7D4F7D637D937D897D5B7D8F7D7D7D53
:108A98009B7DBA7DAE7DA37DB57DC77DBD7DAB7D5C
:108AA8003D7EA27DAF7DDC7DB87D9F7DB07DD87D8C
:108AB800DD7DE47DDE7DFB7DF27DE17D057E0A7E48
:108AC800237E217E127E317E1F7E097E0B7E227ED2
:108AD800467E667E3B7E357E397E437E377E327E9D
:108AE8003A7E677E5D7E567E5E7E597E5A7E797EB0
:108AF8006A7E697E7C7E7B7E837ED57D7D7EAE8F21
:108B08007F7E887E897E8C7E927E907E937E947E08
:108B1800967E8E7E9B7E9C7E387F3A7F457F4C7FFB
:108B28004D7F4E7F507F517F557F547F587F5F7FA9
:108B3800607F687F697F677F787F827F867F837F9A
:108B4800887F877F8C7F947F9E7F9D7F9A7FA37F7E
:108B5800AF7FB27FB97FAE7FB67FB87F718BC57F9D
:108B6800C67FCA7FD57FD47FE17FE67FE97FF37F29
:108B7800F97FDC98068004800B80128018801980A9
:108B88001C80218028803F803B804A80468052801C
:108B980058805A805F80628068807380728070809D
:108BA800768079807D807F808480868085809B80A8
:108BB80093809A80AD809051AC80DB80E580D9802D
:108BC800DD80C480DA80D6800981EF80F1801B8146
:108BD800298123812F814B818B9646813E81538148
:108BE8005181FC8071816E81658166817481838188
:108BF80088818A8180818281A0819581A481A381D5
:108C08005F819381A981B081B581BE81B881BD8121
:108C1800C081C281BA81C981CD81D181D981D881F0
:108C2800C881DA81DF81E081E781FA81FB81FE81F9
:108C380001820282058207820A820D8210821682D0
:108C480029822B82388233824082598258825D82FF
:108C58005A825F826482628268826A826B822E8212
:108C68007182778278827E828D829282AB829F82A5
:108C7800BB82AC82E182E382DF82D282F482F38219
:108C8800FA8293830383FB82F982DE820683DC8285
:108C98000983D982358334831683328331834083B1
:108CA8003983508345832F832B83178318838583C8
:108CB8009A83AA839F83A283968323838E83878341
:108CC8008A837C83B58373837583A0838983A88310
:108CD800F4831384EB83CE83FD830384D8830B84CE
:108CE800C183F7830784E083F2830D842284208480
:108CF800BD8338840685FB836D842A843C845A8529
:108D0800848477846B84AD846E8482846984468489
:108D18002C846F8479843584CA846284B984BF843E
:108D28009F84D984CD84BB84DA84D084C184C684EA
:108D3800D684A1842185FF84F484178518852C8521
:108D48001F8515851485FC8440856385588548856D
:108D5800418502864B8555858085A48588859185C2
:108D68008A85A8856D8594859B85EA8587859C85F8
:108D780077857E859085C985BA85CF85B985D08563
:108D8800D585DD85E585DC85F9850A8613860B861C
:108D9800FE85FA85068622861A8630863F864D86A7
:108DA800554E54865F86678671869386A386A98604
:108DB800AA868B868C86B686AF86C486C686B0861B
:108DC800C9862388AB86D486DE86E986EC86DF866C
:108DD800DB86EF8612870687088700870387FB866E
:108DE800118709870D87F9860A8734873F87378770
:108DF8003B87258729871A8760875F8778874C870D
:108E08004E877487578768876E8759875387638724
:108E18006A870588A2879F878287AF87CB87BD87A8
:108E2800C087D087D696AB87C487B387C787C687DE
:108E3800BB87EF87F287E0870F880D88FE87F68764
:108E4800F7870E88D2871188168815882288218886
:108E580031883688398827883B88448842885288F0
:108E680059885E8862886B8881887E889E88758824
:108E78007D88B5887288828897889288AE88998814
:108E8800A2888D88A488B088BF88B188C388C48820
:108E9800D488D888D988DD88F9880289FC88F4883C
:108EA800E888F28804890C890A89138943891E890C
:108EB80025892A892B89418944893B8936893889BA
:108EC8004C891D8960895E89668964896D896A898A
:108ED8006F89748977897E89838988898A89938942
:108EE8009889A189A989A689AC89AF89B289BA89E3
:108EF800BD89BF89C089DA89DC89DD89E789F48978
:108F0800F889038A168A108A0C8A1B8A1D8A258A80
:108F1800368A418A5B8A528A468A488A7C8A6D8A5E
:108F28006C8A628A858A828A848AA88AA18A918AB6
:108F3800A58AA68A9A8AA38AC48ACD8AC28ADA8A24
:108F4800EB8AF38AE78AE48AF18A148BE08AE28A58
:108F5800F78ADE8ADB8A0C8B078B1A8BE18A168BE1
:108F6800108B178B208B338BAB97268B2B8B3E8BE1
:108F7800288B418B4C8B4F8B4E8B498B568B5B8B45
:108F88005A8B6B8B5F8B6C8B6F8B748B7D8B808B11
:108F98008C8B8E8B928B938B968B998B9A8B3A8C2E
:108FA800418C3F8C488C4C8C4E8C508C558C628CF0
:108FB8006C8C788C7A8C828C898C858C8A8C8D8C44
:108FC8008E8C948C7C8C988C1D62AD8CAA8CBD8CFC
:108FD800B28CB38CAE8CB68CC88CC18CE48CE38C10
:108FE800DA8CFD8CFA8CFB8C048D058D0A8D078D2F
:108FF8000F8D0D8D108D4E9F138DCD8C148D168D6C
:10900800678D6D8D718D738D818D998DC28DBE8D9E
:10901800BA8DCF8DDA8DD68DCC8DDB8DCB8DEA8D4B
:10902800EB8DDF8DE38DFC8D088E098EFF8D1D8EF7
:109038001E8E108E1F8E428E358E308E348E4A8E46
:10904800478E498E4C8E508E488E598E648E608E17
:109058002A8E638E558E768E728E7C8E818E878E4A
:10906800858E848E8B8E8A8E938E918E948E998E19
:10907800AA8EA18EAC8EB08EC68EB18EBE8EC58ED7
:10908800C88ECB8EDB8EE38EFC8EFB8EEB8EFE8E37
:109098000A8F058F158F128F198F138F1C8F1F8FB3
:1090A8001B8F0C8F268F338F3B8F398F458F428FC5
:1090B8003E8F4C8F498F468F4E8F578F5C8F628FB4
:1090C800638F648F9C8F9F8FA38FAD8FAF8FB78F68
:1090D800DA8FE58FE28FEA8FEF8F8790F48F059014
:1090E800F98FFA8F1190159021900D901E9016907F
:1090F8000B902790369035903990F88F4F9050907C
:10910800519052900E9049903E90569058905E9093
:1091180068906F907690A896729082907D908190DA
:1091280080908A9089908F90A890AF90B190B590D8
:10913800E290E4904862DB90029112911991329189
:1091480030914A91569158916391659169917391C3
:1091580072918B9189918291A291AB91AF91AA91D1
:10916800B591B491BA91C091C191C991CB91D09167
:10917800D691DF91E191DB91FC91F591F6911E92E8
:10918800FF9114922C92159211925E9257924592E9
:1091980049926492489295923F924B9250929C9237
:1091A800969293929B925A92CF92B992B792E992E1
:1091B8000F93FA9244932E93199322931A9323931D
:1091C8003A9335933B935C9360937C936E93569359
:1091D800B093AC93AD939493B993D693D793E89304
:1091E800E593D893C393DD93D093C893E4931A94EB
:1091F8001494139403940794109436942B943594F0
:1092080021943A944194529444945B946094629467
:109218005E946A9429927094759477947D945A9484
:109228007C947E9481947F94829587958A95949571
:10923800969598959995A095A895A795AD95BC955F
:10924800BB95B995BE95CA95F66FC395CD95CC9546
:10925800D595D495D695DC95E195E595E295219639
:1092680028962E962F9642964C964F964B96779622
:109278005C965E965D965F96669672966C968D96EF
:10928800989695969796AA96A796B196B296B096FE
:10929800B496B696B896B996CE96CB96C996CD960C
:1092A8004D89DC960D97D596F996049706970897F9
:1092B80013970E9711970F971697199724972A9730
:1092C800309739973D973E974497469748974297E6
:1092D80049975C976097649766976897D2526B979F
:1092E8007197799785977C9781977A9786978B97C7
:1092F8008F9790979C97A897A697A397B397B4979B
:10930800C397C697C897CB97DC97ED974F9FF2976F
:10931800DF7AF697F5970F980C9838982498219843
:1093280037983D9846984F984B986B986F987098D7
:10933800719874987398AA98AF98B198B698C49889
:10934800C398C698E998EB980399099912991499C2
:10935800189921991D991E99249920992C992E992B
:109368003D993E9942994999459950994B995199F6
:1093780052994C99559997999899A599AD99AE99FB
:10938800BC99DF99DB99DD99D899D199ED99EE9936
:10939800F199F299FB99F899019A0F9A059AE2992D
:1093A800199A2B9A379A459A429A409A439A3E9A22
:1093B800559A4D9A5B9A579A5F9A629A659A649AF7
:1093C800699A6B9A6A9AAD9AB09ABC9AC09ACF9ADF
:1093D800D19AD39AD49ADE9ADF9AE29AE39AE69AD5
:1093E800EF9AEB9AEE9AF49AF19AF79AFB9A069BFF
:1093F800189B1A9B1F9B229B239B259B279B289B83
:10940800299B2A9B2E9B2F9B329B449B439B4F9BC4
:109418004D9B4E9B519B589B749B939B839B919B0D
:10942800969B979B9F9BA09BA89BB49BC09BCA9B0A
:10943800B99BC69BCF9BD19BD29BE39BE29BE49BB2
:10944800D49BE19B3A9CF29BF19BF09B159C149C4E
:10945800099C139C0C9C069C089C129C0A9C049CCE
:109468002E9C1B9C259C249C219C309C479C329CB8
:10947800469C3E9C5A9C609C679C769C789CE79C8A
:10948800EC9CF09C099D089DEB9C039D069D2A9DE4
:10949800269DAF9D239D1F9D449D159D129D419D19
:1094A8003F9D3E9D469D489D5D9D5E9D649D519D51
:1094B800509D599D729D899D879DAB9D6F9D7A9DFD
:1094C8009A9DA49DA99DB29DC49DC19DBB9DB89D1B
:1094D800BA9DC69DCF9DC29DD99DD39DF89DE69D01
:1094E800ED9DEF9DFD9D1A9E1B9E1E9E759E799E6D
:1094F8007D9E819E889E8B9E8C9E929E959E919E1F
:109508009D9EA59EA99EB89EAA9EAD9E6197CC9E43
:10951800CE9ECF9ED09ED49EDC9EDE9EDD9EE09E9B
:10952800E59EE89EEF9EF49EF69EF79EF99EFB9EB2
:10953800FC9EFD9E079F089FB776159F219F2C9F35
:109548003E9F4A9F529F549F639F5F9F609F619F6A
:10955800669F679F6C9F6A9F779F729F769F959F74
:109568009C9FA09F2F58C76959906474DC519971CA
:1095780000000042C8801F40B8821F400800000059
:1095880000000042C4801F40B4821F400400000055
:1095980000C0004224801F4014821F4010000000B9
:1095A80000C0004228801F4018821F402000000091
:1095B80000C000422C801F401C821F404000000059
:1095C80000C0004234801F4024821F400001000078
:1095D8000040004264811F4054831F400004000083
:1095E8000040004280811F4070831F40000002003D
:1095F800004000427C811F406C831F400000010036
:109608000040004268811F4058831F400008000046
:10961800004000423C811F402C831F400100000095
:109628000040004244811F4034831F400400000072
:109638000040004240811F4030831F40020000006C
:109648000040004248811F4038831F400800000046
:109658000000004204811F40F4821F400000040003
:109668000000004208811F40F8821F4000000800E7
:109678000000004218811F4008831F40000080003E
:109688000000004214811F4004831F400000400076
:109698000000004200811F40F0821F4000000200CD
:1096A80000000042FC801F40EC821F4000000100C7
:1096B8000000004224811F4014831F400000000462
:1096C8000000004228811F4018831F400000000846
:1096D800000000421C811F400C831F400000000155
:1096E8000000004220811F4010831F40000000023C
:1096F80000000042EC801F40DC821F400010000088
:1097080000000042F0801F40E0821F40002000005F
:109718000000004234811F4024831F4000000040A5
:109728000000004238811F4028831F40000000804D
:109738000080004294801F4084821F400000040083
:1097480000C0004290801F4080821F4000000080BF
:1097580000800042A8801F4098821F4000008000BF
:1097680000800042A4801F4094821F4000004000F7
:10977800004000426C811F405C831F4000100000C5
:1097880000C0004230801F4020821F40800000003F
:1097980000400042B0811F40A0831F40000000200D
:1097A80000400042AC811F409C831F400000001015
:1097B8000040004284811F4074831F400000040061
:1097C8000040004288811F4078831F400000080045
:1097D800000000422C811F401C831F400000001025
:1097E8000000004230811F4020831F4000000020FD
:1097F800000000420C811F40FC821F400000100046
:109808000000004210811F4000831F40000020001C
:1098180000800042C8811F40B8831F4000800000BC
:1098280000800042C4811F40B4831F4000400000F4
:1098380000800042C0811F40B0831F40002000000C
:1098480000800042BC811F40AC831F400010000014
:1098580000800042D0811F40C0831F4000000200EA
:1098680000800042CC811F40BC831F4000000100E3
:1098780000C0004274801F4064821F400000000145
:1098880000C0004280801F4070821F400000000816
:1098980000C0004284801F4074821F4000000010F6
:1098A80000C000426C801F405C821F4000004000E6
:1098B80000C000427C801F406C821F4000000004F2
:1098C80000C0004278801F4068821F4000000002EC
:1098D80000C0004288801F4078821F40000000209E
:1098E800300000003100000035000000CEFBFFFF13
:1098F800CB0300000100000000000000340000005D
:10990800CEFBFFFFCB0300000100000000000000B9
:1099180005000000190000007D00000007080C0B7E
:1099280006050F000D0E0102838407080C0B0605BF
:109938000F000D0E01028384FFFFFFFFFFFFFFFFF3
:10994800FFFF8182090A00004C435F434F4C4C41A2
:10995800544500004C435F435459504500000000F3
:109968004C435F4D4F4E4554415259004C435F4E56
:10997800554D4552494300004C435F54494D4500FD
:109988004C435F4D45535341474553000001000088
:10999800DC9900201200000000060000A01F0060F3
:1099A8000A000000000200003C1F00606200000086
:1099B80000070000D81E006062000000EE030000EF
:1099C800189A002012000000000004EEF099002010
:1099D8002800000000030000D41E00600000000002
:1099E80001030904BC1E0060000000000203090412
:1099F800A41E006000000000030309042C9A002044
:109A0800000000000000000000000000000000004E
:109A1800303030303030303030303030303030303E
:109A2800303030303030303030303030303030302E
:109A3800000000000000000000000000A4B50020A5
:109A48000CB6002074B600200000000000000000E2
:109A580000000000000000000000000000000000FE
:109A680000000000000000000000000000000000EE
:109A780000000000000000000000000000000000DE
:109A880000000000000000000000000000000000CE
:109A980000000000000000000000000000000000BE
:109AA80000000000000000000000000000000000AE
:109AB800000000000000000000000000000000009E
:109AC800000000000000000000000000000000008E
:109AD80001000000000000000E33CDAB34126DE62B
:109AE800ECDE05000B000000000000000000000094
:109AF800000000000000000000000000000000005E
:109B0800000000000000000000000000000000004D
:109B1800000000000000000000000000000000003D
:109B2800000000000000000000000000000000002D
:109B3800000000000000000000000000000000001D
:109B4800000000000000000000000000000000000D
:109B580000000000000000000029DE07007B9A17C3
:109B680000003A40581A00200000000000000000E1
:109B780000000000000000000000000000000000DD
:109B880000000000000000000000000000000000CD
:109B980000000000000000000000000000000000BD
:109BA80000000000000000000000000000000000AD
:109BB800CC1B002000000000E803000000000000AB
:109BC800F41B002000000000E80300000000000073
:109BD80000801940CC050020000000002CB20020B5
:109BE8006CB10020000000000000000040000000F0
:109BF800400000004000000040000000000000009D
:109C0800000000000000000000000000000000004C
:109C1800000000000000000000000000000000003C
:109C2800F41B002000000000E80300000000000012
:109C38000000194080930020000000006CB2002052
:109C4800ACB1002000000000000000002800000067
:109C58004000000028000000400000000000000054
:109C680000000000000000000000000000000000EC
:109C780000000000000000000000000000000000DC
:109C8800F41B002000000000E803000000000000B2
:109C980000C01940E09300200000000094B20020AA
:109CA800ECB10020000000000000000028000000C7
:109CB80040000000280000004000000000000000F4
:109CC800000000000000000000000000000000008C
:109CD800000000000000000000000000000000007C
:109CE80001170000D9D40000000000006CC00F402C
:109CF80000000003070000000200000040851F402C
:109D080002000000FF000000FF000000000000004B
:109D180000000000080000000200000044851F4009
:109D280002000000FF000000FF000000000000002B
:109D380000000000FF004000260018007A00000024
:109D4800061A0000E5D40000000000007CC00F40A7
:109D58000000000C1C0000000200000058851F4095
:109D680001000000FF000000FF00000000000000EC
:109D7800000000001D000000020000005C851F407C
:109D880001000000FF000000FF00000000000000CC
:109D980000000000FF004000260018007D000000C1
:109DA800D184000064B5002080302020000000002D
:109DB8004300000000000000000000000000000058
:109DC800000000000000000000000000000000008B
:109DD8004300000000000000000000000000000038
:109DE800000000000000000000000000000000006B
:109DF8004300000000000000000000000000000018
:109E0800000000000000000000000000000000004A
:109E180043000000000000000000000000000000F7
:109E2800000000000000000000000000000000002A
:109E380043000000000000000000000000000000D7
:109E4800000000000000000000000000000000000A
:109E580043000000000000000000000000000000B7
:109E680000000000000000000000000000000000EA
:109E78004300000000000000000000000000000097
:109E880000000000000000000000000000000000CA
:109E980021B30100917001000000000000200020A3
:109EA800140A0020B4090020B4090020B4090020D5
:109EB800B4090020B4090020B4090020B409002026
:109EC800B4090020B4090020FFFFFFFFFFFFFFFFD8
:109ED800FFFFFFFFFFFF0000010041534349490016
:109EE800000000000000000000000000000000006A
:109EF80000000000000000000000415343494900F1
:109F08000000000000000000000000000000000049
:109F18000000000000000000000000000000000039
:109F280000000000BC950020BC950020C4950020CE
:109F3800C4950020CC950020CC950020D495002015
:109F4800D4950020DC950020DC950020E4950020C5
:109F5800E4950020EC950020EC950020F495002075
:109F6800F4950020FC950020FC9500200496002024
:109F7800049600200C9600200C96002014960020D1
:109F8800149600201C9600201C9600202496002081
:109F9800249600202C9600202C9600203496002031
:109FA800349600203C9600203C96002044960020E1
:109FB800449600204C9600204C9600205496002091
:109FC800549600205C9600205C9600206496002041
:109FD800649600206C9600206C96002074960020F1
:109FE800749600207C9600207C96002084960020A1
:109FF800849600208C9600208C9600209496002051
:10A00800949600209C9600209C960020A496002000
:10A01800A4960020AC960020AC960020B4960020B0
:10A02800B4960020BC960020BC960020C496002060
:10A03800C4960020CC960020CC960020D496002010
:10A04800D4960020DC960020DC960020E4960020C0
:10A05800E4960020EC960020EC960020F496002070
:10A06800F4960020FC960020FC960020049700201F
:10A07800049700200C9700200C97002014970020CC
:10A08800149700201C9700201C970020249700207C
:10A09800249700202C9700202C970020349700202C
:10A0A800349700203C9700203C97002044970020DC
:10A0B800449700204C9700204C970020549700208C
:10A0C800549700205C9700205C970020649700203C
:10A0D800649700206C9700206C97002074970020EC
:10A0E800749700207C9700207C970020849700209C
:10A0F800849700208C9700208C970020949700204C
:10A10800949700209C9700209C970020A4970020FB
:10A11800A4970020AC970020AC970020B4970020AB
:10A12800B4970020BC970020BC970020C49700205B
:10A13800C4970020CC970020CC970020D49700200B
:10A14800D4970020DC970020DC970020E4970020BB
:10A15800E4970020EC970020EC970020F49700206B
:10A16800F4970020FC970020FC970020049800201A
:10A17800049800200C9800200C98002014980020C7
:10A18800149800201C9800201C9800202498002077
:10A19800249800202C9800202C9800203498002027
:10A1A800349800203C9800203C98002044980020D7
:10A1B800449800204C9800204C9800205498002087
:10A1C800549800205C9800205C9800206498002037
:10A1D800649800206C9800206C98002074980020E7
:10A1E800749800207C9800207C9800208498002097
:10A1F800849800208C9800208C9800209498002047
:10A20800949800209C9800209C980020A4980020F6
:10A21800A4980020AC980020AC980020B4980020A6
:10A22800B4980020BC980020BC980020C498002056
:10A23800C4980020CC980020CC980020D498002006
:10A24800D4980020DC980020DC980020E4980020B6
:10A25800E4980020EC980020EC980020F498002066
:10A26800F4980020FC980020FC9800200499002015
:10A27800049900200C9900200C99002014990020C2
:10A28800149900201C9900201C9900202499002072
:10A29800249900202C9900202C9900203499002022
:10A2A800349900203C9900203C99002044990020D2
:10A2B800449900204C9900204C9900205499002082
:10A2C800549900205C9900205C9900206499002032
:10A2D800649900206C9900206C99002074990020E2
:10A2E800749900207C9900207C9900208499002092
:10A2F800849900208C9900208C9900209499002042
:10A30800949900209C9900209C990020A4990020F1
:10A31800A4990020AC990020AC990020B4990020A1
:10A32800B4990020FFFFFFFF0000020000000000BA
:10A3380003000000A4B50020D890002012010002FC
:10A34800EF020140C01683048002010203010000ED
:10A3580028000000000104000100000000000000C7
:10A36800020157494E55534200000000000000000A
:10A37800000000000000000012034D0053004600DA
:10A388005400310030003000F80000000C030000D9
:10A3980000000000000000000000000000000000B5
:10A3A800000029010000000000000000000000007B
:10A3B8000000000000000000000000000000000095
:10A3C8000000000000000000000000000000000085
:10A3D8000000000000000000000000000000000075
:10A3E8000000000000000000000000000000000065
:10A3F8000000000000000000000000000000000055
:10A408000000000000000000000000000000000044
:10A418000000000000000000000000000000000034
:10A428000000000000000000000000000000000024
:10A438000000000000000000000000000000000014
:10A448000000000000000000000000000000000004
:10A4580000000000000000000000000000000000F4
:10A4680000000000000000000000000000000000E4
:10A4780000000000000000000000000000000000D4
:10A4880000000000000000000000000000000000C4
:10A4980000000000000000000000000000000000B4
:10A4A80000000000000000000000000000000000A4
:10A4B8000000000000000000000000000000000094
:10A4C8000000000000000000000000000000000084
:10A4D8000000000000000000000000000000000074
:10A4E8000000000000000000000000000000000064
:10A4F8000000000000000000000000000000000054
:10A508000000000000000000000000000000000043
:10A518000000000000000000000000000000000033
:10A528000000000000000000000000000000000023
:10A538000000000000000000000000000000000013
:10A548000000000000000000000000000000000003
:10A5580000000000000000000000000000000000F3
:10A5680000000000000000000000000000000000E3
:10A5780000000000000000000000000000000000D3
:10A5880000000000000000000000000000000000C3
:10A5980000000000000000000000000000000000B3
:10A5A80000000000000000000000000000000000A3
:10A5B8000000000000000000000000000000000093
:10A5C8000000000000000000000000000000000083
:10A5D8000000000000000000000000000000000073
:10A5E8000000000000000000000000000000000063
:10A5F8000000000000000000000000000000000053
:10A608000000000000000000000000000000000042
:10A618000000000000000000000000000000000032
:10A628000000000000000000000000000000000022
:10A638000000000000000000000000000000000012
:10A648000000000000000000000000000000000002
:10A6580000000000000000000000000000000000F2
:10A6680000000000000000000000000000000000E2
:10A6780000000000000000000000000000000000D2
:10A6880000000000000000000000000000000000C2
:10A6980000000000000000000000000000000000B2
:10A6A80000000000000000000000000000000000A2
:10A6B8000000000000000000000000000000000092
:10A6C8000000000000000000000000000000000082
:10A6D8000000000000000000000000000000000072
:10A6E8000000000000000000000000000000000062
:10A6F8000000000000000000000000000000000052
:10A708000000000000000000000000000000000041
:10A718000000000000000000000000000000000031
:10A728000000000000000000000000000000000021
:10A738000000000000000000000000000000000011
:10A748000000000000000000000000000000000001
:10A7580000000000000000000000000000000000F1
:10A7680000000000000000000000000000000000E1
:10A7780000000000000000000000000000000000D1
:10A7880000000000000000000000000000000000C1
:10A7980000000000000000000000000000000000B1
:10A7A80000000000000000000000000000000000A1
:10A7B8000000000000000000000000000000000091
:10A7C8000000000000000000000000000000000081
:10A7D8000000000000000000000000000000000071
:10A7E8000000000000000000000000000000000061
:10A7F8000000000000000000000000000000000051
:10A808000000000000000000000000000000000040
:10A818000000000000000000000000000000000030
:10A82800FFFFFFFFFFFFFFFFFFFFFFFFFFFFFFFF30
:10A83800FFFFFFFFFFFFFFFFFFFFFFFFFFFFFFFF20
:10A84800FFFFFFFFFFFFFFFFFFFFFFFFFFFFFFFF10
:10A85800FFFFFFFFFFFFFFFFFFFFFFFFFFFFFFFF00
:10A86800FFFFFFFFFFFFFFFFFFFFFFFFFFFFFFFFF0
:10A87800FFFFFFFFFFFFFFFFFFFFFFFFFFFFFFFFE0
:10A88800FFFFFFFFFFFFFFFFFFFFFFFFFFFFFFFFD0
:10A89800FFFFFFFFFFFFFFFFFFFFFFFFFFFFFFFFC0
:10A8A800FFFFFFFFFFFFFFFFFFFFFFFFFFFFFFFFB0
:10A8B800FFFFFFFFFFFFFFFFFFFFFFFFFFFFFFFFA0
:10A8C800FFFFFFFFFFFFFFFFFFFFFFFFFFFFFFFF90
:10A8D800FFFFFFFFFFFFFFFFFFFFFFFFFFFFFFFF80
:10A8E800FFFFFFFFFFFFFFFFFFFFFFFFFFFFFFFF70
:10A8F800FFFFFFFFFFFFFFFFFFFFFFFFFFFFFFFF60
:10A90800FFFFFFFFFFFFFFFFFFFFFFFFFFFFFFFF4F
:10A91800FFFFFFFFFFFFFFFFFFFFFFFFFFFFFFFF3F
:10A92800FFFFFFFFFFFFFFFFFFFFFFFFFFFFFFFF2F
:10A93800FFFFFFFFFFFFFFFFFFFFFFFFFFFFFFFF1F
:10A94800FFFFFFFFFFFFFFFFFFFFFFFFFFFFFFFF0F
:10A95800FFFFFFFFFFFFFFFFFFFFFFFFFFFFFFFFFF
:10A96800FFFFFFFFFFFFFFFFFFFFFFFFFFFFFFFFEF
:10A97800FFFFFFFFFFFFFFFFFFFFFFFFFFFFFFFFDF
:10A98800FFFFFFFFFFFFFFFFFFFFFFFFFFFFFFFFCF
:10A99800FFFFFFFFFFFFFFFFFFFFFFFFFFFFFFFFBF
:10A9A800FFFFFFFFFFFFFFFFFFFFFFFFFFFFFFFFAF
:10A9B800FFFFFFFFFFFFFFFFFFFFFFFFFFFFFFFF9F
:10A9C800FFFFFFFFFFFFFFFFFFFFFFFFFFFFFFFF8F
:10A9D800FFFFFFFFFFFFFFFFFFFFFFFFFFFFFFFF7F
:10A9E800FFFFFFFFFFFFFFFFFFFFFFFFFFFFFFFF6F
:10A9F800FFFFFFFFFFFFFFFFFFFFFFFFFFFFFFFF5F
:10AA0800FFFFFFFFFFFFFFFFFFFFFFFFFFFFFFFF4E
:10AA1800FFFFFFFFFFFFFFFFFFFFFFFFFFFFFFFF3E
:10AA2800FFFFFFFFFFFFFFFFFFFFFFFFFFFFFFFF2E
:10AA3800FFFFFFFFFFFFFFFFFFFFFFFFFFFFFFFF1E
:10AA4800FFFFFFFFFFFFFFFFFFFFFFFFFFFFFFFF0E
:10AA5800FFFFFFFFFFFFFFFFFFFFFFFFFFFFFFFFFE
:10AA6800FFFFFFFFFFFFFFFFFFFFFFFFFFFFFFFFEE
:10AA7800FFFFFFFFFFFFFFFFFFFFFFFFFFFFFFFFDE
:10AA8800FFFFFFFFFFFFFFFFFFFFFFFFFFFFFFFFCE
:10AA9800FFFFFFFFFFFFFFFFFFFFFFFFFFFFFFFFBE
:10AAA800FFFFFFFFFFFFFFFFFFFFFFFFFFFFFFFFAE
:10AAB800FFFFFFFFFFFFFFFFFFFFFFFFFFFFFFFF9E
:10AAC800FFFFFFFFFFFFFFFFFFFFFFFFFFFFFFFF8E
:10AAD800FFFFFFFFFFFFFFFFFFFFFFFFFFFFFFFF7E
:10AAE800FFFFFFFFFFFFFFFFFFFFFFFFFFFFFFFF6E
:10AAF800FFFFFFFFFFFFFFFFFFFFFFFFFFFFFFFF5E
:10AB0800FFFFFFFFFFFFFFFFFFFFFFFFFFFFFFFF4D
:10AB1800FFFFFFFFFFFFFFFFFFFFFFFFFFFFFFFF3D
:10AB2800FFFFFFFFFFFFFFFFFFFFFFFFFFFFFFFF2D
:10AB3800FFFFFFFFFFFFFFFFFFFFFFFFFFFFFFFF1D
:10AB4800FFFFFFFFFFFFFFFFFFFFFFFFFFFFFFFF0D
:10AB5800FFFFFFFFFFFFFFFFFFFFFFFFFFFFFFFFFD
:10AB6800FFFFFFFFFFFFFFFFFFFFFFFFFFFFFFFFED
:10AB7800FFFFFFFFFFFFFFFFFFFFFFFFFFFFFFFFDD
:10AB8800FFFFFFFFFFFFFFFFFFFFFFFFFFFFFFFFCD
:10AB9800FFFFFFFFFFFFFFFFFFFFFFFFFFFFFFFFBD
:10ABA800FFFFFFFFFFFFFFFFFFFFFFFFFFFFFFFFAD
:10ABB800FFFFFFFFFFFFFFFFFFFFFFFFFFFFFFFF9D
:10ABC800FFFFFFFFFFFFFFFFFFFFFFFFFFFFFFFF8D
:10ABD800FFFFFFFFFFFFFFFFFFFFFFFFFFFFFFFF7D
:10ABE800FFFFFFFFFFFFFFFFFFFFFFFFFFFFFFFF6D
:10ABF800FFFFFFFFFFFFFFFF000000000000000055
:10AC0800000000000000000000000000000000003C
:10AC1800000000000000000000000000000000002C
:10AC2800000000000000000000000000000000001C
:10AC3800000000000000000000000000000000000C
:10AC480000000000000000000000000000000000FC
:10AC580000000000000000000000000000000000EC
:10AC680000000000000000000000000000000000DC
:10AC780000000000000000000000000000000000CC
:10AC880000000000000000000000000000000000BC
:10AC980000000000000000000000000000000000AC
:10ACA800000000000000000000000000000000009C
:10ACB800000000000000000000000000000000008C
:10ACC800000000000000000000000000000000007C
:10ACD800000000000000000000000000000000006C
:10ACE800000000000000000000000000000000005C
:10ACF800000000000000000000000000000000004C
:10AD0800000000000000000000000000000000003B
:10AD1800000000000000000000000000000000002B
:10AD2800000000000000000000000000000000001B
:10AD3800000000000000000000000000000000000B
:10AD480000000000000000000000000000000000FB
:10AD580000000000000000000000000000000000EB
:10AD680000000000000000000000000000000000DB
:10AD780000000000000000000000000000000000CB
:10AD880000000000000000000000000000000000BB
:10AD980000000000000000000000000000000000AB
:10ADA800000000000000000000000000000000009B
:10ADB800000000000000000000000000000000008B
:10ADC800000000000000000000000000000000007B
:10ADD800000000000000000000000000000000006B
:10ADE800000000000000000000000000000000005B
:10ADF800000000000000000000000000000000004B
:10AE0800000000000000000000000000000000003A
:10AE1800000000000000000000000000000000002A
:10AE2800000000000000000000000000000000001A
:10AE3800000000000000000000000000000000000A
:10AE480000000000000000000000000000000000FA
:10AE580000000000000000000000000000000000EA
:10AE680000000000000000000000000000000000DA
:10AE780000000000000000000000000000000000CA
:10AE880000000000000000000000000000000000BA
:10AE980000000000000000000000000000000000AA
:10AEA800000000000000000000000000000000009A
:10AEB800000000000000000000000000000000008A
:10AEC800000000000000000000000000000000007A
:10AED800000000000000000000000000000000006A
:10AEE800000000000000000000000000000000005A
:10AEF800000000000000000000000000000000004A
:10AF08000000000000000000000000000000000039
:10AF18000000000000000000000000000000000029
:10AF28000000000000000000000000000000000019
:10AF38000000000000000000000000000000000009
:10AF480000000000000000000000000000000000F9
:10AF580000000000000000000000000000000000E9
:10AF680000000000000000000000000000000000D9
:10AF780000000000000000000000000000000000C9
:10AF880000000000000000000000000000000000B9
:10AF980000000000000000000000000000000000A9
:10AFA8000000000000000000000000000000000099
:10AFB8000000000000000000000000000000000089
:10AFC8000000000000000000000000000000000079
:10AFD8000000000000000000000000000000000069
:10AFE8000000000000000000000000000000000059
:10AFF8000000000000000000000000000000000049
:10B008000000000000000000000000000000000038
:10B018000000000000000000000000000000000028
:10B028000000000000000000000000000000000018
:10B038000000000000000000000000000000000008
:10B0480000000000000000000000000000000000F8
:10B0580000000000000000000000000000000000E8
:10B0680000000000000000000000000000000000D8
:10B0780000000000000000000000000000000000C8
:10B0880000000000000000000000000000000000B8
:10B0980000000000000000000000000000000000A8
:10B0A8000000000000000000000000000000000098
:10B0B8000000000000000000000000000000000088
:10B0C8000000000000000000000000000000000078
:10B0D8000000000000000000000000000000000068
:10B0E8000000000000000000000000000000000058
:10B0F8000000000000000000000000000000000048
:10B108000000000000000000000000000000000037
:10B118000000000000000000000000000000000027
:10B128000000000000000000000000000000000017
:10B138000000000000000000000000000000000007
:10B1480000000000000000000000000000000000F7
:10B1580000000000000000000000000000000000E7
:10B1680000000000000000000000000000000000D7
:10B1780000000000000000000000000000000000C7
:10B1880000000000000000000000000000000000B7
:10B1980000000000000000000000000000000000A7
:10B1A8000000000000000000000000000000000097
:10B1B8000000000000000000000000000000000087
:10B1C8000000000000000000000000000000000077
:10B1D8000000000000000000000000000000000067
:10B1E8000000000000000000000000000000000057
:10B1F8000000000000000000000000000000000047
:10B208000000000000000000000000000000000036
:10B218000000000000000000000000000000000026
:10B228000000000000000000000000000000000016
:10B238000000000000000000000000000000000006
:10B2480000000000000000000000000000000000F6
:10B2580000000000000000000000000000000000E6
:10B2680000000000000000000000000000000000D6
:10B2780000000000000000000000000000000000C6
:10B2880000000000000000000000000000000000B6
:10B2980000000000000000000000000000000000A6
:10B2A8000000000000000000000000000000000096
:10B2B8000000000000000000000000000000000086
:10B2C8000000000000000000000000000000000076
:10B2D8000000000000000000000000000000000066
:10B2E8000000000000000000000000000000000056
:10B2F8000000000000000000000000000000000046
:10B308000000000000000000000000000000000035
:10B318000000000000000000000000000000000025
:10B328000000000000000000000000000000000015
:10B338000000000000000000000000000000000005
:10B3480000000000000000000000000000000000F5
:10B3580000000000000000000000000000000000E5
:10B3680000000000000000000000000000000000D5
:10B3780000000000000000000000000000000000C5
:10B3880000000000000000000000000000000000B5
:10B3980000000000000000000000000000000000A5
:10B3A8000000000000000000000000000000000095
:10B3B8000000000000000000000000000000000085
:10B3C8000000000000000000000000000000000075
:10B3D8000000000000000000000000000000000065
:10B3E8000000000000000000000000000000000055
:10B3F8000000000000000000000000000000000045
:10B408000000000000000000000000000000000034
:10B418000000000000000000000000000000000024
:10B428000000000000000000000000000000000014
:10B438000000000000000000000000000000000004
:10B4480000000000000000000000000000000000F4
:10B4580000000000000000000000000000000000E4
:10B4680000000000000000000000000000000000D4
:10B4780000000000000000000000000000000000C4
:10B4880000000000000000000000000000000000B4
:10B4980000000000000000000000000000000000A4
:10B4A8000000000000000000000000000000000094
:10B4B8000000000000000000000000000000000084
:10B4C8000000000000000000000000000000000074
:10B4D8000000000000000000000000000000000064
:10B4E8000000000000000000000000000000000054
:10B4F8000000000000000000000000000000000044
:10B508000000000000000000000000000000000033
:10B518000000000000000000000000000000000023
:10B528000000000000000000000000000000000013
:10B538000000000000000000000000000000000003
:10B5480000000000000000000000000000000000F3
:10B5580000000000000000000000000000000000E3
:10B5680000000000000000000000000000000000D3
:10B5780000000000000000000000000000000000C3
:10B5880000000000000000000000000000000000B3
:10B5980000000000000000000000000000000000A3
:10B5A8000000000000000000000000000000000093
:10B5B8000000000000000000000000000000000083
:10B5C8000000000000000000000000000000000073
:10B5D8000000000000000000000000000000000063
:10B5E8000000000000000000000000000000000053
:10B5F8000000000000000000000000000000000043
:10B608000000000000000000000000000000000032
:10B618000000000000000000000000000000000022
:10B628000000000000000000000000000000000012
:10B638000000000000000000000000000000000002
:10B6480000000000000000000000000000000000F2
:10B6580000000000000000000000000000000000E2
:10B6680000000000000000000000000000000000D2
:10B6780000000000000000000000000000000000C2
:10B6880000000000000000000000000000000000B2
:10B6980000000000000000000000000000000000A2
:10B6A8000000000000000000000000000000000092
:10B6B8000000000000000000000000000000000082
:10B6C8000000000000000000000000000000000072
:10B6D8000000000000000000000000000000000062
:10B6E8000000000000000000000000000000000052
:10B6F8000000000000000000000000000000000042
:10B708000000000000000000000000000000000031
:10B718000000000000000000000000000000000021
:10B728000000000000000000000000000000000011
:10B738000000000000000000000000000000000001
:10B7480000000000000000000000000000000000F1
:10B7580000000000000000000000000000000000E1
:10B7680000000000000000000000000000000000D1
:10B7780000000000000000000000000000000000C1
:10B7880000000000000000000000000000000000B1
:10B7980000000000000000000000000000000000A1
:10B7A8000000000000000000000000000000000091
:10B7B8000000000000000000000000000000000081
:10B7C8000000000000000000000000000000000071
:10B7D8000000000000000000000000000000000061
:10B7E8000000000000000000000000000000000051
:08B7F800000000000000000049
:040000056000100087
:00000001FF
