:0200000460009A
:100000004643464200000156000000000103030081
:1000100000000000000000000000000000000000E0
:1000200000000000000000000000000000000000D0
:1000300000000000000000000000000000000000C0
:1000400000000000010408000000000000000000A3
:100050000000800000000000000000000000000020
:100060000000000000000000000000000000000090
:100070000000000000000000000000000000000080
:10008000EB04180A063204260000000000000000FD
:10009000050404240000000000000000000000002F
:1000A0000000000000000000000000000000000050
:1000B0000604000000000000000000000000000036
:1000C0000000000000000000000000000000000030
:1000D00020041808000000000000000000000000DC
:1000E0000000000000000000000000000000000010
:1000F0000000000000000000000000000000000000
:10010000D8041808000000000000000000000000F3
:100110000204180804200000000000000000000095
:1001200000000000000000000000000000000000CF
:10013000600400000000000000000000000000005B
:1001400000000000000000000000000000000000AF
:10015000000000000000000000000000000000009F
:10016000000000000000000000000000000000008F
:10017000000000000000000000000000000000007F
:10018000000000000000000000000000000000006F
:10019000000000000000000000000000000000005F
:1001A000000000000000000000000000000000004F
:1001B000000000000000000000000000000000003F
:1001C000000100000010000001000000000000001D
:1001D000000001000000000000000000000000001E
:1001E000000000000000000000000000000000000F
:1001F00000000000000000000000000000000000FF
:10020000FFFFFFFFFFFFFFFFFFFFFFFFFFFFFFFFFE
:10021000FFFFFFFFFFFFFFFFFFFFFFFFFFFFFFFFEE
:10022000FFFFFFFFFFFFFFFFFFFFFFFFFFFFFFFFDE
:10023000FFFFFFFFFFFFFFFFFFFFFFFFFFFFFFFFCE
:10024000FFFFFFFFFFFFFFFFFFFFFFFFFFFFFFFFBE
:10025000FFFFFFFFFFFFFFFFFFFFFFFFFFFFFFFFAE
:10026000FFFFFFFFFFFFFFFFFFFFFFFFFFFFFFFF9E
:10027000FFFFFFFFFFFFFFFFFFFFFFFFFFFFFFFF8E
:10028000FFFFFFFFFFFFFFFFFFFFFFFFFFFFFFFF7E
:10029000FFFFFFFFFFFFFFFFFFFFFFFFFFFFFFFF6E
:1002A000FFFFFFFFFFFFFFFFFFFFFFFFFFFFFFFF5E
:1002B000FFFFFFFFFFFFFFFFFFFFFFFFFFFFFFFF4E
:1002C000FFFFFFFFFFFFFFFFFFFFFFFFFFFFFFFF3E
:1002D000FFFFFFFFFFFFFFFFFFFFFFFFFFFFFFFF2E
:1002E000FFFFFFFFFFFFFFFFFFFFFFFFFFFFFFFF1E
:1002F000FFFFFFFFFFFFFFFFFFFFFFFFFFFFFFFF0E
:10030000FFFFFFFFFFFFFFFFFFFFFFFFFFFFFFFFFD
:10031000FFFFFFFFFFFFFFFFFFFFFFFFFFFFFFFFED
:10032000FFFFFFFFFFFFFFFFFFFFFFFFFFFFFFFFDD
:10033000FFFFFFFFFFFFFFFFFFFFFFFFFFFFFFFFCD
:10034000FFFFFFFFFFFFFFFFFFFFFFFFFFFFFFFFBD
:10035000FFFFFFFFFFFFFFFFFFFFFFFFFFFFFFFFAD
:10036000FFFFFFFFFFFFFFFFFFFFFFFFFFFFFFFF9D
:10037000FFFFFFFFFFFFFFFFFFFFFFFFFFFFFFFF8D
:10038000FFFFFFFFFFFFFFFFFFFFFFFFFFFFFFFF7D
:10039000FFFFFFFFFFFFFFFFFFFFFFFFFFFFFFFF6D
:1003A000FFFFFFFFFFFFFFFFFFFFFFFFFFFFFFFF5D
:1003B000FFFFFFFFFFFFFFFFFFFFFFFFFFFFFFFF4D
:1003C000FFFFFFFFFFFFFFFFFFFFFFFFFFFFFFFF3D
:1003D000FFFFFFFFFFFFFFFFFFFFFFFFFFFFFFFF2D
:1003E000FFFFFFFFFFFFFFFFFFFFFFFFFFFFFFFF1D
:1003F000FFFFFFFFFFFFFFFFFFFFFFFFFFFFFFFF0D
:10040000FFFFFFFFFFFFFFFFFFFFFFFFFFFFFFFFFC
:10041000FFFFFFFFFFFFFFFFFFFFFFFFFFFFFFFFEC
:10042000FFFFFFFFFFFFFFFFFFFFFFFFFFFFFFFFDC
:10043000FFFFFFFFFFFFFFFFFFFFFFFFFFFFFFFFCC
:10044000FFFFFFFFFFFFFFFFFFFFFFFFFFFFFFFFBC
:10045000FFFFFFFFFFFFFFFFFFFFFFFFFFFFFFFFAC
:10046000FFFFFFFFFFFFFFFFFFFFFFFFFFFFFFFF9C
:10047000FFFFFFFFFFFFFFFFFFFFFFFFFFFFFFFF8C
:10048000FFFFFFFFFFFFFFFFFFFFFFFFFFFFFFFF7C
:10049000FFFFFFFFFFFFFFFFFFFFFFFFFFFFFFFF6C
:1004A000FFFFFFFFFFFFFFFFFFFFFFFFFFFFFFFF5C
:1004B000FFFFFFFFFFFFFFFFFFFFFFFFFFFFFFFF4C
:1004C000FFFFFFFFFFFFFFFFFFFFFFFFFFFFFFFF3C
:1004D000FFFFFFFFFFFFFFFFFFFFFFFFFFFFFFFF2C
:1004E000FFFFFFFFFFFFFFFFFFFFFFFFFFFFFFFF1C
:1004F000FFFFFFFFFFFFFFFFFFFFFFFFFFFFFFFF0C
:10050000FFFFFFFFFFFFFFFFFFFFFFFFFFFFFFFFFB
:10051000FFFFFFFFFFFFFFFFFFFFFFFFFFFFFFFFEB
:10052000FFFFFFFFFFFFFFFFFFFFFFFFFFFFFFFFDB
:10053000FFFFFFFFFFFFFFFFFFFFFFFFFFFFFFFFCB
:10054000FFFFFFFFFFFFFFFFFFFFFFFFFFFFFFFFBB
:10055000FFFFFFFFFFFFFFFFFFFFFFFFFFFFFFFFAB
:10056000FFFFFFFFFFFFFFFFFFFFFFFFFFFFFFFF9B
:10057000FFFFFFFFFFFFFFFFFFFFFFFFFFFFFFFF8B
:10058000FFFFFFFFFFFFFFFFFFFFFFFFFFFFFFFF7B
:10059000FFFFFFFFFFFFFFFFFFFFFFFFFFFFFFFF6B
:1005A000FFFFFFFFFFFFFFFFFFFFFFFFFFFFFFFF5B
:1005B000FFFFFFFFFFFFFFFFFFFFFFFFFFFFFFFF4B
:1005C000FFFFFFFFFFFFFFFFFFFFFFFFFFFFFFFF3B
:1005D000FFFFFFFFFFFFFFFFFFFFFFFFFFFFFFFF2B
:1005E000FFFFFFFFFFFFFFFFFFFFFFFFFFFFFFFF1B
:1005F000FFFFFFFFFFFFFFFFFFFFFFFFFFFFFFFF0B
:10060000FFFFFFFFFFFFFFFFFFFFFFFFFFFFFFFFFA
:10061000FFFFFFFFFFFFFFFFFFFFFFFFFFFFFFFFEA
:10062000FFFFFFFFFFFFFFFFFFFFFFFFFFFFFFFFDA
:10063000FFFFFFFFFFFFFFFFFFFFFFFFFFFFFFFFCA
:10064000FFFFFFFFFFFFFFFFFFFFFFFFFFFFFFFFBA
:10065000FFFFFFFFFFFFFFFFFFFFFFFFFFFFFFFFAA
:10066000FFFFFFFFFFFFFFFFFFFFFFFFFFFFFFFF9A
:10067000FFFFFFFFFFFFFFFFFFFFFFFFFFFFFFFF8A
:10068000FFFFFFFFFFFFFFFFFFFFFFFFFFFFFFFF7A
:10069000FFFFFFFFFFFFFFFFFFFFFFFFFFFFFFFF6A
:1006A000FFFFFFFFFFFFFFFFFFFFFFFFFFFFFFFF5A
:1006B000FFFFFFFFFFFFFFFFFFFFFFFFFFFFFFFF4A
:1006C000FFFFFFFFFFFFFFFFFFFFFFFFFFFFFFFF3A
:1006D000FFFFFFFFFFFFFFFFFFFFFFFFFFFFFFFF2A
:1006E000FFFFFFFFFFFFFFFFFFFFFFFFFFFFFFFF1A
:1006F000FFFFFFFFFFFFFFFFFFFFFFFFFFFFFFFF0A
:10070000FFFFFFFFFFFFFFFFFFFFFFFFFFFFFFFFF9
:10071000FFFFFFFFFFFFFFFFFFFFFFFFFFFFFFFFE9
:10072000FFFFFFFFFFFFFFFFFFFFFFFFFFFFFFFFD9
:10073000FFFFFFFFFFFFFFFFFFFFFFFFFFFFFFFFC9
:10074000FFFFFFFFFFFFFFFFFFFFFFFFFFFFFFFFB9
:10075000FFFFFFFFFFFFFFFFFFFFFFFFFFFFFFFFA9
:10076000FFFFFFFFFFFFFFFFFFFFFFFFFFFFFFFF99
:10077000FFFFFFFFFFFFFFFFFFFFFFFFFFFFFFFF89
:10078000FFFFFFFFFFFFFFFFFFFFFFFFFFFFFFFF79
:10079000FFFFFFFFFFFFFFFFFFFFFFFFFFFFFFFF69
:1007A000FFFFFFFFFFFFFFFFFFFFFFFFFFFFFFFF59
:1007B000FFFFFFFFFFFFFFFFFFFFFFFFFFFFFFFF49
:1007C000FFFFFFFFFFFFFFFFFFFFFFFFFFFFFFFF39
:1007D000FFFFFFFFFFFFFFFFFFFFFFFFFFFFFFFF29
:1007E000FFFFFFFFFFFFFFFFFFFFFFFFFFFFFFFF19
:1007F000FFFFFFFFFFFFFFFFFFFFFFFFFFFFFFFF09
:10080000FFFFFFFFFFFFFFFFFFFFFFFFFFFFFFFFF8
:10081000FFFFFFFFFFFFFFFFFFFFFFFFFFFFFFFFE8
:10082000FFFFFFFFFFFFFFFFFFFFFFFFFFFFFFFFD8
:10083000FFFFFFFFFFFFFFFFFFFFFFFFFFFFFFFFC8
:10084000FFFFFFFFFFFFFFFFFFFFFFFFFFFFFFFFB8
:10085000FFFFFFFFFFFFFFFFFFFFFFFFFFFFFFFFA8
:10086000FFFFFFFFFFFFFFFFFFFFFFFFFFFFFFFF98
:10087000FFFFFFFFFFFFFFFFFFFFFFFFFFFFFFFF88
:10088000FFFFFFFFFFFFFFFFFFFFFFFFFFFFFFFF78
:10089000FFFFFFFFFFFFFFFFFFFFFFFFFFFFFFFF68
:1008A000FFFFFFFFFFFFFFFFFFFFFFFFFFFFFFFF58
:1008B000FFFFFFFFFFFFFFFFFFFFFFFFFFFFFFFF48
:1008C000FFFFFFFFFFFFFFFFFFFFFFFFFFFFFFFF38
:1008D000FFFFFFFFFFFFFFFFFFFFFFFFFFFFFFFF28
:1008E000FFFFFFFFFFFFFFFFFFFFFFFFFFFFFFFF18
:1008F000FFFFFFFFFFFFFFFFFFFFFFFFFFFFFFFF08
:10090000FFFFFFFFFFFFFFFFFFFFFFFFFFFFFFFFF7
:10091000FFFFFFFFFFFFFFFFFFFFFFFFFFFFFFFFE7
:10092000FFFFFFFFFFFFFFFFFFFFFFFFFFFFFFFFD7
:10093000FFFFFFFFFFFFFFFFFFFFFFFFFFFFFFFFC7
:10094000FFFFFFFFFFFFFFFFFFFFFFFFFFFFFFFFB7
:10095000FFFFFFFFFFFFFFFFFFFFFFFFFFFFFFFFA7
:10096000FFFFFFFFFFFFFFFFFFFFFFFFFFFFFFFF97
:10097000FFFFFFFFFFFFFFFFFFFFFFFFFFFFFFFF87
:10098000FFFFFFFFFFFFFFFFFFFFFFFFFFFFFFFF77
:10099000FFFFFFFFFFFFFFFFFFFFFFFFFFFFFFFF67
:1009A000FFFFFFFFFFFFFFFFFFFFFFFFFFFFFFFF57
:1009B000FFFFFFFFFFFFFFFFFFFFFFFFFFFFFFFF47
:1009C000FFFFFFFFFFFFFFFFFFFFFFFFFFFFFFFF37
:1009D000FFFFFFFFFFFFFFFFFFFFFFFFFFFFFFFF27
:1009E000FFFFFFFFFFFFFFFFFFFFFFFFFFFFFFFF17
:1009F000FFFFFFFFFFFFFFFFFFFFFFFFFFFFFFFF07
:100A0000FFFFFFFFFFFFFFFFFFFFFFFFFFFFFFFFF6
:100A1000FFFFFFFFFFFFFFFFFFFFFFFFFFFFFFFFE6
:100A2000FFFFFFFFFFFFFFFFFFFFFFFFFFFFFFFFD6
:100A3000FFFFFFFFFFFFFFFFFFFFFFFFFFFFFFFFC6
:100A4000FFFFFFFFFFFFFFFFFFFFFFFFFFFFFFFFB6
:100A5000FFFFFFFFFFFFFFFFFFFFFFFFFFFFFFFFA6
:100A6000FFFFFFFFFFFFFFFFFFFFFFFFFFFFFFFF96
:100A7000FFFFFFFFFFFFFFFFFFFFFFFFFFFFFFFF86
:100A8000FFFFFFFFFFFFFFFFFFFFFFFFFFFFFFFF76
:100A9000FFFFFFFFFFFFFFFFFFFFFFFFFFFFFFFF66
:100AA000FFFFFFFFFFFFFFFFFFFFFFFFFFFFFFFF56
:100AB000FFFFFFFFFFFFFFFFFFFFFFFFFFFFFFFF46
:100AC000FFFFFFFFFFFFFFFFFFFFFFFFFFFFFFFF36
:100AD000FFFFFFFFFFFFFFFFFFFFFFFFFFFFFFFF26
:100AE000FFFFFFFFFFFFFFFFFFFFFFFFFFFFFFFF16
:100AF000FFFFFFFFFFFFFFFFFFFFFFFFFFFFFFFF06
:100B0000FFFFFFFFFFFFFFFFFFFFFFFFFFFFFFFFF5
:100B1000FFFFFFFFFFFFFFFFFFFFFFFFFFFFFFFFE5
:100B2000FFFFFFFFFFFFFFFFFFFFFFFFFFFFFFFFD5
:100B3000FFFFFFFFFFFFFFFFFFFFFFFFFFFFFFFFC5
:100B4000FFFFFFFFFFFFFFFFFFFFFFFFFFFFFFFFB5
:100B5000FFFFFFFFFFFFFFFFFFFFFFFFFFFFFFFFA5
:100B6000FFFFFFFFFFFFFFFFFFFFFFFFFFFFFFFF95
:100B7000FFFFFFFFFFFFFFFFFFFFFFFFFFFFFFFF85
:100B8000FFFFFFFFFFFFFFFFFFFFFFFFFFFFFFFF75
:100B9000FFFFFFFFFFFFFFFFFFFFFFFFFFFFFFFF65
:100BA000FFFFFFFFFFFFFFFFFFFFFFFFFFFFFFFF55
:100BB000FFFFFFFFFFFFFFFFFFFFFFFFFFFFFFFF45
:100BC000FFFFFFFFFFFFFFFFFFFFFFFFFFFFFFFF35
:100BD000FFFFFFFFFFFFFFFFFFFFFFFFFFFFFFFF25
:100BE000FFFFFFFFFFFFFFFFFFFFFFFFFFFFFFFF15
:100BF000FFFFFFFFFFFFFFFFFFFFFFFFFFFFFFFF05
:100C0000FFFFFFFFFFFFFFFFFFFFFFFFFFFFFFFFF4
:100C1000FFFFFFFFFFFFFFFFFFFFFFFFFFFFFFFFE4
:100C2000FFFFFFFFFFFFFFFFFFFFFFFFFFFFFFFFD4
:100C3000FFFFFFFFFFFFFFFFFFFFFFFFFFFFFFFFC4
:100C4000FFFFFFFFFFFFFFFFFFFFFFFFFFFFFFFFB4
:100C5000FFFFFFFFFFFFFFFFFFFFFFFFFFFFFFFFA4
:100C6000FFFFFFFFFFFFFFFFFFFFFFFFFFFFFFFF94
:100C7000FFFFFFFFFFFFFFFFFFFFFFFFFFFFFFFF84
:100C8000FFFFFFFFFFFFFFFFFFFFFFFFFFFFFFFF74
:100C9000FFFFFFFFFFFFFFFFFFFFFFFFFFFFFFFF64
:100CA000FFFFFFFFFFFFFFFFFFFFFFFFFFFFFFFF54
:100CB000FFFFFFFFFFFFFFFFFFFFFFFFFFFFFFFF44
:100CC000FFFFFFFFFFFFFFFFFFFFFFFFFFFFFFFF34
:100CD000FFFFFFFFFFFFFFFFFFFFFFFFFFFFFFFF24
:100CE000FFFFFFFFFFFFFFFFFFFFFFFFFFFFFFFF14
:100CF000FFFFFFFFFFFFFFFFFFFFFFFFFFFFFFFF04
:100D0000FFFFFFFFFFFFFFFFFFFFFFFFFFFFFFFFF3
:100D1000FFFFFFFFFFFFFFFFFFFFFFFFFFFFFFFFE3
:100D2000FFFFFFFFFFFFFFFFFFFFFFFFFFFFFFFFD3
:100D3000FFFFFFFFFFFFFFFFFFFFFFFFFFFFFFFFC3
:100D4000FFFFFFFFFFFFFFFFFFFFFFFFFFFFFFFFB3
:100D5000FFFFFFFFFFFFFFFFFFFFFFFFFFFFFFFFA3
:100D6000FFFFFFFFFFFFFFFFFFFFFFFFFFFFFFFF93
:100D7000FFFFFFFFFFFFFFFFFFFFFFFFFFFFFFFF83
:100D8000FFFFFFFFFFFFFFFFFFFFFFFFFFFFFFFF73
:100D9000FFFFFFFFFFFFFFFFFFFFFFFFFFFFFFFF63
:100DA000FFFFFFFFFFFFFFFFFFFFFFFFFFFFFFFF53
:100DB000FFFFFFFFFFFFFFFFFFFFFFFFFFFFFFFF43
:100DC000FFFFFFFFFFFFFFFFFFFFFFFFFFFFFFFF33
:100DD000FFFFFFFFFFFFFFFFFFFFFFFFFFFFFFFF23
:100DE000FFFFFFFFFFFFFFFFFFFFFFFFFFFFFFFF13
:100DF000FFFFFFFFFFFFFFFFFFFFFFFFFFFFFFFF03
:100E0000FFFFFFFFFFFFFFFFFFFFFFFFFFFFFFFFF2
:100E1000FFFFFFFFFFFFFFFFFFFFFFFFFFFFFFFFE2
:100E2000FFFFFFFFFFFFFFFFFFFFFFFFFFFFFFFFD2
:100E3000FFFFFFFFFFFFFFFFFFFFFFFFFFFFFFFFC2
:100E4000FFFFFFFFFFFFFFFFFFFFFFFFFFFFFFFFB2
:100E5000FFFFFFFFFFFFFFFFFFFFFFFFFFFFFFFFA2
:100E6000FFFFFFFFFFFFFFFFFFFFFFFFFFFFFFFF92
:100E7000FFFFFFFFFFFFFFFFFFFFFFFFFFFFFFFF82
:100E8000FFFFFFFFFFFFFFFFFFFFFFFFFFFFFFFF72
:100E9000FFFFFFFFFFFFFFFFFFFFFFFFFFFFFFFF62
:100EA000FFFFFFFFFFFFFFFFFFFFFFFFFFFFFFFF52
:100EB000FFFFFFFFFFFFFFFFFFFFFFFFFFFFFFFF42
:100EC000FFFFFFFFFFFFFFFFFFFFFFFFFFFFFFFF32
:100ED000FFFFFFFFFFFFFFFFFFFFFFFFFFFFFFFF22
:100EE000FFFFFFFFFFFFFFFFFFFFFFFFFFFFFFFF12
:100EF000FFFFFFFFFFFFFFFFFFFFFFFFFFFFFFFF02
:100F0000FFFFFFFFFFFFFFFFFFFFFFFFFFFFFFFFF1
:100F1000FFFFFFFFFFFFFFFFFFFFFFFFFFFFFFFFE1
:100F2000FFFFFFFFFFFFFFFFFFFFFFFFFFFFFFFFD1
:100F3000FFFFFFFFFFFFFFFFFFFFFFFFFFFFFFFFC1
:100F4000FFFFFFFFFFFFFFFFFFFFFFFFFFFFFFFFB1
:100F5000FFFFFFFFFFFFFFFFFFFFFFFFFFFFFFFFA1
:100F6000FFFFFFFFFFFFFFFFFFFFFFFFFFFFFFFF91
:100F7000FFFFFFFFFFFFFFFFFFFFFFFFFFFFFFFF81
:100F8000FFFFFFFFFFFFFFFFFFFFFFFFFFFFFFFF71
:100F9000FFFFFFFFFFFFFFFFFFFFFFFFFFFFFFFF61
:100FA000FFFFFFFFFFFFFFFFFFFFFFFFFFFFFFFF51
:100FB000FFFFFFFFFFFFFFFFFFFFFFFFFFFFFFFF41
:100FC000FFFFFFFFFFFFFFFFFFFFFFFFFFFFFFFF31
:100FD000FFFFFFFFFFFFFFFFFFFFFFFFFFFFFFFF21
:100FE000FFFFFFFFFFFFFFFFFFFFFFFFFFFFFFFF11
:100FF000FFFFFFFFFFFFFFFFFFFFFFFFFFFFFFFF01
:10100000D10020434D1600600000000000000000E9
:10101000201000600010006000A8026000000000C6
:101020000000006000B4020000000000FFFFFFFFAE
:10103000FFFFFFFFFFFFFFFFFFFFFFFFFFFFFFFFC0
:10104000FFFFFFFFFFFFFFFFFFFFFFFFFFFFFFFFB0
:10105000FFFFFFFFFFFFFFFFFFFFFFFFFFFFFFFFA0
:10106000FFFFFFFFFFFFFFFFFFFFFFFFFFFFFFFF90
:10107000FFFFFFFFFFFFFFFFFFFFFFFFFFFFFFFF80
:10108000FFFFFFFFFFFFFFFFFFFFFFFFFFFFFFFF70
:10109000FFFFFFFFFFFFFFFFFFFFFFFFFFFFFFFF60
:1010A000FFFFFFFFFFFFFFFFFFFFFFFFFFFFFFFF50
:1010B000FFFFFFFFFFFFFFFFFFFFFFFFFFFFFFFF40
:1010C000FFFFFFFFFFFFFFFFFFFFFFFFFFFFFFFF30
:1010D000FFFFFFFFFFFFFFFFFFFFFFFFFFFFFFFF20
:1010E000FFFFFFFFFFFFFFFFFFFFFFFFFFFFFFFF10
:1010F000FFFFFFFFFFFFFFFFFFFFFFFFFFFFFFFF00
:10110000FFFFFFFFFFFFFFFFFFFFFFFFFFFFFFFFEF
:10111000FFFFFFFFFFFFFFFFFFFFFFFFFFFFFFFFDF
:10112000FFFFFFFFFFFFFFFFFFFFFFFFFFFFFFFFCF
:10113000FFFFFFFFFFFFFFFFFFFFFFFFFFFFFFFFBF
:10114000FFFFFFFFFFFFFFFFFFFFFFFFFFFFFFFFAF
:10115000FFFFFFFFFFFFFFFFFFFFFFFFFFFFFFFF9F
:10116000FFFFFFFFFFFFFFFFFFFFFFFFFFFFFFFF8F
:10117000FFFFFFFFFFFFFFFFFFFFFFFFFFFFFFFF7F
:10118000FFFFFFFFFFFFFFFFFFFFFFFFFFFFFFFF6F
:10119000FFFFFFFFFFFFFFFFFFFFFFFFFFFFFFFF5F
:1011A000FFFFFFFFFFFFFFFFFFFFFFFFFFFFFFFF4F
:1011B000FFFFFFFFFFFFFFFFFFFFFFFFFFFFFFFF3F
:1011C000FFFFFFFFFFFFFFFFFFFFFFFFFFFFFFFF2F
:1011D000FFFFFFFFFFFFFFFFFFFFFFFFFFFFFFFF1F
:1011E000FFFFFFFFFFFFFFFFFFFFFFFFFFFFFFFF0F
:1011F000FFFFFFFFFFFFFFFFFFFFFFFFFFFFFFFFFF
:10120000FFFFFFFFFFFFFFFFFFFFFFFFFFFFFFFFEE
:10121000FFFFFFFFFFFFFFFFFFFFFFFFFFFFFFFFDE
:10122000FFFFFFFFFFFFFFFFFFFFFFFFFFFFFFFFCE
:10123000FFFFFFFFFFFFFFFFFFFFFFFFFFFFFFFFBE
:10124000FFFFFFFFFFFFFFFFFFFFFFFFFFFFFFFFAE
:10125000FFFFFFFFFFFFFFFFFFFFFFFFFFFFFFFF9E
:10126000FFFFFFFFFFFFFFFFFFFFFFFFFFFFFFFF8E
:10127000FFFFFFFFFFFFFFFFFFFFFFFFFFFFFFFF7E
:10128000FFFFFFFFFFFFFFFFFFFFFFFFFFFFFFFF6E
:10129000FFFFFFFFFFFFFFFFFFFFFFFFFFFFFFFF5E
:1012A000FFFFFFFFFFFFFFFFFFFFFFFFFFFFFFFF4E
:1012B000FFFFFFFFFFFFFFFFFFFFFFFFFFFFFFFF3E
:1012C000FFFFFFFFFFFFFFFFFFFFFFFFFFFFFFFF2E
:1012D000FFFFFFFFFFFFFFFFFFFFFFFFFFFFFFFF1E
:1012E000FFFFFFFFFFFFFFFFFFFFFFFFFFFFFFFF0E
:1012F000FFFFFFFFFFFFFFFFFFFFFFFFFFFFFFFFFE
:10130000FFFFFFFFFFFFFFFFFFFFFFFFFFFFFFFFED
:10131000FFFFFFFFFFFFFFFFFFFFFFFFFFFFFFFFDD
:10132000FFFFFFFFFFFFFFFFFFFFFFFFFFFFFFFFCD
:10133000FFFFFFFFFFFFFFFFFFFFFFFFFFFFFFFFBD
:10134000FFFFFFFFFFFFFFFFFFFFFFFFFFFFFFFFAD
:10135000FFFFFFFFFFFFFFFFFFFFFFFFFFFFFFFF9D
:10136000FFFFFFFFFFFFFFFFFFFFFFFFFFFFFFFF8D
:10137000FFFFFFFFFFFFFFFFFFFFFFFFFFFFFFFF7D
:10138000FFFFFFFFFFFFFFFFFFFFFFFFFFFFFFFF6D
:10139000FFFFFFFFFFFFFFFFFFFFFFFFFFFFFFFF5D
:1013A000FFFFFFFFFFFFFFFFFFFFFFFFFFFFFFFF4D
:1013B000FFFFFFFFFFFFFFFFFFFFFFFFFFFFFFFF3D
:1013C000FFFFFFFFFFFFFFFFFFFFFFFFFFFFFFFF2D
:1013D000FFFFFFFFFFFFFFFFFFFFFFFFFFFFFFFF1D
:1013E000FFFFFFFFFFFFFFFFFFFFFFFFFFFFFFFF0D
:1013F000FFFFFFFFFFFFFFFFFFFFFFFFFFFFFFFFFD
:10140000814205D051F8043B40F8043B8242F9D8B0
:10141000704700BF044A05494FF0000342F8043BFF
:101420009142FBD8704700BFC09E002060C50020DD
:101430002DE98848BFF34F8F00BF00BF00BF00BF3A
:1014400000F042F9684B0822C3F8542100BF00BFE6
:1014500000BF00BF00BF00BF00BF00BF00BF00BF94
:1014600000BF00BF00BF00BF00BF00BF5F4A6049B0
:101470006048FFF7C5FF604A60496148FFF7C0FF59
:10148000604CFFF7C7FF4FF470004FF0E0210023DE
:101490005D4AC1F8880D44F823200133B02BFAD1FE
:1014A0005A4B80215A4A03F8011B9342FBD14FF05B
:1014B000E0254D4E4FF08039DFF884B1DFF884A18C
:1014C0004FF0FF31C5F8084D0027C6F80491C6F863
:1014D00000B1C6F8F490C6F8F0A0D5F8243DDFF8C6
:1014E000688143F4E0234B4AC5F8243DD8F81C300A
:1014F00023F07F0343F04003C8F81C30D8F82430B1
:1015000023F07F0343F04003C8F824309166D1668E
:101510001167516700F0E0F83F4B4049A363404B2F
:10152000E36363236B610323AF612B613D4BC5F81C
:10153000203DD5F8FC3D43F08073C5F8FC3D3A4BA7
:101540001A6842F001021A605B680B6000F00EFB43
:10155000C6F804913548C6F800B1C6F8F490C6F84C
:10156000F0A000F085FCD8F86C10314B314A41F402
:101570004051C8F86C101F60C3F80871C3F81871A7
:10158000C3F82871C3F83871936BDB0708D442F6AF
:101590001563294951651365936B43F00103936308
:1015A000244A264C936843F00113936000F01CF921
:1015B00000F060F800F04CFC00F006FB00F086F84C
:1015C0002368132BFCD900F097FB2368B3F5967FB3
:1015D000FBD300F07FF800F07BF800F04DFC00F04A
:1015E00043FC30BFFDE700BF00800D4098E70100DD
:1015F000CC1F006000000000C09E00206807026051
:1016000000000020009C00202DEB000000E400E022
:10161000A0E400E000C00A40E9FF0000DCC40020B4
:10162000EDFF000000002020001000E00046C32372
:101630000040084000400D400000C056E0C40020BB
:101640001B1018200C0D111300C00F40054B4FF458
:101650002A01054A05485A641864054A9963954663
:10166000FFF7E6FE00C00A40FFAAAAAA0700200072
:1016700000000620104BA020104AD96E41F44031E2
:1016800010B4D96640F23764D96E41F44071D9661E
:1016900054649064936C1B06FCD4094A40F2376191
:1016A000A02351649364936C13F08003FBD1054A2B
:1016B00013705DF8044B704700C00F4000400C40B1
:1016C00000800C4020C50020704700BF704700BF5D
:1016D000704700BF00BF704710B44FF0E0230021F7
:1016E00010243148C3F8941DC3F89C4D1124C3F84D
:1016F000A00D2E48C3F89C4D1224C3F8A00D2C4811
:10170000C3F89C4D2B4AC3F8A00D2B4C42F0150298
:101710002A48C3F89C4DC3F8A00D294C2948C3F8AA
:101720009C4DC3F8A00D284CC3F89C2D2748284A8F
:10173000C3F8A04DC3F89C0DC3F8A02D02F5A0225C
:10174000244C0C322448C3F89C4DC3F8A02D234AE6
:10175000C3F89C0D224CC3F8A02D02F14062C3F8DF
:101760009C4D2048C3F8A02D0C32C3F89C0DC3F843
:10177000A02D00BF00BF00BF00BF00BF0122C3F803
:10178000942DBFF34F8FBFF36F8FC3F8501FBFF37C
:101790004F8FBFF36F8FD3F8142D5DF8044B42F4D5
:1017A0004032C3F8142D70473F0000102500080791
:1017B0000900100060C5002013002000210002076E
:1017C0001400002025000813090000101600202036
:1017D00027000B1317000040180000602F000B07B4
:1017E000190000701A000080F0B5B84B1822B84EEE
:1017F0000120B84F83B0C3F85C62B749C3F8607288
:10180000B64DC3F86462A6F53046B54CC3F86862BD
:10181000C3F86C52C3F87052C3F87452C3F87852CC
:1018200048F20C75DA661A675A679A67DA67C3F87E
:101830008020C3F88420C3F88820C1F82C03A94A6B
:10184000C1F83003C1F83403C1F83803C1F83C03D0
:10185000C1F85003A169A44B0A40A448A44913430A
:10186000A44AA361D4F8843043F00C03C4F8843054
:101870004FF0FF34036843F00203036003682B401A
:101880004FF400551A439C4B026044608A689B4C9D
:1018900013409B4A43F000538360C36823F07803EE
:1018A000C360036A134023430362036A1340954AEB
:1018B0002343954C43628262C2620022D1F8B83061
:1018C00023F03F0343F00103C0F8B830D1F8BC3037
:1018D0008E4923F03F0343F00103C0F8BC3040F2CF
:1018E0000563026105660467C0F880304566446799
:1018F0000224C0F88430036823F00203036081618E
:10190000834B8449C46143F8042B8B42FBD1774A53
:10191000136843F001031360136813F00103FBD154
:101920007A48022140F2F564906140F29940D16119
:1019300040F26641C2F8004242F20144C2F810127D
:101940007549C2F82002C2F8301240F2354173489E
:10195000C2F83442C2F84012714CC2F8500242F24E
:1019600001207049C2F854120121C2F86042C2F845
:1019700064025E48C2F8A030C2F8A430C2F8B010C9
:101980004369DA07FCD5012300244FF4803257491C
:101990004361C0F8A040C0F8A420C0F8B0304B6943
:1019A000DB07FCD5012300244FF400304F4A4B6184
:1019B000C1F8A040C1F8A400C1F8B0305369DF07F6
:1019C000FCD501230024584848495361C2F8A0407F
:1019D000C2F8A400C2F8B0304B69DE07FCD5D1F8DC
:1019E000003145F60D5221209BB24861934265D1EA
:1019F00000244FF4802201233C48C1F8A040C1F8E4
:101A0000A420C1F8B0304369DD07FCD501234FF4B1
:101A100000040021354A4361C0F8A040C0F8A4107A
:101A2000C0F8B0305369DC07FCD501234FF4000443
:101A30004FF480302D495361C2F8A040C2F8A40091
:101A4000C2F8B0304B69D807FCD501234FF400042D
:101A50004FF40030254A4B61C1F8A040C1F8A40002
:101A6000C1F8B0305369D907FCD501234FF4000405
:101A70002D481E495361C2F8A040C2F8A400C2F824
:101A8000B0304B69DA07FCD5D1F8003145F60D527C
:101A900021209BB24861934250D008254FF40004A6
:101AA00022490020224B234A009015705A1A012324
:101AB0002148224400F0C8F903B0F0BD1E4B0022BB
:101AC000C3E90022C3E9022203B0F0BD00801F4039
:101AD000F9B00100F910010000841F40F970010005
:101AE00000C00F40FFFCFF1F000300A000402A4081
:101AF00000802A401200FFFFFF37F70040000080FF
:101B000000FFF07CFF000F8363000200F05AF05AE0
:101B100000422A4000432A409F041830EB06180A6E
:101B20003806180A0632012604000300000000707F
:101B30000000007022C50020F0B600204FF4000421
:101B40004FF4802201230848C1F8A040C1F8A42026
:101B5000C1F8B0304369DB07FCD5012310254FF0F5
:101B6000807443619CE700BF00402A40F0B4154AEE
:101B700040274FF480314FF480564FF400554FF416
:101B8000404443F24200136913F0020F0ED113F4E4
:101B9000005F0FD013F4805F0ED0002BF3DA13F444
:101BA000803F0BD15B060BD5F0BC7047946151614F
:101BB0009061E8E75561E6E75661E4E79161E2E7A5
:101BC0005761E0E700800D403F4A03203F49F3EEB4
:101BD000095AD2F880304FF0000C9FED3D6A23F097
:101BE00001039FED3C5A30B4C2F88030C2F8900037
:101BF000D1F8E010384DCBB2384C39482B6007EEA5
:101C0000903A0B0DC1F30B21F8EEE77A06EE903A0D
:101C100007EE101A334BB8EEC77A2160F8EEE66A89
:101C2000314937EEC66A37EEC55A76EEC76A77EEA7
:101C3000E57A26EE266AC3ED006A25EE265AD2F82A
:101C4000803067EEA64AC0ED007AC6EE275A2748D4
:101C500085EE276AC4EEA76A75EE875AFCEEE55A50
:101C600036EE076A15EE904ABCEEC66A43EA0453A4
:101C700076EE877AC2F8803016EE103AD2F89041AC
:101C8000FCEEE77A01EA0341214317EE903AC2F8ED
:101C90009011C3F30B03D2F890110B431449C2F80F
:101CA0009031D2F8803043F00203C2F88030114BFB
:101CB00080F840C0C1F840314FF0E023012230BC31
:101CC000C3F80821704700BF00810D4000441F4049
:101CD0000000AA420000B4424CC4002048C40020C6
:101CE00050C4002054C400200000FF0F00E400E0B6
:101CF000009C002019ED0000314B40F6617210B5D8
:101D0000C3F8202140F2044400F09AF82D4A2E49ED
:101D1000D2F880302D4843F00303C2F880302C4BBA
:101D2000C1F8604102681A4203D1D1F8A8319A077C
:101D30001BD0254A4FF00041244B5963D2F8403163
:101D400043F00203C2F84031D2F840319B07FBD484
:101D50004FF400304FF0E0211C4B4FF00042C1F82F
:101D60008C0219209A6300F07BF8184A4FF08040EB
:101D7000154C002190630A20164B11604FF420721D
:101D8000C4F8A801184600F067F84FF48002034633
:101D90004FF4810040F243111860C4F858311A64BE
:101DA0000D4B0E4AC4F84811C3F804224FF0E0224C
:101DB0004FF400310123C2F80C11C4F8403110BDBA
:101DC00000800D4000C00F4000002E4000900D40EC
:101DD000001C1E0000000020009C002001EF0000FD
:101DE00008B50E4B1B6E9B0700D4FBBE72B60C4BA6
:101DF00000200C4AC3F8400103F160430A49A3F5EF
:101E00005F2311649D46BFF34F8F4FF400130748C3
:101E1000074ADB6902609B68984700BF00441F4087
:101E200000002E4000C00A40030020000080202057
:101E3000000012EBF8B500BFF8BC08BC9E46704726
:101E40005FF800F071F600005FF800F05900010043
:101E50005FF800F015EA00005FF800F0A95B0100F0
:101E60005FF800F081DE00005FF800F07DE4000024
:101E70005FF800F091DB00005FF800F0D96101002D
:101E80004500000085060000FD250000492C0000EB
:101E9000F94200001D530000E96000007562000077
:041EA00019CB00005A
:101EA40016035500530042002000530065007200E1
:101EB400690061006C0000001803540065006500AF
:101EC4006E00730079006400750069006E006F0095
:101ED4000403090409026200030100C032080B0074
:101EE40002020201000904000001020201000524AB
:101EF4000010010524010101042402060524060042
:101F0400010705820310001009040100020A000001
:101F14000007050302400000070584024000000991
:101F240004020002FF6AFF00070581024000010766
:101F3400050102400001000009026200030100C023
:101F440032080B000202020100090400000102022F
:101F540001000524001001052401010104240206E6
:101F64000524060001070582031000050904010089
:101F7400020A0000000705030200020007058402AC
:101F84000002000904020002FF6AC700070581027B
:101F94000002010705010200020100000A06000216
:101FA400EF02014001000000005EBCE2613FDD83FE
:101FB400C29C7E20A3FD1F41009D23BE46DB65F825
:081FC4008C11AF32CA57E97419
:101FCC000000000000000000000000000000000005
:101FDC0000000000000000000000000000000000F5
:101FEC000548064B1B1AD90F01EBA301491002D06F
:101FFC00034B03B118477047C09E0020C09E0020C1
:10200C000000000008B5054B1BB105490548AFF3AE
:10201C000080BDE80840FFF7E3BF00BF00000000F0
:10202C00F8C3002000B402600346012200B583B05F
:10203C0093F80DC099880DF1070083F80CC08DF84A
:10204C0007C00EF0EBF903B05DF804FB0346012268
:10205C0000B583B093F80DC099880DF1070083F893
:10206C000CC08DF807C00EF0D9F903B05DF804FB75
:10207C0000B500F1140183B0844600F10C026B46EC
:10208C0003C983E8030082E803000822BCF80410AB
:10209C0018460EF0C3F903B05DF804FB03460422A6
:1020AC0000B583B0D3F810C099880DEB0200C3F8CB
:1020BC000CC0CDF804C00EF0B1F903B05DF804FB10
:1020CC000346042210B582B01C6999880DEB0200FE
:1020DC00DC6001940EF0A2F902B010BD10B50446FC
:1020EC0080880DF0F1FF207310BD00BF10B50446C1
:1020FC0080880DF0E9FF207310BD00BF70B5858896
:10210C0000F10C0400F114062D1A0C3D60190DF0B1
:10211C00DBFF04F8010BA642F8D170BD70B58588C1
:10212C0000F10C0400F110062D1A0C3D60190DF095
:10213C00CBFF04F8010BA642F8D170BD70B58588B1
:10214C0000F10C0400F110062D1A0C3D60190DF075
:10215C00BBFF04F8010BA642F8D170BD70B5044664
:10216C0000F1140106F048F8054604F12801204658
:10217C0006F042F8034604F13C0120461D4006F0EF
:10218C003BF8034604F15001EDB220461D4006F029
:10219C0033F8034604F1640120461D4006F02CF888
:1021AC00064604F17801204606F026F82E40054636
:1021BC0004F18C01204606F01FF83540064604F168
:1021CC00A001204606F018F82E40054604F1BC018B
:1021DC00204606F011F83540064604F1D801204699
:1021EC0006F00AF82E40054604F1F401204606F0EC
:1021FC0003F83540064604F58871204605F0FCFFCF
:10220C002E40054604F59671204605F0F5FF354045
:10221C00064604F5A471204605F0EEFF2E40054657
:10222C0004F5B271204605F0E7FF3540064604F58B
:10223C00C071204605F0E0FF2E40054604F5CE7136
:10224C00204605F0D9FF3540064604F5DC712046E2
:10225C0005F0D2FF2E40054604F5EA71204605F044
:10226C00CBFF3540064604F5F871204605F0C4FF57
:10227C002E40054604F50371204605F0BDFF3540A0
:10228C00064604F50A71204605F0B6FF2E400546B9
:10229C0004F51171204605F0AFFF3540064604F5F4
:1022AC001871204605F0A8FF2E40054604F51C7158
:1022BC00204605F0A1FF3540034604F52071204669
:1022CC001D4005F099FF08B105B170BD20210448EF
:1022DC000FF010FD0348BDE870400DF079B800BF59
:1022EC00600A00203091002070B5002245F60141B3
:1022FC00044605F025FFC44AF3EE047A0023DFF808
:10230C0040E30425C14E2260BAEE0E7AC04A4FF06B
:10231C00080C2383FAEE046A636262614FF40002D4
:10232C00A3852363A57684F82E50A4F8403063640B
:10233C0084F84250A4F85430A36584F85650A4F89D
:10234C006830E36684F86A50A4F87C30A662E663D1
:10235C0026656666C4ED0D7AC4ED0E7AC4ED177A67
:10236C00C4ED187AC4F848E0C4F84CE0C4F870E046
:10237C00C4F874E0A749A848C4E90733C4F880300E
:10238C00A667C4F88C60A54E84F87E50C4F8C8606B
:10239C00C4F8D060A24E84F892500125A4F8903075
:1023AC00C4F89430A4F8A430C4F8A830C4F8A00041
:1023BC00A4F8C030C4F8C430C4F8BC00A4F8DC30B5
:1023CC00C4F8E030C4F8D800C4ED217AC4ED227A08
:1023DC00C4F898E0C4F89CE0C4F8ACE084ED2C7A26
:1023EC00C4F8B4E084ED2E7A84F8A6C084ED337A78
:1023FC0084ED357A84F8C2C0C4F8E4E0C4F8ECE0AB
:10240C00C4F8E860C4F8F060A4F8F830C4F8FC3004
:10241C00C4F8F400C4F80011C4F80421C4F808117D
:10242C00C4F80C21A4F81431C4F81831C4F8100104
:10243C00C4F81C11C4F82021C4F82411C4F82821B4
:10244C00A4F83031C4F83431C4F82C01C4F8381174
:10245C00C4F83C21C4F84011C4F84421A4F84C3110
:10246C00C4F85031C4F84801C4F85411C4F85821C8
:10247C00C4F85C11C4F8602184F8DEC084F8FAC09A
:10248C0084F816C184F832C184F84EC1A4F86831BE
:10249C00C4F86C31C4F86401C4F87011C4F8742128
:1024AC00C4F87811C4F87C21A4F88431C4F88831BC
:1024BC00C4F88001C4F88C11C4F89021C4F89411AC
:1024CC00C4F89821A4F8A031C4F8A431C4F89C0134
:1024DC00C4F8A811C4F8AC21C4F8B011C4F8B421E4
:1024EC00A4F8BC31C4F8C031C4F8B801C4F8C411A4
:1024FC00C4F8C821C4F8CC11C4F8D02184F86AC13E
:10250C0084F886C184F8A2C184F8BEC1A4F8D8317D
:10251C00C4F8E421C4F8EC21C4F81C22C4F8242229
:10252C00404AC4F8E011C4F8FC21C4F804223E4A25
:10253C00C4F8E811C4F83422C4F83C223B4AC4F86D
:10254C001812C4F82012C4F838223949C4F84022B1
:10255C00384AC4F8DC31C4F8D401A4F8F431C4F816
:10256C00F831C4F8F001A4F81032C4F81432C4F8ED
:10257C000C02A4F82C32C4F83032C4F82802A4F8A7
:10258C00483284F8DAC1C4ED806AC4ED826A84F8FA
:10259C00F6C184F812C284F82EC2C4F84C32C4F8C6
:1025AC006012C4F8701240F60A21C4F85022C4F824
:1025BC00582240F20112A4F86432C4F86832A4F82C
:1025CC007432C4F87832A4F87C12A4F884321A4914
:1025DC00C4F88832A4F88C2243F63C42174BC4F85A
:1025EC004402204684F84AC284F8665284F8765233
:1025FC00C4F8801284F88652C4F85432C4F85C32A1
:10260C00A4F86C2270BD00BF301A0020D019002035
:10261C00F0190020FFFF7F7FB019002000007042EE
:10262C00000020C200005C410000FA430000FAC325
:10263C00E01900200000FA44C01900200000FAC480
:10264C000000A0420DF01CBD00207047704700BF79
:10265C00036D0BB101207047406D003818BF01208D
:10266C00704700BF10B50446806D18B113F048FBDD
:10267C000023A365236D2BB104F11800BDE81040B5
:10268C000BF014BC636D002BF6D110BDF0B595B0FA
:10269C0000224FF47A74244F1831054604A88DF8A3
:1026AC000C200097CDE90124CDE912220BF06AFC35
:1026BC00129B002B2DD05C2000260DF061FF019B9E
:1026CC0004464660C36004A9029B183040F8083CDD
:1026DC009DF80C3000F8043C144B40F8183C144B9B
:1026EC0040F8103C0BF0A0FB124B4FF47A72A76031
:1026FC002B606368A66501336E602E73AA602C6133
:10270C0063600D4B04A800930BF0D0FB284615B06A
:10271C00F0BD139B002BCED1064A2B732A602B6184
:10272C00C5E90134EDE700BF301B0020541B00202D
:10273C00B01B0020041B0020001A002010B504461A
:10274C00806D00B110BD4FF4807013F0D1FAA0650C
:10275C00B0B10022236D02703BB101464FF4807280
:10276C0018460AF0F3FFA06D10BD636D002BE9D085
:10277C0001464FF48072184608F080FFA06D10BD22
:10278C00014B1846A36510BD1FC5002038B5056D5B
:10279C006DB10BB1002038BD1146284609F0FCFF85
:1027AC000028F7D02846BDE838400AF097B9446DA8
:1027BC00002CEFD0204607F00FFF0028EAD020466F
:1027CC00BDE8384008F082BD8A79A2F150031B069F
:1027DC0022D402F26C72F0B54B7985B0046D0133E2
:1027EC000D798E784F78DBB209784CB12046019682
:1027FC000095CDE9027104210AF004F905B0F0BD91
:10280C00406D0028FAD001960095CDE902710421A3
:10281C0008F0A0FC05B0F0BD0020704710B50446D0
:10282C00006D80B1037813F0700F00D110BD002142
:10283C0009F0B2FF606D0028F8D000220023BDE83B
:10284C00104007F0C9BE606D0028EFD090F8313011
:10285C0013F0500FEAD000220023BDE8104007F01F
:10286C00BBBE00BF036D10B50C4682B02BB30DF18F
:10287C00060201A9184609F035FB38B3BDF804303F
:10288C00BDF8062053EA020120D0C2F3451C02F029
:10289C001F00D20AC3F34311400084F801C0A27098
:1028AC005A0A013903F01F0302F5EA622070012075
:1028BC0061712371A27102B010BD406D30B10DF188
:1028CC00060201A907F02EFD0028D7D1002002B086
:1028DC0010BD00BF036D10B50C4682B02BB30DF1CB
:1028EC00060201A9184609F0EDFA38B3BDF8043018
:1028FC00BDF8062053EA020120D0C2F3451C02F0B9
:10290C001F00D20AC3F34311400084F801C0A27027
:10291C005A0A013903F01F0302F5EA622070012004
:10292C0061712371A27102B010BD406D30B10DF117
:10293C00060201A907F0E4FC0028D7D1002002B060
:10294C0010BD00BF0369D3B10E4810B41C68E46815
:10295C0084420FD1186D18B15DF8044B0AF0F8B829
:10296C00586D18B15DF8044B08F022BD00205DF8DD
:10297C00044B7047184623465DF8044B184700205B
:10298C00704700BFDD0B0000006990B10368154A69
:10299C001B69934225D1036D63B1187810F00800C0
:1029AC0007D0D8695B69C01A48BF6FF00040704708
:1029BC0018467047436D002BFAD093F8310010F095
:1029CC000800F6D0186919685A69401A5B6862EBFE
:1029DC000303B0F1004F73F10003EAD36FF0004032
:1029EC00704718478D0C0000036963B11A680749DA
:1029FC0092698A4208D1186D08B109F0FDBF586D73
:102A0C0008B108F031BA704718461047C90B0000DE
:102A1C00036973B11A68084952698A4207D1186D63
:102A2C0008B109F045BD586D18B107F0BFBD184687
:102A3C0010474FF0FF3070470D0B0000036923B3B4
:102A4C001968134A10B58C6882B0944214D1186D71
:102A5C0048B101220DF1070109F056FC90B19DF827
:102A6C00070002B010BD586D0028F8D001220DF1FE
:102A7C00070107F0CBFCF1E701220DF10701184625
:102A8C00A047EBE74FF0FF30EBE74FF0FF3070471C
:102A9C00650B0000036D13B1586900217047436D3D
:102AAC0013B1D3E90001704718461946704700BFAF
:102ABC00036D13B1D86900217047436D13B1D3E98D
:102ACC000401704718461946704700BF036D13B1D7
:102ADC00184609F0EDBC406D08B107F067BD4FF02A
:102AEC00FF307047836C13B1184609F0E1BCC06C21
:102AFC0008B107F05BBD4FF0FF307047036D33B189
:102B0C001B7813F0700F14BF012000207047406D2C
:102B1C0030B190F8313013F0500F14BF0120002069
:102B2C00704700BF036D13B1184609F0EDBB406D43
:102B3C0008B107F06BBC4FF0FF307047836C00B5E9
:102B4C0083B063B101220DF10701184609F0DCFBDB
:102B5C0001280CD19DF8070003B05DF804FBC06C94
:102B6C0028B101220DF1070107F050FCF0E74FF0FE
:102B7C00FF30F1E7836C13B1184609F03DBFC06C10
:102B8C0008B108F071B97047036D13B1184609F01C
:102B9C0033BF406D08B108F067B97047036D13B1CE
:102BAC00184609F0D5BF406D08B108F001BC70475C
:102BBC00836C13B1184609F0CBBFC06C08B108F098
:102BCC00F7BB704700B5836C83B08DF8071043B129
:102BDC0001220DF10701184609F0BAFF03B05DF8A8
:102BEC0004FBC06C0028F9D001220DF1070108F09C
:102BFC00DFFB03B05DF804FB8A79A2F150031B06DE
:102C0C0022D402F26C72F0B54B7985B0046D0133AD
:102C1C000D798E784F78DBB209784CB1204601964D
:102C2C000095CDE90271022109F0ECFE05B0F0BD72
:102C3C00406D0028FAD001960095CDE90271022171
:102C4C0008F088FA05B0F0BD00207047036D53B151
:102C5C00187810F008000DD0D8695B69C01A48BF0D
:102C6C006FF000407047436DA3B193F8310010F042
:102C7C00080000D17047186919685A69401A5B68D6
:102C8C0062EB0303B0F1004F73F10003F2D36FF06A
:102C9C00004070471846EDE7836C53B1187810F07C
:102CAC0008000DD0D8695B69C01A48BF6FF00040AE
:102CBC007047C36CA3B193F8310010F0080000D139
:102CCC007047186919685A69401A5B6862EB03030C
:102CDC00B0F1004F73F10003F2D36FF00040704776
:102CEC001846EDE700B5006983B08DF8071060B1A8
:102CFC000368104ADB68934215D1036D43B101227E
:102D0C000DF10701184609F023FF03B05DF804FB31
:102D1C00406D0028F9D001220DF1070108F048FBA5
:102D2C0003B05DF804FB01220DF10701984703B0D5
:102D3C005DF804FBDD0B000038B504460C4B806DD0
:102D4C00236018B112F0DCFF0023A365236D04F19E
:102D5C0018054BB128460BF0A9F8064B2846A36082
:102D6C000BF0A4F8204638BD636D002BF2D1F4E7CC
:102D7C00541B0020001A002038B504460E4B806D01
:102D8C00236018B112F0BCFF0023A365236D04F17E
:102D9C0018056BB128460BF089F8084B2846A36040
:102DAC000BF084F820465C210DF0ECFB204638BD7E
:102DBC00636D002BEED1F0E7541B0020001A0020AD
:102DCC0038B505460C460D4801210EF093FF002343
:102DDC000A2229460A480CF017FB34B1204615F09C
:102DEC000FFA014620460EF085FF05480CF0F0FA6C
:102DFC000120BDE838400DF023B800BF900E002034
:102E0C003091002070B5264B044605690360002DF7
:102E1C0032D06E68013E6E6076BB2B68214ADB6A4D
:102E2C00934233D1A86D10B112F06AFFAE652B6DD1
:102E3C0043B305F118000BF039F82569E5B12B689F
:102E4C00194A5B68934228D1184BA86D2B6018B1B6
:102E5C0012F056FF0023AB652B6D05F11806C3B1BC
:102E6C0030460BF023F8124B3046AB600BF01EF8DB
:102E7C005C2128460DF086FB204614210DF082FBC8
:102E8C00204670BD6B6D002BD3D1D6E728469847F2
:102E9C00D3E76B6D002BE3D1E5E728469847EBE7CA
:102EAC00041B0020A5060000B90D0000541B0020D7
:102EBC00001A002030B4029C11469C4634B1012CFF
:102ECC001CD0022C0ED0002030BC7047056DF5B123
:102EDC004FF0FF33934274EB0C04F4D3284630BC10
:102EEC0009F05ABC026D0AB3D36959184CF10003AE
:102EFC00002BE8D1104630BC09F04EBC026D62B11B
:102F0C00536959184CF10003002BDCD1F2E7406DEA
:102F1C000028D8D030BC07F05FBB406D0028D2D061
:102F2C00D0E900238A184CEB0303F3E7406D00282B
:102F3C00C9D0D0E9042330BC8A184CEB030307F04A
:102F4C004BBB00BF70B5244B044605690360002DD4
:102F5C0032D06E68013E6E6076BB2B681F4ADB6A0E
:102F6C0093422FD1A86D10B112F0CAFEAE652B6D35
:102F7C0023B305F118000AF099FF2569E5B12B6818
:102F8C00174A5B68934224D1164BA86D2B6018B17D
:102F9C0012F0B6FE0023AB652B6D05F11806A3B13C
:102FAC0030460AF083FF104B3046AB600AF07EFFD0
:102FBC005C2128460DF0E6FA204670BD6B6D002BA7
:102FCC00D7D1DAE728469847D7E76B6D002BE7D1C6
:102FDC00E9E728469847EFE7041B0020A506000008
:102FEC00B90D0000541B0020001A002070B50446D7
:102FFC000E460E49154606F079FA4C22002104F5CE
:10300C000E7014F0B1FD4FF47A7200232046C4F810
:10301C009422074AC4F88462C4F8903284F8983237
:10302C00C4F89C32C4E9A25270BD00BF409100208C
:10303C00041B002010B5037888B00446073B1A2BFC
:10304C0000F2D280DFE803F0C8C6C4C2D0C0BCB85E
:10305C00B4B2B0AEAC9F9993916A5B4C41817989C3
:10306C002A1F0E0000F5207200F51F7106F096FB6A
:10307C00002800F0C7801621D4F8840208B0BDE8FF
:10308C00104006F019BC00F51E7200F51D7106F01B
:10309C006DFB002800F0C0801521EDE700F51C71D8
:1030AC0000F51B7200F51A7004F51973CDE90121B6
:1030BC00009004F5187204F51771204606F01AFBFF
:1030CC00002800F09F801421D6E700F5127200F55D
:1030DC00117106F0C3FB002840F0A18008B010BDB0
:1030EC0000F5157200F5147106F0A0FB0028F5D060
:1030FC000E21D4F8840206F0DFFB0421BCE700F5B6
:10310C00127200F5117106F079FB0028E6D00D2142
:10311C00D4F8840206F0D0FB0321ADE700F50F7262
:10312C0000F50E7106F052FB0028D7D00C21D4F814
:10313C00840206F0C1FB02219EE700F5137106F034
:10314C00A7FB0028CAD0102196E700F5107106F0F5
:10315C009DFB0028C2D00F218EE700F5167106F0FA
:10316C0099FB0028BAD0112186E71B2184E7162190
:10317C00012205F04BF91E217EE71521012205F0F5
:10318C0045F91D2178E70B21D0F8840206F094FB59
:10319C0001221421204608B0BDE8104005F036B9D4
:1031AC000A2169E7092167E7082165E7072163E739
:1031BC000621D0F8880261E70521D0F888025DE786
:1031CC000421D0F8880259E7132155E7062153E76B
:1031DC00002151E701214FE70021D0F8840206F0CD
:1031EC006BFB01220721D5E7104905A80CF0B8FAB2
:1031FC00032205A904F5237004F0A8FB05A80CF024
:10320C00E9FA6BE719210A480EF074FD094808B079
:10321C00BDE810400CF0DCB81B210748F4E70D2189
:10322C00D4F8840206F048FB052125E7E40B0020C6
:10323C00AC0B002030910020C80B002070B584B07E
:10324C00044605F0B7FF00B30346114D04F5237691
:10325C000EE00CF085FA032201A9304604F076FB4F
:10326C0001A80CF0B7FA204605F0A4FF034660B1A4
:10327C00012B294601A8ECD12046FFF7DBFE2046A6
:10328C0005F098FF03460028F2D104B070BD00BFD2
:10329C00940E002038B5404C142140480EF02AFD05
:1032AC0020460CF095F83E4907203E4DFFF788FD6F
:1032BC003D490820FFF784FD3C490920FFF780FDBC
:1032CC003B490A20FFF77CFD3A490C20FFF778FDBB
:1032DC0039490D20FFF774FD38490E20FFF770FDBA
:1032EC0037490F20FFF76CFD36491020FFF768FDBA
:1032FC0035491120FFF764FD34491220FFF760FDBA
:10330C0033491320FFF75CFD32491420FFF758FDB9
:10331C0031491520FFF754FD30491620FFF750FDB9
:10332C002F491720FFF74CFD142128460EF0E2FC24
:10333C0020460CF04DF82B491820FFF741FD2A4987
:10334C001920FFF73DFD29491A20FFF739FD2849BF
:10335C001B20FFF735FD27491C20FFF731FD2649BF
:10336C001D20FFF72DFD25491E20FFF729FD2449BF
:10337C001F20FFF725FD23492020FFF721FD2249BF
:10338C002120FFF71DFD284614210EF0B3FC20462A
:10339C00BDE838400CF01CB830910020FC0B00202C
:1033AC00140C0020300D0020280C0020380C0020BC
:1033BC00440C0020580C0020680C0020780C0020D5
:1033CC00880C0020980C0020A80C0020B80C0020C1
:1033DC00CC0C0020E00C0020F40C0020080D002088
:1033EC00180D0020480D0020640D0020800D0020D9
:1033FC00980D0020C00D0020DC0D0020F40D0020E5
:10340C00100E0020480E00206C0E002010B5144940
:10341C00044604F043FF0EF0E1FBC0B26D2813D05C
:10342C00204605F0C7FE48B10128F9D12046FFF728
:10343C0001FE204605F0BEFE0028F5D120460949C4
:10344C00BDE8104004F02ABF0EF02EFC2046FFF71A
:10345C0021FF20460349BDE8104004F01FBF00BF08
:10346C00309100204091002010B504460A460221FC
:10347C0006F022FE204610BD44F2220106F008BBE5
:10348C0044F2670106F004BB44F27D0106F000BB78
:10349C0010B5044606F00AFD431C0BD007EE900A4B
:1034AC00DFED056A0120F8EEE77A87EEA67A84ED67
:1034BC00077A10BD002010BD00102446000000004B
:1034CC009FED0B7BB7EEC00A10B520EE070B044640
:1034DC00B7EEC00B06F0C2FD00B910BD32200CF0E7
:1034EC00AFFC204644F22501BDE8104006F0D0BAEE
:1034FC00C294922FB2AEAB3F9FED0B7BB7EEC00ADE
:10350C0010B520EE070B0446B7EEC00B06F0A6FD77
:10351C0000B910BD32200CF093FC204644F250014F
:10352C00BDE8104006F0B4BAC294922FB2AEAB3FD5
:10353C0008B5836803B19847044AD3889BB243F417
:10354C008043D380BFF34F8F08BD00BF00800B407A
:10355C0008B5836803B19847034A137803F0F7035F
:10356C001370BFF34F8F08BD00400B400B4B186816
:10357C0088B103680A4A1B6893420DD1836810B561
:10358C0003B19847074AD3889BB243F48043D38056
:10359C00BFF34F8F10BD7047184700BFC0B200205B
:1035AC007115000000800B402DE9F04F00F54673BB
:1035BC0087B000F5BE62DFF8ECE0044600F1380994
:1035CC0000F1440800F1880B00F5B76A00F15007D0
:1035DC0000F160060493059284460025BEE80F00B6
:1035EC00ACE80F00BEE80F00ACE80F00BEE80F001F
:1035FC00ACE80F009EE8030010228CE8030039466B
:10360C00484606F049F931461022404606F044F986
:10361C0004F17000C4E91455C4E91655C4E91855F1
:10362C00C4E91A5502F090FE4FF47A735846A56718
:10363C00E3671A4B84F880506367C4F88450FEF734
:10364C0053FE049F424649463846FFF7CFFC012102
:10365C00504602F0CDFE059E01213046FFF704FFD7
:10366C0053464A46414604F21460CDF808B001971F
:10367C00009601F0DDFA0A4B4FF4807220461B686D
:10368C00A4F8205CC4F8285CA4F82C2C84F82E5CDC
:10369C00C4F8243C07B0BDE8F08F00BF041B002029
:1036AC00E0C400209803002090F8213C90F8202CD6
:1036BC009A4210B5044611D000EBC302012180F8E8
:1036CC002E1C5068C20725D454F8333004EB60002C
:1036DC009847002294F8203C84F82E2C04EBC3026B
:1036EC005068C2070CD5421054F8333004EB60001C
:1036FC00A258D358984794F8203C84F8213C10BD2C
:10370C0054F8333004EB6000984794F8203C84F86C
:10371C00213C10BD40FA01F254F8333004EB600048
:10372C00A258D358D4E700BF30B41A4D00211A4C1C
:10373C002B6C1A4A43F4001391602B64636F43F4AF
:10374C0040336367164C174B2260174A174CC2F86C
:10375C00B04146F2A01441F210321C804FF0E0242C
:10376C001A8044F20A02DA801A8892B242F06C0291
:10377C001A804FF080521981C4F808219B889B074E
:10378C0001D430BC70470A4900F5467030BC05F0D6
:10379C00B3BE00BF00C00A4000C00F40FCC40020F4
:1037AC00C0B2002000800B40009C0020AD15000032
:1037BC00B0110020F0B591B004467F4907A80BF07A
:1037CC00CFFF04F5B76006F0BBFA00285BD10DAD56
:1037DC0004F17407794928460BF0C2FF03222946ED
:1037EC00384604F0B3F828460BF0F4FF04F5BE603D
:1037FC0006F0A6FA002840F09580714928460BF097
:10380C00AFFF03223846294604F0A0F828460BF0F7
:10381C00E1FFB4F8FE2504F54675B4F8FC352846EE
:10382C00CDE90332B4F8FA25B4F8F835CDE9013214
:10383C00B4F8C625B4F8C4350092B4F8C225B4F86F
:10384C00C01505F077FE64200CF0FAFAB4F8FE25EA
:10385C00B4F8FC352846CDE90332B4F8FA25B4F8AF
:10386C00F835CDE90132B4F8C625B4F8C435009268
:10387C00B4F8C225B4F8C01505F05CFE07A80BF02F
:10388C00A9FF11B0F0BD0AAE0DAD4E4904F174079D
:10389C0030460BF065FF1022B4F8C01528460BF02B
:1038AC00D5FF294630460CF06BF828460BF092FFFA
:1038BC00454930460CF068F81022B4F8C215284679
:1038CC000BF0C4FF294630460CF05AF828460BF092
:1038DC0081FF3D4930460CF057F81022B4F8C6155C
:1038EC0028460BF0B3FF294630460CF049F8284621
:1038FC000BF070FF0A9900295BD028460BF030FFC3
:10390C0003222946384604F021F828460BF062FFC2
:10391C0030460BF05FFF04F5BE6006F011FA00288C
:10392C003FF46BAF0AAE294930460BF019FF102259
:10393C00B4F8F81528460BF089FF294630460CF0F0
:10394C001FF828460BF046FF1F4930460CF01CF8B8
:10395C001022B4F8FA1528460BF078FF29463046A9
:10396C000CF00EF828460BF035FF174930460CF0DA
:10397C000BF81022B4F8FE1528460BF067FF294609
:10398C0030460BF0FDFF28460BF024FF0A9971B16D
:10399C0028460BF0E5FE03222946384603F0D6FFF5
:1039AC0028460BF017FF30460BF014FF31E708499F
:1039BC00EEE70749A1E700BFAC0900208C170020F7
:1039CC00D0170020B8170020CC17002004180020B6
:1039DC00B08F002070B5044684B000F5B76006F0D7
:1039EC0083F9E0B12C4B002294F8B8551A7025B924
:1039FC0094F8B9357BBB04B070BD132127480EF089
:103A0C0079F927480BF0E4FC012104F1380005F0AA
:103A1C0053FF204604B0BDE87040FFF7CBBE2149F0
:103A2C00054601A81C4E0BF09BFE032201A904F1D4
:103A3C00740003F08BFF01A80BF0CCFE337801333C
:103A4C00DBB20A2B3370D6D1174904F5467005F05A
:103A5C0053FD3570CFE704F5BE6004F54676FFF7ED
:103A6C000BFD142111480EF045F90D480BF0B0FC7C
:103A7C00294604F1380005F01FFF0121304604F0FF
:103A8C0075FD64200CF0DCF90121304604B0BDE872
:103A9C00704004F06BBD00BF1EC5002068180020EC
:103AAC0030910020181800203C1800207C180020B1
:103ABC0070B5054684B000F5BE6006F015F950B13E
:103ACC001C4A002495F8F035147003BB95F8F145A9
:103ADC00204604B070BD1849044601A8154E0BF0E1
:103AEC003FFE032201A905F1740003F02FFF01A88A
:103AFC000BF070FE33780133DBB20A2B3370E7D155
:103B0C000E4905F5467005F0F7FC3470E0E701212D
:103B1C0005F1380005F0D0FE112109480EF0EAF845
:103B2C0008480BF055FC2846FFF744FE204604B02D
:103B3C0070BD00BF1CC50020080F0020300F0020F6
:103B4C00640F002030910020F0B500F5BE6685B002
:103B5C000446304606F0C8F8002831D03D4B002210
:103B6C001A7094F8F235002B58D194F8F035002BDC
:103B7C0042D194F82D3C2BB994F8F135002B58D147
:103B8C0005B0F0BD94F8F235002BF9D094F8F1356E
:103B9C00002BF5D004F5AC63304693ED000AFFF72B
:103BAC00ABFC00284ED1012104F1380005F084FE55
:103BBC00212129480EF09EF828480BF009FC41E021
:103BCC002749054601A8234F0BF0CAFD032201A982
:103BDC0004F1740003F0BAFE01A80BF0FBFD3B7876
:103BEC000133DBB20A2B3B70BBD11E4904F5467086
:103BFC0005F082FC3D70B4E7012104F1380005F0BA
:103C0C005BFE112118480EF075F814480BF0E0FB20
:103C1C00204605B0BDE8F040FFF7CCBD0C211348A1
:103C2C000EF068F80D480BF0D3FB012384F82B3C05
:103C3C009BE704F5AC63304693ED000AFFF740FCBC
:103C4C000028B0D094F82D3C83F0010384F82D3C6F
:103C5C0005B0F0BD1DC500208C1100203091002056
:103C6C00080F0020300F0020640F00207C11002072
:103C7C00F0B590F8285C85B004464DB300F5B765F7
:103C8C00284605F0CFFE20B1284605F093FE0546E8
:103C9C00D8B904F17000002502F030FB002104F1CA
:103CAC00380005F009FE3B4901A80BF059FD01A9AC
:103CBC00032204F1740003F049FE01A80BF08AFD05
:103CCC00344904F5467005F017FC284605B0F0BDE4
:103CDC0000F1700700F5B766384602F0EFFA4FF4C2
:103CEC007A700CF0ADF8304605F018FE50B34FF476
:103CFC00FA700CF0A5F8304605F094FE28B1304669
:103D0C0005F058FE0346002839D1384602F0F6FA81
:103D1C00002104F1380005F0CFFD1E4901A80BF07D
:103D2C001FFD01A9032204F1740003F00FFE01A88A
:103D3C000BF050FD04F54670164905F0DDFB2846E6
:103D4C0005B0F0BD384602F0D9FA294604F1380026
:103D5C0005F0B2FD104901A80BF002FD01A90322E8
:103D6C0004F1740003F0F2FD01A80BF033FD04F52F
:103D7C004670094905F0C0FB284605B0F0BD1D464C
:103D8C00304602F09BFB0123284684F8283C05B002
:103D9C00F0BD00BF381100205C1100202DE9F0416E
:103DAC0090F8295C84B01DB990F8283C04461BB9E6
:103DBC00284604B0BDE8F08100F1700600F5BE673E
:103DCC00304602F0F1FA4FF4FA700CF039F838463C
:103DDC0005F028FE18B1384605F0ECFDE8B9304680
:103DEC0002F0FAFA002104F1380005F065FD2649CD
:103DFC0001A80BF0B5FC01A9032204F1740003F037
:103E0C00A5FD01A80BF0E6FC04F546701E4905F073
:103E1C0073FB284604B0BDE8F08104F5B768404652
:103E2C0005F000FE20B1404605F0C4FD8046E8B91F
:103E3C00304602F0D1FA304602F060FA002104F16B
:103E4C00380005F039FD114901A80BF089FC01A9D6
:103E5C00032204F1740003F079FD01A80BF0BAFC05
:103E6C000B4904F5467005F047FBA1E7B7EE000AD5
:103E7C003846FFF741FB3846FFF7FEFA012345466B
:103E8C0084F8293C94E700BFCC11002038110020A5
:103E9C00F411002010B50446703002F02FFA002304
:103EAC0084F8283C84F82A3C10BD00BF38B5044681
:103EBC000025703002F090FA1F21064884F8295C26
:103ECC0084F82B5C0DF016FF03480BF081FA84F894
:103EDC002A5C38BD281200203091002038B50446E9
:103EEC00084D092108480DF005FF0023D4F8A8104F
:103EFC0028460A220BF088FA2846BDE838400BF019
:103F0C0067BA00BF30910020FC0E002000F62F4154
:103F1C00C82210B582B004468830019104F050F9E3
:103F2C000199A0B1034604F546701A46019004F0BD
:103F3C00B9F92321019804F075FC1E2105480DF0F8
:103F4C00D9FE054802B0BDE810400BF041BA232160
:103F5C000248F4E7DC0E002030910020B80E00205F
:103F6C002DE9F04F2DED068B9FEDBB9B9FEDBC8B90
:103F7C0087B09FEDBDAA044600F13805284605F030
:103F8C0095FC68BB20230DF10B0128468DF80B30F6
:103F9C0005F0ACFC20B39DF80B301E2B25D8DFE8C8
:103FAC0013F075026D02630259024F0245023D0285
:103FBC0038022F021B020002BC01AF01A2019501C5
:103FCC0082016F01480124002001BA0094006E00A8
:103FDC0024002400240024006A005700440032000E
:103FEC0007B0BDEC068BBDE8F08FA04903A80BF021
:103FFC00B7FB032203A904F1740003F0A7FC03A888
:10400C000BF0E8FBBAE70122B4F80C1303A884F810
:10401C0014238DF80C200CF001FA172194480DF0A4
:10402C0069FE94480BF0D4F9A8E700230122B4F8F8
:10403C000C1303A884F814338DF80C300CF0EEF943
:10404C001A218D480DF056FE8A480BF0C1F995E700
:10405C0094F8203C012B91D994F81433002B8DD07B
:10406C0004F2146104F5467005F046FA0021284666
:10407C0005F022FC82E72046FFF748FF7EE704F5B7
:10408C00B36704F2945803AE3B68D8F8002004934D
:10409C0004F521730392082296E8030083E80300D9
:1040AC003046B4F87C120CF0B9F9D8F8002004F2C0
:1040BC00847304F546701A6004F5F16339680122C3
:1040CC001960212104F0A2F958E704F5B26704F253
:1040DC008C5803AE3B68D8F80020049304F52F737A
:1040EC000392082296E8030083E803003046B4F8F4
:1040FC00B4120CF093F9D8F8002004F2CC7304F548
:10410C0046701A6004F5FA6339680122196020219F
:10411C0004F07CF932E704F5AF6B04F2745303AE90
:10412C0004F59A7CDBF8002004F5B069019304F2E5
:10413C007C5A049204F5B1671A6804F2845803920D
:10414C00082296E803008CE80300B4F82C113046E2
:10415C000CF064F9D9F8002004F5A87C0492DAF884
:10416C0000200392082296E803008CE80300B4F8C0
:10417C00481130460CF052F93A6804F5B67C0492BA
:10418C00D8F800200392082296E803008CE803007C
:10419C003046B4F864110CF041F9019B04F54670FB
:1041AC001A6804F5D2631A6004F29463DBF80020F9
:1041BC001A6004F2A463DAF800201A6004F5D563DF
:1041CC00D9F800201A6004F5D763D8F800201A60DB
:1041DC0004F2BC633968012219601F2104F016F93E
:1041EC00CCE60C2125480DF085FD22480BF0F0F8AB
:1041FC0094F8203C012B3FF6C1AE2046FFF738FD6A
:10420C00B0EE4A0A04F5B76002F012F9002840F04B
:10421C00948102460C2104F5467004F0F7F804F181
:10422C00700002F06BF8002384F8283C84F82A3CD8
:10423C00A4E604F5AE63B4F8181103A804221B68B5
:10424C00C4F8203103930CF0E9F801221E2104F587
:10425C00467004F0DBF891E6D7A3703D0AD7EF3F28
:10426C0000000000008075400000000018110020C4
:10427C000011002030910020E41000208810002054
:10428C0004F26453B4F8F01003A804221B68C4F8B9
:10429C00F83003930CF0C2F801221D2104F546708E
:1042AC0004F0B4F86AE604F5AB63B4F8C81003A8DC
:1042BC0004221B68C4F8D03003930CF0AFF8012231
:1042CC001C2104F5467004F0A1F857E604F26C5377
:1042DC000422B4F8041103A81B68C4F80C3103932E
:1042EC000CF09CF84AE604F5AC630422B4F8DC103C
:1042FC0003A81B68C4F8E43003930CF08FF83DE678
:10430C0004F254530422B4F8B41003A81B68C4F884
:10431C00BC3003930CF082F830E61D2104F17007D9
:10432C00894800260DF0E6FC88480BF051F8384619
:10433C0002F052F81F21864884F8296C84F82B6C03
:10434C000DF0D8FC81480BF043F8384684F82A6C01
:10435C0001F0D4FFD4F8D43584F8286CB34284F837
:10436C002A6C80F2A3805B427A4904F25C500322EF
:10437C0007EE103A04F5467604F5AC63B8EEC77B4D
:10438C0027EE097B87EE086BB7EEC66B80ED006AF3
:10439C00196084F8202C01221421304604F036F8E0
:1043AC00ECE5002604F17000019001F0A7FF0198E4
:1043BC0084F8286C84F82A6C02F00EF81F216448EB
:1043CC0084F8296C84F82B6C0DF094FC5F480AF08F
:1043DC00FFFF84F82A6CD1E594F8203C002B5FD1C8
:1043EC002046FFF745FC28B12046FFF7D7FC0028F4
:1043FC007FF4C4AD584904F5467005F07DF8BDE571
:10440C0094F8283C002B45D004F5B76002F0EAF98B
:10441C00B4E504F5B76002F0E1F9AFE594F8203C9F
:10442C00012B58D8062384F8203CA7E594F8203CAF
:10443C00012B56D9494904F5467005F05DF89DE508
:10444C0094F8203C012B6AD9454904F5467005F0D7
:10445C0053F893E594F8203C012B56D9414904F5C7
:10446C00467005F049F889E594F8203C012B42D9B7
:10447C003D4904F5467005F03FF87FE594F8203C83
:10448C00012B56D0012384F8203C77E5002384F8D7
:10449C00203C73E5354904F5467005F02DF86DE5C3
:1044AC00334904F5467005F027F867E52B2104F530
:1044BC00467630480DF01EFC24480AF089FF012195
:1044CC00304604F053F864200BF0BAFC012130465E
:1044DC0004F04CF85FE7284904F5467005F00CF839
:1044EC004CE5052301221B2104F5467084F8203C81
:1044FC0003F08CFF42E502230122182104F54670DB
:10450C0084F8203C03F082FF38E5032301221921B3
:10451C0004F5467084F8203C03F078FF2EE5042364
:10452C0001221A2104F5467084F8203C03F06EFF3A
:10453C0024E5002384F82E3C20E501220C2104F50F
:10454C00467003F063FF6AE698100020309100205B
:10455C00281200200000A04144100020DC0F002095
:10456C00BC0F0020980F0020780F00202410002092
:10457C0060100020B81000200410002010B5044674
:10458C0082B000F546700190FEF740FF0198FEF7EF
:10459C0055FE2046FFF7E4FC2046FFF785F804F2B1
:1045AC00146001F041FE044B45F255514AF6AA2223
:1045BC0059805A8002B010BD00800B4008B50BF03A
:1045CC005FFD034B0021034AC3E9002108BD00BF76
:1045DC00FCC40020D41B00202DE9F047474D0746B2
:1045EC00474C40F2EE29DFF850812E68DFF84CA1E1
:1045FC000DF0FEFB2378002B62D098F80030DB071F
:10460C005ED52B68DAF800209B1A0E2B58D90022A5
:10461C004FF4E1313B480AF08FFB0E213A480DF084
:10462C0069FB062139480DF065FB012138480DF076
:10463C0061FB0B2137480DF05DFB012134480DF077
:10464C0059FB082134480DF055FB34480AF0C0FEE4
:10465C0007F1880003F084FD002846D1304907F5A6
:10466C00467004F049FFD7F8A81007F1740003F066
:10467C0087FC90BB2B4907F5467004F03DFF07F211
:10468C001464204600F0ECFB122127480DF032FB9D
:10469C0022480AF09DFE204600F030FC0D212348F4
:1046AC000DF028FB1D480AF093FE3846FFF716FC68
:1046BC000C200BF01DFA3846BDE8F047FFF734B874
:1046CC002B6822789B1B2AB1B3F5FA6F9FD80DF09B
:1046DC008FFB8DE74B45FAD999E71A2114480DF059
:1046EC0009FB0E480AF074FEC9E71E2111480DF0B3
:1046FC0001FB0A480AF06CFEB5E700BFE0C40020DD
:10470C002CC5002040910020B4160020C4160020B7
:10471C005C130020CC160020D8160020309100200D
:10472C00E416002030170020681700207C170020AA
:10473C004C170020101700202BC50020F0C40020BF
:10474C0010B51A4C23780133DBB20A2B237004D139
:10475C000021174B012221701A70237803F0FF01FE
:10476C0053B12378012BD9B20DD02378022B10D062
:10477C002378032B14D010BD25200BF0DFFB2378FE
:10478C00012BD9B2F1D125200BF0D8FB2378022BC9
:10479C00EED1002125200BF0D1FB2378032BEAD19D
:1047AC0001212520BDE810400BF0C8BB27C5002017
:1047BC0023990020F8B59D4D0446D0F80C68C0F83C
:1047CC00FC57002E3AD07768013F7760002F35D127
:1047DC003368974ADB6A934240F00381B06D10B1A5
:1047EC0011F08EFAB765336D002B00F0F28006F1F4
:1047FC00180009F05BFBD4F80C68FEB133688D4AE5
:10480C005B68934240F01C818B4BB06D336018B1E8
:10481C0011F076FA0023B365336D06F11807002BFF
:10482C0000F0ED80384609F041FB844B3846B3600C
:10483C0009F03CFB5C2130460BF0A4FED4F8EC658F
:10484C00C4F8DC55002E3AD07768013F7760002F12
:10485C0035D13368764ADB6A934240F0C580B06D3F
:10486C0010B111F04DFAB765336D002B00F0A48038
:10487C0006F1180009F01AFBD4F8EC65FEB13368A8
:10488C006C4A5B68934240F0CD806B4BB06D3360EB
:10489C0018B111F035FA0023B365336D06F1180722
:1048AC00002B00F0A780384609F000FB634B38461C
:1048BC00B36009F0FBFA5C2130460BF063FED4F8D0
:1048CC00B465C4F8A455002E38D07768013F7760E2
:1048DC00002F33D13368564ADB6A934240F087800D
:1048EC00B06D10B111F00CFAB765336D002B68D0B8
:1048FC0006F1180009F0DAFAD4F8B465F6B13368A9
:10490C004C4A5B68934240F08A804B4BB06D3360ED
:10491C0018B111F0F5F90023B365336D06F11807E2
:10492C00002B75D0384609F0C1FA444B3846B360B9
:10493C0009F0BCFA5C2130460BF024FED4F88460FC
:10494C006567002E36D07568013D7560002D31D13C
:10495C003368374ADB6A934240D1B06D10B111F025
:10496C00CFF9B565336D002B2FD006F1180009F087
:10497C009DFAD4F88450EDB12B682E4A5B689342B3
:10498C004AD12D4BA86D2B6018B111F0B9F9002349
:10499C00AB652B6D05F11806002B35D0304609F0B0
:1049AC0085FA264B3046AB6009F080FA5C2128462C
:1049BC000BF0E8FD2046F8BD736D002B7FF458AF6B
:1049CC005AE7736D002B93D196E7736D002BCCD106
:1049DC00CFE7736D002B7FF40AAF0CE73046984796
:1049EC00C7E73046984706E73046984744E73046D5
:1049FC00984781E7736D002B7FF455AF56E7736DC5
:104A0C00002B7FF40FAF10E76B6D002BC6D1C8E7FE
:104A1C00736D002B86D188E728469847CAE7304645
:104A2C0098478BE73046984749E700BF041B0020A6
:104A3C00A5060000B90D0000541B0020001A002030
:104A4C0030469847FAE600BF0121252010B50BF03F
:104A5C00B1FA002125200BF071FA4D4BDFED4D6AB8
:104A6C000022D3ED007A9FED4C7AF8EE677A67EE70
:104A7C00A67A67EE877AFCEEE77A17EE903AB3F5F2
:104A8C00004F7AD301325B08082AF8D148F2010CA6
:104A9C0047F6FF734FF407624048414CB0F88C1155
:104AAC006FEA41416FEA514189B2A0F88C1108219B
:104ABC00A0F88E11B0F8881189B241F08001A0F8ED
:104ACC0088114FF40051A0F824110021A0F82621E0
:104ADC0040F60802A0F822C1A0F82A11A0F82E3145
:104AEC00A0F83211A0F83611A0F83A11A0F83E1136
:104AFC00B0F8881189B20A432A49A0F888212A4AB9
:104B0C0023801160294B2A4AC3F8E4214FF48053C7
:104B1C004FF0E02C4FF400722649A0F84431A0F875
:104B2C004631CCF80C2124480AF074FA4FF4007288
:104B3C00224921480AF088FA4FF400722049214892
:104B4C000AF068FA4FF400721F491E480AF07CFA0A
:104B5C004FF400721D491E480AF05CFA4FF40072C3
:104B6C001C491B480AF070FA1B48FFF735FD4FF43F
:104B7C00FA70BDE810400BF063B912019BB242F41D
:104B8C000062C3F1000C92B21FFA8CFC84E700BFE8
:104B9C00D89000200050C347BD37063500C03D40BB
:104BAC0008C500208127000020930020009C0020D5
:104BBC00D982000088A000204091002088A200200B
:104BCC0088A400200092002088A6002088A800203D
:104BDC00A091002088AA002000B7002010B508483A
:104BEC00084CFFF7CBFC00E062B601200BF028F973
:104BFC0072B62378002BF7D00023237062B610BD59
:104C0C0000B700202399002010B5064C0BF038FAA1
:104C1C002046FEF7C9FC2046034A0449BDE8104073
:104C2C000DF03CBA00B700202C930020F5270000B3
:104C3C002DE9F04788467D4900251746C0F88010BD
:104C4C001E467B4A0023C0F894100446C0F8A810F6
:104C5C00DC3078494FF47A7A20F8545C00F8525CD6
:104C6C0020F8405C00F83E5C20F82C5C00F82A5CD4
:104C7C0020F8185C00F8165C40F8783C40F8743C5E
:104C8C0040F8703C40F86C3C40F8683C40F8643CA0
:104C9C0040F8583C40F8503C40F8443C40F83C3C10
:104CAC0040F8303C40F8283C40F81C3C40F8602C64
:104CBC0040F84C2C40F8382C40F8242C40F8201CA0
:104CCC0040F8143C40F8102C602240F80C1C29468B
:104CDC0040F8083C20F8045C00F8025C12F044FF39
:104CEC004FF07C53DFF870917822C4F8E83004F56B
:104CFC009E70514B4946C4F8F830504BC4F8FC3008
:104D0C004F4BC4F810314F4BC4F814314E4BC4F810
:104D1C00E0304E4BC4F8E430152384F8EE304C4BA5
:104D2C00C4F80031102384F806314A4BC4F818310A
:104D3C001B2384F81E310BF089FB09F1780C04F568
:104D4C00DA7EDFF81891BCE80F00AEE80F00BCE883
:104D5C000F00AEE80F009CE803008EE803000B2167
:104D6C0004F50370C4F8F0A184F8F451C4F8F851B8
:104D7C00C4E97A9505F0CEF90C2104F50F7005F015
:104D8C00C9F90D2104F51B7005F0C4F94FF43A7202
:104D9C00294604F22230C4F8BC5284F8C052C4F83C
:104DAC00C252C4F8C652C4F8CA52C4F8CE52C4F89F
:104DBC00D252C4F8D652C4F8DA52C4F8DE52C4F84F
:104DCC00E252C4F8E652C4F8EA52C4F8EE52C4F8FF
:104DDC00F252C4F8F652C4F8FA52C4F8FE52C4F8AF
:104DEC000253C4F80653C4F80A53C4F80E53C4F85B
:104DFC001253C4F81653C4F81A53C4F81E5312F0C5
:104E0C00B3FE089B2046C4F80062C4F8FC31099B31
:104E1C00A4F8DC51C4F804320A9B84F8DE51C4F8BF
:104E2C000832C4E97887BDE8F08700BF0000C8C22B
:104E3C000000C84200C079C40000A04100004041FD
:104E4C000000D04100009041333373406666264029
:104E5C0060E5D03DE3C7983DD0030020041B002043
:104E6C00F8B500F51B750446284605F06FF9E0B15E
:104E7C0004F50377384605F069F920B304F50F768D
:104E8C00304605F063F960B304F16401384605F06F
:104E9C00B9F904F16801304605F0B4F904F16C017C
:104EAC002846BDE8F84005F0ADB92721114804F5B6
:104EBC0003770CF01FFF10480AF08AFA384605F009
:104ECC0045F90028DAD127210A4804F50F760CF0B1
:104EDC0011FF09480AF07CFA304605F037F9002832
:104EEC00D2D1272103480CF005FF03480AF070FAD1
:104EFC00CAE700BF1809002030910020D0F8083212
:104F0C00D3F8AC20C267D3F8B020C0F88020D3F817
:104F1C00C820C0F89020D3F8CC20C0F89420D3F847
:104F2C00E420C0F8A420D3F8E820C0F8A820D3F8D7
:104F3C005421C0F8E020D3F85821C0F8E420D3F86D
:104F4C007021C0F8F820D3F87421C0F8FC20D3F8F5
:104F5C008C21C0F81021D3F89021C0F81421D3F87B
:104F6C00A821C0F82821D3F8AC21C0F82C21D3F803
:104F7C00C421C0F84021D3F8C821C0F84421D3F88B
:104F8C00E021C0F85821D3F8E421C0F85C21D3F813
:104F9C00FC21C0F87021D3F80022C0F87421D3F89A
:104FAC001822C0F88821D3F81C22C0F88C21D3F821
:104FBC003422C0F8B821D3F83822C0F8BC21D3F879
:104FCC005022C0F8CC21D3F85432C0F8D0317047FD
:104FDC00F0B5944F85B0944E0446944DD4F8E0014E
:104FEC0004F064FC00286BD107230DF10301D4F805
:104FFC00E0018DF8033004F079FC002860D09DF8B6
:10500C000330062B00F2FF80DFE813F0F300EB0017
:10501C00DF00D80093005C00070094ED672AD4ED04
:10502C00611A94ED5B1AD4ED550A94ED4F0AD4F83D
:10503C00040204F029FB0A2130460CF05BFE94EDCF
:10504C004F0A02212846B7EEC00A0AF0F1F90121F5
:10505C0077480CF04FFE94ED550A02212846B7EE26
:10506C00C00A0AF0E5F9012171480CF043FE94EDF9
:10507C005B0A02212846B7EEC00A0AF0D9F90121D1
:10508C006B480CF037FE94ED610A02212846B7EE0E
:10509C00C00A0AF0CDF9012165480CF02BFE94ED05
:1050AC00670AB7EEC00A022128460AF0C1F9284661
:1050BC000AF08EF9D4F8E00104F0F8FB002893D044
:1050CC0005B0F0BDD4ED491A94ED431AD4ED3D0A68
:1050DC0094ED370AD4F8040204F0A8FA0A215548D2
:1050EC000CF008FE94ED370A02212846B7EEC00AF0
:1050FC000AF09EF901214E480CF0FCFD94ED3D0A9E
:10510C0002212846B7EEC00A0AF092F9012148485C
:10511C000CF0F0FD94ED430A02212846B7EEC00ACC
:10512C000AF086F9012142480CF0E4FD94ED490A9D
:10513C00B7E794ED322AD4ED2D1A94ED281AD4ED5C
:10514C00230A94ED1E0AD4F8040204F039FA07215C
:10515C0039480CF0CFFD94ED1E0A02212846B7EE1B
:10516C00C00A0AF065F9012131480CF0C3FD94ED39
:10517C00230A02212846B7EEC00A0AF059F9012188
:10518C002B480CF0B7FD94ED280A02212846B7EE07
:10519C00C00A0AF04DF9012125480CF0ABFD94ED45
:1051AC002D0A02212846B7EEC00A0AF041F9012166
:1051BC001F480CF09FFD94ED320A72E70022012388
:1051CC00A4F8DC2184F8DE3108E7002294F8DE3103
:1051DC00A4F8DC21002B3FF401AF002384F8DE316E
:1051EC00FCE6012294F8DE31A4F8DC21002BF4D18A
:1051FC00F4E640F2011294F8DE31A4F8DC21002B25
:10520C003FF4ECAEE9E7394601A80AF0A9FA03220B
:10521C0001A904F5F47002F099FB01A80AF0DAFA7E
:10522C00DCE600BF4008002034080020309100204C
:10523C00CC1700202808002020080020F2EE0C7A61
:10524C0090ED3D7AB4EEE77AF1EE10FACCBF012086
:10525C00002070472DE9F043704D04462B68DB07A6
:10526C002DED028B89B040F1BA8000226C4D0126E5
:10527C006C4F1346DFF8CC91DFF8CC812A705A1EA4
:10528C00032A00F2C880DFE802F05C59560294ED64
:10529C001D8A03EB8303002204EB8303D3ED1F7AF7
:1052AC0083ED1E8AF4EEC87A83F88820F1EE10FAAA
:1052BC004AD593F88960002E61D02B78B7EEC87A66
:1052CC003A466421204600268DED007B11F0D4F97E
:1052DC00B0EE480A022102A80AF0E4FA02A905A8D5
:1052EC000AF05CFA504905A80AF080FB01464F48C9
:1052FC000AF046FB05A80AF06DFA02A80AF06AFA51
:10530C002B780133DBB2042B2B70B8D90023484F18
:10531C002B7047F23053474D3A6829680B4493423F
:10532C0069D3454941480AF0D9FA304609B0BDEC79
:10533C00028BBDE8F08394ED1C8AAAE794ED1B8ADE
:10534C00A7E794ED1A8AA4E7D3ED207AF4EEC87A95
:10535C00F1EE10FA0EDD93F88A6046B32B78B7EEB7
:10536C00C87A3A466421204600268DED007B11F068
:10537C0083F9ADE783F8892083F88A20A8E74146B2
:10538C0005A80AF0EDF9032205A904F5F47002F062
:10539C00DDFA05A80AF01EFA2B78012103EB830233
:1053AC0004EB820282F8891082F88A6086E749460B
:1053BC0005A80AF0D5F9032205A904F5F47002F04A
:1053CC00C5FA05A80AF006FA2B78012103EB830233
:1053DC0004EB820282F8896082F88A10BFE71649D2
:1053EC0012480AF0BDF90123144A15490F482B60E5
:1053FC000CF054FE39E70D4905A80AF0CFF902224A
:10540C0005A904F5F47002F0A1FA05A80AF0E2F976
:10541C003B682B6085E794ED198A3AE764B100206C
:10542C001BC50020E8080020CC170020BCB30020CE
:10543C00E0C40020B8B30020AC0900202C9300205D
:10544C0015D8000004090020D40800202DE9F043F1
:10545C00724D89B004462B68DB0740F1A780704D74
:10546C002B7803EB430304EBC30393F8EE000AF031
:10547C00E7FA9FED6C7A80B22B789FED6B6A07EEA2
:10548C00900A03EB4302F8EE676A04EBC202A2F83F
:10549C00EC00C6EE877AD2ED3A6A92ED387A67EE76
:1054AC00867A87EEA60AB4EEC70A82ED370AF1EEC9
:1054BC0010FA36DD92F8EF7005AE002F00F0828006
:1054CC00B7EEC00A594A6421204600278DED000B27
:1054DC0011F0D2F82B7803EB430304EBC30393EDE9
:1054EC00370A022102A80AF0DDF902A930460AF0B7
:1054FC0055F94F4930460AF079FA01464D480AF001
:10550C003FFA30460AF066F902A80AF063F92B78E4
:10551C000133DBB2042B32D038462B7009B0BDE816
:10552C00F083D2ED397AB4EEE70AF1EE10FA1ED51B
:10553C0092F8F07005AE002FC2D13F4930460AF008
:10554C000FF90322314604F5F47002F0FFF93046EE
:10555C000AF040F92B78012103EB430204EBC20261
:10556C0092ED370A82F8EF7082F8F010A8E700236A
:10557C00012705AE82F8EF3082F8F030B1E74FF03A
:10558C000009DFF8CC8047F2305385F800902B4DA2
:10559C00D8F800102A6813448B422DD3284925488B
:1055AC000AF09CF9384609B0BDE8F083244921483B
:1055BC000AF0D6F80123234A23491E482B600CF02D
:1055CC006DFD4CE7214930460AF0CAF803223146FA
:1055DC0004F5F47002F0BAF930460AF0FBF82B78B7
:1055EC00012103EB430204EBC20292ED370A82F86D
:1055FC00EF1082F8F07063E70E4930460AF0CEF8EF
:10560C004A46314604F5F47002F0A0F930460AF02F
:10561C00E1F8D8F800302B60C0E700BF60B1002083
:10562C001AC5002000F07F4548E14A40F4070020ED
:10563C00CC170020ACB3002010080020A8B3002029
:10564C00AC0900202C93002015D80000E4070020A2
:10565C00E0C40020000000002DE9F041A64C0546F6
:10566C002368DB072DED028B88B040F1E3806424C6
:10567C009FEDA28AA24E337803EB430305EBC303E1
:10568C0093F84E010AF0DCF907EE900A013CF8EEB3
:10569C00E77A38EE278AEED1B7EEC88A33789FEDD9
:1056AC00905B03EB4300042B4FEA430188EE056B40
:1056BC0005EBC000BCEEC66B16EE102A92B207EEDC
:1056CC00902AA0F84C21F8EE677A00F09C809FEDB0
:1056DC008D6AD0ED526A9FED8C5AC6EE265A9FED1C
:1056EC008B7ADFED8B6A87EE856AA5EE867A27EEDC
:1056FC00260A80ED4F0ACA1805EBC202D2ED507A89
:10570C00F4EEC07AF1EE10FA38D592F84F7105AC80
:10571C00002F00F09B80B7EEC00A7E4A6421284619
:10572C0000278DED000B10F0A7FF337803EB43033C
:10573C0005EBC30393ED4F0A022102A80AF0B2F85D
:10574C0002A920460AF02AF8734920460AF04EF9BD
:10575C00014672480AF014F920460AF03BF802A8F8
:10576C000AF038F833780133DBB2052B34D03846E5
:10577C00337008B0BDEC028BBDE8F081D2ED517AEC
:10578C00F4EEC07AF1EE10FA1EDD92F8507105AC11
:10579C00002FC0D16249204609F0E2FF03222146C6
:1057AC0005F5F47002F0D2F820460AF013F83378BD
:1057BC00012103EB430205EBC20292ED4F0A82F882
:1057CC004F7182F85011A6E70023012705AC82F82F
:1057DC004F3182F85031AFE70023DFF8648133702A
:1057EC0047F230534F4ED8F8002031680B449342A7
:1057FC0063D34D4949480AF071F8384608B0BDECFE
:10580C00028BBDE8F0819FED3F7ADFED3F4A67EEFA
:10581C00877A9FED356B87EEA47A9FED355BB7EEFB
:10582C00C77A36EE476B86EE050BB7EEC00B85EDEF
:10583C00670A60E73C49394809F092FF01233B4A6B
:10584C003B49364823600CF029FC10E739492046C7
:10585C0009F086FF0322214605F5F47002F076F874
:10586C00204609F0B7FF0C2133480CF043FA0A220A
:10587C003B463178314809F0C7FD304809F0A8FDA6
:10588C00337802212D4803EB430305EBC30393ED5F
:10589C004F0AB7EEC00A09F0CBFD284809F098FD75
:1058AC003378012103EB430205EBC20292ED4F0A60
:1058BC0082F84F1182F850712DE71849204609F0F3
:1058CC006DFF0122214605F5F47002F03FF82046E9
:1058DC0009F080FFD8F8003033608AE7AFF300801E
:1058EC000000000000005940666666666666FA3F76
:1058FC00BA490C022B87A63F5CB1002000000000C7
:10590C0019C5002048E14A4000F07F4562BE3CB911
:10591C0000C04146B8070020CC1700209CB30020E3
:10592C00D407002098B30020AC0900202C93002051
:10593C0015D8000098070020A807002030910020FF
:10594C00E0C4002030B589B004467A4902A809F0B9
:10595C0007FF94F8DC514DB9012594F8DD31B3BB48
:10596C0002A809F037FF284609B030BDD4F8000270
:10597C0004F0A4F9002864D0D4F80022002394ED9C
:10598C00706AB2F91020D4ED6E6A07EE902A84F892
:10599C00C431F8EEE77A87EE867AB4EEE67A84EDD7
:1059AC006D7AF1EE10FA70DD94F8C551002D00F00F
:1059BC009780B7EEC77A604A6421204600258DEDAA
:1059CC00007B10F059FE94F8DD31002BC8D0D4F8D0
:1059DC00FC0104F073F958B3D4F8FC21002394EDC6
:1059EC00756AB2F91020D4ED736A07EE902A84F828
:1059FC00D831F8EEE77A87EE867AB4EEE67A84ED63
:105A0C00727AF1EE10FA20DD94F8D951002D7CD089
:105A1C00B7EEC77A494A6421204600258DED007BFC
:105A2C0010F02AFE02A809F0D5FE284609B030BDB8
:105A3C00012302A884F8D83109F0CCFE284609B01D
:105A4C0030BD012384F8C43187E7D4ED747AB4EE09
:105A5C00E77AF1EE10FA3ED594F8DA51002DD7D151
:105A6C00374905A809F07CFE032205A904F5F4705A
:105A7C0001F06CFF05A809F0ADFE012394ED727ADC
:105A8C0084F8D95184F8DA31C2E7D4ED6F7AB4EEE8
:105A9C00E77AF1EE10FA18D594F8C651002D88D19A
:105AAC00284905A809F05CFE032205A904F5F47049
:105ABC0001F04CFF05A809F08DFE012394ED6D7AE1
:105ACC0084F8C55184F8C63173E7054684F8C531AE
:105ADC0084F8C63141E784F8D93184F8DA313FE7EC
:105AEC00194905A809F03CFE032205A904F5F47038
:105AFC0001F02CFF05A809F06DFE012394ED6D7AE1
:105B0C0084F8C65184F8C53153E7104905A809F04B
:105B1C0027FE032205A904F5F47001F017FF05A870
:105B2C0009F058FE012394ED727A84F8DA5184F866
:105B3C00D9316DE7AC090020180700206007002060
:105B4C007C070020340700200407002048070020B1
:105B5C0090F8DC3110B5044684B023B994F8DD31EB
:105B6C00C3B904B010BDD0F8000200F08FFC0028BF
:105B7C00F4D1134901A809F0F3FD032201A904F59E
:105B8C00F47001F0E3FE01A809F024FE94F8DD3175
:105B9C00002BE6D0D4F8FC01FDF77AFC0028E0D10C
:105BAC00084901A809F0DCFD032201A904F5F470F1
:105BBC0001F0CCFE01A809F00DFE04B010BD00BF31
:105BCC0090080020B008002090F8C421034610B4BF
:105BDC0052BBF2EE046A90ED6D6ADFEDBF7A9FED79
:105BEC00BF7AE6EE267AF4EEC77AF1EE10FA80F27E
:105BFC006F81F5EEC07AF1EE10FA0AD9FCEEE77A75
:105C0C0017EE902A92B2B3F8D612914238BFA3F88D
:105C1C00D62293F8D8120A2906D0481C03EB41016E
:105C2C0083F8D802A1F8C22293F8D82152BBF2EE25
:105C3C00046A93ED726ADFEDA87A9FEDA87AE6EE1E
:105C4C00267AF4EEC77AF1EE10FA80F23281F5EE94
:105C5C00C07AF1EE10FA0AD9FCEEE77A17EE902A28
:105C6C0092B2B3F8EE12914238BFA3F8EE2293F839
:105C7C00F0120A2906D0481C03EB410183F8F0020C
:105C8C00A1F8DA22B3F80623B3F87C118A4293F810
:105C9C00082338BFA3F806130A2A06D0501C03EBBE
:105CAC00420283F80803A2F8F212B3F81E23B3F8E9
:105CBC0094118A4293F8202338BFA3F81E130A2AA2
:105CCC0006D0501C03EB420283F82003A2F80A13FF
:105CDC0093F8882052BBF2EE046A93ED1E6ADFED56
:105CEC007E7A9FED7E7AE6EE267AF4EEC77AF1EEB6
:105CFC0010FA80F2E780F5EEC07AF1EE10FA0AD9CC
:105D0C00FCEEE77A17EE902A92B2B3F89A1391420E
:105D1C0038BFA3F89A2393F89C133C2906D0481C4F
:105D2C0003EB410183F89C03A1F8222393F89C20F8
:105D3C0052BBF2EE046A93ED236ADFED677A9FEDB6
:105D4C00677AE6EE267AF4EEC77AF1EE10FA80F274
:105D5C00BC80F5EEC07AF1EE10FA0AD9FCEEE77AC7
:105D6C0017EE902A92B2B3F81614914238BFA3F8EA
:105D7C00162493F818143C2906D0481C03EB410157
:105D8C0083F81804A1F89E2393F8B02052BBF2EECE
:105D9C00046A93ED286ADFED507A9FED507AE6EEB7
:105DAC00267AF4EEC77AF1EE10FA80F28580F5EEE1
:105DBC00C07AF1EE10FA0AD9FCEEE77A17EE902AC7
:105DCC0092B2B3F89214914238BFA3F8922493F88C
:105DDC0094143C2906D0481C03EB410183F894042D
:105DEC00A1F81A2493F8C4204ABBF2EE046A93ED8E
:105DFC002D6ADFED397A9FED397AE6EE267AF4EEEC
:105E0C00C77AF1EE10FA5ADAF5EEC07AF1EE10FA22
:105E1C000AD9FCEEE77A17EE902A92B2B3F80E1577
:105E2C00914238BFA3F80E2593F810153C2906D0E3
:105E3C00481C03EB410183F81005A1F89624B3F834
:105E4C008A25B3F84C118A4293F88C2538BFA3F8F5
:105E5C008A153C2A06D0501C03EB420283F88C05B1
:105E6C00A2F81215B3F80626B3F804118A4293F877
:105E7C00082638BFA3F806163C2A06D0501C03EBA4
:105E8C00420283F80806A2F88E15154942F21C52FC
:105E9C00D3F8BC4208682244824206D20A68012028
:105EAC005DF8044BC3F8BC22704700205DF8044B2E
:105EBC0070474FF6FF72D4E64FF6FF7281E74FF64C
:105ECC00FF72ABE74FF6FF721FE74FF6FF724AE720
:105EDC004FF6FF7297E600BF0060EA4600FF7F476F
:105EEC00E0C4002000000000F0B5002185B000F5F2
:105EFC00277504460DF10203ADF802101D22294648
:105F0C0090F8C00203F09EFA94F8C0120646C1EB5A
:105F1C00411304EB830393F89C0368B3421E7C2368
:105F2C003E274FEA411CD2B203FB01439FEDBA7AE4
:105F3C0017FB012704F2223203F5487302EB4702E8
:105F4C0033F8027F07EE907A9342F8EEE77A37EE59
:105F5C00277AF5D107EE900AACEB010C0023F8EE92
:105F6C00676A04EB8C0C8CF89C33C7EE267AFCEE3B
:105F7C00E77A17EE903A98B20DF102031D222946EA
:105F8C0003F076FA94F8C03206401D22C3EB43139B
:105F9C002946F6B204EB8303B3F89A030DF102031E
:105FAC0003F066FA94F8C03200220640C3EB4311AA
:105FBC00052B04EB8101A1F89A2301D00133DAB24D
:105FCC0094F8D80284F8C02208B3431E04F2C2220B
:105FDC009FED917ADBB202EB430204F5307333F898
:105FEC00021F07EE901A9342F8EEE77A37EE277A03
:105FFC00F5D107EE900AF8EE677AC7EE276AFCEE49
:10600C00E67A17EE903A98B2002384F8D8320DF164
:10601C0002031D22294603F02BFA06400DF1020360
:10602C001D222946B4F8D60203F022FA064094F851
:10603C00F00208B3431E04F2DA229FED777ADBB24A
:10604C0002EB430204F5367333F8021F07EE901A85
:10605C009A42F8EEE77A37EE277AF5D107EE900AF6
:10606C00F8EE677AC7EE276AFCEEE67A17EE903AFE
:10607C0098B2002384F8F0320DF102031D22294658
:10608C0003F0F6F906400DF102031D222946B4F87F
:10609C00EE0203F0EDF9064094F8080308B3431E32
:1060AC0004F2F2229FED5C7ADBB202EB430204F5C0
:1060BC003C7333F8021F07EE901A9A42F8EEE77A17
:1060CC0037EE277AF5D107EE900AF8EE677AC7EE2D
:1060DC00276AFCEEE67A17EE903A98B2002384F821
:1060EC0008330DF102031D22294603F0C1F90640C5
:1060FC000DF102031D222946B4F8060303F0B8F98A
:10610C00064094F8200308B3431E04F20A329FEDB4
:10611C00427ADBB202EB430204F5427333F8021FFE
:10612C0007EE901A9A42F8EEE77A37EE277AF5D115
:10613C0007EE900AF8EE677AC7EE276AFCEEE67A6D
:10614C0017EE903A98B2002384F820330DF1020335
:10615C001D22294603F08CF90DF1020306401D2285
:10616C002946B4F81E0303F083F9002306400DF111
:10617C000202A4F8D6321D21A4F8EE322846A4F867
:10618C000633A4F81E33D4F8003293ED077A9FED52
:10619C00206BB8EEC77B87EE060BB7EEC00B03F097
:1061AC0099F9D4F8FC3106400DF1020293ED070A7F
:1061BC001D21284603F08EF920B11EB1BDF8023026
:1061CC001D2B0ED0154901A809F0CAFA032201A90A
:1061DC0004F5F47001F0BAFB01A809F0FBFA05B064
:1061EC00F0BD1A462946D4F8040202F05BF82221CD
:1061FC00D4F8040202F016FB152109480BF07AFDC5
:10620C00084809F0E5F805B0F0BD00BFAFF3008019
:10621C0000000000008075400000000074080020A1
:10622C005C0800203091002038B50446FEF7D0FE03
:10623C002046FFF70BF92046FFF70EFA94F8DE31F3
:10624C0005469BB394F8DC31BBB994F8DD31A3B9A6
:10625C0035B304F1640104F5037003F0D3FF04F1CA
:10626C00680104F50F7003F0CDFF04F16C0104F527
:10627C001B70BDE8384003F0C5BF2046FFF762FB3A
:10628C00034620461D40FFF763FC2046EDB2FFF7A6
:10629C009BFC0028DCD02046FFF726FE002DD8D131
:1062AC001C21D4F8E40103F007FBD2E72046FEF7EB
:1062BC00D1FF2840C5B2C5E709F0E2BE08B50121FF
:1062CC00162009F03BFE0A2009F0BAFD01210E2030
:1062DC0009F034FE0A2009F0B3FD0121052009F074
:1062EC002DFE0A2009F0ACFD2120012109F026FE2B
:1062FC004FF47A70BDE8084009F0A2BD10B500213A
:10630C000E2009F01BFE0021052009F017FE2120AC
:10631C00002109F013FE112009F03AFE28B10021EA
:10632C001620BDE8104009F009BE044601211120D9
:10633C0009F004FE2146062009F000FE002116207B
:10634C00BDE8104009F0FABD10B50121044611203A
:10635C0009F030FE0121062009F02CFE012111204C
:10636C0009F0ECFD0021062009F0E8FD01210E20CA
:10637C0009F020FE0121052009F01CFE2046FFF744
:10638C00BDFF0121162009F015FE0021162009F091
:10639C00D5FD0121212009F00DFE0021212009F05D
:1063AC00CDFD204610BD00BF10B504460E2009F0EF
:1063BC00EFFD60B10021112009F0C0FD642009F04F
:1063CC003FFD01210620BDE8104009F0B7BD204675
:1063DC00FFF774FFEEE700BF0121112008B509F0AB
:1063EC00ADFD00210620BDE8084009F0A7BD00BFA7
:1063FC0038B50A4601210446002503F05DFE4FF432
:10640C007A720A4B0121032084F830506362656371
:10641C00C4E90A5209F0CEFD0320012109F08EFDDA
:10642C0000232046E561236238BD00BF041B002019
:10643C009FED137BB7EEC00A70B520EE070B82B050
:10644C000646FDEEC07B17EE901A17EE904A03F04D
:10645C003BFD054610B9284602B070BD3046F461CC
:10646C0003F024FD431CF6D00023F06102460649DC
:10647C0006F12400009301F0E5FDECE7AFF300809A
:10648C0000000000008075409418002010B582B008
:10649C00044603F00BFD431C02D1002002B010BDDA
:1064AC000023E0610246044904F12400009301F04A
:1064BC00C9FD012002B010BD94180020F0B500F108
:1064CC00240785B004462249384601F097FD38B3BD
:1064DC00002603AA1E4938463346039601F0C8FD30
:1064EC00054638B9E6692046314603F0EDFCF8B9AB
:1064FC0005B0F0BD039D2046294603F0E5FC0028BD
:10650C00F6D02046E56103F0D1FC411C0246EFD0E9
:10651C00E261334638460E49009601F093FDE7E7F9
:10652C00E66905462046314603F0CEFC0028DFD054
:10653C002046E66103F0BAFC431C0246D8D0E26167
:10654C002B4638460249009501F07CFDD0E700BF90
:10655C009418002044F23F0103F09ABA00000000A6
:10656C00DFED537AB4EEE70A70B5F1EE10FA2DEDCB
:10657C00048B63DCB5EEC00AB0EE408AF1EE10FA83
:10658C005CD9DFED4C7AF4EEE70AF1EE10FA4ADC56
:10659C00F5EEC00AF1EE10FA45D9DFED477AB4EE0C
:1065AC00E71AF1EE10FA54DCB5EEC01AF1EE10FA5F
:1065BC004FD9B7EEE00A0446B7EEC11A9FED366B21
:1065CC009FED379B20EE060B21EE099BB7EEC00B1F
:1065DC0003F060FD05462046B7EEC90B03F05AFDEB
:1065EC00B7EEC87A064620469FED2F6B27EE067B4A
:1065FC00FCEEC77B17EE901A03F00CFDA0B32946F6
:10660C00204603F01FFD00283ED03146204603F003
:10661C000DFD88B3204644F22401BDEC048BBDE88B
:10662C00704003F035BA0B2124480BF063FB24486F
:10663C0008F0CEFE0020BDEC048B70BD112121486A
:10664C000BF058FB1E4808F0C3FE0020BDEC048B79
:10665C0070BD09211C480BF04DFB194808F0B8FE21
:10666C000020BDEC048B70BD182118480BF042FBC8
:10667C00134808F0ADFEDDE7152115480BF03AFB89
:10668C000F4808F0A5FED5E7112112480BF032FB9C
:10669C000B4808F09DFECDE794DE37BEF6CC723F7A
:1066AC004BB0389CF9D52C3F0000000000807540A1
:1066BC000000FA450000C8420000A442C0180020A7
:1066CC0030910020AC180020CC180020D8180020E5
:1066DC0008190020F4180020DFED3B7AB4EEE70A2D
:1066EC00F1EE10FA4BDCB5EEC00A70B5F1EE10FA13
:1066FC002DED048BB0EE408A3DD9DFED347AF4EE0B
:10670C00E70AF1EE10FA36DCF5EEC00AF1EE10FAFB
:10671C0031D9DFED2F7AB4EEE71AF1EE10FA2ADC5C
:10672C00B5EEC01AF1EE10FA25D9B7EEE00A044620
:10673C00B7EEC19A9FED1E6B9FED1F7B20EE060BF3
:10674C0029EE079BB7EEC00B03F0A4FC05462046D0
:10675C00B7EEC90B03F09EFCB7EEC88A064620467E
:10676C009FED177B27EE487BFDEEC77B17EE901A4B
:10677C0003F050FC28B90020BDEC048B70BD002048
:10678C0070472946204603F05DFC0028F3D03146C3
:10679C00204603F04BFC0028EDD0204644F22401A7
:1067AC00BDEC048BBDE8704003F072B9AFF3008010
:1067BC0094DE37BEF6CC723F4BB0389CF9D52C3FEB
:1067CC0000000000008075400000FA450000C8423F
:1067DC000000A44244F2440103F05AB944F25801B7
:1067EC0003F056B944F25D0103F052B910B590F8BC
:1067FC002E3C84B0012B24D0022B20D00446A3B114
:10680C00154901A808F0ACFF01A9032204F174009A
:10681C0001F09CF801A808F0DDFF012104F138001B
:10682C0004B0BDE8104003F047B80E210B480BF044
:10683C0061FA0B4808F0CCFD022384F82E3C04B01E
:10684C0010BD0D2107480BF055FA054804B0BDE802
:10685C00104008F0BDBD00BFBC1300209C130020ED
:10686C0030910020AC13002010B590F82E3C84B071
:10687C000446012B14D0032B10D003B31E4901A8DE
:10688C0008F06EFF032201A904F1740001F05EF818
:10689C0001A808F09FFF002384F82E3C04B010BD23
:1068AC000F2116480BF026FA154808F091FD02212D
:1068BC0004F1440004B0BDE8104002F0FDBF10210B
:1068CC0010480BF017FA0E4808F082FD2046FDF731
:1068DC00EDFA2046FDF7DEFA032104F1440002F044
:1068EC00EBFF0122082104F5467001F08FFD032314
:1068FC0084F82E3C04B010BD1C1600200C16002091
:10690C0030910020F815002070B590F82E3C84B022
:10691C000446052B6BD8DFE803F039516A6A100383
:10692C005B4DFDF757F8D4F8241C41F288322B68E4
:10693C005B1A93427DD804B070BD90F82A3C00F5E8
:10694C00B766002B6ED104F2545304F5AA6594ED8E
:10695C00341A3046D3ED000A95ED000AFFF7BCFE61
:10696C0000287BD00D214B480BF0C4F995ED000AA3
:10697C0002214948B7EEC00A08F05AFD464808F013
:10698C0027FD052384F82E3C04B070BD00F2146082
:10699C00FEF754FC00283FD02046FDF769F998B368
:1069AC0094F8293C002B6BD1012104F1440002F036
:1069BC0083FF042384F82E3C04B070BD00F5B7654A
:1069CC002846FFF7C7FD002853D12046FDF762FA91
:1069DC00022104F1440002F06FFF10212F480BF04C
:1069EC0089F92D4804B0BDE8704008F0F1BC2C4981
:1069FC0001A808F0B5FE01A9032204F1740000F00F
:106A0C00A5FF01A808F0E6FE012104F1380004B04E
:106A1C00BDE8704002F050BF224904F5467002F008
:106A2C006BFDF1E73046FFF7D5FE002384F82A3CD6
:106A3C0089E7D4F8D4350221174807EE903A9FED38
:106A4C00120BB8EEE77B87EE000B08F0F1FC124856
:106A5C0008F0BEFC2B68C4F8243C6CE704F54670C7
:106A6C00114902F049FD012104F1380002F024FF24
:106A7C0078E7322009F0E4F92846FFF707FDA4E790
:106A8C002046FDF713FA8FE70000000000807540E8
:106A9C00E0C40020741600203091002084160020E1
:106AAC009816002038160020581600200000000010
:106ABC0070B590F82E3C84B00446092B06D8DFE85C
:106ACC0003F01A33050505054A587B96864901A83B
:106ADC0008F046FE01A9032204F1740000F036FF11
:106AEC0001A808F077FE012104F1380004B0BDE8DC
:106AFC00704002F0E1BE10217C480BF0FBF87C48A2
:106B0C0008F066FC04F21460FEF798FB002800F015
:106B1C00AE802046FDF7ACF8002800F0D9800623A3
:106B2C0084F82E3C04B070BD00F5B7652846FFF71D
:106B3C0011FD002840F0A180022104F1440002F074
:106B4C00BBFE0F216B480BF0D5F8694804B0BDE8CB
:106B5C00704008F03DBCFDF721F9002800F0818061
:106B6C00002104F1440002F0A7FE072384F82E3C18
:106B7C00D8E700F5AC6300F25C5590ED3E1A00F5D9
:106B8C00B760D3ED000A95ED000AFFF7E9FC002889
:106B9C0061D00C2158480BF0ADF895ED000A02219C
:106BAC005348B7EEC00A08F043FC514808F010FCFB
:106BBC00082384F82E3CB5E7002200F5AC6300F501
:106BCC00BE6093ED000A84F82B2C84F82C2CFCF777
:106BDC0077FC054670B30123642084F82A3C84F8C2
:106BEC002D3C09F02DF9092384F82E3C9AE7434DEE
:106BFC00FCF7AAFF2046FCF7EDFE2B68D4F8241C0A
:106C0C0041F288325B1A93428CD9D4F8D4350221E4
:106C1C00374807EE903A9FED320BB8EEE77B87EEE4
:106C2C00000B08F005FC324808F0D2FB2B68C4F8C6
:106C3C00243C77E704F5B760FFF78CFC304904F58A
:106C4C00467002F059FC012104F1380002F034FEC8
:106C5C0084F82A5C66E72B4904F5467002F04CFC7C
:106C6C0041E7294904F5467002F046FC3BE7274909
:106C7C0004F5467002F040FC35E704F5BE663220A0
:106C8C0009F0DEF82846FFF701FC3046FCF7F4FB70
:106C9C00322009F0D5F83046FCF7EEFB304603F015
:106CAC0023F894F8F2356BB9222119480BF022F82D
:106CBC000F4808F08DFB2046FDF7F8F82046FDF74D
:106CCC00E9F839E7002104F1380002F0F5FD33E76B
:106CDC00104904F5467002F00FFC04E7AFF3008096
:106CEC000000000000807540DC1500200415002019
:106CFC0030910020CC15002080150020E0C400202D
:106D0C0090150020641500204C150020181500204B
:106D1C00A81500203415002030B590F82E3C85B015
:106D2C0004460B2B07D8DFE803F076590606060657
:106D3C0006060606301B9E4901A808F011FD01A9A4
:106D4C00032204F1740000F001FE01A808F042FDDA
:106D5C00012104F1380005B0BDE8304002F0ACBDB3
:106D6C00FCF7A6FE10B1012384F82C3C914D204673
:106D7C00FCF730FED4F8241C2B6841F288325B1AE5
:106D8C00934200F2988005B030BD00F26C5300F5D0
:106D9C00AD6590ED481A00F5B760D3ED000A95ED9E
:106DAC00000AFFF7DDFB00287FD0092182480AF09A
:106DBC00A1FF95ED000A02218048B7EEC00A08F049
:106DCC0037FB7E4808F004FB94F82C3C002B00F0B9
:106DDC00B2800B2384F82E3C05B030BD00F5B765AE
:106DEC002846FFF7B7FB00284CD12046FDF752F898
:106DFC002046FDF75BF8012104F1380002F05CFD40
:106E0C000023022104F1440084F82B3C05B0BDE8BA
:106E1C00304002F051BD0D2169480AF06BFF674804
:106E2C0008F0D6FA04F21460FEF708FA002836D0FF
:106E3C002046FCF71DFF002877D02046FCF7AEFF5C
:106E4C00002800F0858094F8283C002B48D094F85A
:106E5C00293C002B00F0828094F82B3C23B994F849
:106E6C002C3C002B00F0888094F82A3C002B40F03E
:106E7C009180002104F1440002F01EFD0A2384F8E5
:106E8C002E3C80E704F5BE60FCF7F6FA0028ACD087
:106E9C00322008F0D5FF2846FFF7F8FAB0E7494949
:106EAC0004F5467002F028FB52E7474904F546709A
:106EBC0002F022FB4CE7D4F8D43502213F4807EE10
:106ECC00903A9FED390BB8EEE77B87EE000B08F09C
:106EDC00AFFA3A4808F07CFA2B68C4F8243C52E725
:106EEC0004F546753949284602F006FB2821374837
:106EFC000AF000FF314808F06BFA94F8293C7BB398
:106F0C0094F82B3C002B39D094F82C3C002B7FF4BC
:106F1C001FAF28462E4902F0EFFA2B212C480AF01D
:106F2C00E9FE264808F054FA12E72A4904F546709F
:106F3C0002F0E2FA0CE704F5BE60FCF7A1FA0028B7
:106F4C007FF447AF244904F5467002F0D5FAFFE60A
:106F5C00224904F5467002F0CFFAF9E604F54675BD
:106F6C0028461F4902F0C8FA2D211D480AF0C2FE1E
:106F7C00124808F02DFAC3E704F54675284619495E
:106F8C0002F0BAFA302117480AF0B4FE0B4808F0A8
:106F9C001FFAB9E704F5B760FFF71CFC002384F86F
:106FAC002A3C66E7AFF300800000000000807540CB
:106FBC0084130020E0C400205413002030910020E2
:106FCC0048120020581200203013002074120020A8
:106FDC000413002034150020601300204C150020F1
:106FEC00A0120020D012002070B590F82E3C84B076
:106FFC0004460D2B08D8DFE803F06A520707070791
:10700C00070707070707291C5B4901A808F0A8FB1D
:10701C0001A9032204F1740000F098FC01A808F007
:10702C00D9FB012104F1380004B0BDE8704002F036
:10703C0043BC524DFCF7CEFCD4F8241C41F28832F0
:10704C002B685B1A934279D804B070BD90F82A3C37
:10705C0000F5B766002B6AD104F5AC6304F25C55FD
:10706C0094ED3E1A3046D3ED000A95ED000AFFF779
:10707C0077FA002850D0142141480AF03BFE95EDD8
:10708C00000A02213F48B7EEC00A08F0D1F93D488A
:10709C0008F09EF90D2384F82E3C04B070BD00F569
:1070AC00B7652846FFF756FA78BB2046FCF7F2FE88
:1070BC00022104F1440002F0FFFB172132480AF0D0
:1070CC0019FE304804B0BDE8704008F081B900F2F8
:1070DC001460FEF7B3F890B12046FCF7C9FD002808
:1070EC009FD094F8293C002B3DD1012104F14400A0
:1070FC0002F0E2FB0C2384F82E3C04B070BD234953
:10710C0004F5467002F0F8F98BE7322008F098FE8F
:10711C002846FFF7BBF9C8E704F546701C4902F096
:10712C00EBF9012104F1380002F0C6FBA3E730466D
:10713C00FFF750FB002384F82A3C8DE7D4F8D435B4
:10714C000221104807EE903A9FED090BB8EEE77B51
:10715C0087EE000B08F06CF90A4808F039F92B6837
:10716C00C4F8243C70E72046FCF7A0FEBDE700BF46
:10717C000000000000807540E0140020E0C40020F6
:10718C00B014002030910020C81400206C14002092
:10719C009014002010B590F82E3C84B004460F2BB0
:1071AC0009D8DFE803F0513C08080808080808086B
:1071BC0008080808271D404901A808F0D1FA01A9C0
:1071CC00032204F1740000F0C1FB01A808F002FBDB
:1071DC00012104F1380004B0BDE8104002F06CBB92
:1071EC00FCF766FC354B364A1B6812689A424CD346
:1071FC0004B010BD00F5BE60FCF746F900284CD079
:10720C002E48002147F230532D4A006884F82C1C7C
:10721C000F21034484F82E1C136004B010BD01230D
:10722C000F21284884F82B3C0AF064FD264808F00E
:10723C00CFF804F5B760FFF78DF904F5BE6004B024
:10724C00BDE81040FCF718B9102120480AF052FD97
:10725C001D4808F0BDF804F21460FDF7EFFF70B1A3
:10726C002046FCF705FD90B12046FCF797FD70B168
:10727C0094F82A3CBBB90E2384F82E3CB8E7144989
:10728C0004F5467002F038F9A2E70021A1E7114994
:10729C0004F5467002F030F99AE70F4904F5467090
:1072AC0002F02AF994E704F5B760FFF793FA00238C
:1072BC0084F82A3CDFE700BF50140020E0C4002013
:1072CC00C8B300204014002030910020D4130020BB
:1072DC00E8130020041400203014002008F0D0BE65
:1072EC0038B5054CA4F15005103C201D08F072FA7D
:1072FC00AC42F9D138BD00BF64B300202DE9F04F8A
:10730C0099B0904605460A461F46AB4944F2022303
:10731C0004A89DF88890BDF88CA006F0E1FE169BA1
:10732C00002B00F011815C20002609F029F9059B47
:10733C0004464660C36008A9069B1830DFF89CB26F
:10734C0040F8083C9DF81C3000F8043C9B4B40F87E
:10735C00183C9B4B40F8103C06F066FD6368A66534
:10736C0008A80133CDF810B06360964BA36006F00B
:10737C009DFD2E69002E00F0C0807368013B736088
:10738C000393002B37D132688F49D26A8A4240F07E
:10739C003881B06D18B10EF0B3FC039BB365336D3F
:1073AC00002B00F0F28006F1180006F07FFD2E692C
:1073BC000EB33368854A5B68934240F034817F4B4F
:1073CC00B06D336018B10EF09BFC0023B365336DC8
:1073DC00002B00F01C8106F118031846039306F0ED
:1073EC0065FD039B1846C6F808B006F05FFD3046F5
:1073FC005C2109F0C7F82C61002C00F08880236810
:10740C00734A1B6B93427ED1236D002B00F0B58029
:10741C00B9F1000F7FD02C6923686E49DB688B4271
:10742C0040F0C480206D002800F09F8041463A4611
:10743C0005F08EFB2E6984B2002E57D03368DFF82E
:10744C008881DB6A434540F0CB80B06D18B10EF0FB
:10745C0057FC0023B365336D002B00F0A28006F1BE
:10746C00180006F023FDD5F81090D9F80460013E01
:10747C00C9F80460002E37D1D9F80030DB6A4345D7
:10748C0040F0C280D9F8580018B10EF039FCC9F898
:10749C005860D9F85030002B00F0AD8009F118007D
:1074AC0006F004FD2E69FEB13368484A5B689342CE
:1074BC0040F0C880414BB06D336018B10EF020FC29
:1074CC000023B365336D06F11808002B00F0A6807D
:1074DC00404606F0EBFC4046C6F808B006F0E6FC69
:1074EC005C21304609F04EF800232B61381BB0FAB2
:1074FC0080F0400919B0BDE8F08F2368344A1B6B4B
:10750C002C61934280D020469847002842D100201D
:10751C0019B0BDE8F08F2C69002CE7D023682E48F9
:10752C00196A002381425ED1236D002B7ED0514617
:10753C00184605F031F92C69002C7FF46DAF381B1F
:10754C00B0FA80F04009D5E7179C002C7FF4EBAE25
:10755C00DFF888B008A8CDF810B006F0A7FC2E69AB
:10756C00002E7FF40AAF3046D2E7606D00283FD082
:10757C0041463A4603F01CFF5CE7636D002BC6D016
:10758C00B9F1000F7FF447AFC5E7736D002B7FF4A3
:10759C000AAF0CE7B9F1000FBDD02C69002CCED08E
:1075AC003AE7736D002B7FF45AAF5CE741462046F7
:1075BC003A4698473EE700BF8CAC0020541B002095
:1075CC00B01B0020301B0020A5060000B90D0000E8
:1075DC0091060000DD0B0000F50E0000001A0020E3
:1075EC00304698473FE72046524600938847D4E7F9
:1075FC002E69044622E7D9F85430002B7FF44EAFA5
:10760C0050E730469047D2E6484698474AE7736DB4
:10761C00002B7FF4E0AE06F11803E3E6736D002B4C
:10762C007FF456AF57E730469847E4E6606D002884
:10763C003FF4F2AE524602F0CFFF2C69002C3FF41F
:10764C007EAFE9E6304698474EE700BF2DE9F04F94
:10765C0099B0174605460A469846A349002304A844
:10766C00BDF8889006F03CFD169B002B00F0F980CD
:10767C005C20002608F084FF059B04464660C3602E
:10768C0008A9069B1830DFF884A240F8083C9DF846
:10769C001C3000F8043C954B40F8183C944B40F8D7
:1076AC00103C06F0C1FBA665666808A8914B013634
:1076BC00CDF810A0A360666006F0F8FB2E69002ED2
:1076CC0000F0CD807368013B73600393002B35D1C0
:1076DC0032688949D26A8A4240F0F980B06D18B19B
:1076EC000EF00EFB039BB365336D002B00F0D180C5
:1076FC0006F1180006F0DAFB2E69FEB133687F4AFA
:10770C005B68934240F01081784BB06D336018B1D8
:10771C000EF0F6FA0023B365336D06F1180B002B4F
:10772C0000F0FD80584606F0C1FB5846C6F808A08C
:10773C0006F0BCFB30465C2108F024FF2C61002CC9
:10774C0000F0888023686E4A1B6B93427ED1236DB8
:10775C00002B00F09680286900287BD0026800235B
:10776C00684C116AA14240F09980036D002B00F027
:10777C00A2804946184605F00FF82869002869D000
:10778C000368614A9B68934240F0A880036D002B0C
:10779C0000F0888042463946184604F0B5FD86B2A2
:1077AC002C69002C57D02368DFF84C81DB6A4345E9
:1077BC0040F0B280A06D18B10EF0A2FA0023A365C0
:1077CC00236D002B7ED004F1180006F06FFB2F699F
:1077DC007C68013C7C60002C32D13B68DB6A434501
:1077EC0040F0AA80B86D10B10EF08AFABC653B6D02
:1077FC00002B00F09C8007F1180006F057FB2C6959
:10780C00F4B123683D4A5B68934240F09880374B53
:10781C00A06D236018B10EF073FA0023A365236DDD
:10782C0004F11807002B73D0384606F03FFB38469E
:10783C00C4F808A006F03AFB5C21204608F0A2FE32
:10784C00002330462B6119B0BDE8F08F20469847D5
:10785C00002880D10026304619B0BDE8F08F2C618D
:10786C0070E7179C002C7FF403AFDFF8A0A008A8EA
:10787C00CDF810A006F01AFB2E69002E7FF422AF73
:10788C00E9E7636D002BE5D0286900287FF466AF2B
:10789C00E0E7736D002B7FF42BAF2DE74A46009386
:1078AC0088476AE7406D00284CD04246394602F0C2
:1078BC00ADFD86B274E7416D61B14A46084602F0EF
:1078CC008BFE5AE7636D002B7FF47DAF7FE730466C
:1078DC00904711E793680C4A9342E3D042463946ED
:1078EC0098472C6986B25CE78CAC0020541B0020B6
:1078FC00B01B0020301B0020A5060000B90D0000B5
:10790C0091060000F50E0000650B0000001A002027
:10791C00636D002B88D18AE72046984757E7736D33
:10792C00002B7FF4FFAE00E73046984706E77B6DEF
:10793C00002B7FF460AF62E7384698475FE720463C
:10794C0098477DE74FF6FF762AE700BF042A2DE91A
:10795C00F04F9BB004D9002420461BB0BDE8F08F3B
:10796C0005460E4606A85D491701144607F016FF9A
:10797C005B4906A8DFF8948108F038F8014603A8A3
:10798C0007F00CFF06A807F025FF391D03A841449A
:10799C0007F0F6FF08EB070303A8598808F012F864
:1079AC00504903A807F0F0FF032C00F062814E4B06
:1079BC001C78002C00F08A80039A002A00F0798150
:1079CC0044F20223494906A806F08AFB189B002BB7
:1079DC0000F05D815C204FF0000908F0D1FD079BA1
:1079EC000446C0F80490C3600AA9089B183040F8FC
:1079FC00083C9DF8243000F8043C3D4B40F8183C02
:107A0C003C4B40F8103C06F00FFA6368C4F85890F1
:107A1C000AA80133DFF8F8906360374BCDF8189063
:107A2C00A36006F043FA2B69002B73D05A68013A15
:107A3C005A600092002A3FD119683048C96A8142C5
:107A4C0040F06981986D28B101930EF059F9DDE988
:107A5C0000239A651A6D002A00F0398103F1180091
:107A6C0006F024FAD5F810A0BAF1000F24D0DAF8F9
:107A7C000030234A5B68934240F032811C4BDAF8A9
:107A8C005800CAF8003020B10EF03AF90023CAF8B9
:107A9C005830DAF850300AF1180B002B00F0418105
:107AAC00584606F003FA5846CAF8089006F0FEF954
:107ABC0050465C2108F066FD2C6164BB1621114810
:107ACC000AF018F91048002407F082FC03A807F00C
:107ADC0081FE20461BB0BDE8F08F00BF64B30020D0
:107AEC008C0A0020480B002016C500208CAC00200E
:107AFC00541B0020B01B0020301B0020A5060000EA
:107B0C00B90D0000500B00203091002014B3002060
:107B1C00001A00202C612368874A1B6B934240F0AB
:107B2C00E580236D002B00F0CB808449304607F0B4
:107B3C002BFF834BDFED837A022193ED000A06A81D
:107B4C00B8EE400A80EE270A07F0ACFE2C2106A8FE
:107B5C0007F028FF314606A807F012FF089A06998D
:107B6C0094B2002900F0C8802E69002E00F09F808E
:107B7C00336892B27448D3F80CA0824540F0C880A8
:107B8C00306D002800F0978004F0E2FF2E691FFA98
:107B9C0080FA002E50D03368DB6ADFF8C0B15B4549
:107BAC0040F0B380B06D18B10EF0AAF80023B365A5
:107BBC00336D002B00F0A28006F1180006F076F968
:107BCC002B695E68013E5E60002E33D11A68D26A62
:107BDC005A4540F0A380986D20B100930EF090F8B8
:107BEC00009B9E651A6D002A76D003F1180006F0F2
:107BFC005DF92E69F6B13368544A5B68934272D1D1
:107C0C00534BB06D336018B10EF07AF80023B365A6
:107C1C00336D06F1180B002B00F08980584606F0E6
:107C2C0045F95846C6F8089006F040F930465C21F4
:107C3C0008F0A8FC00232B6118F8073008EB0702AA
:107C4C0001335178DBB2994208F8073005D15388DB
:107C5C0001335380002308F80730A4EB0A0406A86C
:107C6C0007F0B8FD03A8B4FA84F4640907F0B2FD78
:107C7C002FE73468002C46D0204610F0C1FA01469C
:107C8C0020460AF037F8334807F0A2FB8FE6199C20
:107C9C00002C7FF49FAEDFF8C8900AA8CDF818909E
:107CAC0006F004F92B69002B7FF4C0AE06E7B24650
:107CBC00C2E7294A84E6706D38B103F079FB65E7B9
:107CCC00636D002B7FF431AFF8E6824664E75A6DA2
:107CDC00002A7FF4C3AEC5E65A6D002A85D188E729
:107CEC0050469847E8E630469847A3E72046984721
:107CFC0000283FF4E3AE18E7174935E7736D002B06
:107D0C007FF45AAF5CE7144CB6E73046984757E718
:107D1C003046D0473AE718468847A3E618469047BE
:107D2C0067E7DAF85430002B7FF4BAAEBBE6736D1C
:107D3C00002B7FF473AF74E791060000BC090020A0
:107D4C00E0C4002000007A44DD0B0000B90D0000F7
:107D5C00541B002030910020B08F0020A50600009D
:107D6C00001A002070B57A4D8EB0D5F88424002A04
:107D7C0073D06C4600231146764A2046009304F0DB
:107D8C006FFA002875D0D5F88424002A41D000233E
:107D9C0011462046704A009304F062FA002843D042
:107DAC006E4E6F49304607F099FD6E4B0A22204605
:107DBC00196807F061FD2146304607F0E1FD2046C9
:107DCC0007F008FD3068684AD5F88434002818BFDD
:107DDC000246002B67D0194600232046009304F07E
:107DEC003FFA002868D13068002800F0AC80D5F844
:107DFC00841400296DD000250246012301F5896108
:107E0C002046009504F034F9002870D001200EB003
:107E1C0070BDD5F88814B1B113460C9220464E4A69
:107E2C0002F098FE0028BBD1D5F88424002A7BD020
:107E3C00002002F589610123474A0090204604F096
:107E4C0017F90028ACD12121484809F053FF4848C4
:107E5C0007F0BEFA00200EB070BDD5F88814C1B181
:107E6C006C4613460C9220463A4A02F073FE0028E8
:107E7C0089D1D5F88424002A47D0002002F58961E5
:107E8C000123344A0090204604F0F2F800287FF4D5
:107E9C007AAF2621374809F02DFF354807F098FABC
:107EAC0000200EB070BDD5F8881489B120460C9313
:107EBC0002F050FE002896D025212F4809F01AFF19
:107ECC0026492B4807F05EFA294807F081FA9DE70E
:107EDC0068B1D5F8881451B100250246012301F58B
:107EEC00896120460C9503F0C9F800288ED1242115
:107EFC00224809F0FFFE19491D4807F043FA1C48B7
:107F0C0007F066FA00200EB070BDD5F88814002971
:107F1C00BFD00C92012301F589610E4A204603F073
:107F2C00ADF80028B5D02EE7D5F8881400298AD0F2
:107F3C000C92012301F58961074A204603F09EF853
:107F4C00002880D02CE7D5F88414074851E700BFEF
:107F5C0088AC0020840A0020B80A002064B30020FA
:107F6C00E80A002010B30020B08F0020C40A0020C3
:107F7C0030910020900A0020200B0020F80A0020ED
:107F8C0070B5184E0546184A337811603BB1284637
:107F9C00FFF7E8FE044680B13478204670BDFE2120
:107FAC00124806F02FFD044688B101232846337091
:107FBC00FFF7D8FE04460028EED122210C4809F028
:107FCC0099FE0C4807F004FA2046347070BD1C2151
:107FDC00094809F08FFE074807F0FAF9204634707B
:107FEC0070BD00BF16C5002010B3002088AC002067
:107FFC00880B002030910020680B00200F4B187864
:10800C0000B970470E4B10B5D3F884448EB044B110
:10801C0000230A4668462146009304F021F90EB06D
:10802C0010BDD3F888040028F9D00A46234601462F
:10803C0068460C9402F08EFDF1E700BF16C50020D7
:10804C0088AC002030B512BA85B01C46074B0392A1
:10805C001A78BDF8205032B103AA0423CDE90045AB
:10806C00FFF74CF90246104605B030BD16C500208E
:10807C0030B5002485B003940A4C24781CB9002434
:10808C00204605B030BD00931546042303AAFFF724
:10809C00DDFA0428F3D1039B20461BBA2B6005B0F4
:1080AC0030BD00BF16C5002038B51A4C4FF4C8457A
:1080BC001949204607F054FB2046184C184A194918
:1080CC0009F0ECFF2046184940F8045B07F048FB28
:1080DC00164904F11400256107F042FB144904F120
:1080EC002400256207F03CFB4FF4A053114904F126
:1080FC003400236307F034FB0F4904F1440025647A
:10810C0007F02EFB064A0D490020BDE8384009F067
:10811C00C5BF00BF64B30020AC09002014B300201D
:10812C002C93002015D80000700400207804002047
:10813C0080040020880400209004002021530000BB
:10814C0010B4064C8181911C04600024C281018210
:10815C00C0E901445DF8044B704700BF241A0020AD
:10816C00036870B505461B689847EE89304607F0E2
:10817C00ABFF0446701CE4B207F0A6FFAB8960F3BA
:10818C000F24A4B2A3426C680FD00222314605F131
:10819C000C0008F043F934B1236820465B6898471B
:1081AC00A468002CF8D1002070BD34B1236820469F
:1081BC001B689847A468002CF8D1012070BD00BF43
:1081CC00F8B5038A0F46C489191B8A4210DBA342F7
:1081DC000ED9064600252046013407F075FF785568
:1081EC00A4B2338A6A1CA34295B2F4D82846F8BDCF
:1081FC0000252846F8BD00BF03468A79008A41F263
:10820C00BC0C024462450DDC10B4DC8920445C6873
:10821C0088801A8244B19A6801205DF8044B916001
:10822C00996070470020704701205DF8044BC3E94A
:10823C000111704707F024BF09F0F2BC09F034BDFE
:10824C0009F0CCBC084609F03FBD00BF70B58422D4
:10825C000E46002104460FF087FC842200250021E5
:10826C00A0180FF081FC2946862204F59070C4E911
:10827C004255C4E94455C4E946550FF075FC8622B5
:10828C00294604F5D3700FF06FFC2046C4F82C522D
:10829C0084F83052C4F8346270BD00BFC0F8341298
:1082AC00704700BFC0F81C11A0F81821A0F81631B7
:1082BC00704700BF2DE9F0411C4E04460D46904618
:1082CC001B4F33689D4209D9D4F8340203681B69EB
:1082DC00BB4221D109F0A4FC0028F2D0D4F834021E
:1082EC00144A03685B6993421DD109F0DDFC431C01
:1082FC0016D094F82F32C0B294F830220344A8EB75
:10830C000000DBB2B0FA80F01A44400984F82F3236
:10831C0084F83022BDE8F08198470028D1D0DDE701
:10832C000020BDE8F0819847E1E700BFE0C40020E1
:10833C00796200007D6200002DE9F04182B00B46AD
:10834C000421002401AE144A05460DEB01000194F2
:10835C000EF092F9DFF844803718D5F8342216F86D
:10836C00014B136820461B68434511D109F0ACFC46
:10837C0095F82F22B74295F830321444E4B22344D6
:10838C0085F82F4285F83032E7D102B0BDE8F08194
:10839C00104621469847EBE7400900208562000013
:1083AC002DE9F04182B000240B46164A6E46054674
:1083BC00062168460094ADF804400EF05DF9DFF834
:1083CC0048803718D5F8342216F8014B136820462C
:1083DC001B68434511D109F077FC95F82F22B74261
:1083EC0095F830321444E4B2234485F82F4285F8D2
:1083FC003032E7D102B0BDE8F081104621469847F3
:10840C00EBE700BF40090020856200002DE9F04138
:10841C0000230446D0F834020F4684F82F32164657
:10842C0084F830320368504D1B68AB4240F08580B5
:10843C003F2009F049FC94F82F32204694F8302262
:10844C0039463F33DBB284F82F32134484F8303290
:10845C00FFF772FFD4F8340203681B68AB426FD18C
:10846C002C2009F031FC94F82F3294F830222C3364
:10847C00D4F83402DBB21A4484F82F3284F8302258
:10848C0003681B687EB1AB4267D1312009F01CFC3C
:10849C0094F82F2294F830323132D2B2134484F84B
:1084AC002F22DBB20EE0AB425AD1302009F00CFC8B
:1084BC0094F82F2294F830323032D2B2134484F82C
:1084CC002F22DBB2D4F8340284F8303203681B68F4
:1084DC00AB423FD13B2009F0F7FB94F82F1220461A
:1084EC0094F830323B31C9B20B4484F82F12DBB212
:1084FC0043EA012184F83032FFF752FFD4F83402FA
:10850C0003681B68AB4222D13B2009F0DDFB94F8D9
:10851C002F3294F830223B33D4F83402DBB21A44B5
:10852C0084F82F3284F8302203681B68AB420AD1DE
:10853C000A20BDE8F04109F0C7BB3F2198477AE714
:10854C002C2198478FE70A21BDE8F04118473B21C1
:10855C009847DCE73B219847BFE73121984797E7DD
:10856C0030219847A4E700BF856200002DE9F04157
:10857C0000230446D0F834020D4684F82F3284F8D8
:10858C0030320368444F1B68BB4278D1232009F07A
:10859C009BFB94F82F32294694F830222046233343
:1085AC00DBB21A4484F82F3284F83022FFF7C4FE71
:1085BC0094F886301BB304F1870812E009F084FBB1
:1085CC0094F82F12863E94F830320D4494F886209D
:1085DC00361BEDB2B2422B4484F82F5284F8303261
:1085EC000DDDD4F83422464618F8015F136828468E
:1085FC001B68BB42E2D0294610469847E0E7D4F806
:10860C00340203681B68BB4242D13B2009F05CFB7F
:10861C0094F82F12204694F830323B31C9B20B44F7
:10862C0084F82F12DBB243EA012184F83032FFF7D1
:10863C00B7FED4F8340203681B68BB4225D13B203B
:10864C0009F042FB94F82F3294F830223B33D4F8E3
:10865C003402DBB21A4484F82F3284F830220368D7
:10866C001B68BB420ED10A2009F02EFB0023A4F894
:10867C00843084F8863084F88830BDE8F08123217A
:10868C00984786E70A219847F0E73B219847D9E7B6
:10869C003B219847BCE700BF85620000F8B500237A
:1086AC000446D0F834020D4684F82F3284F8303268
:1086BC0003685B4F1B68BB4240F09E80212009F091
:1086CC0003FB94F82F32204694F8302229462133AC
:1086DC00DBB21A4484F82F3284F83022FFF72CFED8
:1086EC00D4F8340203681B68BB4240F095802C2000
:1086FC0009F0EAFA94F82F32204694F830222C3301
:10870C00B4F81611DBB21A4484F82F3284F83022F4
:10871C00FFF746FED4F8340203681B68BB4278D1DD
:10872C003B2009F0D1FA94F82F3294F830223B33E5
:10873C00B4F81611DBB21A4484F82F3284F83022C4
:10874C0009B3002611E009F0BFFA94F82F12013694
:10875C0094F830320D44B4F81621EDB296422B4405
:10876C0084F82F5284F830320DDAD4F83422D4F84D
:10877C001C1113688D5D1B682846BB42E3D029464B
:10878C0010469847E1E7D4F8340203681B68BB42F3
:10879C003CD13B2009F098FA94F82F12204694F81B
:1087AC0030323B31C9B20B4484F82F12DBB243EAAE
:1087BC00012184F83032FFF7F3FDD4F8340203685A
:1087CC001B68BB421FD13B2009F07EFA94F82F3274
:1087DC0094F830223B33D4F83402DBB21A4484F8D8
:1087EC002F3284F8302203681B68BB4207D10A2061
:1087FC0009F06AFA0120F8BD2121984761E70A21A6
:10880C0098470120F8BD3B219847DFE73B2198476B
:10881C00C2E73B21984786E72C2198476AE700BFBF
:10882C0085620000D0F81C310BB1FFF737BF18463A
:10883C00704700BF2DE9F0410446107888460028A7
:10884C0000F0D58004F5D575012302E0802B00F0F3
:10885C00CC8005F8010F9EB212F8010F01330028ED
:10886C00F4D10023D4F83402624F84F82F3284F808
:10887C0030320368A4F8A8611B68BB4240F0A280A8
:10888C00222009F021FA94F82F32204694F8302255
:10889C0041462233DBB21A4484F82F3284F830225A
:1088AC00FFF74AFDD4F8340203681B68BB4240F062
:1088BC0099802C2009F008FA94F82F32204694F86D
:1088CC0030222C3394F8A811DBB21A4484F82F32DE
:1088DC0084F83022FFF730FDD4F8340203681B68AB
:1088EC00BB427CD13B2009F0EFF994F82F3294F87D
:1088FC0030223B33B4F8A811DBB21A4484F82F327F
:10890C0084F8302229B304F5D57814E009F0DCF9A9
:10891C0094F82F126FF4D47294F8303216440D443C
:10892C00B4F8A821EDB2361B2B44B24284F82F5276
:10893C0084F830320DDDD4F83422464618F8015F45
:10894C00136828461B68BB42E0D02946104698475E
:10895C00DEE7D4F8340203681B68BB423CD13B20F1
:10896C0009F0B2F994F82F12204694F830323B31CA
:10897C00C9B20B4484F82F12DBB243EA012184F80C
:10898C003032FFF70DFDD4F8340203681B68BB428C
:10899C001FD13B2009F098F994F82F3294F830222B
:1089AC003B33D4F83402DBB21A4484F82F3284F807
:1089BC00302203681B68BB4207D10A20BDE8F04196
:1089CC0009F082B9222198475DE70A21BDE8F04100
:1089DC0018473B219847DFE73B219847C2E73B21EB
:1089EC00984782E72C21984766E77F2639E70646A9
:1089FC0037E700BF856200002DE9F041002384B009
:108A0C00DFF8BC8004462B4E0D462B4FADF80C30D6
:108A1C00CDE9013333689D4221D9019B042B1ED82B
:108A2C00D4F8340203689B69BB4226D109F0D6F80E
:108A3C00431CEFD0C3B23B2B11D0D4F834020368E3
:108A4C005B6943451BD109F02FF9019B5A1C10336C
:108A5C006B44019203F8080C33689D42DDD8D4F8BE
:108A6C00340203685B69434521D109F01DF93B28A9
:108A7C0007D0002004B0BDE8F0819847D8E79847AC
:108A8C00E3E701AA0D4902A80EF06AFE0128F0D115
:108A9C00019BB3F5803FECD2B4F82F0240BA80B200
:108AAC00C01AB0FA80F0400904B0BDE8F0819847D4
:108ABC00DDE700BFE0C40020816200004009002017
:108ACC007D6200002DE9F041002382B0524D8046BA
:108ADC00524E0C46524FCDE900332B689C4233D991
:108AEC00019B022B30D8D8F8340203689B69B3423F
:108AFC003BD109F073F8431CEFD0C3B22C2B23D01D
:108B0C003B2B21D0D8F8340203685B69BB422ED1D1
:108B1C0009F0CAF8421CE0D0019AC0B298F82F3282
:108B2C0002F1010C0832034498F830126A44CDF873
:108B3C0004C0DBB202F8080C88F82F325A182B68E4
:108B4C0088F830229C42CBD8D8F8340203689B6951
:108B5C00B3424FD109F042F8C0B22C2809D03B28BF
:108B6C0007D0002002B0BDE8F0819847C3E79847D2
:108B7C00D0E701AA2B4968460EF0F2FD0128F0D18E
:108B8C00019BFF2BEDD8264E88F800302B689C42B9
:108B9C00E7D9D8F8340203685B69B34228D109F0ED
:108BAC0083F8C2B20130F1D098F82F323B2A98F8F2
:108BBC0030121344DBB2194488F82F3288F8301283
:108BCC001AD02C2A04D198F80130013388F80130DE
:108BDC0098F80230591C434488F802101A712B681B
:108BEC009C42BED9D8F8340203685B69B342D6D034
:108BFC009847D6E79847AFE798F80230002221460D
:108C0C00404643441A7188F80220FFF7F5FE0346EC
:108C1C00012088F80330A5E7E0C400208162000041
:108C2C007D6200004009002000232DE9F043474FEE
:108C3C0083B004461D460E46DFF81881DFF8189104
:108C4C00CDE900333B689E422FD9019B022B2CD8D7
:108C5C00D4F8340203689B69434532D108F0BEFF57
:108C6C00421CEFD0C5B22C2D1FD0D4F834020368AF
:108C7C005B694B4527D109F017F8411CE2D0C5B20E
:108C8C00019A94F82F32501C08322B4494F830126D
:108C9C006A440190DBB202F8085C84F82F325A184F
:108CAC003B6884F830229E42CFD82C223146204695
:108CBC00FFF700FB804640B90025284603B0BDE80D
:108CCC00F0839847CCE79847D7E701AA2049684634
:108CDC000EF046FD0128EFD1019BFF2BECD8DFF8FD
:108CEC00789084F82C323B689E4215D9D4F8340223
:108CFC0003685B694B4524D108F0D6FF431CF2D0C6
:108D0C0094F82F32C5B294F830222B44DBB21A44BB
:108D1C0084F82F3284F83022302D14D0312DCBD161
:108D2C003B223146204684F82D82FFF7C3FA0546D4
:108D3C000028C1D031462046FFF75EFE84F82E0293
:108D4C00BBE79847DAE74FF00008E9E7E0C40020FA
:108D5C0040090020816200007D6200002DE9F04195
:108D6C00002384B0D0F8102100930293ADF80C309E
:108D7C000193A0F80A3180F80831002A50D08046BF
:108D8C000C467D4D7D4E7E4F2B689C4231D9019B0C
:108D9C00022B2ED8D8F8340203689B69B34235D124
:108DAC0008F01CFF411CEFD0C3B22C2B21D0D8F8FB
:108DBC00340203685B69BB422AD108F075FF431C7F
:108DCC00E2D0019AC0B298F82F3202F1010C1032A5
:108DDC00034498F830126A44CDF804C0DBB202F8B0
:108DEC00100C88F82F325A182B6888F830229C42C5
:108DFC00CDD82B689C420DD8D8F8340200250368D6
:108E0C00DB689847284604B0BDE8F0819847C9E76D
:108E1C009847D4E72C2221464046FFF74BFA20B95D
:108E2C000025284604B0BDE8F08101AA55496846E2
:108E3C000EF096FC0128F3D1019BFF2BF0D888F89B
:108E4C00083100234D4E4E4F01932B689C4232D972
:108E5C00019B042B2FD8D8F8340203689B69B342CA
:108E6C0040F0838008F0BAFE431CEED0C0B23B2821
:108E7C0021D0D8F8340203685B69BB4277D108F083
:108E8C0013FF421CE1D0C0B298F82F3298F8301280
:108E9C000344019ADBB288F82F320B4488F8303245
:108EAC00531C019302F110030DEB03022B689C423F
:108EBC0002F8080CCCD82B689C429DD93B22214649
:108ECC004046FFF7F7F90028AAD001AA2D4902A8BD
:108EDC000EF046FC0128A3D1019BB3F5803F9FD235
:108EEC009BB2B8F80C219A42A8F80A3184D300231B
:108EFC00234E01932B689C4223D9B8F80A21019B7D
:108F0C009A421ED9D8F8340203685B69B34230D157
:108F1C0008F0CAFEC2B20130ECD098F82F3298F8A3
:108F2C0030121344DBB288F82F320B44D8F81011EE
:108F3C0088F83032019B581C0190CA542B689C4213
:108F4C00DBD82B689C427FF657AF3B22214640462C
:108F5C00FFF7B0F9054600283FF462AF21464046C2
:108F6C00FFF74AFD88F80E015BE798477CE79847C6
:108F7C0087E79847CEE700BFE0C40020816200007D
:108F8C007D620000400900202DE9F041002384B0EF
:108F9C00844D8046844E0C46844F00930293ADF86A
:108FAC000C300193A0F8223180F820312B689C42C0
:108FBC0031D9019B022B2ED8D8F8340203689B6957
:108FCC00B34235D108F00AFE411CEFD0C3B22C2BB2
:108FDC0021D0D8F8340203685B69BB422AD108F06F
:108FEC0063FE431CE2D0019AC0B298F82F3202F112
:108FFC00010C1032034498F830126A44CDF804C0C6
:10900C00DBB202F8100C88F82F325A182B6888F84B
:10901C0030229C42CDD82B689C420DD8D8F8340213
:10902C0000250368DB689847284604B0BDE8F0814A
:10903C009847C9E79847D4E72C2221464046FFF7CA
:10904C0039F9002800F0A38001AA594968460EF0AE
:10905C0087FB012840F09B80019BFF2B00F297803F
:10906C0088F820310023504E504F01932B689C42BE
:10907C0032D9019B042B2FD8D8F8340203689B6992
:10908C00B34240F0898008F0A9FD431CEED0C0B279
:10909C003B2821D0D8F8340203685B69BB427DD1F0
:1090AC0008F002FE421CE1D0C0B298F82F3298F8BA
:1090BC0030120344019ADBB288F82F320B4488F843
:1090CC003032531C019302F110030DEB03022B6899
:1090DC009C4202F8080CCCD82B689C429ED93B22AF
:1090EC0021464046FFF7E6F8002850D001AA304947
:1090FC0002A80EF035FB012849D1019B4FF6FE72F8
:10910C00934244D80022294EA8F8223101922B68B0
:10911C009C4225D9019BB8F822219A4220D97E2B5A
:10912C001ED8D8F8340203685B69B34238D108F012
:10913C00BBFDC2B20130EAD098F82F3298F8301249
:10914C001344DBB288F82F320B4488F83032019B81
:10915C00591C434483F825212B6801919C42D9D892
:10916C002B689C427FF65AAF019B00213B22404664
:10917C00434483F825112146FFF79CF8054630B18E
:10918C0021464046FFF738FC88F824014CE70025BF
:10919C00284604B0BDE8F081984776E7984781E708
:1091AC009847C6E7E0C40020816200007D620000A1
:1091BC00400900202DE9F84300230446D0F834027E
:1091CC002380A37023710368384A1B69934249D1E9
:1091DC0008F026FD002842D0DFF8D8800027D8F808
:1091EC000050D8F8003005F1640984F82F7284F827
:1091FC003072994533D92E4ED4F8340203685B692A
:10920C00B34250D108F050FDC2B2013027D094F8CF
:10921C002F3294F830121344213ADBB284F82F32F7
:10922C000B4484F830321E2A11D8DFE802F01D26D8
:10923C002E10101010101010101010101010101004
:10924C001010101010101010101010103400D8F84E
:10925C00003084F82F72994584F83072CCD80020F5
:10926C00BDE8F8839847B5E705F57A712046FFF716
:10927C0075FD0028F3D00320F2E749462046FFF79E
:10928C0083FE8000C0B2BDE8F88349462046BDE8A5
:10929C00F843FFF717BC49462046FFF7C5FC4000D2
:1092AC00C0B2BDE8F8839847AEE700BF7962000012
:1092BC007D620000E0C4002010B5002386B090F859
:1092CC0002C0002204930593019200EB0C02CDE93D
:1092DC0002330CF10103DBB2837012792C2A18D102
:1092EC000CF10F0C0C465FFA8CFC63450CD802A9F0
:1092FC00C21801331279DBB22C2A0DD032B163457E
:10930C00837001F8012BF3D9184402792C2A03D06D
:10931C0012B1002006B010BD01AA054902A80EF03A
:10932C001FFA0128F5D1019B236006B010BD00BFC8
:10933C004C09002038B50B4690F88610044688304E
:10934C00C1F180050C4A0844EDB229460DF094F9A0
:10935C00A84207DA94F8862003460120134484F8C7
:10936C00863038BD00231846A4F8843084F8863043
:10937C0084F8883038BD00BF4809002030B590F81B
:10938C008630B7EEC00A83B00446C3F1800588303E
:10939C000E4AEDB2184429468DED000B0DF06CF918
:1093AC00854208DD94F8862003460120134484F896
:1093BC00863003B030BD00231846A4F8843084F8FE
:1093CC00863084F8883003B030BD00BF44090020DB
:1093DC008446188800B500F1040E96452DD8184A1D
:1093EC001278CAB1421C1A8001F800C01A88501CAD
:1093FC0018804FEA1C2088541A88501C18804FEA99
:10940C001C404FEA1C6C88541A88501C1880012090
:10941C0001F802C05DF804FB421C1A804FEA1C6282
:10942C000A541A88501C18804FEA1C4088541A8819
:10943C00501C18804FEA1C20E5E700205DF804FB67
:10944C0021C50020002B18BF002984460CBF012029
:10945C0000200BD010B5B3F800E00EF101049442DB
:10946C0003D801201C8001F80EC010BD00207047ED
:10947C00002B18BF002910B586460CBF0120002018
:10948C0016D0B3F800C00CF1020494420FD8104A65
:10949C0012787AB90CF101021A804FEA1E2201F8F7
:1094AC000C201A88501C1880012001F802E010BD15
:1094BC00002010BD0CF101021A804FEA1E2201F8A7
:1094CC000CE01C88601C188001200A5510BD00BFE0
:1094DC0021C50020134630B12AB10A46014610EED0
:1094EC00100AFFF775BF0020704700BF10B5044687
:1094FC00FEF7ACFE204610BD38B50C4605460821DB
:10950C000A4808F0F7FB34B120460EF079FE01460C
:10951C00204608F0EFFB064805F05AFF2246284685
:10952C002421BDE83840FFF785B900BF2C19002075
:10953C00309100202DE9F84F044615461E46BDF823
:10954C002870BDF82C80BDF83090BDF834A0BDF863
:10955C0038B0FFF7EFFE18B900252846BDE8F88FA4
:10956C0029462046FFF7E6FE0028F5D03146204676
:10957C00FFF7E0FE0028EFD039462046FFF7DAFE71
:10958C000028E9D041462046FFF7D4FE0028E3D05E
:10959C0049462046FFF7CEFE0028DDD05146204636
:1095AC00FFF7C8FE0028D7D059462046FFF7C2FE69
:1095BC0005460028D0D003212046FEF7D7FFCCE784
:1095CC0038B52DED048B0446B0EE608AF0EE418A7E
:1095DC00B0EE619AF0EE429AFFF7D0FE20B900256A
:1095EC002846BDEC048B38BDB0EE480A2046FFF788
:1095FC00C5FE0028F3D0B0EE680A2046FFF7BEFE89
:10960C000028ECD0B0EE490A2046FFF7B7FE002840
:10961C00E5D0B0EE690A2046FFF7B0FE05460028FB
:10962C00DDD004212046FEF7A1FFD9E738B52DED9A
:10963C00048B0446B0EE608AF0EE418AB0EE619A7B
:10964C00FFF79CFE20B900252846BDEC048B38BDE5
:10965C00B0EE480A2046FFF791FE0028F3D0B0EE9A
:10966C00680A2046FFF78AFE0028ECD0B0EE490AC3
:10967C002046FFF783FE05460028E4D0052120464E
:10968C00FEF774FFE0E700BF38B52DED048B044600
:10969C00B0EE608AF0EE418AB0EE619AF0EE429A3A
:1096AC00FFF76CFE20B900252846BDEC048B38BDB5
:1096BC00B0EE480A2046FFF761FE0028F3D0B0EE6A
:1096CC00680A2046FFF75AFE0028ECD0B0EE490A93
:1096DC002046FFF753FE0028E5D0B0EE690A20467D
:1096EC00FFF74CFE05460028DDD006212046FEF78C
:1096FC003DFFD9E7F0B587B00E46074615466946DB
:10970C001C46FFF7D9FD10B9002007B0F0BD01A928
:10971C003846FFF7D1FD0028F6D002A93846FFF7EE
:10972C00CBFD0028F0D003A93846FFF7C5FD002873
:10973C00EAD004A93846FFF7BFFD0028E4D005A9FC
:10974C003846FFF7B9FD0028DED0009B0299336044
:10975C00019B049A2B602160039B0C990B600D9963
:10976C00059B0A600E9A1360CFE700BF70B582B0FC
:10977C000E46044615466946FFF79EFD10B90020BB
:10978C0002B070BD01A92046FFF796FD0028F6D067
:10979C00009A019B32602B6002B070BD70B582B034
:1097AC000E46044615466946FFF786FD10B90020A3
:1097BC0002B070BD01A92046FFF77EFD0028F6D04F
:1097CC00009A019B32602B6002B070BD70B582B004
:1097DC000E46044615466946FFF76EFD10B900208B
:1097EC0002B070BD01A92046FFF766FD0028F6D037
:1097FC00009A019B32602B6002B070BD70B582B0D4
:10980C000E46044615466946FFF756FD10B9002072
:10981C0002B070BD01A92046FFF74EFD0028F6D01E
:10982C00009A019B32602B6002B070BD70B582B0A3
:10983C000E46044615466946FFF73EFD10B900205A
:10984C0002B070BD01A92046FFF736FD0028F6D006
:10985C00009A019B32602B6002B070BD70B582B073
:10986C000E46044615466946FFF726FD10B9002042
:10987C0002B070BD01A92046FFF71EFD0028F6D0EE
:10988C00009A019B32602B6002B070BDFFF714BDD3
:10989C00FFF712BDFFF710BD10B4002481600280E9
:1098AC00448044605DF8044B704700BF4088B0FAB8
:1098BC0080F04009704700BF034640881A889042E8
:1098CC0011D0DA88012010B59C68A154DA88B3F85D
:1098DC0000C002445988B2FBFCFE01440CFB1E2262
:1098EC005980DA8010BD0020704700BF03464088C5
:1098FC0090B19A88012010B59C68A25C0A709A8875
:10990C00B3F800C002445988B2FBFCFE01390CFBD1
:10991C001E2259809A8010BD704700BFF0B50D22F1
:10992C0083B00023077E8DF806208DF8073077B3BF
:10993C0004460F251D4E60690368DB689847606913
:10994C0003685B6998470028F9DA606901220DF118
:10995C00060103685B689847022006F071FA012241
:10996C000DF10701606905F015FE0128F7D1002300
:10997C0010229DF80710304605F046FD304605F0E4
:10998C0027FD9DF807300D2B05D0013DD3D10027C5
:10999C00384603B0F0BD1121054808F0ABF9034877
:1099AC0005F016FD384603B0F0BD00BF3091002025
:1099BC005009002010B50421837C86B04FF0010CB7
:1099CC000222044623FA01F08B408DF80BC00DF1F6
:1099DC000C0C8DF80C2002AA8DF80A3000238DF89F
:1099EC0008108DF8090001E012F8011F0B44944592
:1099FC00DBB2F9D1227E8DF80D303AB160690622C6
:109A0C0002A903685B689847062802D0012006B0BB
:109A1C0010BD01220DF10701606905F0BBFD0120AD
:109A2C0006B010BD10B5044686B004212020A27CDF
:109A3C0000238DF80C000DF10C0C22FA01F08A4079
:109A4C008DF808108DF80A2002AA8DF80B308DF8CD
:109A5C00090001E012F8011F0B449445DBB2F9D167
:109A6C00227E8DF80D303AB16069062202A9036896
:109A7C005B689847062802D0012006B010BD012271
:109A8C000DF10701606905F085FD012006B010BDE0
:109A9C0010B5062386B0742204468DF808300DF1FB
:109AAC000E0C837C8DF80E10090A8DF80B20012208
:109ABC008DF80D1019091B018DF80C200DF1070202
:109ACC008DF809108DF80A30002312F8011F0B4491
:109ADC009445DBB2F9D1227E8DF80F3042B160692A
:109AEC00082203680DEB02015B689847082802D036
:109AFC00012006B010BD01220DF10701606905F0CF
:109B0C0049FD012006B010BDF0B51D4683B0037EA3
:109B1C00089E23B30446406917462A4603685B68CF
:109B2C009847854215D101220DF10701606905F0B6
:109B3C0031FDB8B19DF807304F2B0DD13278394635
:109B4C00606905F027FD034678B10120337003B03E
:109B5C00F0BD6FF00900FAE76FF00B00F7E76FF05C
:109B6C000D00F4E76FF00A00F1E76FF00C00EEE780
:109B7C00981F30B5C5B2082D2DD892F800C00CF145
:109B8C0002049C4227D1A2F1020E10460023A644E7
:109B9C0001E010F801CF63447045DBB2F9D11444F5
:109BAC0014F8010C984219D1537890781B0143EAB0
:109BBC0010130B70B2F803300D735BBA4B8045B1C8
:109BCC0004320331531912F8010F9A4201F8010FB4
:109BDC00F9D1012030BDA3F1640030BD6FF0140049
:109BEC0030BD00BF70B54FF6FF7390B016460E2215
:109BFC000D468DF82810338008218DF80F2004466F
:109C0C00C27C0DF11F0C8DF820101101837C120900
:109C1C000AA88DF8252041F001028DF826202A0A89
:109C2C008DF827201A091B018DF821208DF8223080
:109C3C00B2238DF8233004238DF8243000231CF834
:109C4C0001EF73446045DBB2F9D18DF829300DF189
:109C5C000F030CAA08A9009320460A23FFF754FF10
:109C6C00012801D010B070BD9DF80F300CAA04A9CA
:109C7C002046FFF77DFF0128F4D1A37CBDF812200C
:109C8C0043F454439A420FD19DF81C30042B11D14C
:109C9C00BDF814305BBA9BB2AB4208D1BDF816309C
:109CAC005BBA338010B070BD6FF00300DAE76FF071
:109CBC000500D7E76FF00400D4E700BF30B583B0E0
:109CCC0000244FF40C7105460DF10602ADF8064068
:109CDC00FFF788FF012804D1BDF806302B8203B0B2
:109CEC0030BD204603B030BD10B582B04FF6FF73C7
:109CFC0040F60E11044601AAADF80430ADF806305A
:109D0C00FFF770FF012802D0002002B010BD0DF14A
:109D1C00060240F60F112046FFF764FF0128F3D12D
:109D2C00BDF80630BDF80420D90BE380A280C3F344
:109D3C008013C2F380222170A370627002B010BD38
:109D4C0010B582B04FF6FF7340F60E1104466A460A
:109D5C00ADF80030ADF80230ADF80430ADF8063097
:109D6C00FFF740FF012802D0002002B010BD0DF11A
:109D7C00020240F60F112046FFF734FF0128F3D101
:109D8C0001AA40F25D312046FFF72CFF0128EBD1F0
:109D9C000DF1060240F6FC012046FFF723FF0128D7
:109DAC00E2D1BDF800C0BDF80210BDF80420BDF82A
:109DBC000630A4F808C06181A281E381D5E700BF19
:109DCC0070B54FF0FF3390B016460E220D468DF84D
:109DDC002810336008218DF80F200446C27C0DF149
:109DEC001F0C8DF820101101837C12090AA88DF824
:109DFC00252041F001028DF826202A0A8DF8272013
:109E0C001A091B018DF821208DF82230B2238DF810
:109E1C00233005238DF8243000231CF801EF734404
:109E2C008445DBB2F9D18DF829300DF10F030CAA62
:109E3C0008A9009320460A23FFF766FE012801D0EB
:109E4C0010B070BD9DF80F300CAA04A92046FFF786
:109E5C008FFE0128F4D1A37CBDF8122043F45543A6
:109E6C009A421AD19DF81C30062B1CD1BDF8143027
:109E7C005BBA9BB2AB4213D19DF819309DF8181008
:109E8C001B049DF8172043EA016313439DF8162029
:109E9C0043EA0223336010B070BD6FF00300CFE7CC
:109EAC006FF00500CCE76FF00400C9E700B583B094
:109EBC004FF0FF334FF40A7101AA0193FFF780FFB3
:109ECC00019803B05DF804FB10B54FF0080C86B098
:109EDC00842204468DF80E1000238DF80B2041FAD5
:109EEC000CF2807C8DF80D200A1609148DF808C030
:109EFC008DF80F200DF107028DF8101001090001EB
:109F0C008DF80C308DF809108DF80A0004A812F8A1
:109F1C00011F0B449042DBB2F9D1227E8DF8113037
:109F2C003AB160690A2202A903685B6898470A285B
:109F3C000BD04FF0FF3301AA4FF40A712046019366
:109F4C00FFF73EFF012006B010BD01220DF1030109
:109F5C00606905F01FFBECE770B514468AB052BA85
:109F6C00837C0E464FEA112EADF80E20220E8DF892
:109F7C000D1005468DF81020220C0DF1180C0DF16A
:109F8C0022018DF811200A228DF818201A091B01C4
:109F9C008DF8192003AA8DF81A3090238DF81B30F8
:109FAC0005238DF81C3007AB01E012F801EF03F824
:109FBC0001EF8B42F9D10DF1230200231CF801EBC8
:109FCC0073449445DBB2F9D18DF823302B7E3BB131
:109FDC00686906A90C2203685B6898470C280FD0A7
:109FEC00002301AA314628460193FFF7E9FE012818
:109FFC000DD1019BA34218BF6FF003000AB070BDD6
:10A00C0001220DF10301686905F0C4FAE8E76FF06D
:10A01C000200F3E70A4640F29E2108B5FFF79CFFC9
:10A02C00A0F10100B0FA80F0400908BD0A4640F2E8
:10A03C00A22108B5FFF790FFA0F10100B0FA80F063
:10A04C00400908BD0A464FF4287108B5FFF784FF94
:10A05C00A0F10100B0FA80F0400908BDDFED0C7AE8
:10A06C004FF4287160EE277ABCEEC00AFCEEE77A5A
:10A07C0008B517EE903A9AB210EE103A42EA034243
:10A08C00FFF76AFFA0F10100B0FA80F0400908BDAB
:10A09C0000008047DFED077A60EE277ABCEEC00A3D
:10A0AC00FCEEE77A17EE903A98B210EE103A40EACE
:10A0BC00034070470000804770B5012A4FF000053F
:10A0CC000446C27481740582C0E90055C0E902558A
:10A0DC0010D0022A18D00D484FF480724FF416514C
:10A0EC00606104F029FE2A466369642120462276C9
:10A0FC00996070BD05484FF480724FF41651606141
:10A10C0004F01AFE0122EFE70148F4E70092002068
:10A11C00A0910020002340F2EE22C9B210B50446F3
:10A12C00037580F82730C0E90A3207F0BDFF012221
:10A13C0004F11F01204608F03BF9204608F030F9E5
:10A14C00FA2005F07DFE204610BD00BF10B5044678
:10A15C0007211F3008F0D0F994F82630834201D142
:10A16C00012010BD1121044807F0C4FD034805F07F
:10A17C002FF9002010BD00BF640900203091002091
:10A18C0010B504460821163008F0B6F9A37F8342B7
:10A19C0001D1012010BD1C21034807F0ABFD034881
:10A1AC0005F016F9002010BD780900203091002030
:10A1BC0070B5054607F092FF284605F1150408F026
:10A1CC00D1F80022BE21284605F11E0608F096F8AB
:10A1DC00284608F0B7F804F8010FB442F8D1284625
:10A1EC00FFF7CEFF48B195F91720AB7D43EA022368
:10A1FC0000EE103ABAEECE0A70BD9FED010A70BDAA
:10A20C0000C079C470B590F827300446012B06D0F5
:10A21C00022B25D073B1002380F8273070BD1C4B66
:10A22C00D0E90A121B685B1A9342F7D3022380F819
:10A23C00273070BD012580F8275007F04FFF2046CE
:10A24C0008F090F820462A46442108F057F8104BA5
:10A25C0040F2EE201B68A362BDE8704005F0F0BD33
:10A26C000D460126FFF7A4FF204685ED000A84F871
:10A27C00276007F033FF204608F074F8324644217B
:10A28C00204608F03BF8024B1B68A36270BD00BF70
:10A29C00E0C40020704700BF034A4FF48051034BC9
:10A2AC00A2F844111B68184700C03D4020930020C1
:10A2BC0070B500F1240384B08C46044601AD1646FB
:10A2CC0093E8070085E807004FEA4C122946206AFC
:10A2DC0001F068FB012806D132462946206A01F0BC
:10A2EC0045FB04B070BD002004B070BD10B5044631
:10A2FC0000F0BAFD002384F8313084F8333010BDFF
:10A30C0038B514460D46002200F12401006A01F014
:10A31C002DFB034620B1428901202A801B89238012
:10A32C0038BD00BF38B514460D46002200F124019B
:10A33C00006A01F01BFB034620B1C28901202A8070
:10A34C009B89238038BD00BF38B50D4690F831107D
:10A35C0009B1002038BD382204460DF005FC01235C
:10A36C0040222562184684F8333084F8312038BDF9
:10A37C00F0B40D460978202903D115F8014F202C93
:10A38C00FBD0156095602C782F2C11D084B16E1CED
:10A39C003C2C1D4F35462AD8212C12D804F1FF3CF9
:10A3AC00BCF11E0F16D80020F0BC704715F8014FF9
:10A3BC00202CFBD02F2CF9D01D601146F0BC01F0E5
:10A3CC00C3B9A4F1220C5FFA8CFC27FA0CFC1CF02C
:10A3DC00010FE8D12E2C01D0202C0DD116F8014BF9
:10A3EC00002CE5D02F2CE3D03C2C3546D4D95C2C5A
:10A3FC00D9D003D97C2CD6D09660EFE73E3C012C0B
:10A40C00FAD80020F0BC7047012100052DE9F04F6F
:10A41C0090F8333083B00546DC0774D558060F46E8
:10A42C00904640F1B080D5E90023D5E9041018EB33
:10A43C00020443F10003A14270EB0303C0F0A980B6
:10A44C00B8F1000F5BD0464605F11809D5E900328A
:10A45C00D5F820A0DAF838441C40C4F3080B002CC3
:10A46C0070D1134370D195F831305A064CBFDAF8DD
:10A47C003424EA69AA619AF84504023ADAF82C14F1
:10A48C00630A824001EB54211144BBF1000F45D10A
:10A49C00B6F5007F42D3DAF81C2291423ED0B6F5D5
:10A4AC00806F58D34FF0010B0BFA00FBABEB030B97
:10A4BC00730A9B4528BF9B4691424FEA4B240AD80E
:10A4CC0001EB0B039A4206D20AF50470019103F0DA
:10A4DC001BFE0199B8B1DAF814025B460268D2F897
:10A4EC0014A03A46D04770B123462744D5E9001250
:10A4FC005B1842F10002361BC5E90032A8D1404678
:10A50C0003B0BDE8F08F95F832304FF0FF3043F0D8
:10A51C00020385F8323003B0BDE8F08FCBF5007440
:10A52C0000220AF50470B44228BF344603F018FE2A
:10A53C000028E8D000EB0B012246384605F086FFD8
:10A54C002346D2E7AA6996E795F833305B060ED519
:10A55C00AA6901328EE7DAF814023A4603681B69DD
:10A56C0098470028CFD04FF400731C46BDE74A46ED
:10A57C005046A96901F058FA0028C4DB0CD0D5F874
:10A58C0020A0AA6977E795F8313019077FF558AF05
:10A59C0049E7A1EB020853E795F8313013F0500F5F
:10A5AC00B1D0A8EB06084046AAE700BFF0B583B0CF
:10A5BC000122044685690DF10701D0E90067FFF718
:10A5CC0025FF0128A5610CBF9DF807004FF0FF3057
:10A5DC00C4E9006703B0F0BD2DE9F04F1F4690F8B9
:10A5EC00313083B00446D0F81880002B51D0164679
:10A5FC00D0E9001CBC4508BF91425CD056EA07026A
:10A60C004DD01D0704D5D0E90402B042BA4140D365
:10A61C0094F83320751ED4F820A0019247F1FF3036
:10A62C009AF845240932D2B2C2F1200ED540A2F1DB
:10A63C00200900FA0EFB20FA09F045EA0B05054348
:10A64C000198400633D4481E20FA02F24CF1FF3038
:10A65C0051EA0C0C00FA0EFE20FA09F042EA0E0246
:10A66C0042EA000201D0954229D25B064CBFDAF8CF
:10A67C003434E369A36104F1180906E0A169013DD2
:10A68C00206A01F0D1F9002803DD4A46002DF5D1EE
:10A69C0007E00020C4F8188003B0BDE8F08F002359
:10A6AC0083610120C4E9006703B0BDE8F08FE36962
:10A6BC002B44A361F5E7012003B0BDE8F08FAD1A80
:10A6CC00D9E700BF2DE9F04F174690F831208FB035
:10A6DC000546002A40F0D7808B4691F8311011F0D6
:10A6EC00500F00F0D08003F003019A46032900F0CC
:10A6FC00CA80013103F0080041EA00030293002FE5
:10A70C0000F0CB80396901F10E08B649A1FB08189D
:10A71C00DBE900104FEAD808014308F102085FFAA0
:10A72C0088F805D000200021CBF81820CBE90001D7
:10A73C000024029B264643F040030393202206A9E3
:10A74C005846FFF763FE00B3202840F09C809DF92B
:10A75C0018209DF81830002AC0F2A28034B9DBF81A
:10A76C000020A2F12009DBF818200192444501D207
:10A77C000134E4B2002B00F01381202206A95846C4
:10A78C000026FFF743FE0028DED11AF4007F7AD0B2
:10A79C00029B9B0777D5002F75D0444517D2DDF867
:10A7AC0004A0202206A95846FFF730FE631C00289F
:10A7BC0061D0202867D12CB9DBF80020DBF818A079
:10A7CC00A2F12009DCB2A045EBD8CDF804A03822C8
:10A7DC00002128469BF833400DF0C6F9DBF82030F9
:10A7EC00C4F38014019A2B620823002685F82C40B0
:10A7FC0085F831303B68C5E909297B60BE81B8F129
:10A80C00000F33D008F1FF39B346DFF8DCA15FFA53
:10A81C0089F9012259462846FFF74AFD044690B3B0
:10A82C0090F90020002A2EDB202200210DF09CF94B
:10A83C00002E00F0BC80BBF1010F00F0D780C123CB
:10A84C00A3461E3404F81E3CBB8938461BB9D7E915
:10A85C0001239A4205D003F0C1FC2BF8020FA3454B
:10A86C00F2D101365FFA86FBD845D2D8284600F0E3
:10A87C00FBFA06460DE05846DBF8186000F024FBA6
:10A88C00002840F0918000231E4685F8313085F871
:10A89C00333030460FB0BDE8F08F4FF0030847E778
:10A8AC0056BB444538BF0024852B7FF447AF314657
:10A8BC003822284601260DF057F99DF81C209DF8EA
:10A8CC00193085F8303002F03703D20658BF43F008
:10A8DC00080385F83130DBF80030DBF82020203B12
:10A8EC002A62DBF81820C5E909239BF83330C3F33F
:10A8FC00801385F82C3021E7C02B28D0C12B7FF496
:10A90C003CAF3A4606A9284600F092FEE8B1BB8956
:10A91C00DBB9D7E901329A4217D11AF4006FB2D1E0
:10A92C001AF4884F70D195F8333098076CD41AF418
:10A93C00806FA8D11AF4804FABD02846D5E90423F8
:10A94C00FFF74AFE0028A4D19DE70646F6E6029BD7
:10A95C0085F833309DF819309B0702D5039B85F899
:10A96C0033300B9BEB61DDE90823C5E90423DDE9FA
:10A97C000C23C5E90223002FCFD04FF000033A6916
:10A98C00BB813B687B609DF81B309A427FF4F5AE2F
:10A99C00BE8ABDF81C30F61AB6FA86F67609CDE6F4
:10A9AC00002F7FF4F2AE6EE7CBF818600BE785232F
:10A9BC00237085F8309084F80190DAF80030002B81
:10A9CC0046D00DF113020DF1160105A89847BDF8FC
:10A9DC0014306381BDF8163023819DF81330237534
:10A9EC003FE700BF89888888F4B20020C02384F830
:10A9FC0001B02370029B63F07F0385F833303B6911
:10AA0C00E370BB8AA3802CE795F83130D9063FF56B
:10AA1C003AAF13F001017FF436AF1AF4806F89D08E
:10AA2C0095F8332092077FF52EAF002B3FF42BAF18
:10AA3C00D5E90032134304D000220023A961C5E9F3
:10AA4C000023284600F042FC00283FF41CAF20E70E
:10AA5C0045F621436381E381638202E72DE9F043EC
:10AA6C00002597B0994690F8313001921495ADF8C5
:10AA7C001450002B3ED191F831300F4613F0500F8B
:10AA8C0038D01378044616462F2B37D04FF00008D9
:10AA9C0001AB02AA31462046FFF76AFC50B3019E77
:10AAAC003378002B3ED0002302AA39462046FFF70C
:10AABC0009FEF8B1A44608AD04F13007DCF800003B
:10AACC000CF1100C5CF80C1CAE465CF8082C103524
:10AADC005CF8043CBC45AEE80F00EFD1DCF800009C
:10AAEC0008AF2860204600F0BFF984F8318084F864
:10AAFC003380CDE7002017B0BDE8F08316F8011FB6
:10AB0C002F29FBD00196B1B9382220463D6A0DF0B1
:10AB1C002BF8012340222562184684F8333084F840
:10AB2C003120E8E74B4602AA39462046FFF7CAFD1A
:10AB3C0017B0BDE8F0833822002108A83D6A0DF05B
:10AB4C0013F8012308AF10958DF8533040238DF87E
:10AB5C0051309BE719B101F58961FFF77FBF0846BA
:10AB6C00704700BF90F8313063B991F8313013F071
:10AB7C00500F07D00B6813F01F0C03D1134662461D
:10AB8C00FFF7A0BD002070478169F8B50446006A44
:10AB9C0001B10131012200F00DFE0128054632D928
:10ABAC0001230146206A1A4600F064FE064650B3A3
:10ABBC00A3695BB394F83320510612D5591CA942F2
:10ABCC0018D022F04002E16984F8332005E0206AB5
:10ABDC0000F04CFF3946B0B1A3694F1C99423A467C
:10ABEC00F5D34FF0FF322946206A00F03FFF50B1F9
:10ABFC00A16911B93046A561F8BD2A46206A00F05A
:10AC0C0035FF0028F6D100263046F8BD94F83330D5
:10AC1C0043F0400384F83330ECE700BF90F8333056
:10AC2C009A0736D5C16970B50546A1B900242146ED
:10AC3C0007E0037803F07F03037095F830308B4204
:10AC4C0029D3013401222846FFF732FBE1B2002858
:10AC5C00EFD1002070BD5B06006A34D590F8453406
:10AC6C00D5E902240933013ADBB244F1FF34C3F1D4
:10AC7C00200CDA40203B04FA0CFC24FA03F342EAE1
:10AC8C000C021A430023013200F0F4FD0028CDD150
:10AC9C00DFE70020704700232C6A85F8313020460E
:10ACAC0085F8333003F030FA0028D2D004F5047064
:10ACBC0003F02AFA0028CCD0D4F840040368BDE88D
:10ACCC0070401B6A184700F0F1FE0028AED1C0E7B7
:10ACDC0090F83130DB0601D40020704710B500220B
:10ACEC0088B000230446FFF777FC08E020281BD12E
:10ACFC009DF900309DF80020002B15DB32B120228D
:10AD0C0069462046FFF782FB0028EFD194F83330D8
:10AD1C000822204643F0020384F8312084F83330B3
:10AD2C00FFF77CFF08B010BD002008B010BD00BFBD
:10AD3C002DE9F0414FF0000882B04A4F06464446D8
:10AD4C00414600223046FFF7B3FA054630B1017890
:10AD5C00C02969D0C1292BD0852909D096F8323069
:10AD6C00002043F0010386F8323002B0BDE8F081D8
:10AD7C0096F8313003F0370383803B6883B10DF1D3
:10AD8C0003020DF1060101A89847BDF80630AB810E
:10AD9C002B82BDF80430EB816B829DF803306B7510
:10ADAC00326A92F8103243F0010382F8103229789B
:10ADBC00A1F185000022B0FA80F0400901E00422E4
:10ADCC00A95CE303012A02F1010243EA540311FADC
:10ADDC0083F39CB201D10028F1D11F2AF0D908F1DC
:10ADEC00010896F830305FFA88F18B42A9D2012223
:10ADFC0006F12401306A00F0B9FD0028AED0356AA6
:10AE0C004480284603F080F90028A7D005F504708B
:10AE1C0003F07AF90028A1D0D5F8400403681B6A26
:10AE2C0098470028A1D199E796F8333013F0400FDA
:10AE3C00437814BF43F0020303F0FD034370D6E9DB
:10AE4C000401D6E90732C5E90201D6E902016B61BA
:10AE5C00C5E9060192F8103243F0010382F8103272
:10AE6C002978A5E7F4B2002038B590F8313043B317
:10AE7C0090F93320044690F83330002A0CDB056A35
:10AE8C00284603F041F978B994F83230002043F0A9
:10AE9C00010384F8323038BD03F07F0380F833307F
:10AEAC00BDE83840FFF744BF05F5047003F02CF9FA
:10AEBC000028E9D0D5F8400403681B6A984700289D
:10AECC00E2D0012038BD00BF70B590F83130054696
:10AEDC005A064CD480682B6AD3F83C341844B0F131
:10AEEC00806F01D3002070BD2846FFF74DFE00286F
:10AEFC00F8D0286A0024AE6990F84534023E9E4092
:10AF0C00D0F82C341E443119052200F5047001349C
:10AF1C0003F026F94FF4007200210028E2D00CF067
:10AF2C0023FE286A012390F8452493409C42EAD3DF
:10AF3C0095F831305B0615D495F8332062F07F021A
:10AF4C00D5E9023185F83320D0F83C249B1841F127
:10AF5C000000AB60D5E90431E8609B1841F10001B9
:10AF6C00C5E904312846BDE87040FFF77DBF006A93
:10AF7C0000F0A2FEAFE700BF70B5044690F83100B8
:10AF8C009CB0002310F0180F0C931A9303D0206A76
:10AF9C000B6A984202D000201CB070BD40F6012311
:10AFAC006846FFF75BFD0028F5D0A44604F1300697
:10AFBC000EADDCF800000CF1100C5CF80C1CAE466D
:10AFCC005CF8082C10355CF8043CB445AEE80F0076
:10AFDC00EFD1DCF8000009AA04F1240328609DF8E5
:10AFEC00305007CA83E8070094F83330204684F8C1
:10AFFC00305063F07F0384F83330FFF735FF0028BF
:10B00C00C9D00021022208230EA815918DF86B20BF
:10B01C008DF86930FFF702FEBEE700BF38B591F836
:10B02C00313013F0500F02D10025284638BD40F6C0
:10B03C0002230446FFF746FB0028F5D010232046D8
:10B04C0084F83130FFF740FF05460028ECD0A169A9
:10B05C00002200232046E161FFF7BEFAC12294F8DA
:10B06C00313084F83320002BDFD04123204684F884
:10B07C003330BDE83840FFF75BBE00BFF0B50025AC
:10B08C0097B01F4690F831300192ADF814501495DA
:10B09C00002B46D191F831300E4613F0500F40D0B2
:10B0AC001378044611462F2B3ED001AB02AA204642
:10B0BC00FFF75EF9002834D0019B1B78002B41D0A0
:10B0CC00002302AA31462046FFF7FCFA30B947B3F9
:10B0DC0002AA31462046FFF7A1FF10B3A44608ADE3
:10B0EC0004F13006DCF800000CF1100C5CF80C1CC0
:10B0FC00AE465CF8082C10355CF8043CB445AEE860
:10B10C000F00EFD1DCF8000008AE28602046FFF7F6
:10B11C00EDF8019901AB02AA2046FFF729F90028A6
:10B12C00CAD1002017B0F0BD013101910B782F2B43
:10B13C00FAD0316A08A8FFF707F90028F1D0019975
:10B14C0008AEB2E702AA31462046FFF767FF17B0F8
:10B15C00F0BD00BF2DE9F04F0E4690F8311083B0D2
:10B16C0009079DF830B09DF834909DF838809DF813
:10B17C003C7040F18580A2F2BC7294B27F2C7FD8D7
:10B18C005A1E0B2A7CD80BF1FF321E2A78D8B8F144
:10B19C003B0F98BFB9F1170F8CBF4FF0010A4FF05E
:10B1AC00000A3B2F88BF4AF0010ABAF1000F67D1A1
:10B1BC0005460193FFF758FE002861D0019B5146CC
:10B1CC004BEA431B7B0817F001074BEA4424D34698
:10B1DC0043EA481818BF6427A4B248EAC92806F005
:10B1EC0001091FFA88F800222846FFF761F80028A9
:10B1FC0046D090F800C0BCF1850F45D00CF140034F
:10B20C00DBB2012B3CD8ACF185010023B1FA81F102
:10B21C00490902E0042310F803C04FEACB32012B9A
:10B22C0003F1010342EA5B021CFA82F21FFA82FB71
:10B23C0001D10029EED11F2BEDD90AF1010A95F8A5
:10B24C0030305FFA8AF18B42CDD2012205F1240114
:10B25C00286A00F08BFB98B12C6AA0F802B020464B
:10B26C0002F052FF60B104F5047002F04DFF38B1EA
:10B27C00D4F8400403681B6A03B0BDE8F04F1847CC
:10B28C00002003B0BDE8F08F95F831302A6A03F046
:10B29C003703838092F8103243F0010382F81032A6
:10B2AC00B9F1000F02D0A0F810804482B20703D588
:10B2BC000775A0F808804481730703D54775A0F87B
:10B2CC000C80C48190F800C09DE700BF90F833302B
:10B2DC009A0762D570B5C56982B00446A5B313F060
:10B2EC00400634D0006AA26890F845C4013AE1687F
:10B2FC000CF1090C41F1FF315FFA8CFCCCF1200E02
:10B30C0022FA0CF2ACF1200C01FA0EFE21FA0CFC24
:10B31C00A16942EA0E0242EA0C02013219B3013D64
:10B32C006D1A01312A44019172BB63F07F032046F0
:10B33C0094ED007B84F8333084ED027B84ED047B48
:10B34C00FFF792FD02B070BD012002B070BD8169A3
:10B35C0061B90195C1612946206A00F0A7FBC8B10B
:10B36C0094F83330E1E70195E161DDE701AA006A69
:10B37C00019600F059FB00280CDB10D1019D002D2B
:10B38C00E9D194F83330D0E70023019900F072FA38
:10B39C000028E5D1002002B070BD002070474FF0AE
:10B3AC00FF32A169206A00F061FB0028E6D1F1E7C9
:10B3BC002DE9F04390F8333083B004469D0740F1FB
:10B3CC00A18091461A070E4600F19580B9F1000F45
:10B3DC0000F0288123684D46206AA169D0F83824F2
:10B3EC0002EA0308C8F30807B8F1000F40F0948094
:10B3FC00002900F0D48094F833305B0640F1EC80E7
:10B40C0090F845C4D4E902320CF1090C013B5FFA07
:10B41C008CFC42F1FF32CCF1200E23FA0CF3ACF190
:10B42C00200C02FA0EFE22FA0CFCE26943EA0E032F
:10B43C0043EA0C031344994280F0D5800131A16199
:10B44C0090F845240239D0F82C3491401944B5F5C4
:10B45C00007FC0F08A80B5F5806FC0F0A680012314
:10B46C0093406A0AA3EB0803934228BF1346D0F813
:10B47C001C228A424FEA432809D35F18BA4206D2EB
:10B48C00002280F810224FF0FF32C0F81C22D0F8B6
:10B49C00140232460768BF6AB84798B3434646441D
:10B4AC00A5EB0805D4E90072D4E90401DB1942F1DB
:10B4BC00000298429141C4E9003207D294F833104B
:10B4CC0061F07F01C4E9043284F83310002D83D17C
:10B4DC00D4E9020198429141C0F09680534B1B680D
:10B4EC00002B00F09D8094F83330484663F07F03C6
:10B4FC0084F833300DE0D0E90423FFF76DF8002811
:10B50C007FF464AF94F83230002043F0010384F8E8
:10B51C00323003B0BDE8F08390F8452402394FEA8D
:10B52C005828D0F82C34914041441944002F8ED027
:10B53C00C7F50078012200F50470A84528BFA8467D
:10B54C0002F00EFE0028DDD0384447444246314616
:10B55C0004F07CFFB7F5007F206A9FD100F50470E2
:10B56C0002F0D2FD002899D1CCE7626863690092A1
:10B57C000193226923689342DDE900239A4112D298
:10B58C00012200F5047002F0EBFD0028BAD02A4627
:10B59C0031463844A84604F059FF2B467FE7E16951
:10B5AC0049B3A1614CE70522EBE7D0F81C328B4282
:10B5BC0006D1002380F810324FF0FF33C0F81C3254
:10B5CC00D0F81402324603685B6A9847002899D079
:10B5DC004FF40073984662E704F1180200F024FA65
:10B5EC0000288FDB04D12046FFF7CEFA002889D043
:10B5FC00A169206A24E72046FFF7C6FA002881D00B
:10B60C00A169206AE1611BE794F833104846C4E94C
:10B61C00023261F07F0384F8333003B0BDE8F0836D
:10B62C00484676E7D4E9003252E700BFF4B2002076
:10B63C002DE9F0410C46154601F11E08AB89284650
:10B64C0034F8027F1BB9D5E901239A420ED002F0DF
:10B65C00C5FD02F087FE0646384602F083FE8642A0
:10B66C0009D14445EAD10120BDE8F081B7FA87F051
:10B67C004009BDE8F0810020BDE8F0812DE9F04FD4
:10B68C0090F8313083B08846002B4FD090F8303092
:10B69C000746012B53D9013A0B464FF0020A0024FE
:10B6AC008E18DFF8A0B00022514638460193FEF701
:10B6BC00FFFD00283AD00278C12A37D1054600F1A7
:10B6CC001E09019B35F8020F24B300F5105292B2FB
:10B6DC00B2F5806F2AD20BEA8424C0F30900204310
:10B6EC0000F580301946324602F09EFD0346E8B163
:10B6FC0000244D45E6D10AF1010A97F830205FFA93
:10B70C008AFA5245CFD2A3EB08009846002388F85A
:10B71C0000300FE000F5205292B2B2F5006F02D368
:10B72C000028DFD1EFE7B2F5806F06D3002318466F
:10B73C0088F8003003B0BDE8F08F0446D9E700204C
:10B74C00E4E700BF00FC0F0070B50C4600234FF679
:10B75C00FF75226819461E46A3812361626017E0BB
:10B76C0002F03CFDA84222D002F0FCFD2369F2035A
:10B77C00A189013342EA5602060A236152FA80F08B
:10B78C0083B2C0F34E0040EAC33016FA80F086B2A2
:10B79C0020460029E4D1D4E901239A42E0D1206962
:10B7AC00A6820138FE288CBF0020012070BD00202D
:10B7BC0070BD00BF2DE9F84F07468A469146002917
:10B7CC0042D0A1F10208D7F83034434542D908F0F1
:10B7DC0007030125C8F3C80B9D40EDB2464644460D
:10B7EC00D7F82C140022384601EB143102F0B8FCC7
:10B7FC00E8B10BF1FF3B834400F2FF101BF8011F73
:10B80C000AE04A452BD0A04510D0D7F83054A542B9
:10B81C0014D913F0FF050CD0013429424FEA45032B
:10B82C00A4EB0602EDD0A0452646EED10120BDE8E2
:10B83C00F88F58454FF00105E0D101E00026344661
:10B84C0001254FF0000BCBE7D0F82084D7F830342B
:10B85C004345BCD84FF000080125C346BEE7BAF1FA
:10B86C00000F04D1B9F1010F08BFC7F82064B01C58
:10B87C00BDE8F88F2DE9F8438046881E15461E4614
:10B88C008318D8F83024934237D8CEBBD8F820345C
:10B89C00834288BFC8F8200400F007030124D8F8BD
:10B8AC002C74C0F3C8099C4007EB1031E4B20122A0
:10B8BC0040468F1802F054FCF8B109F1FF3E864463
:10B8CC0000F2FF101EF801CF1CEA040F8CEA040CE6
:10B8DC004FEA440414BF01220022B2420DD0013DB4
:10B8EC008EF800C018D014F0FF04EDD17045A146BD
:10B8FC004FF00104E6D13946D9E70020BDE8F883C2
:10B90C00D8F820148B42C7D98142C5D3934228BFA3
:10B91C000023C8F82034BFE70120BDE8F88300BF3E
:10B92C00F8B5D0F8303401338B4201D20020F8BD89
:10B93C0007460C4600F50476002505E0D7F83034B0
:10B94C0001350133A342F1D3D7F824140022304639
:10B95C0001EBD41102F004FCA4000028E6D0C4F3DF
:10B96C0008040459631CE9D1681CF8BD38B50C46B1
:10B97C000B6890F845C400F50470D0F82812023B0F
:10B98C00656803FA0CF3294003EB5123D0F81C1221
:10B99C00194402F0E5FB18B16368C3F308031844BB
:10B9AC0038BD00BF2DE9F8430C46D0F8383449684F
:10B9BC000B4011446160134490F8451401F10902E5
:10B9CC00D2B2D3402BB380465D1E00F5047905E05E
:10B9DC002368013D03F1010323601AD3267A002E5C
:10B9EC00F6D1D8F8303432462768484601339F42A6
:10B9FC0012D8D8F8241401EBD71102F0B1FBBF0018
:10BA0C0050B1C7F30807C3595A1C09D0013D236034
:10BA1C00E4D20120BDE8F8834FF0FF30BDE8F88395
:10BA2C003046BDE8F88300BF38B5D0F83034013368
:10BA3C008B4202D24FF0FF3038BD0C46D0F82414A4
:10BA4C00154600F50470002201EBD41102F088FBBE
:10BA5C000028EFD0A400C4F3080403595A1C02D0E8
:10BA6C0001202B6038BD002038BD00BF01291BD937
:10BA7C0038B5D0F830340C4601338B4201D200205B
:10BA8C0038BDD0F82414154600F50470012201EBE2
:10BA9C00D41102F065FB03460028F0D0A40001206D
:10BAAC00C4F308041D5138BD00207047D0F8303461
:10BABC000133994201D9002070472DE9F04F05461A
:10BACC0083B00C4600F504790F464FF00008D5F80A
:10BADC002414002248464FEAD41B01EBD41102F087
:10BAEC003FFB90B1A300C3F30803C2580193531C4E
:10BAFC0016BF16464FF0000A4FF0010A012C04D96C
:10BB0C00D5F830240132944203D9002003B0BDE8AB
:10BB1C00F08FD5F8241401224846594402F020FB3A
:10BB2C000028F2D0019B40F80380BAF1000F12D02C
:10BB3C000134B44208D00023E21B39462846FFF7F3
:10BB4C0099FE0028E1D03746D5F830340133B342A2
:10BB5C00DBD33446BBE7621C534639462846D21B1E
:10BB6C0003B0BDE8F04FFFF785BE00BF2DE9F843E9
:10BB7C0000250646D0F82C1400F504782C4600223B
:10BB8C0040464F1C02F0ECFAA8B100F1FF3E04F560
:10BB9C008059D6F8300405E079B90834844209D2CA
:10BBAC004C4516D01EF8011FFF29F5D10834083575
:10BBBC008442F5D3401BBDE8F883082201231942C7
:10BBCC004FEA430C18BF0135013A5FFA8CF3F6D1FA
:10BBDC00E3E73946D3E700BFF8B500234FF0FF3653
:10BBEC0000F504771546C0F84014044641601A4627
:10BBFC00C0F81412194680F844340370C66080F8FB
:10BC0C001032C0F81C62384602F0AAFA042D0DD886
:10BC1C00064658B1BDB16B1E00EB031393F8BE2161
:10BC2C0012F07F0202D193F8C2310BB90020F8BD9B
:10BC3C0000EB05163846D6F8B651294602F090FAB4
:10BC4C0006460028F2D005221A49F01C0BF0DEFF44
:10BC5C000028EBD196F86C30092BE7D1336D0146F7
:10BC6C002B44C4F82434736DC4F82834B36D2B44BE
:10BC7C000125C4F82C34F36DC4F83034336EC4F899
:10BC8C00343496F86D20C4F82004204602F10903E0
:10BC9C0084F8452405FA03F35A1EC4F83C34C4F85E
:10BCAC0038242A46FFF786FD4023284684F844347E
:10BCBC00F8BD00BF580A002010B50446D0F8341463
:10BCCC00FFF72EFE94F845340933DBB2984010BDD3
:10BCDC0070B590F9023082B00446002B0DDBA568DC
:10BCEC0005F1280002F010FA00283BD163780020FF
:10BCFC0043F00103637002B070BD80680122A1693A
:10BD0C00283002F02DFA0028F0D0A58805F00F0598
:10BD1C006B0100EB4515C35CE52BE7D023781B07C3
:10BD2C0001D5E369EB61236A15491A0C6B830E6824
:10BD3C00AA8266B10DF103020DF1060101A8B0470C
:10BD4C00BDF80430BDF806202B836B82EA82A37801
:10BD5C00A56803F07F0305F12800A37002F0D4F965
:10BD6C000028C3D005F50E7002F0CEF90028BDD026
:10BD7C00286803681B6A98470028B7D0BBE700BF48
:10BD8C00F4B20020024638B552F8105F04468068C1
:10BD9C00294601F037FE50B155B123690135AB424C
:10BDAC00A37818BF03F0BF0363F07F03A37038BD03
:10BDBC00A37843F04003F7E7F8B5047814F02004B7
:10BDCC0004D11A4B054642699A4202D300273846E1
:10BDDC00F8BDFFF7D7FF07460028F7D0A8682E69F3
:10BDEC008279023E416996400E440179A9B12146FF
:10BDFC0006E00BF0B9FEA868E1B202798A420BD9D1
:10BE0C00314405222830013402F0AAF94FF40072B3
:10BE1C0000210028EDD1D9E782794FF400736969CC
:10BE2C003846934011FA83F36B61F8BD00FE1F0096
:10BE3C0010B5044680680A462830A16902F090F9D2
:10BE4C0020B1A38803F00F0300EB431010BD00BF1B
:10BE5C0010B5037804462BB1FFF73AFF002323708B
:10BE6C00A37010BD002301202370A37010BD00BF70
:10BE7C0038B5037805460C4613B1FFF729FFF0B12E
:10BE8C00A8680022A969283002F06AF9B8B1AA881A
:10BE9C0002F00F0200EB421352015D688058996862
:10BEAC00DA6820606560A160E26018695D69996973
:10BEBC00DA69206101206561A161E26138BD002071
:10BECC0038BD00BF30B589B00D4614466946FFF742
:10BEDC00CFFF28B1BDF81020BDF80E302A8023808A
:10BEEC0009B030BD30B589B00D4614466946FFF730
:10BEFC00BFFF28B1BDF81820BDF816302A8023806A
:10BF0C0009B030BD0B7813F0700F01D100207047D1
:10BF1C00F0B540F6022389B00D46044601F0F0F866
:10BF2C0038B1012210232046A2702370FFF744FF82
:10BF3C0010B9002009B0F0BD2269237822626BB1E0
:10BF4C00636933B1A378002223F02003C4E90422EF
:10BF5C00A3702046FFF7BCFE0028EAD0A06801229F
:10BF6C00A169283002F0FCF80028E2D0B4F804C033
:10BF7C0010220CF00F0C4FEA4C1300EB4C1C8CF8FD
:10BF8C000B20C058A768236A97F806E09E1EDCF8C1
:10BF9C000410DCF80820DCF80C3006FA0EF6EE463D
:10BFAC00AEE80F00DCF81000DCF81410DCF81820F8
:10BFBC00DCF81C30AEE80F007B6907F12800012289
:10BFCC00F1184FF02033CDF80130CDF80530ADF835
:10BFDC00093002F0C5F884460028AAD02E27EE4678
:10BFEC008DF800707646BEE80F00CCF80000CCF857
:10BFFC000410CCF80820CCF80C308DF80170BEE899
:10C00C000F00CCF81000CCF81410CCF81820CCF899
:10C01C001C302B6A1A0CADF81A30ADF814200FCE68
:10C02C00CCF82000CCF82410CCF82820CCF82C30FC
:10C03C000FCECCF83000CCF83410CCF83820CCF83B
:10C04C003C30A46804F1280002F05EF800283FF4AC
:10C05C0070AF04F50E7002F057F800283FF469AF8A
:10C06C00206803681B6A09B0BDE8F040184700BFA0
:10C07C002DE9F041002694B0984603780192ADF872
:10C08C0014600B96002B41D10B780D4613F0700FFA
:10C09C003CD01378044616462F2B3BD0002728E0C3
:10C0AC00019E3678002E50D001F02AF8034602AAE1
:10C0BC00294620462BB9B8F1000F27D0FFF722FFF5
:10C0CC0020B3A6460DF12C0CBEE80F00ACE80F0017
:10C0DC00BEE80F00ACE80F00DEF8005020462378D5
:10C0EC00CCF800500BB1FFF7F3FD019E0BAD2770A0
:10C0FC00A770314601AB02AA204601F04DF9064665
:10C10C0002AA294600232046002EC9D1002014B0D3
:10C11C00BDE8F0810136019633782F2BFAD0AD684B
:10C12C00242200210BA80BF01FFD0D95EB79102B91
:10C13C0003D0202B0FD00C2BE8D120238DF82C30E2
:10C14C0001230BAD8DF82E30A8E702AAFFF7DAFE1B
:10C15C0014B0BDE8F0814023F0E700BF2DE9F041B9
:10C16C00002594B09846037801920295ADF83850AA
:10C17C00002B37D10B780E4613F0700F32D013789A
:10C18C00044615462F2B31D000271EE0019D2D783B
:10C19C00002D40D000F0B4FFA6460DF1080C08B3FA
:10C1AC0066462578BEE80F00ACE80F00BEE80F002D
:10C1BC00ACE80F00DEF800302046CCF800300DB1B2
:10C1CC00FFF786FD019D2770A770294601AB0BAACE
:10C1DC00204601F0E1F805460BAA31460023204623
:10C1EC00002DD3D1002014B0BDE8F08101350195AC
:10C1FC0029782F29FAD0A9B9B568242220460BF04A
:10C20C00B3FCA560EB79102B03D0202B22D00C2B88
:10C21C00E8D120221FE043460BAA00F071FF14B0B6
:10C22C00BDE8F081B6682422002102A80BF09CFC2A
:10C23C000496F379102B03D0202B03D00C2BD1D1E7
:10C24C00202300E040238DF80830012302AE8DF846
:10C25C000A3099E74022012322701846A370C2E7E6
:10C26C0019B101F58961FFF779BF0846704700BF26
:10C27C00CB6870B50D46044693B906780EB11846D6
:10C28C0070BD8D68242231460BF06EFCA560EB79F5
:10C29C00102B18D0202B10D00C2B14D0304670BD86
:10C2AC00242200210BF060FC01201023A0702370CD
:10C2BC00D5E90223A260236270BD402201232270C3
:10C2CC001846A37070BD2022F8E700BF70B5057842
:10C2DC000DB1002070BD0E460446242229460BF0F9
:10C2EC0043FCA660F379102B0BD0202B03D00C2B26
:10C2FC0007D0284670BD4022012322701846A37037
:10C30C0070BD2022F8E700BF2DE9F04F2DED028B18
:10C31C00837883B00546DF0740F18C80884601782E
:10C32C0092460E0700F191808C0608D583685A89D5
:10C33C004369C3EB42139BB29A4528BF9A46BAF1A4
:10C34C00000F00F0AF806A6905F1100388065646AD
:10C35C004FF0000908EE103AAF68C2F3080B3DD558
:10C36C00396A01EB5221BBF1000F51D1B6F5007FB8
:10C37C004ED37A6B91424BD0B6F5806FC0F0828071
:10C38C002878730A800605D43879A0EB090083421B
:10C39C0028BF034691424FEA43240CD8C818824266
:10C3AC0009D207F12800CDE9001301F0ADFEDDE95B
:10C3BC00001300283ED0F86A026857694246B84715
:10C3CC00002837D06A69361BA04422446A6169D0C0
:10C3DC002978C2F3080BAF688806C1D497F805908A
:10C3EC0009EA5229BBF1000F36D1B9F1000F33D154
:10C3FC00002A33D14A064CBF3A6A2A6A2A61023AA9
:10C40C00B8797969824049441144BBF1000FADD031
:10C41C00CBF50074002207F12800B44228BF344643
:10C42C0001F09EFE30B100EB0B012246404604F0B9
:10C43C000DF8C7E76B784FF0FF3043F002036B70D9
:10C44C0003B0BDEC028BBDE8F08FC36942699B1A47
:10C45C009A4528BF9A4672E72A69D0E70B0705D59B
:10C46C00AA78540602D52A690132C7E718EE102AB9
:10C47C003846296901F014FB0028DBDB0CD0AF68CF
:10C48C002A69BCE7F86A424603681B69984700288A
:10C49C00D0D04FF4007495E72B7813F0700FC9D0FF
:10C4AC00AAEB060A504603B0BDEC028BBDE8F08F38
:10C4BC0070B582B0012204460DF10701D0E9045693
:10C4CC00FFF722FF01280CBF9DF807004FF0FF304B
:10C4DC00C4E9045602B070BD436913F4F07F30B563
:10C4EC00044683B0C3F3431509D0012907D1203387
:10C4FC004361A068383000EB451003B030BD012219
:10C50C000DF107012046FFF7FFFE40B2012803D1D1
:10C51C0063691F336361ECE70020EEE72DE9F0411E
:10C52C0003789AB0002613F0180F0896119606D0CF
:10C53C00174683688A6804460D469A4203D0002049
:10C54C001AB0BDE8F081FFF7C3FBA6460DF1440C11
:10C55C00BEE80F00ACE80F00BEE80F00ACE80F001F
:10C56C00DEF800303246A169CCF80030A36803F144
:10C57C00280001F0F5FD0028E1D0A288EC4694F8E3
:10C58C00008002F00F0200EB421E5201DEF8041094
:10C59C008058DEF80C30DEF80820ACE80F00DEF82E
:10C5AC001410DEF81820DEF81C30DEF81000ACE8B1
:10C5BC000F0018F008033A46294640F09B8008A863
:10C5CC00FFF756FD0028BAD0109EBDF82430002588
:10C5DC000E990122A3809DF82330A068E3700B9B79
:10C5EC002830A161E3608DF820508DF8225001F0C5
:10C5FC00B7FD0028A3D0A38803F00F0300EB431072
:10C60C00DDF80D30C0F80D30DDF81130C0F8113008
:10C61C00DDF81530C0F81530DDF81930C0F81930D8
:10C62C00BDF81D30A0F81D309DF81F30C3779DF864
:10C63C000B30C372002E3BD0A068B31E2A46817902
:10C64C0028308B4050F8141C194401F089FD054624
:10C65C0000283FF474AF006A6F46696AAA6AEB6AF5
:10C66C000FC7286B696BAA6BEB6B0FC73146A068C1
:10C67C0001F038FA00283FF462AFA068236A82798F
:10C68C002830023B50F8141C93400122194401F04D
:10C69C0067FD064600283FF452AF6D460FCD306261
:10C6AC007162B262F3620FCD30637163B263F36394
:10C6BC0000210222082311A819918DF846208DF82B
:10C6CC00443000F0D3FE00283FF439AFA46804F1E5
:10C6DC00280001F019FD00283FF431AF04F50E706D
:10C6EC0001F012FD00283FF42AAF206803681B6A92
:10C6FC00984725E740F601236046FFF72FFD0028F9
:10C70C007FF463AF1BE700BF0378DA0601D4002087
:10C71C007047436930B5044683B033B18378002247
:10C72C0023F02003C0E90422837000230FE063612F
:10C73C00A3686A0138339A5C03EB4513EAB1E52A26
:10C74C0004D02E2A02D0DB7A1B0722D5636913F49E
:10C75C00F07FC3F3431503F12003E8D101220DF15F
:10C76C0007012046FFF7D0FD40B2012803D16369D1
:10C77C001F336361DCE763785BB9A378082220463A
:10C78C0043F002032270A37003B0BDE8304000F008
:10C79C006DBE002003B030BD2DE9F0410378044696
:10C7AC000769002B39D00D464169A94242D0002DB2
:10C7BC0037D018072AD5E269AA422ED3D4F808C07C
:10C7CC006E1EA2789CF8060012F0400F00F10900D2
:10C7DC00C0B226FA00F630D14A1EC24009B19642C8
:10C7EC002FD25B064CBFDCF82030236A236104F1A6
:10C7FC00100806E02169013EA06801F051F90028FB
:10C80C000BDD4246002EF5D1A2780CE09A06D5D568
:10C81C00A3685B89B5EB431FF6D900202761BDE8FF
:10C82C00F0818278056122F0200201206561A270FE
:10C83C00BDE8F0810120BDE8F081236A3344236117
:10C84C00F1E7B61AD3E700BF2DE9F0410E461546C5
:10C85C0000212422044698469DF818700BF084F9A8
:10C86C00B068336A00F13802A58005F00F0502EBC1
:10C87C004512C4E90203D17A0B0711D401F0170158
:10C88C002170D37A13F0180F02D141F008012170F6
:10C89C0008F00303E770012B38D0022B06D0F3B15C
:10C8AC00002318462370A370BDE8F0810323217880
:10C8BC00CD06F5D4CE07F3D408F0080118F4806F38
:10C8CC0043EA0103A370416B958AA161518B41EA44
:10C8DC00054112D019BB63F07F03A37010E018F46C
:10C8EC00806FDDD108F0080343F00103A370416BA6
:10C8FC00938AA161518B41EA03412162D369E361BF
:10C90C0018F4804F04D10120BDE8F0810223CEE75A
:10C91C00E1692046FFF740FF0028F4D1C0E701F0A1
:10C92C00E1F80028BCD0A378D5E700BF0378002B32
:10C93C0045D12DE9F0470B7884B00C4613F0700FFD
:10C94C0030D04B6913F01F052CD106469046A946F2
:10C95C0001220DF10F012046C3F3431A5F09FFF7C3
:10C96C00D3FC40B24FEA4A1201281BD16369A1687B
:10C97C001F3301F1380C63611CF802200CEB4A1CCC
:10C98C0082B12E2A12D0A2F1E500B0FA80F0400953
:10C99C0060B99CF80B1011F0080E12D00F2907D0BB
:10C9AC000546D5E7002004B0BDE8F0870025CFE7A9
:10C9BC005106CDD502F01F059CF80D90C8E700205C
:10C9CC00704785B10CF10A0101E01CF8012F4FEA08
:10C9DC00CE13614543EA5E0352FA83F35FFA83FE9A
:10C9EC00F3D1CE45DED14346BAB22146304600954E
:10C9FC00FFF72AFFD7E700BF03780BB1FFF768B941
:10CA0C00012070472DE9F0470E46017882B00907E6
:10CA1C009DF828709DF82C909DF830A09DF83480DE
:10CA2C0018D5A2F2BC7294B27F2C13D85A1E019363
:10CA3C000B2A0FD87A1E1E2A0CD8BAF13B0F98BFBE
:10CA4C00B9F1170F06D8B8F13B0F03D80546FFF71D
:10CA5C003FF918B9002002B0BDE8F087A8680122A0
:10CA6C00A969283001F07CFB0028F3D0019B4FEA28
:10CA7C005802A98847EA4313F70701F00F0142EA6D
:10CA8C004A1243EA442300EB41109BB242EAC9220A
:10CA9C0048BF4382B40792B208D518F0010803824C
:10CAAC00C28118BF4FF0640880F80D80710701D562
:10CABC000383C282AC6804F1280001F025FB002836
:10CACC00C8D004F50E7001F01FFB0028C2D02068FE
:10CADC0003681B6A02B0BDE8F047184783789B07D0
:10CAEC0027D5036A10B5044682B0ABB1016911BBFE
:10CAFC00019301621946A06800F0F4FFB0B1A3786D
:10CB0C00616963F07F032278E161A37022B1204652
:10CB1C00FFF7DEF802B010BD012002B010BD6FF0BF
:10CB2C0070422169A06800F0CDFF68B9002002B006
:10CB3C0010BD00207047002301AA8068019300F00B
:10CB4C00AFFF0028F2DBEAD1019B002BD7D0D1E755
:10CB5C002DE9F047837805469C0777D58846190759
:10CB6C00914600F1B5806B6913EB09026ED2B9F1F5
:10CB7C00000F40D04F464FF0000AA868C3F30806D8
:10CB8C002969447914EA53243FD1002E3DD1002960
:10CB9C006ED0AA78520676D5EA699A4273D90131D9
:10CBAC00296102398279436991401944B7F5007FB4
:10CBBC0053D3B7F5806F70D303797A0A1B1B93425A
:10CBCC0028BF1346426B8A424FEA432407D35E18B0
:10CBDC00B24204D24FF0FF3280F828A04263C06A00
:10CBEC0042460668B66AB04780B36B693F1BA044E7
:10CBFC0023446B61C1D1EA699A4276D2AA7848463D
:10CC0C00EB6162F07F03AB7025E0827902394369F6
:10CC1C00914019442144002EC8D0C6F5007401225D
:10CC2C00BC4228BF3C46283001F09AFA70B130441F
:10CC3C0026442246414603F009FCB6F5007FA8685D
:10CC4C00D3D1283001F060FA0028CED16B780020C7
:10CC5C0043F001036B70BDE8F087C6F500746A6998
:10CC6C00EB69BC4228BF3C469A4205D30522DAE761
:10CC7C00296A21B3296194E7AB7813F0200F14BF14
:10CC8C0005220122CFE705F1100200F009FF002870
:10CC9C00DCDB24D0A868296983E7436B8B4204D181
:10CCAC004FF0FF3380F828A04363C06A4246036804
:10CCBC005B6A98470028C9D04FF4007495E7284662
:10CCCC00FFF760F80028C1D02969A868296268E7D5
:10CCDC00C169FFF761FD00287FF445AFB6E7284630
:10CCEC00FFF750F80028D5D1B0E7054B1B682BB1E6
:10CCFC00AB78484663F07F03AB70ACE74846AAE7D5
:10CD0C00F4B200202DE9F04F84468DB0144615681E
:10CD1C0098460646894603AF01934FF0000EBCE8D7
:10CD2C000F000FC7BCE80F000FC7DCF800306560C0
:10CD3C003B604346A4F80CE0002B3FD04FF0010AB7
:10CD4C00A9EB0A0103A889B24901FFF725FD50B3ED
:10CD5C00002103A8FFF7C0FB074620B300250DE018
:10CD6C0001F03CFA8046584601F0FCFA83464046F6
:10CD7C0001F0F8FA834516D10D2D18D0EAB23946D8
:10CD8C003046013500F0FAFBA38983462046002B80
:10CD9C00E6D1D4E901329342E2D1BBFA8BF04009DF
:10CDAC000DB0BDE8F08F00200DB0BDE8F08F0AF19A
:10CDBC00010A019B5FFA8AFA5345C1D20120EFE7C1
:10CDCC002DE9F04F07468DB016469A460DF10C0C26
:10CDDC0002F1150402F1200501914FF000090FCF6B
:10CDEC00ACE80F000FCFACE80F003B68CCF800307C
:10CDFC004FEAC91314F8012F43EA5903A54252FA1A
:10CE0C0083F35FFA83F9F3D133684FF00008736052
:10CE1C00A6F80C80BAF1000F4ED00127019B03A895
:10CE2C00D91B89B24901FFF7B7FC002855D0002166
:10CE3C0003A8FFF751FB00284FD0059A574500F186
:10CE4C00010B4FF0010492F828304FF0000543F02D
:10CE5C00010382F828304FF00F030CBF47F040025B
:10CE6C003A46C3724FF00003027003734FF0000395
:10CE7C0080F80D90438306E0ABF8000001340135D7
:10CE8C000BF1020BE4B2B08918B9D6E901239A422E
:10CE9C0016D0304601F0A2F9042DEBB2ECD90A2BD6
:10CEAC0002D8ABF80300E9E70D2CABF80500E5D18F
:10CEBC000137FFB2BA45B1D201200DB0BDE8F08FF9
:10CECC00B8F1000F06D008F101084FF6FF705FFAB9
:10CEDC0088F8E1E74FF00108DEE700200DB0BDE86F
:10CEEC00F08F00BF02464FF0203152F8163B2DE96F
:10CEFC00F043C0F81610864684685160C2F80710DB
:10CF0C001A782E2A14BF0120002003D113F8012F08
:10CF1C002E2AFBD0611E99420BD90A4602E093429D
:10CF2C00114606D01146013A91F800C0BCF12E0F03
:10CF3C00F5D19C424FF0000540F286800726082769
:10CF4C00A946A84606E001330A264FF00809102727
:10CF5C009C425BD91A782E2A08BF9942F3D0222A18
:10CF6C000DD07C2A0BD0A2F15B0CBCF1020F06D9C0
:10CF7C00A2F12A0CBCF1050F21D82D2A1FD002F0EA
:10CF8C00C002802A5DD04E452FD299422CBF002082
:10CF9C0001200A2E08BF40F00100002847D09EF85F
:10CFAC001630202B40D09EF8143001207E213122E7
:10CFBC0073448EF815009975DA75BDE8F083A2F10B
:10CFCC003A0CBCF1050FDAD9A2F1210CBCF15D0FC2
:10CFDC00D5D84E45D9D3A2F1610CBCF1190F28D884
:10CFEC00203A3D43D2B2EDB201E000205F2209F1BC
:10CFFC00010CF144013389F816205FFA8CF2062AF1
:10D00C00914698BF8EF814209C42A3D89EF81630F7
:10D01C00202B09D00028C6D018EA050F18BF02250E
:10D02C008EF81550BDE8F0830020BDE8F0830B4668
:10D03C008EE7A2F1410CBCF1190F98BF47EA080822
:10D04C00D5E70133002083E7A846DFE72DE9F84F49
:10D05C004FF0620900250F460446DFF8A0B04FF0F0
:10D06C007E0A91F8148001F11606B8F1030FDBF873
:10D07C00003028BF4FF003082B449DB208F1040385
:10D08C00DBB205F00F02581E2D09092A02F13701F7
:10D09C0098BF02F13001FA18C3B291759845F0D1DE
:10D0AC0007EB08030021204683F816A0FFF774FB5A
:10D0BC0001212046FFF710FA03460B2230469BB1A4
:10D0CC0093F800C01946BCF1000F13D0DB7A1B0794
:10D0DC00EED40AF09DFC0028EAD109F1FF3919F0D1
:10D0EC00FF09C2D1484603E06078B0FA80F04009ED
:10D0FC00BDE8F88F0120BDE8F88F00BFE0C4002028
:10D10C002DE9F04F2DED028B8BB0CDE902038B682E
:10D11C0007930B7813F0700F53D0029B1B78002BE6
:10D12C004FD1136990469A4A0E460C33A2FB032347
:10D13C00C3F3870298F815309807049200F0A78083
:10D14C00571CFFB20023304619461C460693FFF7C6
:10D15C0023FB08F11603A346A146A24608EE103A9B
:10D16C000594756900213046FFF7B6F9C5F34F15E4
:10D17C00034620B30278E52A29D042B3BC4238BF1B
:10D18C0000242E2A2BD090F80BC0BCF10F0F54D0DA
:10D19C001CF0080C23D1B9F1000F40F0D5800B2204
:10D1AC0018EE101A0AF034FC0028DAD198F8153071
:10D1BC0013F0010300F0E48001230593D1E77378A9
:10D1CC0083B100200BB0BDEC028BBDE8F08F002CBE
:10D1DC0008BFAA46BC4201D20134E4B212B14FF0EE
:10D1EC000009BEE7039B9A05EBD503F00303013B53
:10D1FC00012BE6D8002C08BFAA46BC4203D348E05A
:10D20C00DCB2A74245D000213046FFF765F9631C1C
:10D21C000028F5D17378002BD3D1A74239D9079DBB
:10D22C0005E02B7904EB0314E4B2A74231D9304664
:10D23C00FEF7C2FD0028F4D1C3E7B9F1000F19D1F4
:10D24C0002F01F0B049959458BD112F0400988D07C
:10D25C00437B89460693BBF1010F82D1691C4B4677
:10D26C004246304689B2FFF74DFD002808BF4FF00B
:10D27C00000976E70BF1FF3B5FFA8BFB5A45AED109
:10D28C00437B069A9342E6D04FF0000969E70127E9
:10D29C0058E7059B2BB141463046FFF7D7FE0028D7
:10D2AC008FD0013F42463046FBB20AEB03051F46C6
:10D2BC00ADB22946FFF784FD002882D069013046C3
:10D2CC00FFF76AFA00283FF47CAF00213046FFF7E5
:10D2DC0003F9044600283FF474AF202200210AF021
:10D2EC0043FCD8F81620D8F81A302260636098F8FE
:10D2FC002030B8F81E20A372228198F8153003F064
:10D30C0018032373234B1B68002B3BD00DF1230216
:10D31C000DF1260109A89847BDF824302382BDF8E9
:10D32C002630E3819DF823306373079A92F82830F6
:10D33C0043F0010382F82830039B2A4631460298B9
:10D34C000097FFF781FA3DE7BBF1010F7FF439AF8E
:10D35C000A3001E013F8012F4FEACC11984241EA50
:10D36C005C0152FA81F25FFA82FCF3D1069B6345B1
:10D37C007FF427AF4F46039B19053FF522AFDBE740
:10D38C001F46F8E745F62143238223836382CCE7CB
:10D39C004FECC44EF4B200202DE9F0411F460B783F
:10D3AC0082B00C46202B154603D114F8013F202BDC
:10D3BC00FBD02C60237863B32F2B2AD04FF00008BE
:10D3CC00294E211D204601AA00F080FF044670B1B1
:10D3DC00019BB3F5803F40D27F2B08F1010831D877
:10D3EC003C2BD9B229D8212905D81F2909D80020CE
:10D3FC0002B0BDE8F0812239C9B226FA01F1CA07A0
:10D40C00F5D42E2B01D0202B1CD123780BB12F2B34
:10D41C00D7D12B69013BFE2BE9D82378202B03D1E4
:10D42C0014F8013F202BFBD02F2BF9D028463C6061
:10D43C0002B0BDE8F041FFF755BD5C29D7D005D946
:10D44C007C29D4D0C5F81080AC60DEE73E390129C8
:10D45C00F8D8002002B0BDE8F08108F10208AC60F9
:10D46C00C5F81080D1E700BF01210005F0B50023FD
:10D47C008BB0019383789A0724D5016A054619B1BC
:10D48C00806800F02FFBE8B101212846FEF7D0FCA4
:10D49C00C0B1421E00F10A0C0024E30112F8011F76
:10D4AC0043EA5403944551FA83F3DCB2F5D1E526F3
:10D4BC0000230670AF682B7007F12800AB7000F0EA
:10D4CC0023FE10B900200BB0F0BD07F50E7000F074
:10D4DC001BFE0028F6D0386803681B6A98470028A2
:10D4EC00F0D0EB78002BEED0294601A8FEF7C0FE59
:10D4FC000028E7D0EB78002BE4D0012721E001A82D
:10D50C00FEF7EAFF7B1CF9B20028DBD0C27A0F2AA7
:10D51C00D8D102785FFA83FC9FB202F01F038B42D2
:10D52C00D0D1437BA342CDD10670A96891F82830A5
:10D53C0043F0010381F8283053060DD4EB78634592
:10D54C00C0D3A98801A8C91B89B24901FFF724F9E6
:10D55C0000210028D3D1B5E7AC6804F1280000F015
:10D56C00D3FD0028AED004F50E7000F0CDFD0028E0
:10D57C00A8D0206803681B6A9847A4E7042A04D83B
:10D58C0001EB4202B2F8010070470A2A03D801EB02
:10D59C004202908870470C2A03D801EB4201C888DC
:10D5AC0070470020704700BFF8B504780E467CB178
:10D5BC0014F06004174607D0012A09D92F22002342
:10D5CC0001200A704B70F8BD2146FEF731FC18B9EA
:10D5DC00002318463370F8BD0346A446082111E019
:10D5EC00027B114203D00EF1200E5FFA8EFE651CF9
:10D5FC00BD42EDD20CF1010C06F804E0ECB2BCF12A
:10D60C000C0F10D0BCF1080F11D013F801EBAEF1D8
:10D61C004102192AE4D9BEF1200FE8D10CF1010C1A
:10D62C00BCF10C0FEED1002320463355F8BD1A780F
:10D63C00202AF8D010214FF02E0ED8E72DE9F04F0C
:10D64C0000248BB0037889460194002B55D0C37805
:10D65C000646002B58D0014601A89046FEF708FE5E
:10D66C0000284AD0F078002843D008F1FF38CB4688
:10D67C004FF0010AC844B18801A8A1EB0A0189B294
:10D68C004901FFF789F8C0B3002101A8FEF724FF78
:10D69C0098B3C37A0F2B30D103785FFA8AF103F079
:10D6AC001F038B4229D1471C0025042DEBB23FD818
:10D6BC003B8874BB03F5205189B2B1F5006F3ED3A2
:10D6CC00A3B118465946424600F0AEFD8346A0B1C0
:10D6DC000024013502370D2DE7D10AF1010AF1784A
:10D6EC005FFA8AF31FFA8AFA9942C4D2ABEB0900AB
:10D6FC00D946002389F8003003E00023184689F846
:10D70C0000300BB0BDE8F08FFFF74EFF0BB0BDE85B
:10D71C00F08F03F5105189B2B1F5806FEDD20A4A42
:10D72C00C3F3090302EA8420184300F58030C9E7EB
:10D73C000A2B94BFB7F80330B7F80530B9E7B1F549
:10D74C00806FDAD21C46C4E700FC0F00FFF776BFEF
:10D75C002DE9F843DDE90887C3B181460C4615462F
:10D76C005E1802E0C047B44210D0D9F80030214610
:10D77C002A4648461B69984703463A46204629469E
:10D78C000134002BEED11846BDE8F883012318466E
:10D79C00BDE8F88310B41468B4F5807FA44628BFA4
:10D7AC004FF4807C01EB4C00814207D231F8023BF4
:10D7BC0013B95368013353608842F7D8A4EB0C04B7
:10D7CC0014605DF8044B704710B41468802CA446A8
:10D7DC0028BF4FF0800C01EB8C00814207D251F82E
:10D7EC00043B13B95368013353608842F7D8A4EB58
:10D7FC000C0414605DF8044B704700BF2DE9F8432E
:10D80C00C37904460D461746202B59D0102B30D027
:10D81C000C2B51D1027AC1F34E01836900F50E79BC
:10D82C0011FA85F1A2F1020248468EB2B2FA82F2E6
:10D83C00C1F34621520901EB03085200414600F0A6
:10D84C008FFC002838D0C6F30806731C865DB3F530
:10D85C00007F23D018440378EA07E26946EA0323E1
:10D86C004CBF1B09C3F30B039A4240D20020BDE806
:10D87C00F883027AC1F30721836900F50E70A2F1D7
:10D88C0002021944B2FA82F25209520000F068FC0A
:10D89C0090B16D0005F4FF75435B25E0227A08F129
:10D8AC0001014846A2F10202B2FA82F25209520078
:10D8BC0000F056FC0028CED14FF0FF30BDE8F883C5
:10D8CC00027A816900F50E70A2F1020201EBD5110A
:10D8DC00B2FA82F25209520000F042FC0028EBD05E
:10D8EC00AD0005F4FE754359E2699A42BED301209E
:10D8FC003B60BDE8F88300BF2DE9F843C3790546CA
:10D90C000C461646202B48D0102B2DD00C2B41D179
:10D91C00C1F34E01836900F50E7911FA84F11FFAF7
:10D92C0081F8C1F34621CF18037A4846022B3946B9
:10D93C0014BF0122032200F013FC58B314F00104AD
:10D94C00C8F308033FD0C25C02F00F0242EA061291
:10D95C00C2540133B3F5007F3AD0C6F30712034427
:10D96C0001201A70BDE8F883027AC1F3072183699C
:10D97C0000F50E70022A194414BF0122032200F094
:10D98C00EFFB034630B16400012004F4FF741E5316
:10D99C00BDE8F8830020BDE8F883037A816900F5BF
:10D9AC000E70022B01EBD41114BF0122032200F0E4
:10D9BC00D7FB03460028EDD0A400012004F4FE742C
:10D9CC001E51BDE8F883C6540133B3F5007F15D161
:10D9DC002B7A791C4846022B14BF0122032200F03B
:10D9EC00BFFB03460028D5D0C6F30712002CB7D1D5
:10D9FC00197821F00F0141EA1212B1E7C6F30712B0
:10DA0C000344F5E72DE9F041C46882B005460E46A3
:10DA1C008C42904640D301270134EB6901AA284679
:10DA2C00A34205D29FBBEC6801273C44A3422ED3F2
:10DA3C00A64218BF012C214629D9FFF7DFFE00288A
:10DA4C0025DBE9D0019B002BE6D107B1EC60EB693B
:10DA5C00A3421CD36FF0704221462846FFF74CFFBF
:10DA6C000746A0B13EB96B6A002B01DB013B6B6230
:10DA7C00C8F800400CE0012E09D0EB699E4206D894
:10DA8C00314622462846FFF737FF0028EBD1002706
:10DA9C00384602B0BDE8F0810C460027BCE700BF59
:10DAAC0001290CD910B4C4698C4203D35DF8044B22
:10DABC00FFF7A4BE4FF0FF305DF8044B70474FF0FA
:10DACC00FF30704701290BD910B4C4698C4203D3C1
:10DADC005DF8044BFFF710BF00205DF8044B704756
:10DAEC000020704770B5054682B00C461DE0EB690E
:10DAFC009C421FD8FFF782FE064621460022002ECC
:10DB0C00284617DBEB699C4214D8FFF7F5FE621E22
:10DB1C0080B16B6A002B03F10103A8BF6B62EB6849
:10DB2C00A342019C88BFEA602EB1012C214601AAB8
:10DB3C002846DCD8002002B070BD00BF2DE9F047AC
:10DB4C000646406A84B000281BDAF2790C2A1BD1F5
:10DB5C00F7697B1C022B40F2CD8002240025214664
:10DB6C0002AA3046FFF74AFE002804F1010306DB47
:10DB7C0057D1A7421C465CD0F2699342EFD94FF0C3
:10DB8C00FF3004B0BDE8F087F169002096F8383218
:10DB9C0001313469DB07CDE9021000F185800021E9
:10DBAC004FF0FF33202A06F5127786F83812C6F8A4
:10DBBC00443242D0D6F800804F4BD8F80020D6F82B
:10DBCC0018A095699D4278D1002C00F082800AEB58
:10DBDC000409136951463A46404698470028CED06E
:10DBEC000299B1F5807F8E4628BF4FF4807E07EBFB
:10DBFC004E0CBC450BD9039D3B46002233F8024B1F
:10DC0C000CB9013502469C45F8D802B103950AF1CE
:10DC1C00010AA1EB0E01D14502915AD0D8F800208F
:10DC2C00D7E7029A002AA4D1A74205F101051C46A8
:10DC3C00A2D1284604B0BDE8F087D6F800A02E4B40
:10DC4C00DAF80020D6F8189095699D4246D1002C40
:10DC5C003FD009EB0408136949463A4650469847A9
:10DC6C0000288CD0DDF808C0BCF1800FE64628BF38
:10DC7C004FF0800E07EB8E02BA420BD9039D3B4648
:10DC8C00002153F8044B0CB9013501469A42F8D8DF
:10DC9C0001B1039509F10109ACEB0E03C8450293E0
:10DCAC0017D0DAF80020D6E706F50E7000F02CFA43
:10DCBC0000283FF464AFF27971E7234602AC3A4690
:10DCCC005146019440460D4C0094A84700283FF45F
:10DCDC0056AF0398706204B0BDE8F087234602ACDF
:10DCEC003A46494601945046054C0094A8470028F2
:10DCFC00EFD144E7002044E791B70000D5B700000E
:10DD0C0009B8000070B500230446154601204FF0F9
:10DD1C00FF3204F128062160E371E060E162C4F88F
:10DD2C003C1284F8283084F838326263C4F84422F8
:10DD3C00CDB1042D01D9002070BD1A4619463046CC
:10DD4C0000F00EFA6FF0704300F5DF722B441D01EA
:10DD5C0002EB03130028EED019790029EBD0525DA9
:10DD6C005206E8D19D6800222946304600F0F8F9A9
:10DD7C000028E0D0B0F80B30B3F5007FDBD1037C8A
:10DD8C005A1E2372012AD6D8417B4B1E01292171C0
:10DD9C0063714FF00003A37144D001225200013390
:10DDAC00D2B2DBB2914204D0082BF7D10020A37180
:10DDBC0070BD1E46A371C18A216109B9416A2161F6
:10DDCC00C289B0F811302A4463815B01A26190F8DA
:10DDDC0010C003F2FF1301FB0C2202EB532322624F
:10DDEC00B0F81320636102B9026AED1AAB18F34064
:10DDFC005A1CE2614FF0FF32626240F6F4729342B9
:10DE0C000CD94FF6F47293420AD9C26A20232262CB
:10DE1C000120E3712163C4F8401270BD0C23F7E7B5
:10DE2C001023F5E71E46C6E7F8B500268F6B0D46A6
:10DE3C000446C0E90E669FB10146242000F0DCF8D0
:10DE4C00068086708446AD6BA0630FCDACE80F00E6
:10DE5C000FCDACE80F002B68CCF800302046F8BD95
:10DE6C00CB6B002BFAD00146382000F0C5F880F8B7
:10DE7C00317047860246EB6BE06303F130071E6896
:10DE8C00103353F80C5C103253F8080C53F8041C84
:10DE9C00BB4242F8106C42F80C5C42F8080C42F899
:10DEAC00041CECD11B6820461360F8BD10B5044669
:10DEBC00806B10B1FDF7CCFF30B9E06B10B1FCF703
:10DECC0015FA20B9002010BD0023A36310BD002358
:10DEDC00E36310BD002952D02DE9F0410446806B5C
:10DEEC000D4617461E4610B1FDF7B2FFA0BBE06B06
:10DEFC0010B1FCF7FBF9B8BBD5F88084B8F1000F72
:10DF0C0011D02146242000F077F8334600263A46FB
:10DF1C0006808670A063D5F88014FEF7A1F958BB73
:10DF2C00A063BDE8F081D5F8843493B12146382044
:10DF3C0000F062F8334680F831803A46A0F832801F
:10DF4C00E063D5F88414FCF705FEA8B9E063BDE8DE
:10DF5C00F0810020BDE8F0810023D5F88084A36314
:10DF6C00B8F1000FCDD1DEE70023D5F88084E36350
:10DF7C00B8F1000FC5D1D6E70120BDE8F081002033
:10DF8C00704700BFF8B50446806B0D46174610B1BC
:10DF9C00FDF75EFF38BBE06B10B1FCF7A7F938BB9F
:10DFAC00AE6B76B12146242000F026F800213A46CB
:10DFBC0001808170A063A96BFEF7B8FC88B9A063DF
:10DFCC00F8BDE86B0028FBD02146382000F014F88F
:10DFDC003A4680F831604686E063E96BFCF7C2FD97
:10DFEC0020B10120F8BD0023A363D9E7E063F8BD9D
:10DFFC000023E363D4E700BF084670472DE9F041E6
:10E00C00002604469846C0F88814C0F8806401467F
:10E01C004FF490601746FFF7EFFF424680F84464D8
:10E02C00054680F87964A0F87A64C4F88404D4F8BE
:10E03C008814FDF7D1FDA0BB0026214640F26C40B0
:10E04C00C4F88464FFF7D8FF0223C6714246A0F8D7
:10E05C004864054680F84A640372C4F88004D4F816
:10E06C008814FFF74FFE38B900231A4A184613607C
:10E07C00C4F88034BDE8F08105F589663046FDF7BB
:10E08C00E7FE29463046FEF721F90028ECD0124B6A
:10E09C001A68AAB91D600F4BAFB101201C60BDE816
:10E0AC00F08105F589663046FCF720F929463046A3
:10E0BC00FCF74AF90028BFD0084B1A68002AE9D0AF
:10E0CC00044B002FE9D11A68002AE6D00120BDE8E4
:10E0DC00F08100BF90B3002094B30020FCB200206C
:10E0EC0070B500254FF47A7604464560057386605A
:10E0FC00C0E91255034D40F8105BFFF7EBFE2046CC
:10E10C0070BD00BF301B002030B5037883B0DC0736
:10E11C001DD50446406804F110020368E1680192C1
:10E12C005B6A9847019A0546A8B12378990708D5E8
:10E13C006068D4E90231194403685B6A984750B1AE
:10E14C00237823F001032846237003B030BD01254A
:10E15C00284603B030BD0025284603B030BD00BFB3
:10E16C00F8B543680BB3C36804460F4615468B429B
:10E17C0006D110F8103B05F003052B432370F8BDB6
:10E18C00FFF7C2FF88B16B0705D504F110063046C6
:10E19C000023E760EFE7606804F110063946036876
:10E1AC0032461B6998470028F1D10020F8BD00BF0A
:10E1BC004FF0000C024B82F800C01B68184700BFE0
:10E1CC00F8B20020024A0349034B116018607047F3
:10E1DC00F4B20020F1C10000F8B2002010B50446E2
:10E1EC00808982B018B10023A38102B010BDD4E99C
:10E1FC0001318B42F9D201AA184600F067F880B1C0
:10E20C00019B6060B3F5803F01D298B2EDE7980AAC
:10E21C00C3F30903A0F52150A3F5105380B2A381D9
:10E22C00E3E74FF6FF70E0E77F28A2EB010205D889
:10E23C0012B10A4602F8010B10467047B0F5006F98
:10E24C000FD2012A40D94FEA901C00F03F030A4636
:10E25C006CF03F0063F07F0302F8020B10464B702A
:10E26C007047B0F5803F16D2022A2DD9C0F3851C19
:10E27C0000F03F03CA1C63F07F0300B54FEA103E69
:10E28C006CF07F008B706EF01F0E4870104681F89A
:10E29C0000E05DF804FB032A16D94FEA904CC0F35A
:10E2AC000532C0F3851300F03F0062F07F026CF082
:10E2BC000F0C63F07F0360F07F004A700A1DC8707A
:10E2CC0081F800C08B70B7E70022B5E788423DD2D9
:10E2DC00034610B490F900001C7800282DDA04F0E5
:10E2EC00E000C02834D004F0F000E02834D004F072
:10E2FC00F800F02826D104F00704042018448842C2
:10E30C0020D8013313F8011B01F0C00C01F03F01C0
:10E31C00BCF1800F41EA841414D18342F2D1A4F1F0
:10E32C0080010F4B99420DD8A4F55843B3F5006FFB
:10E33C0008D314605DF8044B7047581C14605DF8EA
:10E34C00044B704700205DF8044B70470020704769
:10E35C0004F01F040220D1E704F00F040320CDE7E2
:10E36C007FFF10007E283ED94FF0350C002330B4CF
:10E37C00284C04E034F82120824220D80B46ACEB28
:10E38C000302012A03EB5201F4D89BB234F8232088
:10E39C00904216D24B2400231F4D04E035F8212067
:10E3AC0082421ED80B46E21A012A03EB5201F5D821
:10E3BC009BB235F8232082421FD030BC70478C466C
:10E3CC00DDE704EB8304821AE3789A42E2DA94F9EB
:10E3DC000230012B16D0D3B19BB2034430BC98B29F
:10E3EC0070470C46DFE7A0F16103192B8CBF0023AB
:10E3FC000123A0EB431398B2704705EB83056888A3
:10E40C0030BC704702F00102831A98B2D5E74EF285
:10E41C00A033E2E72406002098040020704700BFD8
:10E42C0030B583B005460C4602F04EFB1C4B9842AF
:10E43C0004D800232B80238003B030BD694601F043
:10E44C00E3F89DF805309DF8062001339DF8041083
:10E45C00503ADBB292B21F2998BF0C2B01D87F2AFD
:10E46C0018D900219DF802209DF801302980172A27
:10E47C0098BF3B2B9DF8001001D83B2903D90023F2
:10E48C00238003B030BD5B0143EAC22343EA51034E
:10E49C009BB2F5E741EA431141EA422189B2E1E737
:10E4AC00FFA5CE12012BF0B5054695B03DD0022B41
:10E4BC0040F2022001F104010CBF03460023684620
:10E4CC00FFF70EFE129B002B38D05C20002602F0CA
:10E4DC0057F8214B04AF0446C0E90036019B39467E
:10E4EC00183040F80C3C1D4B40F8103C029B40F897
:10E4FC00083C9DF80C3000F8043CFFF795FC184BD9
:10E50C004FF47A72A665A360164B6E602B6063683D
:10E51C002E730133AA602C616360134B3846009351
:10E52C00FFF7C4FC284615B0F0BD44F202230431B9
:10E53C006846FFF7D5FD129B002BC6D1139B002B11
:10E54C00C3D14FF47A71074A04AF2B732A602B6145
:10E55C00C5E90131E1E700BF541B0020B01B0020CE
:10E56C00301B0020041B0020001A002010B5D0F82E
:10E57C0084448EB00A4644B1002321466846009379
:10E58C00FDF76EFE80B90EB010BDD0F8881441B105
:10E59C00234668460C94FCF7DDFA50B900200EB007
:10E5AC0010BD08460EB010BD6846FEF7ADF80EB0B3
:10E5BC0010BD6846FCF78CFB0028EFD0E3E700BFEA
:10E5CC0070B5D0F884548EB016465DB105F58965EA
:10E5DC0000230A46684629460093FDF7BFFD90B913
:10E5EC000EB070BDD0F888040028F9D000F589640D
:10E5FC000A462B46684621460C95FCF72FFA48B97B
:10E60C0000200EB070BD324629466846FDF786FFE5
:10E61C000EB070BD324621466846FCF7ADFC0028B2
:10E62C00EED0DDE710B5D0F884448EB00A464CB17C
:10E63C0000200123214600906846FDF711FE80B9A9
:10E64C000EB010BDD0F8881441B1012368460C946B
:10E65C00FCF780FA50B900200EB010BD08460EB081
:10E66C0010BD6846FEF702FF0EB010BD6846FCF701
:10E67C00D5FA0028EFD0E3E730B5D0F884448FB05A
:10E68C000A464CB10025012304F5896168460095C2
:10E69C00FDF7EEFC0FB030BDD0F888040028F9D09F
:10E6AC0000F58961012368460C94FCF7E7FC0FB078
:10E6BC0030BD00BF10B5D0F884448EB00A463CB1D2
:10E6CC000023214668460093FDF7CAFD0EB010BD2D
:10E6DC00D0F8881431B1234668460C94FCF73AFA0A
:10E6EC000EB010BD08460EB010BD00BFF8B5054603
:10E6FC0090F8D00408B90146F8BDD5F88434002B45
:10E70C004CD0DC69D5F89004013C002854D0036847
:10E71C00DB6B9847E0B1D5F8900478B303681B6CB9
:10E72C009847A8B9D5F8900440B3036801215B6CF5
:10E73C009847074610B3D5F8840458BBD5F88864BD
:10E74C0033466EB9D5F8900490B900200146D3E752
:10E75C00D5F88404E8B9D5F88834002BF5D00746F1
:10E76C001846FDF703FA06463FB1D5F8900428B1D8
:10E77C00036800215B6C984700B1A41BD5F8843466
:10E78C00FBB19B794FF40071994089B2A1FB040154
:10E79C00F8BD0027FFF7D2F90646E5E7D5F888342F
:10E7AC00D5F89004B3B1D3F830440028AFD1184653
:10E7BC00FDF7DCF90646E0E71846FFF7BFF9064619
:10E7CC00DBE7D5F88864002EBFD0D6F83C14A1FB4B
:10E7DC000401F8BD0028B8D01C4698E790F8D03456
:10E7EC0063B1D0F8843463B19A794FF40070D9696D
:10E7FC009040013980B2A0FB0101704718460146D8
:10E80C007047D0F888040028F9D0D0F83C14D0F820
:10E81C003004A1FB000170472DE9F043D0F890546F
:10E82C008DB04DB198462B6804462846DB69984755
:10E83C00B0F5405F064604D8002630460DB0BDE862
:10E84C00F0834FF4007007F053FA07460028F3D01A
:10E85C000DF10409B6F1806F02464346294648463D
:10E86C002ED903F025FF0646384607F049FA002E4C
:10E87C00E2D02B682846271D1B6A984794F8C034B1
:10E88C00FF2B21D0D4F8C43404F5946502932846A8
:10E89C00D4F8C8340393B4F8C034ADF8043099E814
:10E8AC000E0005F037FB94F8B134C4F89054002BEB
:10E8BC00C3D10123294638461A46FFF79FFBBCE714
:10E8CC0004F01CFC0646CFE704F2944594F8CC14F3
:10E8DC00284606F067F92846C4F8905405F0C4FBA6
:10E8EC000028AAD10123D4F8901438461A46FFF711
:10E8FC0085FBA2E7F0B5D0F8906485B00446002EF5
:10E90C0042D090F8D05490F8D13485B1FE2B63D01E
:10E91C0094F8D20436283DD93368694630469B6C4E
:10E92C0098470546284684F8D05405B0F0BDFE2B18
:10E93C0026D090F8D204362849D994F8C034271D33
:10E94C00FF2B2DD0D4F8C43404F59466D4F8C82425
:10E95C0001933046B4F8C0340292ADF800306B46E7
:10E96C000ECB05F0D7FA94F8B134C4F8906463B9BF
:10E97C000123314638461A46FFF740FB054604E0B2
:10E98C001F4B9B689B03D8D40025284684F8D05491
:10E99C0005B0F0BD01F0FCFA051E18BF0125F4E727
:10E9AC0004F2944694F8CC14304606F0FBF830464A
:10E9BC00C4F8906405F058FB0028E6D10123D4F884
:10E9CC00901438461A46FFF719FB0546DDE701F0AF
:10E9DC00DFFA0028B1D1D7E7336830465B6D984732
:10E9EC00421C034694D00028CFD194F8D124FE2A9F
:10E9FC00CAD103212E201D4601F0DCFAC5E700BF69
:10EA0C0000800042F0B50D46044685B03048FFF753
:10EA1C00D9FBFE2D84F8D15426D0362D02D90020F6
:10EA2C0005B0F0BD00262B4B04F594678DF804500F
:10EA3C00C4F8C4348DF80560384684F8C05484F8A2
:10EA4C00C164C4F8C864CDE9023604AB13E90E0006
:10EA5C0005F060FA94F8B134C4F8907483B330467E
:10EA6C0084F8D00405B0F0BD04F294450023FF22D5
:10EA7C001946284684F8CC3484F8C02406F092F861
:10EA8C002846C4F8905405F0EFFA70B90123D4F875
:10EA9C009014201D1A46FFF7B1FA30B101222E2333
:10EAAC0084F8D02484F8D234BAE72E200025032130
:10EABC0084F8D20484F8D05401F07CFA2846AFE7ED
:10EACC0001233946201D1A46FFF798FAC8E700BF04
:10EADC0061C4000040787D0118484FF0290C184A99
:10EAEC000023184910B4C0F89424072280F8B1C44C
:10EAFC004FF0FF0CC0F8A8144FF47F41124CC0F833
:10EB0C00AC24124AA0F8D014A0F89C3480F8B53488
:10EB1C0080F8CC3480F8D2C40460C0F8A0240C492E
:10EB2C000C4A5DF8044BC0F88434C0F88834C0F843
:10EB3C00903480F8BC3403F0B1BA00BF88AC00202C
:10EB4C00141C002000093D00E41B00203C1A00208E
:10EB5C005DC400002C93002001207047B0F84630B3
:10EB6C00B0F848209BB292B2934202D2013AD01A2A
:10EB7C007047416B01390A44D01A7047016972B66B
:10EB8C00B0F84A20B0F84C3092B29BB29A423CBFDB
:10EB9C00806B1218C86AD31A62B6C0F302601844AC
:10EBAC00704700BFB0F84A100246B0F84C3089B23A
:10EBBC009BB2994210B4046914D00133906B116B61
:10EBCC00984298BF0023994206D85B1A526AD05CCF
:10EBDC00C0B25DF8044B7047126A5DF8044BD05C10
:10EBEC00C0B2704772B6B0F84A0080B2814201D010
:10EBFC0062B6E2E7E36A13F0E06F03D14FF0FF3047
:10EC0C0062B6E6E7E36901200024116AA2F84A0023
:10EC1C00C3F30900DBB2A2F84C404B70F0E700BF25
:10EC2C00B0F84A100246B0F84C3089B29BB2994207
:10EC3C0030B4046925D00133946B9C4216D9106B07
:10EC4C001FFA83FC984217D9106AC05CC0B2956D4C
:10EC5C00A2F84CC045B199421CD3CB1AD16B994246
:10EC6C0002D3D36DC5F8883030BC70474FF0000C20
:10EC7C00106B63469842E7D8181A556A285CC0B2E4
:10EC8C00E5E7084672B6B2F84A1089B2884204D059
:10EC9C0062B6D0E70C44E31AE0E7E36A13F0E06FE6
:10ECAC0003D14FF0FF3062B6DEE7E069C0F3090034
:10ECBC00F9E700BF90F8443043B110B5044603F0B7
:10ECCC0097F894F84430002BF9D110BD704700BF71
:10ECDC0038B5D0E90453D3E903120968114228D09E
:10ECEC0090F84420044632B103F082F894F8443092
:10ECFC00002BF9D1636900210E4AA961207E03EB38
:10ED0C000010007D02EB0010456805202860657E30
:10ED1C0003EB051393F8343002EB0312A36D526826
:10ED2C001060A4F84A10A4F84C1013B1E26DC3F8AB
:10ED3C00842038BDF08A002007EE901A9FED9A7A55
:10ED4C000421B6EE005AF8EE677A9FED986A41F608
:10ED5C00FF7CC7EE275A2DE9F0478E460569012442
:10ED6C0007EE901AF8EEE77A85EEA77A77EE057A39
:10ED7C00FDEEE77A17EE903A6345A8BF6346012B88
:10ED8C00B8BF012307EE903AF8EEE76A76EEC76A51
:10ED9C00C6EE877AF5EEC07AF1EE10FA48BFF1EEC6
:10EDAC00677AF4EEC67AF1EE10FA03D8B0EE676A21
:10EDBC008E461C4601312129D2D10021436902F42F
:10EDCC000076A0F84A10B3F85AC08E42A0F84C1046
:10EDDC00B3F85860A0F84610A0F8481080F844101A
:10EDEC00816BDF68A1EB0606A1EB0C01C0E90F619A
:10EDFC0039681E6941EA0601396014BF01210021FE
:10EE0C00817640F0AC80017E694E03EB0118DFF88F
:10EE1C00C09198F81470D8F81CA006EB0717B968C5
:10EE2C00C1F800907968D8F818700F60BAF1000F2B
:10EE3C0003D0D8F82010CAF80010477ED92103EB74
:10EE4C00071898F834C006EB0C1CDCF80870396015
:10EE5C00DCF80410D8F838700F60417E03EB011118
:10EE6C00CF6B0FB1096C39600EF1FF31BEF1080F99
:10EE7C004FEA0161CCBF4FF0000E4FF0010E01F0D4
:10EE8C00F85144EA4E4421435C682961597801F1F8
:10EE9C0010030021E960474941F8234041694FF0D4
:10EEAC00010E454C02F0030C4F7891F85610434B71
:10EEBC0039554FF002174469617803EB511301F097
:10EECC001F019B000EFA01F11960EF62AB6A43F06F
:10EEDC008803AB6253073ED44CF4701302F00F015D
:10EEEC00042908BF43F0804397062ED5817E43F05A
:10EEFC00805300293AD11607AB6103D52B6943F037
:10EF0C0000532B616B69D10623F0805348BF43F04B
:10EF1C0080536B61D30503D52B6943F400532B61EC
:10EF2C00A36883B1264E3478002C3AD0611E254D4F
:10EF3C00C9B22B1F05EB810101E0994225D053F892
:10EF4C00042F9042F9D1BDE8F087817E0029D2D000
:10EF5C0043F0A003CFE71C4B4CEA0303BEE7477E0C
:10EF6C004FF2D901124E03EB07186AE7417E43F0CA
:10EF7C00A00304EB011191F8341006EB0116B668EE
:10EF8C00316821F440413160B5E7631CDBB20F4AB4
:10EF9C003370137845F8240043F002031370BDE876
:10EFAC00F0870123074DF2E7001BB74BEC78AD60FF
:10EFBC00F08A0020009C002000E400E0403800387B
:10EFCC0017C5002070B3002010003C002FC5002096
:10EFDC0038F00100EFF31380B8B9EFF310834BB99D
:10EFEC00EFF305823AB94FF48073EFF3118050B10F
:10EFFC00984208D270470F2AF7D9054B9B5CEFF368
:10F00C0011800028F4D1184670474FF0FF30F1E71B
:10F01C00F0E300E010B4416299B1036B1A44446907
:10F02C0000218263B4F85830B4F85A40D31AA0F8CF
:10F03C004A10121BA0F84C105DF8044BC0E90F32BB
:10F04C007047026BEBE700BF816241B1C36A1A449F
:10F05C0000234263A0F84630A0F848307047C26ADB
:10F06C00F6E700BF036D2DE9F04104460F46066933
:10F07C0013B1426DC3F88420A37E2BB172B6B36971
:10F08C0043F00053B36162B6B4F84650636BADB253
:10F09C000135AB424CD84FF000084546B4F8483027
:10F0AC009BB29D4219D028E073691B0210D5B4F8AD
:10F0BC004830626B9BB201339A4236D99AB2E16AFC
:10F0CC0099422DD9E169CB5CDBB2F361A4F84820FD
:10F0DC00B4F848309BB2AB420FD1FFF77BFF6369AA
:10F0EC00B3F856308342DFDAFF28F1DD02F080FE00
:10F0FC00B4F848309BB2AB42EFD0E36AAB421AD9BA
:10F10C00FFB2E3695F5572B6012084F84400A4F89D
:10F11C004680B36943F40003B36162B6BDE8F08185
:10F12C005B1AA16ACB5CDBB2CFE700221346C6E7C1
:10F13C001FFA85F8B2E7ED1AFFB2A36A5F55E2E752
:10F14C00FFF790BF0269536913F4401F70B543D0A9
:10F15C00D36A13F0E06FC3F3026E3AD0B0F84A50A2
:10F16C00B0F84C60ADB2B6B207E0016A01F803C06A
:10F17C000EF1FF3313F0FF0E1DD0D1696B1C846BA5
:10F18C00B0F84CC0C1F309019C4298BF00231FFA90
:10F19C008CFC9C45ECD0046B5FFA81FC1D469C42B8
:10F1AC00A3EB0404E1D8436A03F804C00EF1FF3367
:10F1BC0013F0FF0EE1D1ABB2A0F84A30836D43B12E
:10F1CC00B54254D3AD1B016CA94202D8C16DC3F832
:10F1DC0084105369D90245D49669330228D55369F2
:10F1EC001D0225D5B0F84650B0F84830ADB29BB2F0
:10F1FC0006E0C169C95CC9B2D161D16A4C0512D4AF
:10F20C00AB4238D0446B0133C16A9C4298BF002397
:10F21C009942A3EB0104ECD8816A095DC9B2D161B2
:10F22C00D16A4C05ECD599B2AB42A0F8481025D068
:10F23C00710216D553695B0213D50021036D80F85A
:10F24C00441013B1416DC3F88810837E2BB172B694
:10F25C00936923F00053936162B6936923F480039E
:10F26C00936170BD536943F480135361B4E7816BB0
:10F27C00891B0D44A7E79BB2A0F84830936923F48F
:10F28C0000039361936943F480039361D0E700BF5B
:10F29C000148FFF757BF00BF409100200148FFF71E
:10F2AC0051BF00BFA09100200148FFF74BBF00BF2A
:10F2BC0000920020012A70B508BF0A228AB091B3CF
:10F2CC004FF0210E01E05FFA86FE0EF1FF36B1FB26
:10F2DC00F2F502FB15145FFA84FC092C0CF13704CF
:10F2EC000CF1300C98BF5FFA8CF40EF1280C88BF2F
:10F2FC00E4B29142EC4429460CF8244CE3D24BB1D5
:10F30C000EF1FF3E2D225FFA8EFE0EF128036B44A8
:10F31C0003F8242C036801A9CEF122025B68714426
:10F32C0098470AB070BD30224FF0210E8DF8252081
:10F33C00E5E700BF2DE9F0410C46D1B1EAB18046BA
:10F34C008E1800250E4F04E002F0BEFCB4420544BA
:10F35C000CD0D8F8003014F8010B1B68BB42F3D06A
:10F36C00014640469847B4420544F2D12846BDE8D0
:10F37C00F0810D462846BDE8F0811546F6E700BF42
:10F38C00856200002DE9F0418C688AB0DCB1002563
:10F39C00884606462F462B46212201A9404600F0FE
:10F3AC0033FB202C2246336828BF202201A930468B
:10F3BC005B68A41A154498470744002CEBD13846D7
:10F3CC000AB0BDE8F081274638460AB0BDE8F081A6
:10F3DC0000B5036883B040F60D2C022201A95B68CE
:10F3EC00ADF804C0984703B05DF804FB054B022848
:10F3FC0088BF034610B41C68184663685DF8044B5C
:10F40C00184700BF309100205AB90368C9B2074AA7
:10F41C001B68934200B506D108465DF804EB02F078
:10F42C0053BCFFF747BF5DF804EB1847856200003B
:10F43C00B4EE400B70B5F1EE10FA05462DED028BD3
:10F44C0086B07CD6B0EEC07B9FED476BB4EE467BAE
:10F45C00F1EE10FA6BDC9FED467BB4EEC70BF1EED0
:10F46C0010FA5ADC9FED447BB4EEC70BF1EE10FAA8
:10F47C0053D4B5EEC00B0C46F1EE10FA5BD400235E
:10F48C00B6EE007B002C5ED04FF0000C9FED3C6B79
:10F49C000CF1010C27EE067B5FFA8CF2A242F7D33B
:10F4AC0030EE070B0A222846FCEEC07BB8EE678BC9
:10F4BC0017EE901A30EE488BFFF7FCFE0F2C4FF036
:10F4CC002E03B2EE046B064628BF0F248DF80830CD
:10F4DC000DF1090302AA611E53FA81F128EE060B05
:10F4EC00FCEEC07BCDED017A9DF8043007EE903A2E
:10F4FC003033B8EEE78B02F8013F914230EE488B87
:10F50C00ECD12B68013402A928465B68E2B298471B
:10F51C00304606B0BDEC028B70BD2B6803221A4935
:10F52C005B6806B0BDEC028BBDE870401847036801
:10F53C0003221649F4E7B1EE400B0123A0E7036860
:10F54C0003221349ECE730EE070B0A222846FCEEA7
:10F55C00C07B17EE901A06B0BDEC028BBDE8704074
:10F56C00FFF7A8BEAFF30080FFFFFFFFFFFFEF7FA9
:10F57C00000000E0FFFFEF41000000E0FFFFEFC1E3
:10F58C009A9999999999B93F281900202419002022
:10F59C00201900202DE9F047884651B3914662B3FB
:10F5AC0082460027164C174E25680BE002F07CFBB8
:10F5BC00002810DA02F01CFC2368DAF808205B1B28
:10F5CC00934210D2DAF800305B69B342EED0504669
:10F5DC0098470028EEDB013708F8010BB945E3D159
:10F5EC003846BDE8F087012338468AF80C30BDE870
:10F5FC00F0870F463846BDE8F0871746F0E700BFA6
:10F60C00E0C400207D6200004D4A2DE9F047A2FBCA
:10F61C00004340F26D1A4B4F5B09DFF83881DFF87D
:10F62C003891A2FB0342C3EB03145209A0EB8400F4
:10F63C00454CC2EB02150870A3EB8503A4FB0254E6
:10F64C0024094B70414B251D04EB4400A2EBC00276
:10F65C00A3FB050300208A70EA1A03EB520302464F
:10F66C009B08C3EBC303ED1ACD705FFA80FE40F22A
:10F67C006D1C0EF2B27313F0030507FB03F608D1F1
:10F68C00B8EBB60F4FF4B77C03D3B9EB361F38BFCA
:10F69C00D446624401309442E7D20EF1460E2C4E11
:10F6AC0081F806E0A6FB030685B377094FF0640CDE
:10F6BC004FF4C870F6090CFB173700FB163640F2F6
:10F6CC006D10A41A00230122DFF890E020440AE018
:10F6DC0013F80E4084420ED80C2AA0EB04000BD079
:10F6EC0001320133D2B2012B5FFA83FCF0D145B960
:10F6FC00CFB11D2406E0624601304A710871BDE8A5
:10F70C00F0871C24A04218D3001BE9E7642077097A
:10F71C00F60900FB17374FF4C87000FB16363FB1E3
:10F72C004FF4B770CDE7002E14BF1C241D24E9E75D
:10F73C00002EC4D14FF4B770C3E70122DCE700BF41
:10F74C0089888888295C8FC2ABAAAAAA25499224E9
:10F75C001F85EB51285C8F020AD7A300F806002006
:10F76C00F8B500260446C0E90066866029B1084653
:10F77C000D4608F045FD074608B92046F8BD013096
:10F78C0006F0B6FA0028F8D0294606702060C4E9C5
:10F79C00017708F0A3FC2046F8BD00BFF8B58842FD
:10F7AC004FF0000504468560C0E9005502D08E6814
:10F7BC000F680EB92046F8BD701C06F099FA0028A7
:10F7CC00F8D0394605702060C4E9016608F086FC63
:10F7DC002046F8BD10B50446006806F091FA2046A4
:10F7EC0010BD00BFF8B50446154632B9036803B125
:10F7FC001A7000232046A360F8BD43680E469A4257
:10F80C001CD9511C006806F03FFD074660B1A36887
:10F81C00C4E900050BB90370276831463846A5606A
:10F82C0008F05CFC2046F8BD206810B106F068FAC0
:10F83C00276000232046C4E90133F8BD0768314630
:10F84C00A560384608F04AFCECE700BF10B5002371
:10F85C008AB00446084601A9A360C4E9003306F047
:10F86C0031FA01A808F0CCFC01A902462046FFF7AA
:10F87C00B9FF20460AB010BD10B500238AB004466B
:10F88C00084601A9A360C4E9003300F07DFE01A87D
:10F89C0008F0B6FC01A902462046FFF7A3FF20465C
:10F8AC000AB010BD30B5002304468BB0881CA36091
:10F8BC006A46C4E9003300F0A9FE054648B108F0D9
:10F8CC009FFC294602462046FFF78CFF20460BB0D2
:10F8DC0030BDA06020460BB030BD00BF38B505462A
:10F8EC000C4649B1084608F08BFC214602462846D6
:10F8FC00FFF778FF284638BD2846A96038BD00BF01
:10F90C002DE9F843044600680D4616468842A36864
:10F91C0009D8C218914206D20F1A4FF0010936B914
:10F92C002046BDE8F8834FF00009002EF8D003EB19
:10F93C000608626890450CD908F1010106F0A4FC98
:10F94C000028EDD0A368C4E9000813B9037020683F
:10F95C00A368B9F1000F08D12946184408F0BEFB82
:10F96C002046C4F80880BDE8F8833246C119184413
:10F97C0000F06CFD2368002203F80820F0E700BFBC
:10F98C008A680968FFF7BCBF38B5054641B10C461B
:10F99C00084608F035FC024621462846FFF7B0FF22
:10F9AC00284638BD10B582B00023044601228DF8DC
:10F9BC00041001A98DF80530FFF7A2FF204602B014
:10F9CC0010BD00BF10B50B4684B004460A2201A935
:10F9DC00184600F00BFE01A808F012FC01A9024623
:10F9EC002046FFF78DFF204604B010BD38B5054604
:10F9FC0041B10C46084608F003FC02462146284655
:10FA0C00FFF77EFF284638BDC2B170B5B1FA81F65A
:10FA1C000C46760919B185689D4201D80E7070BDEF
:10FA2C00ED1A02F1FF3C016820466545194428BFD8
:10FA3C0065462A4608F030F9665570BD704700BF20
:10FA4C002A2849D8F8B5254F04463B78E3B9244B0E
:10FA5C001B5DFF2B29D0234A02EB041291680A6824
:10FA6C0002F44050B0F5805F30D01C061FD41E4C01
:10FA7C002360236AD80704D402F0BAF9236AD907A1
:10FA8C00FAD5194B586AF8BD174D184E01E002F023
:10FA9C00AFF9AB6C1B06FAD4B36C13F08003F6D140
:10FAAC003B700F4B1B5DFF2BD5D10020F8BD0F4CCD
:10FABC0003F07F032360236ADA0704D402F098F979
:10FACC00236ADB07FAD5094B586AF8BD22F4805239
:10FADC001C060A60EBD4CAE70020704720C5002042
:10FAEC009C8E0020F08A002000400C4000800C40CE
:10FAFC00082830B422D00A280CBF4FF405714FF4FB
:10FB0C004671104C104D636C626C2B400F4802F028
:10FB1C0003021A43636C03F0E00313430B43636467
:10FB2C00436C426C2B4002F003021A43436C03F00B
:10FB3C00E0031343194330BC416470474FF44071E8
:10FB4C00DFE700BF00400C4000FCFFFF00800C40D2
:10FB5C00A249A34B88422DE9F047A24C5E699A69F1
:10FB6C00D4F80C801BD9A04B984240F20281C31AE6
:10FB7C009E491B0AA1FB031340F22761DB0903EB2F
:10FB8C00830303EB830303F2E2438B4228BF0B4650
:10FB9C00A3F54877964BA3FB0737FF0804E0954F76
:10FBAC00B8428CBF0E2706278D4908F01F09D1F8E3
:10FBBC008030B94543F0C003C1F880300CD228F036
:10FBCC001F08A1F5F82148EA0708C1F80C800B685A
:10FBDC00002BFCDA08F01F0916F0007324D18649BB
:10FBEC000C698649A14300F0EA8082F480513446C6
:10FBFC004FF4805514F0605F04D026F060561E431D
:10FC0C00774B5E6111F4405F07D022F44052744987
:10FC1C002A438A618B6C1A07FCD446F00076704A32
:10FC2C005661936C9B06FCD4754CA04200F2CE80BE
:10FC3C004FF0010C0146634603FB011203F1010E68
:10FC4C000CF10105A24218D8BEF1080F4FF00103C8
:10FC5C0040F08D80BCF1040F00F291800A18A24292
:10FC6C0000F2A48005FB00F1AC4603F1010E03FB8E
:10FC7C0001120CF10105A242E6D90CF1FF318C0204
:10FC8C0086EA81215F4810445F4A90427FD9DFF8B1
:10FC9C00A4A16C225D48584DB0FBFEF0D5F800E0F5
:10FCAC00B0FBFCF0DFF890C10EEA0C0CD44509D087
:10FCBC0042F400524FF4805CC5F800C02A602A68F8
:10FCCC00002AFCDA464A156905F007059D4203D067
:10FCDC001361936CDD03FCD411F4E05F09D026F4BE
:10FCEC00E05604F4E0543E4A26435661936C99075F
:10FCFC00FCD44749474A014491423CD8464BC90978
:10FD0C00A3FB0131090B4B1E1B0286EA030212F402
:10FD1C00407F06D026F4407603F44073304A3343D8
:10FD2C0053612F4A536923F000735361936C9B0604
:10FD3C00FCD43A4B4F45A3FB00234FF0FF324FEA64
:10FD4C009343B0FBF1F1B2FBF3F3354A1060354A43
:10FD5C001160354A136008D228F01F08214A48EA7E
:10FD6C000707D7601368002BFCDABDE8F0877346F1
:10FD7C0062E7122718E74FF440730421C5E70CF132
:10FD8C00FF31204807238C02104486EA8121274A40
:10FD9C00DFF8A8A0A2FB0020020D2548362A38BFA8
:10FDAC00362202FB00F042EA0A0A74E74FEA8C247E
:10FDBC00002386EA8C214FF0010EAC4662E71D460B
:10FDCC0086F0C05411464FF0C05313E700244FF097
:10FDDC00010C024631462346E64653E700A4781F41
:10FDEC0000C00F40000008400046C32323B24C0063
:10FDFC001F85EB5100366E0100800D4040300080B5
:10FE0C00FFB19F26808D5B00FF7EF64D00643F4D59
:10FE1C007FD1F0087F17B42C9F10E50083DE1B43C5
:10FE2C00DC900020D890002058C40020819F5E16E2
:10FE3C00001BB7006C2000807F3001800020008008
:10FE4C0000B970472DE9F84F01218146214C224D14
:10FE5C00224E54E8003F2A68306844E80013002B17
:10FE6C00F7D11F494B684FF47A7BDFF878A01B1A47
:10FE7C0001270BFB02F8DAF80020A3FB02325A45EB
:10FE8C0094BF9044D84454E8003F2A68306844E852
:10FE9C000073002BF7D14B68DAF800C01B1A0BFB70
:10FEAC0002F2A3FB0C3CBCF57A7F94BF624402F5D2
:10FEBC007A72A2EB0802B2F57A7F06D3B9F1010986
:10FECC0008F57A78DFD1BDE8F88F01F091FF04498D
:10FEDC00D9E700BFE4C40020E0C40020DCC400204B
:10FEEC00001000E058C4002030B40F4B4FF0010C50
:10FEFC000E4D0F4C53E8002F2868216843E800C2D0
:10FF0C00002AF7D10B4B5B680B4A5B1A4FF47A71E2
:10FF1C00126801FB00F0A3FB023230BC8A4294BF92
:10FF2C0080184018704700BFE4C40020E0C40020D3
:10FF3C00DCC40020001000E058C40020362816D87D
:10FF4C000201104B03EB00109B5810B4C2685C68A4
:10FF5C00144205D061B95DF8044BC3F88820704792
:10FF6C00836851B1084A5DF8044B1A6070477047BA
:10FF7C005DF8044BC3F884207047044A5DF8044BC9
:10FF8C001A607047F08A002038F001003830010008
:10FF9C0036280BD8064B020103EB00109A58C368A5
:10FFAC0092681A4214BF012000207047002070474D
:10FFBC00F08A0020362829D8164B0201012903EBC0
:10FFCC0000109A5810B45368C4680ED004290CD091
:10FFDC0023EA040353608368A9B1022917D00329CB
:10FFEC000CBF0D4A0D4A1A6007E0234301295360E8
:04FFFC00836808D03E
:02000004600199
:1000000040F638021A60436815225DF8044B1A6006
:10001000704738221A60F6E77047044A1A60F2E720
:10002000F08A0020383001003800010038F001006B
:1000300030B4124A0020124B0121124D124CC2F86A
:10004000F032C2F8F402C2F8B810C2F8A000C2F848
:10005000A450C2F8B0105369DB07FCD55161237876
:10006000DB07F0D41368054943F0010313600B6804
:10007000DB07FCD462B630BC704700BF00802A406A
:100080000504012401000F0000812A4070B50E4CC8
:100090004FF6FF7E0D4E04F17E05A6F5805300213C
:1000A00002E0B34281B204D21A88481C023372457E
:1000B000F7D124F8021FAC4206F58056EDD1044B6F
:1000C00001221A7070BD00BF5AC4002000107C606D
:1000D00023C5002041F2BB0398422FD8184B10B51E
:1000E0001B7804463BB3A008164B04F00301164CE2
:1000F000A3FB0023C21A03EB5203144A5B09C3EBB0
:10010000831E9C46A0EB0E0341EA8C01FF2034F8CD
:1001100013C01A444FEA4C0C13030CEB023CBCEB2B
:10012000023F07D91A880233D4B28C4208BF100AA2
:100130009C45F7D810BDFFF7A9FFD4E7FF20704713
:1001400023C50020054110045CC40020C007060040
:10015000F8B50F46164672B6344B40F20641344AA3
:100160009A610222DA610022C3F8A020C3F8F012DB
:10017000C3F8F422C3F8F822C3F8FC224FF470222B
:10018000C3F8A4200122C3F8B02020F01F03821975
:10019000BFF34F8F4FF0E024C4F85C3F20339A4206
:1001A000FAD8BFF34F8FBFF36F8F204D6B69DA071B
:1001B000FCD501231F49B2B220F07F406B6142F4AD
:1001C0007022C5F8F01242F20121184CC5F8F41261
:1001D000C5F8BC30C5F8A000C5F8A420C5F8B030FB
:1001E000154D01E05B0609D4636913F00100F9D0F5
:1001F00041236361BDE8F840FFF71ABF082E0AD813
:1002000036B13246394637440646284600F024F9CE
:1002100040236361E8E7A6F1080008263946324624
:1002200037440646284600F017F9F1E700802A40D7
:10023000F05AF05A3204180880812A4010B472B67D
:10024000284B0221284C00229C614FF47024D96174
:1002500040F20641C3F8F0120121C3F8F422C3F8BA
:10026000F822C3F8FC22C3F8A020A2F58052C3F8FC
:10027000A4400240C3F8B010BFF34F8F02F5805185
:1002800002F120034FF0E02C994234BF012180217C
:1002900002EB41118B42CCF85C2F1A4603F120038C
:1002A000F8D1BFF34F8FBFF36F8F0E4A5369D90751
:1002B000FCD501240D490E4B54610340C2F8F012E5
:1002C0004FF470200749C2F8A030C2F8A400C2F869
:1002D000B0404B69DB07FCD501235DF8044B4B6153
:1002E000FFF7A6BE00802A40F05AF05A20041808F2
:1002F00000F0FF0041F2BB03984200F28980464BB8
:100300002DE9F0471B78C2B005468946002B7CD00A
:10031000AB08424E05F00305414FA6FB03269A1B8E
:1003200006EB5206760945EA8605C6EB86169E1B45
:100330003C4B37F81640334460004FEA033800EB7B
:100340000330B0EB033F64D943464FF0FF0C1A88EB
:100350000233D1B2A94208BF4FEA122C9842F6D814
:10036000E14541D0B4F5006F41D302AC4FF4807247
:10037000FF21204607F0FEFB08F5805008F102033C
:100380004246984234BF01204FF4006008EB400021
:10039000134602321B888242D9B24FEA13236354B8
:1003A000F6D104F805900DF107090DF2071A0025A2
:1003B0004C464046FFF742FF14F801CF08EB4500DA
:1003C00002220DF10601631EBCF1FF0FA3EB09032E
:1003D00006D043EA0C230135ADF80630FFF7B8FE2E
:1003E000A245E9D127F8165042B0BDE8F08745EAAA
:1003F000092502A902220134ADF80850FFF7A8FE32
:1004000027F8164042B0BDE8F087FFF73FFE7FE7D0
:1004100070474FF0FF0CA3E723C5002005411004EF
:100420005CC40020C007060062B170B505460C46EA
:100430008E182046013415F8011BFFF75BFFB4420C
:10044000F7D170BD704700BF08B5F4F703FBF4F7B0
:10045000CBFB01F0D3FCFAE7844641EA000313F03A
:1004600003036DD1403A41D351F8043B40F8043BBB
:1004700051F8043B40F8043B51F8043B40F8043B7E
:1004800051F8043B40F8043B51F8043B40F8043B6E
:1004900051F8043B40F8043B51F8043B40F8043B5E
:1004A00051F8043B40F8043B51F8043B40F8043B4E
:1004B00051F8043B40F8043B51F8043B40F8043B3E
:1004C00051F8043B40F8043B51F8043B40F8043B2E
:1004D00051F8043B40F8043B51F8043B40F8043B1E
:1004E00051F8043B40F8043B403ABDD2303211D3BE
:1004F00051F8043B40F8043B51F8043B40F8043BFE
:1005000051F8043B40F8043B51F8043B40F8043BED
:10051000103AEDD20C3205D351F8043B40F8043BBD
:10052000043AF9D2043208D0D2071CBF11F8013BBB
:1005300000F8013B01D30B8803806046704700BF81
:10054000082A13D38B078DD010F003038AD0C3F190
:100550000403D21ADB071CBF11F8013B00F8013B72
:1005600080D331F8023B20F8023B7BE7043AD9D331
:10057000013A11F8013B00F8013BF9D20B78037006
:100580004B7843708B7883706046704705F0B6BB3C
:1005900005F0BCBB01F1FF3C70B56646002400E0ED
:1005A0000134B0FBF2F502FB1503092B03F1370E02
:1005B00003F130035FFA8EFE98BF5FFA83FE90422C
:1005C000284606F801EFEBD2631C0022C818CA5473
:1005D0007CB162461CF8015F10F8016DA1EB0C03C1
:1005E00002328CF80060013B521A057023449A4293
:1005F000EFDB084670BD00BF031E01DBFFF7CABF7B
:100600004FF02D0C584210B50C4601F801CBFFF706
:10061000C1FF204610BD00BFB4EE400A2DE9F04FE7
:10062000F1EE10FA164680EAE07207462DED028BD5
:10063000A2EBE072B0EE408A85B080F14881F0EE26
:10064000C07A9FEDC57AF4EE477AF1EE10FA29DD13
:10065000B5EEC00AF1EE10FA00F1ED80032A40F386
:1006600091800323002FA2EB0302C0F28580B5EE38
:10067000C08AF1EE10FA00F16A8149214E2346202A
:10068000F41C3170B070737022B1204620211444E4
:1006900007F070FA00232046237005B0BDEC028BF2
:1006A000BDE8F08F89460D4602AA01A9484607F029
:1006B00075FBDDF804A0044659EA0A0372D1012350
:1006C0000278A64C9A460193A54BD046342A88BF9F
:1006D0001C46029B002B7DD008F10108A7EB080BFC
:1006E00006EB0805BBF1000F40F3A1805A4620211C
:1006F00030465D4407F03EFA06EB0B032D2203F86B
:10070000012BBAF1000F77D1B9F1000F06D01A46CC
:10071000302102F8021B2E2159701346AB421FD222
:10072000A44619461CF8012B01F8012BA94218D048
:10073000019C2E20013C0BE058700233013CAB427F
:1007400019460DD21CF8012B01F8012BA94208D043
:100750000194002CF0D00B46013CAB421946F1D37A
:100760001D46002F6BDB3446002320462B7005B05E
:10077000BDEC028BBDE8F08F22B13046202116443B
:1007800007F0F8F9B5EEC08AF1EE10FA40F1BD803D
:100790002D2149224E234620341D3170F070727095
:1007A000B37077E7CAF10003994557DA4FF00108B3
:1007B000C9F1000A694CC2454046CDF804A0B8BF53
:1007C00008F10108BAF1000F52D1029B08F10108AB
:1007D000002B81D1A7EB080B06EB0805BBF1000F3E
:1007E00027DD5A46202130465D4407F0C3F906EB69
:1007F0000B03BAF1000F87D0BAF1000F8EDAB9F10E
:10080000000F8BD018462E22302100F8021B5A70A0
:1008100002465346013302F8011BFBD1BAF1000F27
:100820000193CAF10003A8BF0123034476E73346CE
:1008300064E7334665E7042AAADD042312E7B844D7
:10084000B8F1000F6FEA08028DDA22EAE272202185
:1008500028460132154407F08DF984E707F0D6FCED
:100860008046C245B8BF08F10108BAF1000FACD00C
:10087000BAF1000FBFF62DAFB9F1000F3FF429AF69
:100880000AEB090309F102088342BFF422AFB9F170
:10089000000F05DDF2EE047A013D28EE278AFBD138
:1008A00002AAB0EE480A284603A907F077FADDF855
:1008B00004A0039B09F101020446A3EB0A0393423F
:1008C0007FF407AF0AF1010ACDF804A001E7B5EE05
:1008D000C00AF1EE10FA4CBF04230323934222DA3C
:1008E0000028A2EB030218DB10EE103A002B02DA0C
:1008F0002D2306F8013B4E234121F41C3370717007
:10090000B370002A7FF4C1AEC4E649214E224623CB
:10091000F41C31707270B370BCE622B130462021F5
:10092000164407F027F918EE103A002B4FF04E034B
:1009300005DB4122F41C33707270B370AAE62D21DE
:100940004122341D73703170B270F370A2E62D2312
:1009500006F8013B91E600BFFFFF7F7F608E00201D
:10096000648E002000230F2248F2B82C194610B5DF
:100970004FF470444FF4806EA0F88C414FF4604403
:10098000A0F88E210A46A0F89031B0F888319BB2C9
:1009900043F0F003A0F8883101EB4103013100EB93
:1009A000431304299C80A3F806E05A841A865A80CF
:1009B0005A81A3F80EC05A82DA825A83DA83EBD1C5
:1009C000B0F888319BB243F00F03A0F88831B0F83B
:1009D00088319BB243F47063A0F8883110BD00BF2A
:1009E000374B384A996F384841F47F0170B59967A1
:1009F00041F20106D3F8801045F6C05543F22604B3
:100A00000A43C3F88020FFF7ADFF00F58040FFF7F1
:100A1000A9FF00F58040FFF7A5FF00F58040FFF734
:100A2000A1FF0022A0F503104FF00F0E114600EBBE
:100A300042134FEA421C01329981042A5981A3F8DA
:100A40000EE09E82DD8020F80C1019829C81EED190
:100A500000221E484FF00F0E41F20106114645F6E6
:100A6000C05543F2260400EB42134FEA421C013208
:100A70009981042A5981A3F80EE09E82DD8020F836
:100A80000C1019829C81EED1002211480F2641F2F0
:100A90000105114645F6C05443F2260E00EB421301
:100AA0004FEA421C01329981042A5981DE819D82DC
:100AB000DC8020F80C101982A3F80CE0EED170BD98
:100AC00000C00F40000003FC00C03D4000001E407D
:100AD00000401E40074A506A936A19468446506A8D
:100AE000936A9942F9D18445F7D1DB0B43EA404040
:100AF000704700BF00400D4072B6EFF30583524CC3
:100B0000C4F884301EF0040F0CBFEFF30882EFF33B
:100B100009824FF0E0234D4E4D4DD3F8280DD3F808
:100B20002C1DC4E92201D3F8341DD3F8383DC4E9A3
:100B300024139369C4F89830D369C4F89C3000F04A
:100B4000D3F884ED280AFFF7C5FF0B214FF0FF32E1
:100B5000C4F8A4000B46C4F880103E49301D5A402A
:100B6000202402F00103013C01FB03F383EA52025B
:100B7000F7D1A84202D073680646EFE7324BC3F8BC
:100B8000A820BFF34F8F4FF0E0233049324AC3F81B
:100B9000701FC3F8702FBFF34F8FBFF36F8F2F4AB3
:100BA00002252F48D36E2F4943F44053D366056086
:100BB000D3692D4823F07F0343F04003D3610B68D2
:100BC00083423DD8264D00214FF0E0234FF0FF3205
:100BD00029600126C5F808112449C5F80011C5F897
:100BE0000861C3F88021C3F88421C3F88821C3F8C1
:100BF0008C21C3F8902101E000F068F9D5F80C31A0
:100C0000002BF9D00134C5F80C614F2CF4D9184BE6
:100C1000022018494FF00042C1F840015A63D5F84C
:100C20000C313BB9144815490D4A0163D2F80C3117
:100C3000002BFAD04FF0E023114AC3F80C2DFEE749
:100C4000FEF78CFFBEE700BF00FF272080FF2720B4
:100C5000A8FF27202083B8EDA0FF272000C00F4069
:100C600000400840DC900020803DCD0B009F240018
:100C700000900D4000002E4000800F40F100AD0BB1
:100C80000400FA050A490A6838B108B5131809487A
:100C9000834204D810460B6008BD1046704707F029
:100CA000ABF80C234FF0FF320360104608BD00BFC5
:100CB0002893002000002820002070474FF0FF30CC
:100CC000704700BF4FF4005300204B60704700BFD7
:100CD000012070474FF0FF30704700BF30BFFDE785
:100CE00030BFFDE7FFF708BF124AD2F880305B073C
:100CF000FBD5D2F880301048C3F30B230F4990ED99
:100D0000007A07EE903A91ED006AB8EE477A0C4A05
:100D1000F8EEE77A0B4BD2ED006A77EEC77A93EDE7
:100D2000007AB8EE477A67EE867A87EEA60A37EE43
:100D3000400A704700810D4048C4002050C4002084
:100D400054C400204CC40020836BF0B41BB1536822
:100D500043F40043536072B6446B3CB31A4B2260B9
:100D6000D3F8B0410C421DD1184E776804E0746886
:100D7000E41BB4F5166F0BD2D3F8404144F4804421
:100D8000C3F84041D3F8B851D3F840416404EED5DC
:100D90000D4007D10C4CC0E90225D4F8B0310B430B
:100DA000C4F8B031426362B6F0BC7047064DC0E98A
:100DB0000224D5F8B0310B43C5F8B0310263426369
:100DC00062B6F0BC704700BF00002E40001000E08B
:100DD00070B5056B9DB106462A46002403E01268F3
:100DE0000134012A0CD0536813F08003F7D032632A
:100DF0002CB12846B36B2D689847013CF9D170BDE2
:100E0000C6E90C33F4E700BF30B4D9B91F4C204B0E
:100E10000021204A01254FF0011099601D60C4E9AE
:100E2000023180245C60C2F8BC01D2F8B0311A48AB
:100E30002B43C2F8B0310160D2F8B031002BFBD1A6
:100E400030BC70470904154B104C012541F080015E
:100E50009860104A596000F580511D60D96000F516
:100E60000051A364196100F5405100F580405961BB
:100E700000219861E164D2F8B03143F48033C2F8C4
:100E8000B031D2F8B031002BFBD1C0E70000002018
:100E9000C09E002000002E40E4B60020E09E00200E
:100EA000084901220B7802FA00F023EA00000870DA
:100EB00030B9054AD2F8483123F08003C2F84831EE
:100EC000704700BF26C5002000002E402DE9F04FDE
:100ED000974C83B0D4F84471FB07C4F8447153D5E0
:100EE000D4F8AC21002A4AD0924EDFF860A2DFF895
:100EF0007492DFF874B2DFF87482C4F8AC21D6E9DA
:100F00000A20D4F8403143F40053C4F84031D4F8F7
:100F100040319D04F5D5D4F8403123F40053C4F892
:100F200040314FF00113C4F8B431D4F8B45115F086
:100F30000115FAD193B28446CAF80050B3F5086F90
:100F400000F0CF8100F2DB8040F202318B4200F0F2
:100F5000E78100F29A80822B00F0CB81B3F5817F8C
:100F600040F08A8010F0780F83B200F003824FF0D7
:100F70000113C4F8C031D4F8AC21002ABDD16C4AA9
:100F8000D2F8BC31002B42D17E0616D5684BD3F87F
:100F9000AC21C3F8AC21D3F8BC21C3F8BC21D3F8F1
:100FA000B041002CFBD14FF0FF32C3F8B421D3F88D
:100FB000843100F027FD604B1C60FC0103D55F4BC2
:100FC0001B6803B19847B80103D55D4B1B6803B19B
:100FD0009847790708D5564BD3F8843113F400733A
:100FE00047D0584B01221A70514BD3F848311A069A
:100FF0000AD53B0608D5544A13782BB1013BDBB226
:101000001370002B00F0728203B0BDE8F08F4F49DF
:10101000C2F8BC310868034240F0D181464A1468E6
:101020001C40B1D05FEA144810D0424E4FF0010985
:1010300098FAA8F5B5FA85F506EBC51009FA05F595
:101040004030FFF7C5FE38EA0508F1D1A4B2002C04
:101050009AD0384E4FF0010894FAA4F5B5FA85F508
:1010600006EBC51008FA05F5FFF7B2FEAC43F3D165
:101070008AE7344A1370B7E7802B7FF478AF34489F
:1010800002210580FFF7C0FE75E7B3F5A06F00F001
:101090000B81A3F5D063012B3FF669AF2D4B5D6843
:1010A000002D3FF464AF1FFA8CFC4FEA124E04E0AF
:1010B0001D690C33002D3FF45AAF1A887245F7D1E1
:1010C0005A886245F4D14FEA1E22032A00F0A58116
:1010D0001A89000C824228BF0246BEF5007F40F00C
:1010E000A181184B1C4918781C4B0192002818BF8D
:1010F00019461B48FFF7B0F9194D019AE1E142F298
:1011000021218B427CD033D942F221318B4200F035
:1011100081804FF6C0018B427FF429AF10F47F4FDE
:1011200083B27FF424AF43F46E4363F30F0CB5E74F
:1011300000002E4000000020E8B60020F4C400208B
:10114000F8C400202DC500202EC50020E4B60020E4
:1011500010C400200C8F0020D81E00603C1F0060CF
:1011600000002020DCB600205DCFC6B8C0012E40B4
:10117000B3F5106F66D042F221018B427FF4F7AED7
:10118000030C072B7FF4F3AEB24BB349F560D96083
:10119000B249B360C3F80890C1E9002001221A6087
:1011A000AF4A5A60AF4A1A61D4F8B01141F0010158
:1011B000C4F8B01102F5805102F5005259619A61EC
:1011C000D4F8B031002BFBD1A74AF364936001231C
:1011D000B264136048F2800353604FF00113C4F807
:1011E000BC31D4F8B03143F48033C4F8B0314FF49B
:1011F0008033CAF80030D4F8B031002BFBD1BAE606
:1012000080B238B9994BC2F307421968984B1960FC
:10121000984B1A70944B00229A60F2640122B364D6
:101220001A6080225A604FF00113C4F8BC31D4F820
:10123000B03143F48033C4F8B031D4F8B031002B6E
:10124000FBD198E6C2F307428B4B1A708B4BC4F864
:10125000C8318B4BC4F8CC318A4BC4F8D03100F084
:10126000D3FB80222946884806F084FC874B8022E5
:10127000C6F8A0B0C6F8E0307B4BF5645A60012296
:10128000B3649D601A604FF00113C4F8BC31D4F808
:10129000B03143F48033C4F8B031CAF80050D4F808
:1012A000B031002BFBD166E66F4B0121F56419606C
:1012B00080219D60B36459604FF00113C4F8BC31C4
:1012C000D4F8B03143F48033C4F8B031D4F8B0313D
:1012D000002BFBD1130C5B0643F08073C4F8543130
:1012E00049E6654B01216A481B780370FFF78CFDC6
:1012F00041E683B210F078007FF439AE03F07F024C
:1013000058F82210624A1080180600F19E80CB0720
:1013100001D50123137002215D48FFF775FD2AE610
:1013200010F0780F83B27FF422AE03F07F0213F047
:10133000800F58F8223014BF43F4803343F0010388
:1013400048F822300022484BF2649A600122B364CC
:101350001A6080225A604FF00113C4F8BC31D4F8EF
:10136000B03143F48033C4F8B031D4F8B031002B3D
:10137000FBD100E603F07F0213F0800F58F8223013
:1013800014BF23F4803323F0010348F822300022F5
:10139000354BF2649A600122B3641A6080225A606D
:1013A0004FF00113C4F8BC31D4F8B03143F48033AA
:1013B000C4F8B031D4F8B031002BFBD1DBE500200C
:1013C000086026490C88486842F221018C427FF46B
:1013D00025AE80B200287FF421AE2E492E4C03C9E1
:1013E000A18086284FEA11412060A1717FF416AEDA
:1013F00072B62A48017841F008010170D2F848110C
:101400000D0605D480200143C2F84401C2F84811FA
:1014100062B6234A5021117000E6000C2A788242FD
:1014200028BF0246BEF5E06F44D11E4B1E4D187812
:101430001E491F4B0192002818BF19462846FFF786
:101440000BF807236B70019A3BE0C9033FF561AFCE
:1014500061E700BFE09E0020DCC6002080A00020E5
:1014600080000700DCD60020C09E0020E0C40020E1
:10147000F0C400202BC500202CC500200200CC00A9
:10148000C80002000200C800800000201993D57433
:1014900010C40020DCB60020E8C4002026C50020CF
:1014A0002EC500202DC50020000020203C1F00601C
:1014B000D81E00602946104D01922846FEF7CCFF49
:1014C000019A25F01F031544BFF34F8F4FF0E02121
:1014D000C1F8703F20339D42FAD8BFF34F8FBFF35E
:1014E0006F8F05481146FFF78FFC44E50320FFF797
:1014F000D7FC0FF02BF900BF000020202DE9F047AA
:101500001F46831E022B01D9BDE8F087DFF84C90FF
:1015100015460C463C2209EBC01806464FEAC01A95
:10152000002108F10400240406F024FBB5FA85F23A
:101530000123520944EA427449F80A40C8F8387055
:10154000C8F80830002FDFD0034AB34011680B43BE
:101550001360BDE8F08700BFE8B60020000000205F
:101560002DE9F0470D46811E022901D9BDE8F0871B
:10157000C701DFF84C909246044640373C220021D8
:101580001E4609EB07082D0408F1040006F0F2FAE4
:10159000BAFA8AF2520945EA427249F80720012252
:1015A000C8F83860C8F80820002EDFD0034B10348C
:1015B0001968A2400A431A60BDE8F087E8B6002027
:1015C0000000002012048160C36101F5405342F025
:1015D000800210B40124426001F50052046001F55C
:1015E000805401F58041C46081615DF8044BC0E91D
:1015F00004237047831E0A46022B00D97047064B0E
:1016000000F110014FF0010C03EBC0100CFA01F1D6
:101610004030FFF799BB00BF00000020831E0A4640
:10162000022B00D970470121024B814003EBC0100F
:10163000FFF78ABB0000002040687047124A134B36
:10164000D2F8200220F07F40984210B584B002D238
:1016500000EB800040000E4C01A90A22FEF79AFF21
:1016600001A90023204611F8012B01333AB10A2BBE
:1016700020F8022FF7D11623237004B010BD5B00B1
:10168000DBB2237004B010BD00441F408096980068
:101690000C99002000F0D6BA00F066BB00F03CBB0D
:1016A0000846114600F02CBBF8B5144C4FF0E0256D
:1016B000134E4FF4003204EB4024124F06EB401659
:1016C0000346C5F88C2121463A883046FFF77AFF59
:1016D0003B882344BFF34F8FC5F85C4F2034A342AF
:1016E000FAD8BFF34F8FBFF36F8F03203146FFF758
:1016F00095FF4FF40033C5F80C31F8BD8000202071
:10170000009F00200AC50020244B2DE9F0411C88D1
:101710004368C569C3F30E43E41A002C24DD204955
:1017200020480A780078D3B21F4E82421F4807D063
:1017300010F8038036F81870C7F50072944218D973
:101740000133002226F81540082B194E88BF134696
:1017500026F8152098BFDAB2C554164B0A701A68DD
:1017600014441C60BDE8F0812846BDE8F041FFF755
:101770009BBF07EB4820104922462744084401EB51
:101780004521FEF769FE0B4A284626F818701368B3
:101790002344BDE8F0411360FFF786BF0AC500206F
:1017A00024C5002025C500201CC400203CC4002006
:1017B0002CC4002018C40020800020201D4B1A7863
:1017C000002A36D102F0FF031B4A12788AB32DE9B2
:1017D000F0411A4D2A8852B3194EC2F50068194FCC
:1017E0003278194C07EB421704EBC22442463846C4
:1017F0002146FFF7E7FE04EB0802BFF34F8F4FF0DF
:10180000E023C3F8704F2034A242FAD8BFF34F8FC1
:10181000BFF36F8F04203946FFF7ECFE33780133B6
:10182000DBB2032B88BF0023337000232B80BDE87D
:10183000F08170472AC500202CC500200CC500206F
:1018400029C5002000A00020801020202DE9F04FA5
:1018500085B0CDE90110002900F0BF800023604C65
:10186000DFF89881DFF898A15E4F009301235E4A6C
:1018700023705E4B1978B8F8003002EB4119002B49
:1018800040F0A7801E461D469B464846FFF7D4FE03
:1018900010F0800000F08C80BFF34F8F9AF800307A
:1018A00084F800B005B93E68002B7DD13B689B1BD6
:1018B000782B00F287804E4B1B78002B74D000F001
:1018C0009DFA0122B8F8003015462270002BDCD0BA
:1018D000464AC3F5006011781A4600EBC120454D19
:1018E000C9022844019D954217D20393DDE90151B5
:1018F0002A46FEF7B1FD039B4FF040425B1BA8F860
:1019000000303D4BC3F88420BFF34F8F0098002375
:101910002844237005B0BDE8F08F364BCD180299EE
:10192000FEF79AFD00234FF4006229464846FFF770
:1019300049FEBFF34F8F05F1200205F50063934286
:1019400034BF012340234FF0E02205EB4313C2F8DC
:10195000705F2035AB42FAD1BFF34F8FBFF36F8F6B
:1019600004204946FFF746FE204A13780133DBB2D4
:10197000032B84BF00231D4A1370B8F80030019A6E
:10198000D11A009A1A4401910092029A1A44002333
:101990000292194AA8F80030C2F88430BFF34F8F82
:1019A000237000297FF462AF009805B0BDE8F08F86
:1019B0004FF400620D4B8AF8000019781346A8F81E
:1019C00000208AE7012300988AF8003005B0BDE8BE
:1019D000F08F1A46C3F500607FE70198E5E700BF86
:1019E0002AC50020E0C4002000A0002029C5002056
:1019F0002CC500208010202000002E400CC50020A7
:101A000028C50020704700BF2D4B002180222D48A3
:101A100070B51B7800242C4D8B422C4E0CBF4023FC
:101A20004FF400732B80338006F0A4F8284A214637
:101A3000284B14704FF4807227481C8006F09AF8E7
:101A4000264A1021264B0220C2E90044C2E9024482
:101A5000244AC3E900441470234AC3E90244234BD7
:101A60001C70234614602246FFF77AFD2246318817
:101A700003201F4BFFF742FD234601222988042043
:101A8000FFF76EFD20460134FFF70EFE082CF9D15A
:101A9000184B00214A221848184C0460C3F88410DF
:101AA000C3F88020D3F84821154942F08072C3F86A
:101AB000482121B1134A137843F00103137070BD1C
:101AC0002DC5002000A000200EC500200AC5002062
:101AD00029C500200CC50020009F00201CC4002048
:101AE0002CC4002024C5002018C4002025C50020D7
:101AF0003DF7000000002E40F4C40020F1F7000084
:101B0000000000002FC500202DE9F04F4FF0E0232A
:101B10004FF40032DFF8C8A083B0C3F88C218B46A5
:101B20009AF8004000294FD08046E4B20027DFF841
:101B3000B490264BABEB070225491B78A34204F176
:101B400001043FD0092C234B404628BF00241E5DD2
:101B500039F816C00CEB462319441F4B33F81650C6
:101B6000A5EB0C05AA421CD20CEB462C18491B4CC9
:101B700061440192FEF770FC216839F8165058460E
:101B8000019AA1EB0B012A44394429F8162021605F
:101B90004FF0E0234FF40032C3F80C2103B0BDE84E
:101BA000F08F2A462F44FEF757FC0C49E3B230462B
:101BB0000A68A844521B0A608AF80030FFF774FDD7
:101BC000BB45B6D83846E3E70846E1E724C5002020
:101BD000800020203CC400201CC4002018C4002029
:101BE00025C500202CC400200B4B0C4A1278197814
:101BF000D3B28A420DD0013309480A4A092B0A4957
:101C000028BF0023C35C31F8131002EB4323585C58
:101C100070474FF0FF30704724C5002025C50020D5
:101C20003CC40020800020202CC40020044B10B5B0
:101C30001C680CB1204610BD00F0E0F8204610BD35
:101C400018C400202DE9F84F144E154D33782A782A
:101C5000934221D0DCB2DFF85090DFF850B0DFF8CB
:101C60005080104F0134082C5FFA84FA01D9002407
:101C7000A24619F80400DBF8003038F8102037F8D5
:101C80001010521A9B1ACBF80030FFF70DFD86F8A2
:101C900000A02B78A342E5D1BDE8F88F25C5002030
:101CA00024C500202CC400203CC4002018C40020FF
:101CB0001CC4002000B583B001210DF10700FFF71F
:101CC00023FF20B19DF8070003B05DF804FB4FF03F
:101CD000FF30F9E7094B00B583B01B788DF807009A
:101CE0003BB101210DF10700FFF7B0FD03B05DF836
:101CF00004FB03F0FF0003B05DF804FB2CC50020DB
:101D0000044B1B7803F0FF020BB1FFF79FBD104699
:101D1000704700BF2CC500202DE9F0410024DFF8FA
:101D2000448001230D4D27460D4E88F8003033784E
:101D300028462035A34204F1010405D0FFF77CFCBE
:101D4000030658BF07F50067042CF0D1BFF34F8F8F
:101D50000023384688F80030BDE8F08100A000205C
:101D600029C500202AC500202DE9F8431D4B1B780A
:101D700013B11D4D2A880AB9BDE8F8831B4EC2F580
:101D800000691B4933784A461A4C01EB43181A4F35
:101D900004EBC324012340463B7021460023FFF798
:101DA00011FC04EB0902BFF34F8F4FF0E023C3F89F
:101DB000704F2034A242FAD8BFF34F8FBFF36F8F1A
:101DC00004204146FFF716FC33780133DBB2032BC6
:101DD00088BF0023337000232B80BFF34F8F3B70ED
:101DE000BDE8F8832CC500200CC5002029C50020C3
:101DF00000A00020801020202AC500202DE9F843F3
:101E00002D4B1E7866B12D4F3B784BB90123F1075E
:101E10003B7043D4B20726D400233B70730701D430
:101E2000BDE8F883264B1A68002AF9D0EFF3058243
:101E3000002AF5D1EFF3108572B61868002834D067
:101E4000204C2178002930D10122227042691A6089
:101E5000002A2ED0916105B962B6002583684577C6
:101E600098472570DCE7DFF8648098F80030002B95
:101E7000D2D00025DFF858902B4659F82340013581
:101E8000236820461B69984710B163699B6898478F
:101E900098F80020EBB29A42EFD8BDE7FFF7C6FEF4
:101EA0000028B7D0AFF30080B4E7002DB8D162B6F8
:101EB000B6E7054B1A60CEE72FC5002018C50020F5
:101EC00000B3002015C500200CB3002017C500206A
:101ED00070B30020EFF3108272B6437F5BB9017FCD
:101EE000012930B40BD0032913D00123437702B961
:101EF00062B630BC70470AB962B670477047124C80
:101F00002168B1B1114943610B6808608361586170
:101F1000EBE70F4D0F492C688CB143610B6883616F
:101F200058614FF0E0234FF080540860C3F8044D2F
:101F3000DBE7064B20601860C0E90511D5E7C0E972
:101F400005442860EDE700BF00B300200CB300207B
:101F500008B3002004B3002090F81CC04160BCF11D
:101F6000020FC26001D183681847FFF7B3BF00BFFB
:101F700070B5EFF3108272B60C4C206880B10C4E35
:101F800000254369236073B19D6102B962B683681D
:101F900045779847EFF3108272B620680028F0D199
:101FA00002B962B670BD3360EFE700BF08B300202E
:101FB00004B30020FFF7DCBF0449054A4968054B1C
:101FC0001960136801331360704700BF001000E010
:101FD000E0C40020DCC4002008B5D0E900325BB1C9
:101FE000BAB10F4BA3FB0213DB0803EB4303B2EBC5
:101FF00083030AD1012008BD094BA3FB0213DB08B0
:1020000003EB4303B2EB830301D0D21A4260F02A00
:10201000F0D805F0F1FE1C22034600201A6008BD2E
:10202000ABAAAAAA70B5044638B319B1B2FA82F6BF
:102030007609A2B9206800B36268F2B1184B194959
:1020400002FB03F3B1EBB30F17D3A368E3B900228C
:10205000012322606260A260E260184670BD1D46E6
:10206000049BC0E90012C360FFF7B6FF03460028D7
:10207000F3D06DB90123184670BD05F0BDFE1622E0
:1020800000230260184670BD002105F073FDDEE7F5
:10209000626831462068A56005F06CFD0123DCE72D
:1020A000ABAAAAAA5555551503460846194605F088
:1020B00059BE00BF38B50D46044600212846FDF73D
:1020C0007FFF084B2A0103EB051599580023EA68A6
:1020D000A360E3732382A374C4F80B30C4E9002126
:1020E00038BD00BFF08A0020F0B5D0E9005C72B6C0
:1020F000DCF80430EF4323EA0503CCF8043062B681
:102100007C20DFF8C0E02D492D4E4C68DEF8002021
:10211000A6FB0232920C52004B681B1B9A42FBD862
:10212000DCF808302B4204D1431E13F0FF00ECD141
:10213000F0BD72B6CCF88850DCF804302B43CCF8F4
:10214000043062B61E4B4868DEF800201B49A3FB32
:102150000232920CC2EB021252014B681B1A9A42D5
:10216000FBD872B6DCF804301F40154BCCF8047075
:102170004868DEF800201149A3FB02324623920C86
:1021800003FB02F24B681B1A9A42FBD8DCF80830BA
:102190002B420CBF0120002062B6094B4C684FF463
:1021A000CD71DEF80020A3FB0232920C01FB02F29B
:1021B00002494B681B1B9A42FBD8F0BD001000E09F
:1021C00083DE1B43DC900020CB0770B4D0E90040D5
:1021D00028D572B6C0F888404368254D2343254969
:1021E0004360254B6E680A68A3FB0232920C02EB37
:1021F000820252006B689B1B9A42FBD8C0F8844055
:1022000062B61D4B68680A681949A3FB0232920C3A
:10221000C2EBC203C2EBC3024B681B1A9A42FBD843
:1022200070BC704772B6C0F888404368104D2343B5
:1022300010494360104B6E680A68A3FB0232920C8F
:1022400002EB82126B689B1B9A42FBD8C0F8844059
:1022500062B6094B68680A680549A3FB0232920C12
:1022600002EB82024B681B1A9A42FBD870BC704783
:10227000001000E0DC90002083DE1B4370B4D0E946
:10228000004172B64B681D4823431D4D4B60C1F899
:1022900088401C4B46682A68A3FB0232920C02EB72
:1022A000420243689B1B9A42FBD84B68134E23EAB9
:1022B00004034B60134B40682A68A3FB0232920C64
:1022C00002EB8202520073681B1A9A42FBD88B6899
:1022D000234214BF0120002062B60A4B35217468E6
:1022E0002A68A3FB0232920C01FB02F203494B68FD
:1022F0001B1B9A42FBD870BC704700BF001000E067
:10230000DC90002083DE1B432DE9F04108250646C2
:102310000F4690460124274230464FEA440414BF3A
:1023200001210021FFF750FF013DE4B2F3D1B8F1E4
:10233000000F0AD172B6D6E900135A6822EA0102E8
:102340005A603268C3F8882062B6BDE8F08100BFE9
:10235000F8B508240027012506463046FFF78EFF12
:102360006B0000B12F43013CDDB2F6D13846F8BD19
:1023700070B508250124064614F0CC0F30464FEA0C
:10238000440414BF01210021FFF71EFF013DE4B208
:10239000F2D172B6D6E900135A6822EA01025A60F5
:1023A0003268C3F8882062B670BD00BF0023836026
:1023B000C37303828374C0F80B307047837C2DE9AC
:1023C000F04704462BB1002318462382A374BDE8CE
:1023D000F08789461546FFF787FE0028F3D00826C8
:1023E000002D45D0012515F0F00F20464FEA450598
:1023F00014BF01210021FFF7E7FE013EEDB2F2D14B
:1024000072B6D4E900135A6822EA01025A602268BF
:10241000C3F8882062B601264FF000083746C2464E
:102420002046FFF72BFF05462046FFF727FF012D2B
:1024300001D1012847D085422ED0012D04EB08039D
:1024400025D01A7A22EA06021A7276002946204618
:102450000137FFF7B9FE16F0FF06FFB2E0D108F131
:1024600001085FFA88F8B8F1080F2CD00126D7E7E9
:10247000012515F0EC0F20464FEA450514BF012158
:102480000021FFF7A1FE013EEDB2F2D1B8E71A7AC2
:10249000012532431A72D8E7237CBB420DD904EBE5
:1024A00008031A7A164214BF01250025002DEED12B
:1024B000082F24D8BA466774C3E70CBF012500254E
:1024C00004EB0803F2E7402F7FF67DAF84F810A0FD
:1024D000BAF1000F01D10123A374227A002A3FF43C
:1024E00072AF09F1FF33083409F1070901E014F86C
:1024F000012F03F8012F4B45F9D1012067E7BA46B8
:102500009FE700BF81B100EB010C084B002110F8E0
:10251000012B5140604501F00F0203EB11119A5C51
:10252000097C81EA0201F2D108467047AC1F0060C5
:1025300069B170B5054608460C4605F067FE2B6884
:102540000246214628465B68BDE870401847704740
:102550008368C3F3080383B1002110B40269D15426
:102560000133B3F5007FF9D10168D0E903321C686B
:102570001846636A5DF8044B18470120704700BF96
:1025800082680346006940F2FF1CC2F308028154CE
:102590006245586801EB7001986800F10100C3E9D9
:1025A000011001D001207047D868196810B4046880
:1025B0004A1C646A1A601A6923465DF8044B18477E
:1025C00038B58368CAB20D460169C3F3080340F207
:1025D000FF1C0446CA546345416802EB7102426025
:1025E000826802F10102826005D0290A2046BDE816
:1025F0003840FFF7C5BF0168C0684A1C03685B6AC2
:102600002260226998470028EFD138BDF8B5002331
:10261000064601601D46C0E90133A8B2FBF7A8FEDB
:10262000A842044607D0C1B23046FFF7A9FF0028F0
:102630003BD10020F8BD6C1CB4F5803F04D12AE0EA
:102640000134B4F5803F04D0A0B2FBF791FEA04264
:10265000F6D0671BB7F5007F1DD34FF6FF713046EC
:10266000FFF7AEFF0028E4D0B9B23046FFF7A8FF6D
:102670000028DED02546B5F5803FCED13046BDE8F6
:10268000F840FFF765BFC5F3072130460135FFF776
:1026900077FF0028CDD0A542E9B23046EBD2FFF754
:1026A0006FFF0028EFD10020F8BDC4F307213046AA
:1026B000FFF766FF0028BCD00135DCE72DE9F04FBD
:1026C0001F4689B00B680D4604901446C160026134
:1026D0000846DB699847B0F5801F0090C0F0D880AD
:1026E00000230122009E01335200DBB201D096424A
:1026F000F9D81C2B009640F2B780A3F10B080122F9
:1027000048FA02F1C8F347088A4002910792013360
:1027100001225B109A40069204229A400392022200
:1027200002FA03F30193009A0021039B2046029EC4
:102730004FF0010AD31A4FF400724AF6552BF340BA
:1027400003FA06F90593019E05F014FAFF2384F8B5
:10275000BFA184F8C0A1B14484F8C431224684F8F2
:10276000C53107230021284684F8C231FE23C4F86E
:10277000C66184F8C3312B68C4F8CA915B6AA4F8B7
:10278000FEB19847002863D04FF400720021204624
:1027900005F0F0F9009B84F86D804FF00008636647
:1027A000F421059B04F17800069AE3652023266452
:1027B00023726372A372EB23A665464623707623C9
:1027C000C4F848906370902384F86EA0A3704523EA
:1027D000E37058232371462363714123A37154236B
:1027E000E371042323664FF48073A4F8683009234F
:1027F00084F86C308023C4E9142284F86F304FF4DD
:10280000C37205F0B7F9A4F8FEB1A8F16A03012B71
:1028100006D9B8F1700F03D014F8083003EB760630
:1028200008F10108B8F5007FEFD12B682246DDF8EA
:10283000049028465B6A4946984748B12B68494648
:10284000224628465B6A0C31CDF80490984740BB7D
:102850002FB13B680F22B84938465B68984700267D
:10286000304609B0BDE8F08F1A2B4FF0080800F28F
:10287000A6814FF48043CDF8088001934FF40043C4
:1028800003934FF4807307934FF4005306934AE782
:10289000002FE4D03B681522A84938465B6898476A
:1028A000D7E742460021204609F1010A05F062F906
:1028B0004AF6552309F1090204F2FF19A4F8FE3182
:1028C00000239346A04601E018F8013FC14503EB01
:1028D0007606F9D12B682246514628465B6A98470E
:1028E0000028B5D02B6822460AF10C0128465B6A05
:1028F00098470028ACD00AF101039B4502D09A46C4
:102900002378DFE74FF40072002120469B4605F054
:1029100031F900220AF1030A1146234601E013F8B7
:10292000011F984501EB7606F9D12B6822465946DE
:1029300028465B6A984700288AD02B6822460BF10C
:102940000C0128465B6A9847002881D00BF10101F1
:102950008A456AD1231F04F5FE7243F8046F9A4238
:10296000FBD12B68224628465B6A984700283FF433
:102970006FAF2B680BF10D01224628465B6A984722
:1029800000283FF465AF2FB13B680C226C493846F4
:102990005B689847069A0021019B20460026134455
:1029A0004FF400729946059B4FEA830805F0E2F860
:1029B00023464FF0FF3208F20728F821B7F1000B49
:1029C0004FEA582A03F8011B4FEA9838C4F801204F
:1029D00018BF4FF0010BDA605A609A60C3F80F20FD
:1029E00002E00136B24523D0B6FBF8F308FB1363CF
:1029F00043B9BBF1000F05D03B680122514938466D
:102A00005B6898472B6809EB0601224628465B6AFB
:102A1000984700283FF41CAF002EE2D131464FF416
:102A20000072204605F0A6F8DBE78B46217874E7B4
:102A3000002F34D03B680222434938465B689847F0
:102A4000059E079A0736F60806F2FF13B2EB532FDE
:102A50004FEA5329FFF4FDAE4FF4007200212046E7
:102A600005F088F807232370B9F1000F00F08A8081
:102A70004FF0000808E0B8F1000F01D184F80080A1
:102A800008F10108C1457BD9039A28462B6802EB5F
:102A9000080122465B6A98470028ECD1D8E6059EDB
:102AA000079A0736F60806F2FF13B2EB532F4FEAE8
:102AB0005329FFF4D4AE4FF400723946204605F096
:102AC00059F807232370B9F1000FD1D1039B079A5E
:102AD00004989918FFF79AFD00283FF4C0AE029AB7
:102AE0004FF400739340049A92689A423FF6B7AE4F
:102AF0004FF00208029B4FF40072002108FA03F91C
:102B0000039B2046994405F035F88122032304995C
:102B100009F1FF3984F820208222237084F84020B4
:102B2000C4E90D864A684FF00108636562648B68EA
:102B3000A3650023E3650EE0480A0020E4090020B5
:102B4000FC0900200C0A0020240A0020079B98455D
:102B50003BD208F101082B6809EB08012246284600
:102B60005B6A9847064600283FF472AEB8F1010F41
:102B7000ECD14FF400720021204604F0FBFFE8E79F
:102B8000002FA3D03B681622144938465B6898474B
:102B9000039B079A04989918FFF738FD00283FF423
:102BA00058AE029A4FF400739340049A92689A4286
:102BB0003FF64FAE0A493846FFF7BAFC98E74FF4A4
:102BC0008072CDF808800792A1E5002F3FF448AE4F
:102BD00004493846FFF7ACFC42E600BF100A00206B
:102BE000280A0020380A00202DE9F843DDF820905B
:102BF000A2B105460C469846571801E0BC420DD0DC
:102C00002B68204649465E6AC04721460246284650
:102C10000134B0470028F1D1BDE8F8830120BDE8B8
:102C2000F88300BF486810B50C4630B10B894A895B
:102C300001339BB29A420B8101D9206810BD036811
:102C4000012203495B68984700232068238110BD57
:102C50000C0A00202DE9F04F054687B088469246C1
:102C600000214FF40072406A04F084FF286A28B102
:102C700003680C223A495B689847286A6B6A4FF0F0
:102C80000009EE690AF1FF32DFF8E0C0E968ADF84B
:102C900014904C1CCDE903304FEA5A13ADF81630AE
:102CA0003368DF6A674526D16AB301EB0A07DFF8AC
:102CB000C0A00AE02146039A30460134D8470028D4
:102CC0003FD0A7421ED033680498D3F824B0002820
:102CD000F0D0BDF81430BDF8162001339BB29A42F3
:102CE000ADF81430E6D80368514601225B68984776
:102CF000ADF81490DEE703AB214630460093194B44
:102D0000B847F0B1286A20B10368022216495B680F
:102D10009847B8F1100F4FF0F8016A6A4FF00103BD
:102D20000CBF04200C201170FF216A6AD1540133BA
:102D30009842FAD1E8696A6A0368E9685B6A984769
:102D400018B9002007B0BDE8F08FD5E90231E86975
:102D500019446A6A03685B6A984707B0BDE8F08F58
:102D6000FC090020590C0100240A00201D0C010060
:102D70000C0A002038B5436A4FF400750446002160
:102D80002A46184604F0F6FE4FF02031EB22A0F858
:102D90000B50C0F803100346C0F8071090210270D2
:102DA000762099700222587094F82B1059734AF6C5
:102DB0005521208D1A74F822D8815A752269DA615A
:102DC000A269A3F8FE111A6238BD00BF70B50446AF
:102DD0004FF400720021406A04F0CCFE656A22695B
:102DE000216805F2BF1002F0C5FBA369226905F254
:102DF000C31021681A44013A02F0BCFB94F82A205F
:102E00004AF6552385F8C2212269E069C5F8C62132
:102E1000626AA169A5F8FE310368C5F8CA110021EC
:102E20005B6ABDE87040184770B546694FF480731F
:102E300090F82BE00446A6F58072456A4360B2FB29
:102E4000FEF202F2011C4FEA1C214FEA410C8160A4
:102E50000CF1A10098420ED98033F21AB2FBFEF2B7
:102E600002F20111090A4FEA410C0CF1A100834260
:102E7000F2D3C4E901311B1AA2F6F57103F1800007
:102E8000B1F5704F20614FD20CF1210C81332046F7
:102E900002FB0EC2E360B2F5803FA26134BF04239F
:102EA000062384F82A3001232385FFF78FFF08B912
:102EB000002070BD2046FFF75DFF2922A1684FF07A
:102EC000203385F826204622C5F82F30802085F84B
:102ED00036205422C5F82B30C5F83230312385F81E
:102EE00038203622E982412185F8393085F83710BB
:102EF0004FF4007185F8240085F83A200F4BE06903
:102F0000C5F827300368A5F81110626A21695B6A69
:102F100098470028CCD062682046E3681021D21A76
:102F2000BDE87040FFF796BE206A0028C0D0036855
:102F3000132203495B689847002070BD87D61200B2
:102F4000D0090020F8B546694FF4005390F82BC023
:102F50004FF48042A6F58041036142F2090E044617
:102F6000456A4260B1FBFCF101F18103DB0983603A
:102F70000EEB4300904240F2B68002F50052B11AC7
:102F8000B1FBFCF101F18103DB090EEB43005F00B3
:102F90008242F2D3C4E901234FF6F473994240F21E
:102FA000978001FB0C2CA2F500522046D21B92B256
:102FB00002F5005322854D4AE360ACF50053944579
:102FC00094BF4FF00B0C4FF00C0CA36184F82AC097
:102FD000FFF7FCFE08B90020F8BD2046FFF7CAFE47
:102FE000A16829224FF020338020696285F84220B1
:102FF00054214622C5F84B3085F840004120C5F8E1
:103000004730C5F84E30022385F85220332285F828
:103010005410322185F8552085F8530085F8561054
:10302000EB62E069324B334A2B630368C5F84320F7
:103030005B6A626A216998470028CCD0E0692169FF
:1030400003680631626A5B6A98470028C3D04FF470
:1030500000720021606A04F08DFDE069264A036871
:10306000C5F8FC2121695B6A0231626A9847002831
:10307000B1D0E069216903680831626A5B6A9847E8
:103080000028A8D04FF0FF33E0691C4AC5E97A3325
:103090001B4B2A60C5F8E43103682169626A5B6AE8
:1030A00001319847002896D0E06921690368626A77
:1030B00007315B6A984700288DD0A268204694F8B3
:1030C0002B30202103EB4202BDE8F840FFF7C2BDE0
:1030D000206A00283FF47FAF0368132209495B6828
:1030E00098470020F8BD5F0056E700BF0004FB00D2
:1030F0000100060087D61200000055AA5252614115
:1031000072724161D009002038B504460D68C16172
:1031100008466262EA692362904700F2FF736061C9
:10312000DB0A062B236024D9102B13D80223B0F519
:10313000800F84F82B3020462ED2FFF775FE05460F
:10314000206A05B320B103680D2219495B689847CE
:10315000284638BD202B23D9402B23D9802B23D9B7
:10316000B3F5806F22D9B3F5004F8CBF8023402385
:10317000DDE7206A20B1036814220E495B68984796
:103180000025284638BD0028FAD003680F220A49D6
:103190005B689847284638BDFFF7D4FE0546CFE761
:1031A0000423C4E70823C2E71023C0E72023BEE7B7
:1031B000B009002098090020C00900204FF0FF301E
:1031C000704700BF407C7047007D7047407D70476E
:1031D00001207047007F70472DE9F0471E46C37CF1
:1031E00005460C46022B9146089F28D02B682146A5
:1031F00028461B6E984798B1AC61B9F1000F12D008
:1032000004EB090801E0A0450DD039462046B0473F
:103210002B6801462846DB6D013498470028F2D11F
:103220000020BDE8F087AB69287F4B44AB610028E4
:10323000F7D12B6828465B6EBDE8F04718478369D5
:103240008B42D3D1D9E700BF704700BF043002F0F2
:103250003DB900BF10B504462021FDF799F920467D
:1032600010BD00BF2DE9F0411F46C37C05460E4648
:10327000022B144624D02B68314628461B6E9847F3
:1032800078B1AE6187B1002601E0B7420CD02A6860
:10329000214628460136D26D04F500749047002877
:1032A000F3D10020BDE8F081AB69287F3B44AB61DE
:1032B0000028F7D12B6828465B6EBDE8F04118471F
:1032C00083698B42D7D1DDE72DE9F041204E0746D7
:1032D00000F10408356805F51675ADB203E03368F2
:1032E000EB1A1B0410D4404602F0F4F8FF28044601
:1032F000F5D1FD21404602F00BF9BB7CCBB9002390
:103300000120FB74BDE8F0811E23B87C7B7400288B
:10331000F8D0387C012102F009F8FF21404602F084
:10332000F7F8404602F0AAF800231846BB74BDE83F
:10333000F0810121387C01F0F9FF2146404602F07E
:10334000E7F8404602F09AF80023BB74D7E700BFC5
:10335000E0C400202DE9F041C37C012B35D0867CF0
:1033600004464EB1043002F0B5F8B0F1FF0518BFC5
:1033700001252846BDE8F081071D4FF001083846B9
:1033800002F05EF83146207C01F0D0FFFF21384684
:1033900002F0BEF8384684F8128002F09BF8A37C55
:1033A000B0F1FF0518BF0125002BE2D04146207C7B
:1033B00001F0BCFFFF21384602F0AAF8384602F0BF
:1033C0005DF82846A674BDE8F08100252846BDE8D2
:1033D000F08100BF2DE9F843204F0446884691460E
:1033E0003D68061D05F59675ADB203E03B68EB1A26
:1033F0001B040DD4304602F06DF8FF282075F5D07F
:10340000FE281AD01823A07C637430B9BDE8F88375
:103410001D23A07C63740028F8D0207C012101F0DA
:1034200085FFFF21304602F073F8304602F026F89F
:1034300000231846A374BDE8F8834A464146304647
:1034400002F054F8207538B9304602F043F830469F
:1034500002F040F80120D9E72523D4E7E0C400209A
:10346000F0B5002783B00C2104463A46C77400F03B
:103470005BF8B0B9A67C1EB90126304603B0F0BD9A
:1034800005460121207C01F051FF201DFF21019004
:1034900002F03EF8019801F0F1FF3046A57403B048
:1034A000F0BD0923A67C6374002EE6D0251D207C88
:1034B00001213E4601F03AFFFF21284602F028F89C
:1034C000284601F0DBFF3046A77403B0F0BD00BF13
:1034D000C27C022A03D0012A04D00120704703686D
:1034E0005B6E1847FFF7BCBF38B503680D460D4942
:1034F00004461A6A8A420CD1C27C022A04D0012AEC
:103500000BD00120257738BD5B6E98470028F8D195
:1035100038BD90470028FBD0F3E7FFF7A1FF002854
:10352000F6D0EEE7051501002DE9F041036882B001
:103530000F463549019206461A6A8A425ED1C27C1C
:10354000022A41D0012A5BD0B47C002C47D0351D23
:103550000C2F11D0DFF8B480D8F8004004F5967431
:10356000A4B204E0D8F80030E31A1A0434D4284690
:1035700001F0B0FFFF28F5D10DF1040802AC47F0CF
:103580004001284601F0C4FF14F8011D284601F04F
:10359000BFFFA045F8D1002F28464FF00A040CBF0A
:1035A0009521872101F0B4FF284601F093FF2846BA
:1035B000013C01F08FFF0306A4B2307501D5002C49
:1035C000F5D102B0BDE8F0815B6E98470028BBD111
:1035D000FF2002B0BDE8F081002FCDD0F8E7351D07
:1035E000284601F02DFF2146307C01F09FFEFF218F
:1035F000284601F08DFF0123B374A9E79047E5E762
:10360000FFF72EFFE2E700BF05150100E0C4002030
:103610002DE9F04788B005464FF00008174601AC89
:103620002E1D85F8128085F8118085F8158084E8B4
:103630000E009DF80400287401F074FE0121287C1E
:1036400001F074FE6C490723C5E9021394E80700F2
:1036500005AB83E8070030460ECB01F0FBFEAC7CE7
:1036600085F81380002C67D00A240121287C01F002
:103670005DFEFF21304601F04BFF611E11F0FF049B
:10368000F7D121460A24287C01F050FE002228466A
:103690001146FFF749FF012804F1FF3304460AD021
:1036A00013F0FF04F2D10123A87C6B74002851D1E0
:1036B00008B0BDE8F0874FF4D57208212846FFF71F
:1036C00033FF420757D56C752B68DFF830A19B6D2F
:1036D000534561D1687DA0F10204DFF82491B4FA6A
:1036E00084F4D9F80030640903F5FA68A4071FFAD6
:1036F00088F805E0D9F80030A8EB03031B0449D48F
:10370000372100222846FFF70FFF224629212846AD
:10371000FFF70AFF0028EDD12B689B6D534565D15B
:10372000687D022849D0AB7CCBBB07230120C5E9CB
:10373000027308B0BDE8F087304601F081FE2146F3
:10374000287C01F0F3FDFF21304601F0E1FE01236A
:10375000AB7489E7287C012101F0E8FDFF213046A8
:1037600001F0D6FE304601F089FE00231846AB7406
:1037700008B0BDE8F087022304246B75304601F0E1
:10378000A9FE631E287513F0FF04F7D1AA289BD069
:10379000062389E7172387E7284698479BE70121F7
:1037A000287C01F0C3FDFF21304601F0B1FE304618
:1037B00001F064FE0023AB74B7E700223A212846EB
:1037C000FFF7B2FEA8B9304601F084FE00F0C00059
:1037D000C02801D103236B75304601F07BFE3046D3
:1037E00001F078FE304601F075FE9CE728469847C8
:1037F00097E7122358E700BF801A06000112010064
:10380000E0C40020F8B500220D463A210646FFF735
:103810008BFEE0B9371D2C1D384601F05BFE04F825
:10382000010DA542F8D1B47C14B901242046F8BD9D
:10383000307C012101F07AFDFF21384601F068FE5D
:10384000384601F01BFE00232046B374F8BD122356
:10385000B47C7374002CE9D0341D307C012101F05C
:1038600065FDFF21204601F053FE204601F006FED3
:1038700000231C46B3742046F8BD00BF70B5164641
:1038800082B000220446FFF74FFEB0B11B236374E1
:10389000A07C08B902B070BD251D207C012101F07B
:1038A00045FDFF21284601F033FE284601F0E6FDE4
:1038B00000231846A37402B070BD0546102231469D
:1038C0002046FFF787FD0028E2D0A67C002EE1D03D
:1038D000207C012101F02AFD201DFF21019001F033
:1038E00017FE019801F0CAFD3046A57402B070BD04
:1038F0000368254ADB6C934200B585B00FD16A4658
:103900000921FFF7BBFF38B19DF8003013F0C00369
:1039100008D0402B27D0002005B05DF804FB694695
:103920009847F0E79DF809309DF80A2003F003035B
:103930009DF806109DF807005B0001F00301800070
:103940009DF808C043EAD2139DF8052040EA812083
:1039500002F00F0240EA9C1013440130073B9840EC
:1039600005B05DF804FB9DF809009DF807300130B3
:103970009DF8082003F03F0300EB034000EB02201A
:10398000800205B05DF804FBE11C010003680A46F3
:1039900030B59B6D83B0164D0446AB4224D1407DBB
:1039A00003284FF01201204618BF5202FFF7BCFD5A
:1039B00020B901231846E37403B030BD0C23A07C6A
:1039C00063740028F8D0251D207C012101F0AEFC95
:1039D000FF21284601F09CFD284601F04FFD002301
:1039E0001846A37403B030BD01919847019AD7E7F8
:1039F00001120100F8B51446C27C06460D46012AA4
:103A00001F4602D183698B4205D029463046FFF715
:103A1000BDFF80B1B56187B1002501E0AF420CD098
:103A200021464FF400723046013504F50074FFF76B
:103A3000D1FC0028F2D10020F8BDB369307F3B44AF
:103A4000B3610028F8D13046BDE8F840FFF708BD63
:103A50002DE9F84F9B46C37C06460C46012B1546C4
:103A6000DDF82890DDF82C8002D183698B4205D0E7
:103A700021463046FFF78AFFB0B1B461BBF1000FB9
:103A800015D004EB0B0A02E0C847A2450FD04FF453
:103A9000007229463046FFF79DFC07464246204605
:103AA00029460134002FEFD10020BDE8F88FB3691B
:103AB000307F5B44B3610028F7D13046BDE8F84F52
:103AC000FFF7CEBC03682DE9F0415F69164B9F42BA
:103AD0001FD1C37C04460D461646012B02D18369D3
:103AE000994205D029462046FFF750FF70B1A561E5
:103AF0004FF4007231462046FFF76CFC30B1A369E9
:103B0000207F0133A36148B1BDE8F0810020BDE80A
:103B1000F081BC460123BDE8F04160472046BDE886
:103B2000F041FFF79DBC00BF291A010003680A4657
:103B300030B59B6D83B0164D0446AB4224D1407D19
:103B400003284FF01901204618BF5202FFF7ECFC82
:103B500020B902230120E37403B030BD0E23A07C02
:103B600063740028F8D0251D207C012101F0DEFBC4
:103B7000FF21284601F0CCFC284601F07FFC002301
:103B80001846A37403B030BD01919847019AD7E756
:103B90000112010003682DE9F043DB6C1746414A2E
:103BA00085B004460E46934245D16A460921FFF787
:103BB00065FE0546B5B19DF80A305A0618D5637DF5
:103BC000032B01D076027F02324620212046FFF7E8
:103BD000ABFC28B93A4621212046FFF7A5FC70B37B
:103BE00026236374A57C9DB9284605B0BDE8F08303
:103BF00003F03F039DF80B205B0043EAD2137A1CCD
:103C000032431342DBD02723A57C6374002DEBD015
:103C1000251D207C012101F089FBFF21284601F0B0
:103C200077FC284601F02AFC00231D46A374284691
:103C300005B0BDE8F083694698470546BAE70246F5
:103C400026212046FFF770FC0028C9D1DFF85880F4
:103C500042F2107704F10409D8F800301F44BFB2D3
:103C600004E0D8F80030FB1A1B0417D4484601F0D2
:103C700031FCFF280646F4D1A37C002BB4D00121EF
:103C8000207C1D4601F052FB3146484601F040FCC5
:103C9000484601F0F3FB0023A374A5E728236374CF
:103CA000A0E700BFE11C0100E0C4002070B50022C5
:103CB00082B00E4609210446FFF736FCB0B11B2343
:103CC0006374A07C08B902B070BD251D207C012161
:103CD00001F02CFBFF21284601F01AFC284601F0D8
:103CE000CDFB00231846A37402B070BD0546102218
:103CF00031462046FFF76EFB0028E2D0A67C002E5E
:103D0000E1D0207C012101F011FB201DFF21019059
:103D100001F0FEFB019801F0B1FB3046A57402B042
:103D200070BD00BF70B5002282B00E460A21044665
:103D3000FFF7FAFBB0B11B236374A07C08B902B093
:103D400070BD251D207C012101F0F0FAFF212846DD
:103D500001F0DEFB284601F091FB00231846A37416
:103D600002B070BD0546102231462046FFF732FBF7
:103D70000028E2D0A67C002EE1D0207C012101F0B9
:103D8000D5FA201DFF21019001F0C2FB019801F03E
:103D900075FB3046A57402B070BD00BF70B5051D3F
:103DA00016460446284601F0B3FB4FF40072314634
:103DB000284601F0B7FBFF21284601F0A9FBFF21AF
:103DC000284601F0A5FB284601F084FB00F01F0304
:103DD0002075052B04D02023A07C637410B970BD1E
:103DE000012070BD207C012101F0A0FAFF212846AE
:103DF00001F08EFB284601F041FB00231846A37416
:103E000070BD00BF2DE9F041174D06460F4600F189
:103E100004082C6804F51674A4B203E02B68E31AB6
:103E20001B040CD4404601F055FBFF28F6D13A465E
:103E3000FC213046FFF7B2FF18B1BDE8F081242322
:103E40007374B07C0028F8D0307C012101F06EFA48
:103E5000FF21404601F05CFB404601F00FFB0023D0
:103E60001846B374BDE8F081E0C40020036870B563
:103E70009B6D1646224A82B004460D4693423CD1C1
:103E8000407D03284FF01801204618BF6D022A46D6
:103E9000FFF74AFB0546B0B10D236374A07C08B957
:103EA00002B070BD251D207C012101F03FFAFF21E9
:103EB000284601F02DFB284601F0E0FA00231846C1
:103EC000A37402B070BD3246FE212046FFF766FFA4
:103ED0000028E3D0A67C002EE2D0207C012101F056
:103EE00025FA201DFF21019001F012FB019801F03D
:103EF000C5FA3046A57402B070BD9847C1E700BF4F
:103F00000112010010B4047F34B104680123A46AD3
:103F1000A4465DF8044B60475DF8044BFFF7A6BF6D
:103F200010B584B004460DF1040C8CE80E009CE83A
:103F30000E00FFF76DFB20B19DF8053003F0010383
:103F4000237704B010BD00BF0020704700207047E9
:103F500000207047704700BF084B0021084A0948FD
:103F600010B499631C6B146012685DF8044B1A63FB
:103F70009A6C22F081029A640170704700002C4014
:103F8000F0B2002014C50020034B586A80F0807006
:103F9000C0F30060704700BF00002C40014B187850
:103FA000704700BF14C500202B4A2C4B526AD3F82F
:103FB00000312B49C2F3C22203F03F03013270B536
:103FC000284C4FF47A75A4FB034305FB00F09B08D3
:103FD000B1FBF3FEBEFBF2FEB0EB1E1F35D2012398
:103FE0001E465B001A01BEFBF2F2824201D9FF2B92
:103FF000F6D9BEFBF3F2360290422AD24FEA430CC6
:10400000012200E0A446154603EB0C040132BEFB7E
:10401000FCF1814217D9102AF4D1F0254FF47A73BC
:104020001149124A03FB0CFCBEFBFCF30B60104B66
:10403000D16A0B402B43334343F46023D362536A6A
:104040001B07FCD570BD2D01E8E772460026012351
:10405000D2E79C460025E1E700C00F4000800D40FC
:1040600000EC695EABAAAAAA68B1002000002C404F
:104070000F00F0FF014B1878704700BF2299002015
:10408000014B1868704700BFF0B2002010B4074C15
:104090008C460FCCCCF800000120CCF80410CCF8F2
:1040A0000820CCF80C305DF8044B7047C4B20020F7
:1040B00010B4074C8C460FCCCCF800000120CCF893
:1040C0000410CCF80820CCF80C305DF8044B704795
:1040D000D4B20020024B01201B680B60704700BF68
:1040E000E4B20020704700BF10B504460C21FCF775
:1040F0004FFA204610BD00BF044B1B7823B1044B80
:1041000018780230C0B270470120704711C50020F6
:1041100012C50020184B1A7812F0C0020FD0402AA6
:1041200001D000207047587ADA79197A013002F00C
:104130003F0300EB034000EB0120800270475A7AF6
:104140009979D87902F0030293F808C001F00301CD
:104150008000520040EA812000B593F80AE040EA6E
:104160009C105B7942EADE12013003F00F03134426
:10417000073B98405DF804FBD4B20020404A05207C
:10418000404938B5D2F800413F4B44F080043F4DE0
:10419000C2F80041D2F8004124F03F04C2F80041C7
:1041A000D2F8004144F01804C2F80041D2F80041AE
:1041B00024F08004C2F80041D3F8802042F00C02C1
:1041C000C3F880205A6A22F460525A62DA6942F4D3
:1041D0008032DA615A6A42F400625A62C1F8CC0154
:1041E000C1F8D001C1F8BC01C1F8C001C1F8C401D7
:1041F000C1F8C801AA6C264B42F00042AA64EA6AE0
:104200001343EB62EC6A14F08074FBD14FF4C87076
:10421000FFF7CAFE1B4B47F2B80241F2B801C3F8E0
:10422000CC411C48C3F8D041C3F8BC41C3F8C041DD
:10423000C3F8C441C3F8C841C3F8BC23C3F8C023C2
:10424000C3F8AC23C3F8B013C3F8B4231249C3F8BE
:10425000B823124B6863C1F8F8314FF0E0234FF4F4
:1042600080420F49602081F86E00C3F80C21EB6A90
:10427000064A43F00063EB62D36A1B01FCD438BDED
:1042800000800D4000801F4000C00F4000002C4007
:10429000008000010B007F11009C00208D1F010099
:1042A00000E400E02DE9F041FBF724FE174E184D25
:1042B0000746DFF8748004E0FBF71CFEC01B404596
:1042C0001BD8346B2C40F7D0124A0021124B1170CE
:1042D000326B1A601968114A31631B68134209D0A6
:1042E0000F491F240F4B40F27A2200200C701A60F5
:1042F000BDE8F0810120BDE8F081064A064B14704C
:10430000326B1A601B683363EAE700BF00002C4081
:1043100002007F1113C50020F0B2002000007F11C1
:1043200022990020BCB2002040420F002DE9F84342
:10433000264C0F462378002B38D1254B5A6AD205DC
:104340002BD5234DDFF89480AB6A43F48033AB6206
:10435000FBF7D0FD064604E0FBF7CCFD801B404593
:104360002AD86B6A13F48069F6D007F13C0C184820
:1043700007F50F77436A5B05FCD5ACF1400353F8B2
:10438000042F9C450262FAD10CF1400CBC45F1D1DE
:10439000012318462370BDE8F8839A6A22F480321C
:1043A0009A629A6A42F400329A62CAE7FFF77AFF89
:1043B0000028C2D1BDE8F88306492124064B4FF4FA
:1043C0007E7248460C701A60BDE8F88313C5002061
:1043D00000002C4022990020BCB2002040420F0077
:1043E0002DE9F041074688461F4CFBF783FD1F4E21
:1043F000054604E0FBF77EFD431BB34224D8636A05
:10440000D907F7D4BB02C4F8088020D427F0FF03F3
:10441000154C174EE360FBF76DFD144F054604E0A5
:10442000FBF768FD401BB8420ED8236B3342F7D030
:10443000226B104B1A601A6822631A68D20703D5E0
:104440001B6813F4702F0BD00020BDE8F081A26C24
:10445000FBB222F0FF02A264A26C1343A364D5E76F
:104460000120BDE8F08100BF00002C4040420F0059
:1044700001000F00F0B20020154B30B50D4685B09D
:104480001968FFF7ADFF08B3124B05F10F041A6965
:1044900000925969019199690291DB6903930023A4
:1044A00001E05EF8102C03F0030C01334FEACC0C52
:1044B00023F0030E0F2B22FA0CF20EF1100104F878
:1044C000012D0DEB010EECD10023EB7305B030BDD7
:1044D000E8B2002000002C4010B5037ADB0705D5B8
:1044E000154B1B68B3B1BDE810401847134B1B7840
:1044F0003BB9134B5C6A84F08074C4F300642046BB
:1045000010BD0F4B0F4C1B6B1C40B4FA84F46409B4
:10451000204610BD0C4B1C78002CF0D00B4B0C48E7
:104520001968FFF75DFF0028E9D0054B1C6984F48A
:104530008074C4F30024E2E7ECB2002013C500202D
:1045400000002C4002007F1110C50020E8B20020BE
:1045500000001A0D08B5044B04481968FFF740FF26
:1045600008B1034B186908BDE8B2002000001A0D1D
:1045700000002C4008B5074B07481968FFF730FFCB
:1045800030B1064B186980F48070C0F3002008BD7C
:10459000012008BDE8B2002000001A0D00002C40E8
:1045A0002DE9F047294B8946DFF8C0A0284ECAF80C
:1045B0000030FBF79FFC274D0446DFF8B480264F00
:1045C00006E0FBF797FC001BB84229D8FDF716FC64
:1045D00031682846FFF704FF0028F2D0D8F81030E1
:1045E000DB05EED500234FF40072CAF80030D8F88E
:1045F000283023F48033C8F82830184BC8F804203A
:104600001B78CBB149461648FFF7EAFE30B9154989
:104610000E24154B40F257420C701A60BDE8F0872B
:10462000104A0A210020104B117040F24B42CAF888
:1046300000001A60BDE8F0874FEA4929084849465A
:10464000FFF7CEFE0028E9D1E1E700BFA925010070
:10465000E8B2002000001A0D40420F0012C50020F1
:1046600020003A1922990020BCB20020ECB20020B0
:1046700000002C402DE9F041254C00212548A36A7B
:1046800023F48033A362FFF7ABFE054648B9224905
:104690000920224B40F23D2208701A602846BDE8EE
:1046A000F0811F4BDFF88080C8F80030FBF722FC58
:1046B000636A0646D80118D41A4F04E0FDF79EFB42
:1046C000636AD90111D4FBF715FC831BBB42F5D9F2
:1046D000114A0A210025114B11704FF4107228461F
:1046E000C8F800501A60BDE8F0810022084BC8F8F5
:1046F00000205A6A9207D1D5586B9A6AD96A22F477
:10470000803241F08061D96258639A62C6E700BF87
:1047100000002C400000DB0C22990020BCB20020DD
:10472000BD1F010040420F00ECB200202DE9F04710
:1047300082468946364EFBF7DDFB364D0446DFF8F0
:104740000081354F04E0FBF7D5FB031BBB4227D8A4
:1047500031682846FFF744FE0028F4D0D8F810301E
:10476000DA05F0D501232D4D2D4F51462B70002336
:104770002C483B602C4BC8F80090C8F804302B4BF9
:10478000C8F83830FFF72CFE0446A0B928490420A9
:10479000284B40F29F12087020461A60BDE8F0874F
:1047A00023490A20234B4FF4CC72002408701A606E
:1047B0002046BDE8F087204BDFF88890C9F800302C
:1047C000FBF798FB2B780646BBB1DFF84C8003E083
:1047D000FDF714FB2B7883B1FBF78CFB831B434560
:1047E000F6D90023C9F8003011492520114B4FF4A8
:1047F000D172002408701A60DAE73B6800229B0738
:10480000C9F80020F0D53A680C4B1A42D0D0EBE73B
:10481000E8B2002000001A0D40420F0014C500202D
:10482000F0B2002011003A064000010002007F11A2
:1048300022990020BCB20020D11F010000007F118E
:1048400000002C40ECB200202DE9F041324D14461E
:10485000AB7A13F0400012D103F03F03EA7A5B0019
:1048600043EAD213621C0A43134208D02B4927247F
:104870002B4B40F202320C701A60BDE8F081294BDC
:104880001B780BB9490264022748FFF7A9FD40B91C
:1048900022490F24224B40F20A320C701A60BDE804
:1048A000F08121462148FFF79BFD40B91B491024A8
:1048B0001B4B40F20D320C701A60BDE8F0810021F4
:1048C0001B48FFF78DFD38B914491124144B4FF4E0
:1048D00044720C701A60E2E7FBF70CFB154E164DA4
:1048E0000446DFF85C80154F31682846FFF778FDF5
:1048F00018B1D8F81030DB05D1D4FBF7FBFA001B58
:10490000B842F1D905492824054B40F21332002062
:104910000C701A60C3E700BFD4B2002022990020B7
:10492000BCB2002012C5002000001A2000001A218D
:1049300000001B26E8B2002000001A0D40420F00C4
:1049400000002C402DE9F04F12F0030483B018BF93
:10495000012401900093002B08BF44F001045CB1D6
:1049600040492520404B40F2F512002408701A609F
:10497000204603B0BDE8F08F3C4B15463C4A0E463E
:10498000DFF80C911360FBF7B5FADFF808810746F2
:10499000DFF804B1DFF8F0A006E0FBF7ABFAC01BCC
:1049A000504544D8FDF72AFAD9F800104046FFF7E1
:1049B00017FD0028F1D0DBF81030DA05EDD5009AAC
:1049C0002C4B2B4903EA024300222B4F0A6043F48D
:1049D00000730121DFF8C4803970C8F80020CBF8DB
:1049E0000050CBF80430254BCBF83830244B1B78E3
:1049F00043B331460198FFF7F3FC81460028B7D056
:104A0000204B1B4A1360FBF775FA3B780546DBB178
:104A10001D4E03E0FDF7F2F93B78ABB1FBF76AFA04
:104A2000401BB042F6D90023114A1360A0E70D4B9A
:104A30000A2200210E481A704FF4FC720A4B0160E2
:104A40001A6095E77602D4E70023094A1360D8F884
:104A500000309B078CD5D8F800200C4B1A4208BFB9
:104A60004C4685E722990020BCB20020A925010010
:104A7000ECB200200000FF1F14C5002002007F11CF
:104A800012C50020D11F010040420F0000007F111D
:104A9000E8B2002000001A0D00002C40F0B2002007
:104AA000F8B50646007A0C461546C0071F4613D4D3
:104AB00083B10F4401E0BC420CD033682A46214642
:104AC00030461B69013405F5007598470028F2D17E
:104AD0000020F8BD0120F8BD900712D0002BF9D0BE
:104AE0000F4401E0BC42F5D033682A4621463046E7
:104AF0001B69013405F5007598470028F2D10020A4
:104B0000E7E70648FFF71EFF0028E3D104490C241D
:104B1000044B40F2A1320C701A60F8BD37003A1213
:104B200022990020BCB20020F8B50646007A0C4657
:104B30001546C0071F4613D483B10F4401E0BC42A1
:104B40000CD033682A46214630465B6A013405F5AD
:104B5000007598470028F2D10020F8BD0120F8BD6B
:104B6000900712D0002BF9D00F4401E0BC42F5D0E1
:104B700033682A46214630465B6A013405F50075E4
:104B800098470028F2D10020E7E70648FFF7DAFE51
:104B90000028E3D104490E24044B40F23D420C703E
:104BA0001A60F8BD27003A1922990020BCB20020F3
:104BB0002DE9F04F0025DFF8C0929B4C91B0DFF853
:104BC000BC829A4E0172457289F80050257088F8AF
:104BD00000503570FFF7D2FA29462846FFF700FC4F
:104BE00050B90121924B40F28E22054621701A6085
:104BF000284611B0BDE8F08F03258E4F4FF4D571D4
:104C00003846FFF7EDFB00284ED1013DF6D1337851
:104C1000002B3DD0DFF868B2FBF76CF9864E0546F5
:104C2000DFF860A2854F00213046FFF7D9FB50B96D
:104C3000002517217E4B4FF42A72284621701A60F6
:104C400011B0BDE8F08F59465046FFF7C9FB002868
:104C5000EED0FBF74FF9401B794BB842E8D81A6900
:104C6000002AE0DA1969774A11601B695A0002D5F7
:104C7000012388F8003000217348FFF7B1FB054697
:104C800010BB02216A4B40F2B12221701A60AFE7DB
:104C9000FFF774FA29462846FFF7A2FB3378002B6A
:104CA000B8D14FF4401BB7E7654B1B69B3F5D57F0F
:104CB00007D006215E4B4FF42572002521701A6043
:104CC00096E701233370A5E700216048FFF788FBD2
:104CD000054630B90321564B4FF42D7221701A60EE
:104CE00086E7574E5A4B32695A4F13405A495B4830
:104CF0003B60FFF7C1FB054630B907214C4B40F242
:104D0000B92221701A6073E755495648FFF7B4FB82
:104D1000054630B90821464B4FF42F7221701A60B6
:104D200066E739685048FFF75BFB054630B9052157
:104D30003F4B40F2BF2221701A6059E739683E4864
:104D4000FFF74EFB38B91421394B40F2C32200253E
:104D500021701A604CE702214448FFF741FB0546E9
:104D60000028F0D0B36A69466FF07F4023F0060355
:104D7000B362B36A43F00203B3624FF0101373647B
:104D8000FFF7D4FC9DF80D309B0743D5002841D098
:104D9000274E6946364894F800803768FFF7C6FC0E
:104DA0009DF8103003F00F03012B36D1A8B34CF25D
:104DB0005030304C0523C4F8CC31C4F8D031C4F89D
:104DC000BC31C4F8C031C4F8C431C4F8C831FFF7ED
:104DD000EBF8002347F2B802C4F8CC31C4F8D03164
:104DE000C4F8BC31C4F8C031C4F8C431C4F8C83107
:104DF00041F2B803C4F8BC23C4F8C023C4F8AC2300
:104E0000C4F8B0330123C4F8B423C4F8B82389F834
:104E10000030EDE646F2A810CBE746F2A81084F881
:104E200000803760C5E700BF2299002011C500202F
:104E3000BCB2002000001A0800001A3740420F00E0
:104E400000002C40E4B200200000090200001A0318
:104E50000000FFFFE8B20020D4B2002000000909E2
:104E6000C4B200200000090A00001B0700001A0657
:104E7000F1FFFF8000801F4010C5002012C50020F8
:104E80000000304000000229374B5A6A92052DE994
:104E9000F0410F460DD49A6A22F480329A6272B6BB
:104EA0009A6A42F400329A629A6A42F480329A62B2
:104EB00062B6FBF71FF82C4EDFF8C480054604E00D
:104EC000FBF718F8431B434537D8746A14F40064A1
:104ED000F6D007F13C0C244807F50F77436A1B0511
:104EE000FCD5ACF14003026A43F8042F9C45FAD18B
:104EF0000CF1400C6745F1D1FAF7FCFF1A4F1B4D3E
:104F00000646DFF87C8004E0FAF7F4FF831B434594
:104F10001DD83C6B2C40F7D03B6B154A13601368CF
:104F20003B63136813F002031BD01268114B1A4243
:104F30000CBF01200020BDE8F0810F491A250F4B5E
:104F400040F2563220460D701A60BDE8F0810A49E1
:104F50001D250A4B40F2613220460D701A60BDE8F3
:104F6000F0811846BDE8F08100002C4002007F115E
:104F7000F0B2002000007F1122990020BCB2002076
:104F800040420F002DE9F047294B8946DFF8C0A0C9
:104F9000284ECAF80030FAF7ADFF274D0446DFF877
:104FA000B480264F06E0FAF7A5FF001BB84229D8C7
:104FB000FCF724FF31682846FFF712FA0028F2D0E8
:104FC000D8F81030DB05EED500234FF40072CAF894
:104FD0000030D8F8283043F48033C8F82830184B14
:104FE000C8F804201B78CBB149461648FFF7F8F9FA
:104FF00030B915490C24154B40F2BD320C701A60C3
:10500000BDE8F087104A0A210020104B117040F2D1
:10501000B132CAF800001A60BDE8F0874FEA4929AA
:1050200008484946FFF7DCF90028E9D1E1E700BF6D
:10503000A9250100E8B2002000001A0D40420F002F
:1050400012C5002030003A1222990020BCB2002084
:10505000ECB2002000002C402DE9F04100221D4C54
:105060000D4642721146A36A1B4823F48033A362A3
:10507000FFF7B6F940B919490924194B40F2D33268
:105080000C701A60BDE8F081002DFBD0154B164E58
:105090003360FAF72FFF636A0746DA0116D4DFF8A8
:1050A0004C8004E0FCF7AAFE636ADB010ED4FAF739
:1050B00021FFC01B4045F5D9084A0A210020084BB2
:1050C000117040F2D73230601A60DBE700232846C7
:1050D0003360D7E700002C400000DB0C2299002051
:1050E000BCB20020BD1F0100ECB2002040420F0006
:1050F0000A4B1B7810B504461BB9637A43B90120EB
:1051000010BDFFF7CFF80028FAD0637A002BF6D055
:1051100020460121BDE81040FFF79EBF13C50020C7
:105120002DE9F0410446007AADF5007D164610F0F9
:10513000010513D093073CD0012338486A46FFF796
:1051400001FC00283AD04FF4007269463046FBF764
:1051500083F928460DF5007DBDE8F081DFF8CC80AD
:105160000F4698F80030002B35D1637A012B39D0E7
:1051700022682B49126A8A424AD198F80020002AF4
:1051800034D1002B39D139462046FFF7FBFEE8B178
:1051900001236760637231462046FFF775FEA8B1B0
:1051A000636805460133284663600DF5007DBDE860
:1051B000F08101231948FFF7C5FB38B919490B20C5
:1051C000194B4FF45D72002508701A6028460DF5E2
:1051D000007DBDE8F081FFF765F80028F6D0637A1E
:1051E000012BC5D16268BA42C2D1D4E7FFF75AF8A1
:1051F0000028EBD0637A002BC5D001212046FFF7B1
:105200002BFF0028BFD128460DF5007DBDE8F081B9
:10521000204690470028F6D0B5E700BF11003A11AC
:105220002531010022990020BCB2002013C50020C6
:105230002DE9F041047AADF5007D0F46904614F05B
:1052400001041DD012F0030F06D0684611464FF43A
:1052500000728046FBF700F90123424639462C488C
:10526000FFF770FB044630B92A490D202A4B40F263
:10527000114208701A6020460DF5007DBDE8F081EE
:10528000264D06462B782BBB737A022B29D0326829
:105290002349126A8A4236D12A7832BB002B2BD19D
:1052A0003368394630461B6E98470028E3D0022306
:1052B00077607372336841463046DB6D984700284B
:1052C000D9D0736804460133204673600DF5007D24
:1052D000BDE8F081FEF7E6FF0028CCD0737A022B00
:1052E000D5D17268BA42D2D1E4E7FEF7DBFF0028DD
:1052F000C1D0737A002BD3D001213046FFF7ACFE2A
:105300000028B8D0CCE7304690470028B3D0C7E794
:1053100001003A1822990020BCB2002013C50020D9
:10532000253101000121FAF74BBE00BFFAF70CBE90
:1053300030B482B00C4602AB03E90600C37C002BFC
:1053400030D072B6C37CDA0708D54FF0E02145694A
:10535000D1F880212A408262C1F880219D0708D5BA
:105360004FF0E0218569D1F884212A40C262C1F85A
:105370008421590708D54FF0E021C569D1F888216B
:105380002A400263C1F888211A0708D54FF0E021AE
:10539000056AD1F88C212A404263C1F88C21DB06D2
:1053A0002FD462B683689C4235D0224B84609B69BF
:1053B000214AC3F30111C3F3826352F82110013370
:1053C000B1FBF3F2CCB1944227D8B2FBF4F3B2FBB9
:1053D000F3F294422CD3B3F5817F20D3174CC460F1
:1053E000036803220020019918615A6201221C649B
:1053F00019661A6102B030BC70479942EFD3531C52
:10540000E9E74FF0E022416AD2F890310B40836324
:10541000C2F89031C5E7C468E2E70024DFE7022B59
:10542000FBD9023B5A08140244EA02441C43D6E763
:105430001A46E4E700C00F407C1C0020FF7F7F007D
:1054400008B5034653F8040B93E80600FFF770FF16
:1054500008BD00BF84B00DF1100C0CE90E0002462F
:1054600023B11846136004B000F072B9024B18461D
:10547000136004B000F06CB9E09000200268D37CA7
:1054800013B3D80704D5906A4FF0E021C1F80001AA
:10549000990704D5D06A4FF0E021C1F804015807FC
:1054A00004D5106B4FF0E021C1F80801190704D5AD
:1054B000506B4FF0E021C1F80C01DB0604D5926B74
:1054C0004FF0E023C3F81021704700BF006800F0E0
:1054D0005DBA00BF0268FF2312685366D36D13F4F0
:1054E000F81FFBD0506FC0B2704700BF30B50C46FC
:1054F00083B00546FF212046019202F03BFB28685D
:10550000019B2246214600F03DFA002003B030BD49
:1055100003681A685166D36D13F4F81FFBD0536FFC
:10552000704700BF531EB3F5007F30B51446ADF58C
:10553000017D054611D36AB10368481E19688218B7
:1055400010F8013F4B66CB6D13F4F81FFBD090426F
:105550004B6FF5D10DF5017D30BD6846FAF77CFF44
:105560006A4623462868114600F00CFA0DF5017DC5
:1055700030BD00BFB1F5807F21D810292ED840233F
:105580004FF0200CB2FBF3F1B1F5806F20D203FB9A
:10559000112300B5B2FBFCFEB3FBFCF30CFB1E2297
:1055A0004FEA910CDBB201322CF03F0CC9B2037010
:1055B00042EA0C028170D2B242705DF804FB3F23D4
:1055C0009C46802910D9B1F5FC7F0FD81B01D9E783
:1055D000FF21FE234170037081707047202916D887
:1055E00080234FF0200CCDE7DB00CBE7B1F57C7FCB
:1055F00004D9B1F5FC6F03D89B01C3E75B01C1E798
:10560000B1F57C6F94BFDB01C3EB0323BAE7202322
:105610009C46D6E7F0B4046840F201251E46256199
:10562000A3B121B311F8015B013B6566256FAF079C
:1056300007D41546013E676F1AB105F8017B2A466B
:1056400004686569ED07F1D5002BEAD16EB10368F6
:10565000196F8907FAD41146013E5B6F002AF5D015
:1056600001F8013B0A46002EF1D1F0BC704790F8DA
:105670003C50D9E7324B334930B5D3E91154207946
:10568000C8771A6C95F804C081F81CC0087752B12D
:10569000B2F5004F23D32C4911442A4A1964D0761D
:1056A00082F81BC030BD19680F24D86C8C6540F29D
:1056B0000134CA610C614FF47C544C6103210468CD
:1056C000246883F83D10214B9C4226D1037F426021
:1056D000022BC26026D18368BDE8304018472D6890
:1056E000E98B090422D492B2EA832168EC8BA4B23C
:1056F000EC82CC8B240405D5CC8BC2F3080204F4D5
:105700007E442243CA83CA8B92B2CA8200210D4AC8
:105710001964D07682F81BC030BD23461146BDE81F
:1057200030401847BDE83040FCF7D4BBE98BC2F3EA
:10573000080E92B201F47E4141EA0E01E983D4E7FA
:10574000E090002000800E400180FFFF8DFF0000F0
:1057500043682DE9F04FD3E90041814D4FF0B80A7D
:1057600022684FF0020822EA01027E492260AA69FB
:1057700011407D4A0A43AA6190F810E07B4A03EB8E
:105780000E0603EB8E0E317C02EB01118968C1F825
:1057900000A090F811C003EB0C050CF10A0C95F871
:1057A000241002EB01118968C1F800A0817C03EB91
:1057B000010903EB810199F838B002EB0B1BDBF810
:1057C00008B0CBF800A0D4F800A05F684AEA070A46
:1057D000C4F800A0347CDEF814E002EB0414646822
:1057E000C4F800E095F8244053F82CC002EB0414F0
:1057F0006468C4F800C0C96B99F8384002EB041221
:10580000526811609A6C99F8441011601A6A317FDD
:105810005B6B116095F830201A600F220368C3F8A3
:1058200010809A65C27C002A31D072B6C37CDC0736
:1058300008D54FF0E0214469D1F8802122408262EE
:10584000C1F88021990708D54FF0E0218469D1F88B
:1058500084212240C262C1F884215A0708D54FF042
:10586000E021C469D1F8882122400263C1F888216F
:105870001F0708D54FF0E021046AD1F88C2122409F
:105880004263C1F88C21DE0655D462B60368384CF9
:105890008268A24259D0324A846092693549C2F383
:1058A0000116C2F38262344D51F826100132B1FB69
:1058B000F2F2AA4231D80022C260002403211C6106
:1058C0000724596201211A641C661961C37C13B351
:1058D000DD0704D5816A4FF0E022C2F800119C0771
:1058E00004D5C16A4FF0E022C2F80411590704D56B
:1058F000016B4FF0E022C2F808111A0704D5416B82
:105900004FF0E022C2F80C11DB0604D5826B4FF099
:10591000E023C3F81021BDE8F08F1849A1FB025124
:10592000090DB2FBF1F2A24288BF0131B1F5817FCE
:105930000DD3134AC0E74FF0E022416AD2F890310C
:105940000B408363C2F890319FE7C268B5E7022934
:10595000B1D902394C08220242EA04420A43ABE7B9
:1059600000C00F40CFFFFFE310000008F08A0020C6
:1059700000093D007C1C0020FF083D0083DE1B4326
:10598000FF7F7F000BB1FFF745BE70474368D3E947
:1059900000120968114200D1704710B50268044630
:1059A000002005211061227C1344187CFAF708FBC3
:1059B000627C63680521134493F82400FAF700FB26
:1059C0006368A27C05211344BDE8104093F83800B9
:1059D000FAF7F6BA53B94AB9002908BF00281CBF24
:1059E0004FF0FF314FF0FF3000F070B9ADF1080C0F
:1059F0006DE904CE00F006F8DDF804E0DDE90223ED
:105A000004B070472DE9F047089E0D4604460F4646
:105A1000002B4AD18A42944665D9B2FA82F343B147
:105A200002FA03FCC3F120029F4020FA02F217435E
:105A30009C404FEA1C4E1FFA8CF5B7FBFEF1220C7E
:105A40000EFB117742EA074201FB05F090420AD9AA
:105A50001CEB020201F1FF3780F01C81904240F202
:105A6000198102396244121AA4B2B2FBFEF00EFB95
:105A7000102244EA024400FB05F5A5420AD91CEBBA
:105A8000040400F1FF3280F00781A54240F2048156
:105A90006444023840EA0140641B00211EB1DC402E
:105AA0000023C6E90043BDE8F0878B4208D9002EE9
:105AB00000F0ED800021C6E900050846BDE8F0874A
:105AC000B3FA83F1002949D1AB4202D3824200F2FA
:105AD000F880841A65EB030201201746002EE2D0FD
:105AE000C6E90047DFE702B9FFDEB2FA82F3002B16
:105AF00040F090808A1A4FEA1C471FFA8CFE012161
:105B0000B2FBF7F507FB1520220C42EA00420EFB20
:105B100005F0904208D91CEB020205F1FF3802D2D1
:105B2000904200F2CB804546121AA4B2B2FBF7F0C5
:105B300007FB102244EA02440EFB00FEA64508D9EA
:105B40001CEB040400F1FF3202D2A64500F2BB8038
:105B50001046A4EB0E0440EA05409FE7C1F1200780
:105B60008B4022FA07FC4CEA030C05FA01F420FAF8
:105B700007F3FD404FEA1C492343B5FBF9F81FFA30
:105B80008CFE09FB18551C0C44EA054408FB0EF575
:105B9000A54202FA01F200FA01F00BD91CEB040451
:105BA00008F1FF3A80F08880A54240F28580A8F194
:105BB00002086444641B9DB2B4FBF9F309FB13446F
:105BC00045EA044403FB0EFEA64508D91CEB040479
:105BD00003F1FF356CD2A6456AD9023B644443EA1F
:105BE0000843A3FB0295A4EB0E04AC42C846AE46A4
:105BF00056D353D056B1B0EB080264EB0E0404FA4E
:105C000007F7CA40CC401743C6E900741846002184
:105C1000BDE8F087C3F1200102FA03FC20FA01F28B
:105C200025FA01F19D402A434FEA1C471FFA8CFEDA
:105C3000B1FBF7F007FB1015110C41EA054100FB21
:105C40000EF58D4204FA03F408D91CEB010100F1B2
:105C5000FF382FD28D422DD902386144491B92B2B0
:105C6000B1FBF7F507FB151142EA014205FB0EF106
:105C7000914208D91CEB020205F1FF3816D291427D
:105C800014D9023D6244521A45EA004138E73146D0
:105C9000304608E73946E6E61046FBE64845A9D215
:105CA000B9EB020865EB0C0E013BA3E74546EAE7BA
:105CB0002B4694E74046D1E7D0467BE7023D62445D
:105CC00032E708460AE76444023842E7704700BFFB
:105CD000931E222B10B50C460CD80A2A03D001F0D3
:105CE000F7FC204610BD0028F9DA2D2301F8013B0E
:105CF0004042F4E700230B70184610BD024B0146EA
:105D0000186800F00BB800BFB8980020024B01469D
:105D1000186802F08DBB00BFB89800202DE9F04F45
:105D200001F10B06162E83B0044624D8102900F288
:105D3000BA8000F0A3FA102618220220B54F3A4488
:105D4000A2F1080153688B4200F0BA805A68D96802
:105D500022F003021A449D68E9608D60516841F0A9
:105D600001012046516003F1080500F08DFA284634
:105D700003B0BDE8F08F36F0070600F19480B14221
:105D800000F2918000F07AFAB6F5FC7FC0F09A81BB
:105D9000730A00F08F80042B00F26F81B30903F1C6
:105DA000390003F1380CC3009A4F3B44A3F10805B6
:105DB0005B689D4206D10CE0002980F22781DB68F8
:105DC0009D4206D05A6822F00302911B0F29F3DD91
:105DD00060463D69DFF850C265457CD06A6822F0B4
:105DE0000302931B0F2B00F37B81002BC7E904CC2C
:105DF00080F26C81B2F5007F80F01A81D308796857
:105E000001334FEA521E012202FA0EF20A4357F8FA
:105E100033E0C5F808E007EBC3010839E9607A60B0
:105E200047F83350CEF80C5083100121994091422D
:105E300057D8114206D120F003004900114200F169
:105E40000400FAD007EBC0094D468646D5F80C8011
:105E5000454508D11DE1002B80F22481D8F80C8043
:105E6000454500F01681D8F8042022F00302931B68
:105E70000F2BF0DD2046D8E9025408EB060146F06E
:105E80000106C8F80460EC60A56043F00104C7E9AE
:105E90000411C1E902CC4C6048F8023000F0F4F97A
:105EA00008F1080502E00C2323600025284603B012
:105EB000BDE8F08F4FF4007340204FF03F0C73E7C4
:105EC000D3689A4208BF02307FF440AF3D69DFF8E3
:105ED00058C1654582D17A68831001219940914269
:105EE000A7D9BD686B6823F003094E4503D8A9EB19
:105EF00006030F2B7ADCDFF834B1474BDBF80020C8
:105F00001B680132334405EB090A00F0338103F5C5
:105F100080530F3323F47F6828F00F084146204652
:105F200001F042FF411C024600F0F380824500F27E
:105F3000EE803A4B196841441960084600F04E81E2
:105F4000DBF80010019301311BBFA2EB0A01091815
:105F5000CBF80020196012F0070B00F01781CBF18D
:105F600008010A44CBF5805190440831A1EB0801A7
:105F7000C1F30B0A51462046009201F015FF421C66
:105F8000DDE9002300F04F81801A00EB0A08196850
:105F9000BA6048F001005144BD425060196000F001
:105FA0002981B9F10F0F40F227816868A9F10C0C23
:105FB0002CF0070C00F0010040EA0C0068604FF084
:105FC000050E05EB0C00BCF10F0FC0E901EE00F26D
:105FD000328150681546124B1A688A4238BF1960E0
:105FE000104B1A688A4238BF196094E0AA1943F02E
:105FF000010346F001066E602046BA60536000F06F
:1060000043F90835284603B0BDE8F08FD9681A4433
:10601000A1E600BF9C9400209CB500206CB5002038
:1060200094B5002098B50020A4940020A4980020E6
:10603000B2F5206F4FEA522363D3142B00F2B780DE
:1060400003F15C01C9005B3307EB010E7958AEF137
:10605000080E8E4500F091804B6823F003039342B5
:1060600002D989688E45F7D1D1F80CE07A68C5E984
:10607000021ECEF80850CD60D6E6142B59D9542B09
:1060800000F29D80330B03F16F0003F16E0CC3002F
:106090008AE60EF1010E1EF0030F05F108057FF4EC
:1060A000D5AE51E0424445465368D8F80C1043F051
:1060B0000103536055F8083F2046D9608B6000F01B
:1060C000E3F8F3E6F00806F1080237E62A44204632
:1060D000536843F001035360083500F0D5F8E5E656
:1060E000A919204646F0010643F001046E60C7E995
:1060F0000411C1E902CC4C60AB5000F0C5F8083582
:10610000D4E6930903F13901C90038339CE7BD4255
:106110005FD0BD68686820F003084645A8EB060319
:1061200002D80F2B3FF762AF204600F0ADF80025F4
:10613000BCE603F15C0003F15B0CC30034E659F8E4
:1061400008394B4540F0968010F0030F00F1FF3006
:10615000F5D17B6823EA01037B60490099423FF651
:10616000C0AE19B9BDE649000EF1040E1942FAD0CD
:10617000704667E603F11008D0E69A104FF0010868
:106180007B6808FA02F21A437A6070E702EB0801B2
:106190004942C1F30B0A51462046009201F004FE29
:1061A000431CDDE900237FF4EFAEDA46EFE6542B23
:1061B00025D8130B03F16F01C9006E3344E7B3F523
:1061C000AA7F25D8F30B03F1780003F1770CC30005
:1061D000EAE5294B186840441860B1E6CAF30B0C95
:1061E000BCF1000F7FF4ACAEBD68C84448F00100BC
:1061F0006860F0E61546EEE60123536094E7B3F5D8
:10620000AA7F23D8D30B03F17801C90077331BE7AA
:1062100040F25452934223D8B30C03F17D0003F1B2
:106220007C0CC300C0E5ABF1080BD844A8EB020816
:106230004FF0000AABE605F108012046009302F09A
:10624000F7F8BD68009B68681968C4E640F25451CD
:106250008B420BD8930C03F17D01C9007C33F3E62C
:106260004FF47E737F204FF07E0C9DE54FF47E71DE
:106270007E23E9E67B6870E76CB50020014801F0F9
:10628000B9BF00BF64B50020014801F0B5BF00BF31
:1062900064B5002010B4044C03460A4620685DF83B
:1062A000044B194600F002B8B89800202DE9F84FC9
:1062B0001746002900F098800C4607F10B05804630
:1062C000FFF7DCFF162D54F8041C5BD810252A4676
:1062D000AF425CD821F003069642A4F1080962DAC5
:1062E000BC4BD3F808C009EB0600844500F097804A
:1062F000D0F804C02CF0010303445B68DB0768D4CA
:106300002CF0030C06EB0C03934247DACB0710D4B6
:1063100054F8083CA9EB030ADAF8043023F003012F
:106320008C44B444944580F211817318934280F2F6
:10633000E88039464046FFF7F1FC0746E0B154F8E3
:10634000043C23F001034B44A0F10802934200F007
:10635000D280321F242A00F2F580132A00F2AC808A
:1063600003462246116819605168596092689A6024
:106370002146404602F05CF84046FFF785FF38466C
:10638000BDE8F88F25F00705002D2A46A0DA0C237A
:10639000C8F8003000273846BDE8F88F1E46D0E91F
:1063A0000223D3609A60731B0F2B22D8D9F80430D4
:1063B00003F0010333434E44C9F80430736843F0DB
:1063C0000103736040462746FFF75EFF3846BDE88D
:1063D000F88FC907ADD454F8083CA9EB030ADAF8E2
:1063E000041021F00301A0E7BDE8F84F1146FFF7C4
:1063F00095BCD9F8042009EB050102F001024E44D6
:1064000043F001032A43C9F804204B60736843F04A
:10641000010308317360404602F00AF8D2E7DCF865
:10642000040020F0030B06EB0B0C05F11000844573
:106430004DDAC9073FF57DAF54F8081CA9EB010AF6
:10644000DAF8041021F003018B44B34458453FF7B8
:106450006CAF5746DAF80C1057F8080F321F242A91
:10646000C160886000F2DB80132A40F2D680216888
:10647000CAF808106168CAF80C101B2A00F2DF8005
:1064800008340AF110022168116061685160A16846
:1064900091600AEB0501ABEB050242F00102996045
:1064A0004A60DAF8043003F001032B434046CAF88F
:1064B0000430FFF7E9FE6EE723680360636843601A
:1064C0001B2A68D804F1080200F108034AE709EB27
:1064D00005029A60ACEB050343F00103536054F8E6
:1064E000043C03F001032B43404644F8043CFFF70F
:1064F000CBFE27464FE750F8043C23F003031E442D
:1065000051E75746DAF80C1057F8080F321F242AC3
:10651000C16088604CD8132A48D92168CAF808108D
:106520006168CAF80C101B2A56D808340AF1100208
:106530001E462368136063685360A3689360D14666
:106540003C4630E7214601F099FA11E7D0E9021301
:106550005746CB60996057F8081FDAF80C30CB60CB
:10656000321F242A99602DD8132A29D92368CAF802
:1065700008306368CAF80C301B2A42D808340AF184
:10658000100322681A6062685A60A2689A606646C0
:10659000D1463C4607E7A3688360E368C360242ACA
:1065A00026D004F1100200F11003DBE63A46BFE703
:1065B000214638461E46D14601F060FA3C46F2E6D6
:1065C0003B46DEE7214638466646D14601F056FA9C
:1065D0003C46E8E69C940020A168CAF81010E168E7
:1065E000CAF81410242A20D010340AF118029FE7A8
:1065F000236903616169416104F1180200F1180324
:10660000B0E6A368CAF81030E368CAF81430242A48
:1066100021D010340AF11803B3E73A4633E7214694
:10662000384601F02BFA164B33E72269CAF81820D6
:106630006269CAF81C2018340AF1200278E7A168C0
:10664000CAF81010E168CAF81410242A0DD01034CA
:106650000AF1180217E72369CAF818306369CAF803
:106660001C3018340AF120038BE72269CAF818207D
:106670006269CAF81C2018340AF1200203E700BF3F
:106680009C9400200CB410B51F4B00291C689CB0D2
:1066900035DB4FF40273ADF81430029006901FAB57
:1066A00018D001394FF6FF7204910791ADF816200A
:1066B00002A91E9A0193204602F0E8FB421C01DA6F
:1066C0008B232360029B00221A701CB0BDE810408F
:1066D00002B070474FF6FF7204910791ADF8162093
:1066E00002A91E9A0193204602F0D0FB431C01DA56
:1066F0008B2323601CB0BDE8104002B070478B2391
:1067000023604FF0FF30F5E7B89800202DE9F04FF7
:106710002DED108B97B08A4600210792129100222E
:106720000021CDE904128046514611910F4611F81F
:10673000012B2D2A5ED801A050F822F0114901004A
:106740002948010029480100294801002948010081
:106750002948010029480100294801002948010071
:106760005F4701005F4701005F4701005F4701008D
:106770005F4701002948010029480100294801001C
:106780002948010029480100294801002948010041
:106790002948010029480100294801002948010031
:1067A0002948010029480100294801002948010021
:1067B0002948010029480100294801005F470100DC
:1067C0002948010029480100294801002948010001
:1067D00029480100294801002948010029480100F1
:1067E00029480100294801004B4F010029480100B8
:1067F000374F010000210991302A7DD000230893F2
:106800002F2A144640F2CD844FF0000938464E46F8
:106810004D4612E00130082D1190C8BF09EB8909DF
:106820000478C6BF02EB4902A2F13009A3F1300699
:106830002F2C05F1010522466FDD06EB8603392C6E
:1068400002EB4303E6DD9F49012201F0E5F9002850
:1068500037D1119B1A46013311935478002D40F023
:106860004385302C40F02485C3F101029818013390
:1068700011931C78302CF9D0A4F13103082B00F2CD
:106880000183119F431CA4F1300B0B930125BC46DF
:106890004FF0000E06EB86060BEB460600200CF1CF
:1068A000010311939CF80140A4F13001092900F281
:1068B000BB8201308B46002940F04F84DDF844C094
:1068C000EDE70020652CAE460B90844601D0452CA8
:1068D00030D1002D6BD1089B034367D1079B9FEDFF
:1068E000778B13B1079BC3F800A0B0EE480B17B02D
:1068F000BDEC108BBDE8F08F7A7802F0DF02582AE9
:1069000000F00C84013711973A78302AFAD0002A27
:1069100000F0B7800123089372E76A49012201F071
:106920007BF9002800F0C080AE464FF0000CCDF897
:106930002CC060464FF0000B002D7ED007EE906A11
:106940000B9BB8EE677BABEB0303BEF1000F08BFF8
:10695000AE46102D0A932B46A8BF1023092D8DEDAE
:10696000047B0CDD584A02EBC30212ED125B06EE0B
:10697000909AB8EE666BA7EE056B8DED046B0F2D4C
:1069800000F3A8800A9A002A00F0E4830A9A40F3F0
:106990003C83162A40F398840A99C5F125028A425D
:1069A00080F2A6840A9AEB1A134499E00025DDF8D8
:1069B00044A00AF1010311939AF801402B2C00F036
:1069C0005E822D2C00F0F78100230A93A4F130039E
:1069D000092B00F2EB81302C05D1119B013311936F
:1069E0001C78302CFAD0A4F13103082BA2D8119ACC
:1069F0000C92531C1193A4F1300B54782F2C07DC0C
:106A0000DEE3013311934C782F2CA2F1300B06DD1D
:106A10000BEB8B02392C194604EB4202F1DD0C9A88
:106A20009B1A082B40F3CC8344F61F6B0A9B002B68
:106A300082D0CBF1000B002D80D1089B034320D1E5
:106A4000BCF1000F7FF44AAF692C00F0CF8300F354
:106A5000F382492C00F0CA834E2C7FF43FAF1B49D0
:106A600011A802F007F900283FF438AF119B1B78FA
:106A7000282B00F0F284164801F07CFCB0EE408B2D
:106A800001E09FED0E8B079A0AB1119B1360099BE1
:106A9000002B3FF42AAFB1EE488BB0EE480B17B095
:106AA000BDEC108BBDE8F08F119B0B905A1C11921E
:106AB0005C78AE46F8E600BFAFF30080000000004F
:106AC000000000000C0A0020A8020020782000200E
:106AD000AC0900200A9AEB1A1344002B40F3B08251
:106AE00013F00F010AD0C34A02EBC1029DED046B03
:106AF00092ED007B27EE067B8DED047B33F00F02D9
:106B000040F038820023089300962B46724639469F
:106B1000404605F007FC8146002800F0E1820B9B0F
:106B2000A3EB0B0B0A9B9FEDA9EB002B9FEDA9CBD1
:106B30009FEDAADB9FEDABBBB4BF5A4600224FF0DE
:106B4000000A23EAE3730B920C935446D9F804101D
:106B5000404605F065FB0646002800F00E81D9F896
:106B600010209DED048B0232920009F10C010C30D3
:106B7000F9F772FCB0EE480B14AA13A9404605F0D1
:106B80008DFF1290002800F0E4800121404605F0BE
:106B900071FC0446002800F0F080139A002AC0F22D
:106BA000DE800B9B0C9F02EB030B089B149DD21AFB
:106BB0002A44914B013A9A42C5F1360580F29880F9
:106BC000991A1F29A5EB010500F3E380012202FABF
:106BD00001F30D9300230E932F44089B5D44AB45B6
:106BE0005A461F44A8BF2A46BA42A8BF3A46002ABE
:106BF00003DDAD1ABF1AABEB020B0B9B002B00F3AE
:106C00008880002D00F39C800A9B002B00F3B78046
:106C1000002F00F3A980BBF1000F08DD21465A4682
:106C2000404605F063FD0446002800F0A680129956
:106C30003246404605F0F4FD8246002800F09D8073
:106C40000023C568C360214605F0C8FD0028C0F2D6
:106C5000C78300F061832146504605F089FFB0EEFE
:106C6000007BB4EEC70BF1EE10FA46D8002D00F011
:106C7000CB80B7EE009B0598604B00226049DFF89F
:106C800084C100EA0107674500F0D480089959B132
:106C9000B7F1D46F08D8B4EECB9BF1EE10FA40F206
:106CA000568103F1D661CB1BB0EE480B43EC1A2B97
:106CB00005F060FEAAEE008B8DED048B18EE903A85
:106CC000089A22B94E4A1A40974200F0E48012997D
:106CD000404605F0CBFA3146404605F0C7FA21465A
:106CE000404605F0C3FA5146404605F0BFFA2DE78D
:106CF00001230021CDE90D316EE7B6EE009B20EEB9
:106D0000099B002D5FD1B1EE497B059853EC172B01
:106D1000B4E721461A46404605F088FC044660B3B5
:106D20000146129A404605F0D3FB30B30F901299FA
:106D3000404605F09BFA0F9A1292002D7FF764AF40
:106D400012992A46404605F0D1FC129000287FF4A3
:106D50005BAF22239FED258BC8F80030BCE00C9B75
:106D6000DDF82CB09F1A20E731463A46404605F040
:106D7000BDFC064600287FF44EAF1298E9E7314685
:106D80000C9A404605F052FC064600287FF440AFBE
:106D9000F3E7C2F17F4202F57F0202F57B42012157
:106DA000E23201FA02F3CDE90D1315E7CDF844A064
:106DB0004FF0000BC0E501230A930AF1020311937F
:106DC0009AF8024002E6B0EE497B9EE79535A09422
:106DD000FFFFCF3F9535A094FFFFDF3F35E5AF358F
:106DE0000000E03F0000C0FFFFFFDF4100000000A7
:106DF0000000F07FA802002002FCFFFF0000F03F2F
:106E00000000F07F0000E07FDDE90412002900F0BF
:106E10008580DDE90412012900F0D8811046B74BC6
:106E2000B7EE009B002229E7652C4FF0010C3FF4E0
:106E3000BEAD4CE543EC1A2BA0F1547305939DEDC8
:106E400004FBB0EE4F0B05F095FDAD49AAEE00FB3B
:106E50001FEE903AAB4A194091428DED04FB72D976
:106E6000A94B18EE902A9A4203D118EE103A01333A
:106E700083D0A54A4FF0FF33CDE9043227E7002342
:106E80000A939AE7652C00F0D080452C00F0CD8065
:106E90004FF0010CD1E551EC190B0D9309F01AFCE0
:106EA00009F0EAFB049B1D430D9B41EC170BC3F358
:106EB00013031D4339EE479B00F0A080B4EECC9B3A
:106EC000F1EE10FA05D4B4EECD9BF1EE10FA7FF797
:106ED000FEAE9DED048B12980146404605F0C6F9C2
:106EE0003146404605F0C2F92146404605F0BEF95C
:106EF0004946404605F0BAF95146404605F0B6F914
:106F0000C1E501220992791C11917A78002A3FF497
:106F1000E5AC0F4670E400220992F4E7C2F31303D4
:106F20001046002B7FF47BAFB7EE007BB4EEC70BAF
:106F3000F1EE10FA00F1D381B6EE009B20EE099B32
:106F4000B1EE497BE2E603F154730593B8E6BCEE7B
:106F5000C99B19EE103A012B38BF012309EE103AF4
:106F6000B8EE499B002D40F03E81B1EE497B53ECD9
:106F7000172B96E6B2F59A7F00F3B280102A4FEAFB
:106F8000221340F38682614C9DED047B0020224653
:106F9000014613F0010F01F101014FEA630304D030
:106FA00092ED006B012027EE067B012B02F1080217
:106FB000EFD108B18DED047B059BA3F154730593CC
:106FC00004EBC1049DED046B94ED007B4C4B27EE6C
:106FD000067B17EE902A4E4913408B428DED047BC1
:106FE0007ED8A1F580118B4240F2D681464C4FF0FD
:106FF000FF33CDE904340023089385E5B4EECE9B3E
:10700000F1EE10FA7FF563AE63E71632FFF662AD7C
:107010000B9BA3EB0B0B3F4B03EBCB0393ED007BE5
:107020009DED046B86EE078B2DE54FF0000ECDF83D
:107030002CE04FF0010C4EE46E2C3FF410AD4DE40B
:107040003FF460AD5B4213F00F010AD0314A02EB0E
:10705000C1029DED046B92ED007B86EE077B8DED0A
:10706000047B1B113FF44EAD1F2B33DC13F01002D9
:1070700018BF6A229DED047B0892274A0021D80799
:1070800004D592ED006B012127EE067B5B1002F127
:107090000802F4D109B18DED047B089B93B1DDE9C1
:1070A0000401C1F30A52C2F16B03002B0ADD1F2B4E
:1070B00040F32F820020342B049040F340824FF0A5
:1070C0005C7305939DED047BB5EE407BF1EE10FA09
:1070D0007FF41AAD22239FED058BC8F80030D2E46F
:1070E00022239FED048BC8F80030CCE400000000A0
:1070F00000000000000000000000F07F0000F0BF72
:107100000000F07FFFFF9F7CFFFFEF7F80020020E9
:107110000000A07CA8020020700300200293099BBD
:10712000019312AB0093A74A13AB11A9404601F09B
:10713000D7FA10F00F0504463FF4A3AC062D74D126
:10714000079B9FED9A8B0137002B3FF4CEAB1F605E
:10715000FFF7CBBB9DED048B95E40B9BDDF844C0A2
:1071600003440B93012805F101031A4614D0284467
:10717000441E03E046009C420DD001332A46082AF3
:107180001D4606EB8600F5D9102BDCBF09EB8909FB
:107190004FEA4909EFE70232082D3CDC1546FFF7BC
:1071A00079BB89490122384600F036FD002800F0FD
:1071B00082804FF0000EF14676467546FFF7B5BB6C
:1071C00044F61F639B45A8BF9B462FE4DDE90423DB
:1071D0001846002B7FF423AE22239FED748B129868
:1071E000C8F8003078E6B0EE497BC0E6774911A8D0
:1071F00001F040FD00283FF471AB119B7449013B45
:1072000011A8119301F036FD10B9119B01331193B0
:107210009FED688B37E4102ADCBF09EB890901EB8D
:10722000490915460020FFF73ABB129A3AB13521B9
:1072300014A805F0CFFC1299404605F017F8013D5F
:10724000139B042D00F28F81DFE805F0032D2A1F28
:107250000300149A049203F23342159B23F4801323
:1072600043EA02530593E50502D543F00043059335
:10727000584A1A409DED048B002A7FF404AC00F0BC
:10728000BBFD22230360FFF7FEBB4FF0FF336FF01F
:107290000046CDE90436E3057FF55CAF059BE4E7E6
:1072A0004C4B0593F7E7149B0493159B0593DAE782
:1072B0000020FFF7E1BA119B1A460133119354786D
:1072C00006468146FFF7CDBA434B03EBC20393ED6D
:1072D000008B9DED047B28EE078BFFF7D4BBBEEE41
:1072E000007BB6EE009B11E5AE460B90FFF7DCBAD3
:1072F000394BC5F10F054A1B03EBC50503EBC20370
:1073000095ED008B93ED007B9DED046B28EE068BD5
:1073100028EE078BFFF7B7BB002D00F09580DDE965
:1073200004BC2E4BCCF313019942624600F0D2808C
:107330000E9B002B00F0A580DDE9041213421746D6
:107340001AD0B0EE480B002D00F0A68005F012FB1D
:10735000089B7BB1C7F30A53C3F16B03002B09DD14
:107360001B0503F17F51002001F5401141EC170B83
:1073700020EE070B38EE008B089B5BB19FED0F7B77
:10738000144B28EE078B18EE902A134013B92223D2
:10739000C8F8003012989FE502F15473059300235A
:1073A0000893FFF7B1BB00BFAFF3008000000000FF
:1073B00000000000000000000000F07F000000005E
:1073C00000005039688E00200C0A00206C2000203C
:1073D000702000200000F07FA8020020FFFF0F00B7
:1073E000DDE904120D43C7D1C2F313031746002B86
:1073F000C2D122F000431B0D1B05B3F1D66FBBD9E0
:10740000DAF814301BB9DAF81030012BB4DD51462C
:107410000122404605F06AF92146824605F0DEF970
:107420000028A9DD089B002B7ED1504B3B40A3F5E3
:1074300080136FEA13536FEA035305934FF0FF3342
:1074400004939DED048B97E7DDE90412C2F3130367
:107450000B4317467FF46CAFE4E7454911A814AA23
:1074600001F024FC05287FF406AB159B43F0FF4395
:1074700043F4E0030593149B04939DED048BFFF705
:1074800002BBDDE904010D9B03423FF475AF0F46DB
:1074900057E7384C00218FE505F06CFA089B002B6C
:1074A00055D0C7F30A53C3F16B03002B09DD1B054D
:1074B00003F17F5101F54011284641EC170B20EEF6
:1074C000070B38EE408BB5EE408BF1EE10FA7FF4EF
:1074D00055AF81E6089B04991BB3244B1340B3F1CD
:1074E000D46F1ED81B0DC3F16B034FF0FF3000FAB1
:1074F00003F399427FF41CAF1F4B9A4230D01B4BD1
:10750000134003F580130593002304939DED048B32
:1075100032E74FF0FF3202FA03F3049A1A40049262
:10752000D0E54FF0FF33E4E7104B3B40B3F1D66FAB
:107530003FF77DAFB3F15C7F3FF720AF4CE6C2F180
:107540004B024FF0FF3393400B400593BAE538EE02
:10755000408BB5EE408BF1EE10FA7FF41BAF3BE6AB
:107560000131CCD109E400237DE600BF0000F07FAB
:107570007C8E002080020020FFFFEF7F014BFFF791
:10758000C5B800BF30930020012B2DE9F84F40D043
:10759000242B98463DD84C4D8E4676461EF801BBAE
:1075A00015F80B4014F00804F7D1BBF12D0F72D081
:1075B000BBF12B0F08BF9EF800B06FF0004908BF69
:1075C00006F1020E002B42D0102B57D0B9FBF8F772
:1075D00000252E4608FB179A05E033D008FB06C6A7
:1075E00001251EF801BBABF1300CBCF1090F06D927
:1075F000ABF1410CBCF1190F12D8ABF1370C63455C
:1076000017DDB5F1FF3FECD0B742E6D24FF0FF35C2
:10761000E7E700F0F1FB162303600020BDE8F88FD8
:10762000ABF1610CBCF1190F03D8ABF1570C6345FA
:10763000E7DC6B1C27D08CB90AB1A5BB11603046C2
:10764000BDE8F88FE245C9DA4FF0FF35C9E7BBF175
:10765000300F05D04FF00A084346B7E77642EBE714
:107660009EF8003003F0DF03582B21D14FF01008B3
:107670009EF801B043460EF1020EA7E7BBF1300FB2
:107680001AD09846A2E72223036072B10EF1FF31AF
:107690004E461160D3E79EF800B04FF0004906F166
:1076A000020E01248EE7B146F0E74E463046C7E7AA
:1076B0004FF00808434689E79EF8005005F0DF05C3
:1076C000582DD3D0984681E7E11E0020FFF75CBF1C
:1076D000F0B5254FA2F1020E164605460C460FCF17
:1076E0008BB0EC46ACE80F000FCFACE80F0097E88A
:1076F00003004CF8040BBEF1220F8CF800102ED8BA
:1077000004F1FF3E70464FF0000CB5FBF6F206FBAD
:10771000125328336B44614613F828CC00F801CF8C
:107720002B469E4201F1010C1546EED9002304F8C8
:107730000C3089B1A44472461EF8010F1CF8015D9B
:107740008EF80050A4EB0E030232013B121B0B44D7
:107750009A428CF80000EEDB20460BB0F0BD00230F
:10776000184623700BB0F0BDB81E00200EB410B543
:107770009FB021AC4FF4017154F8042B0192ADF885
:107780001C100490089000F041FD059009900B48F2
:107790000B490C9100234FF6FF7C10931593019A2F
:1077A0000068ADF81EC0234604A9039403F010F945
:1077B0001FB0BDE8104003B0704700BFB89800206C
:1077C0001D58010010B50C46B1F90E1000F0D0FAAA
:1077D000002803DB236D0344236510BDA38923F434
:1077E0008053A38110BD00BF002070472DE9F041F8
:1077F0000C46B1F90C101F46CB05054616460BD4B6
:1078000021F48051A1813B46B4F90E10324628463E
:10781000BDE8F04100F0DABAB4F90E1002230022FC
:1078200000F08AFAB4F90C10EAE700BF10B50C4674
:10783000B1F90E1000F080FAA389421C0EBF23F4A8
:10784000805343F480532065A38110BDB1F90E101D
:1078500000F060BA024A0349034800F0BBB800BF19
:10786000AC980020C9AC0100B88F00200C4B4168D7
:10787000994210B5044601D005F00CFAA168094BF5
:10788000994202D0204605F005FAE168064B99427C
:1078900004D02046BDE8104005F0FCB910BD00BF83
:1078A000A0B5002008B6002070B600202DE9F843EE
:1078B0002A4C2B4B2B48DFF8C090DFF8C0802A4FB2
:1078C0001860002504230822294604F15C00274E95
:1078D0006566C4E90253C4E90055C4E90455A561CD
:1078E00000F048F9224B63670822294604F1C400DE
:1078F000C4E90749C4E90987C4E91A55C4E91E5512
:10790000C4F8CC502567C4F88050E66200F032F924
:10791000184BC4F8DC30294604F16803082204F54A
:107920009670C4F88430C4E92298C4E92476C4E986
:107930003455C4E93855C4F83451C4F8D850C4F8A3
:10794000E85000F017F904F1D003C4E93C98C4E909
:107950003E76C4F8EC30BDE8F88300BFA0B5002047
:10796000D8B60020895801006158010081580100F3
:107970000900010012000200F9570100215801001E
:1079800010B504460A4800F035FC636B23B9094B77
:10799000094A1B68626323B1BDE81040044800F047
:1079A0002BBCFFF783FFBDE81040014800F024BC6A
:1079B00068B50020D8B60020A1580100014800F0A9
:1079C00019BC00BF68B50020014800F015BC00BF1D
:1079D00068B500202DE9F84380460F4616464FF063
:1079E0000009D6E90154013D11D4A389012B05F109
:1079F000FF3508D9B4F90E300133214603D0404693
:107A0000B84749EA00096B1C04F16804EDD13668F7
:107A1000002EE6D14846BDE8F88300BF032A70B5C2
:107A200014D940EA01039B0722D104460B461946AC
:107A300020460E680568B54204F1040403F104030E
:107A400016D1043A032A20461946F0D8541E9AB19A
:107A5000421E013901E0C3180CD012F801EF11F8F1
:107A600001CFE645A4EB0203F5D0AEEB0C0070BDF0
:107A7000541EEDE7184670BD104670BD88420DD902
:107A80008B1883420AD900EB020CBAB1624613F894
:107A900001CD02F801CD9942F9D170470F2A0ED8D5
:107AA000034602F1FF3C4AB10CF1010C013B8C444E
:107AB00011F8012B03F8012F6145F9D1704740EA15
:107AC00001039B0750D1A2F1100370B501F1200C06
:107AD00023F00F0501F1100E00F11004AC441B0956
:107AE0005EF8105C44F8105C5EF80C5C44F80C5CCA
:107AF0005EF8085C44F8085C5EF8045C44F8045CDA
:107B00000EF1100EE64504F11004E9D1013312F034
:107B10000C0F01EB031102F00F0400EB031327D04D
:107B2000043C24F003064FEA940C1E441C1F8E46AE
:107B30005EF8045B44F8045FB442F9D10CF101042F
:107B400002F0030203EB840301EB840102F1FF3C2A
:107B50004AB10CF1010C013B8C4411F8012B03F8E4
:107B6000012F6145F9D170BD02F1FF3C03469BE74F
:107B70002246EBE7830730B548D0541E002A3FD099
:107B8000CAB2034601E0013C3AD303F8012B9D073A
:107B9000F9D1032C2DD9CDB245EA05250F2C45EAA4
:107BA000054536D9A4F1100222F00F0C03F1200E86
:107BB000E6444FEA121C03F1100242E9045542E97F
:107BC000025510327245F8D10CF1010214F00C0F7D
:107BD00003EB021204F00F0C13D0ACF1040323F0FA
:107BE00003030433134442F8045B9342FBD10CF0CB
:107BF00003042CB1C9B21C4403F8011B9C42FBD105
:107C000030BD64461346002CF4D1F9E70346144610
:107C1000BFE71A46A446E0E7002A3ED040EA010347
:107C20009B0730B584462FD1032A2DD90B4608E097
:107C3000043A8446194625D01EF0803F22D1032AFB
:107C400022D90468194653F8045BA4F1013EAC4202
:107C500084462EEA040E00F10400E9D09CF80000EE
:107C60000C78A0421BD1E64668B11EF8010F11F84E
:107C7000014FA2EB0E03A04203F1FF330FD11CEB27
:107C80000303F1D1002030BD9CF800000C78844241
:107C900005D1012AF6D0E646E6E710467047001BFC
:107CA00030BD00BF40EA01039B0730B501D1032A74
:107CB0000FD8844601F1FF3E07E01EF8011F03F8CC
:107CC000011B541EC1B19C4622466346002AF4D1D2
:107CD00030BD0B468446194653F8045BA5F10134C8
:107CE00024EA050414F0803FE4D1043A032A4CF856
:107CF000045B1946EFD8DDE79444002CE8D003F884
:107D0000011B6345FBD130BD014B93F8280170473F
:107D10003093002038B5074D0022044608462A60FB
:107D2000F8F7CCFF431C00D038BD2B68002BFBD0EC
:107D3000236038BDECB6002038B50C46084D8446AB
:107D4000114620461A4600232B606446F8F7C2FF0E
:107D5000431C00D038BD2B68002BFBD0236038BDFE
:107D6000ECB6002013460A460146022000F0BCBAD9
:107D700038B50C46084D8446114620461A46002365
:107D80002B606446F8F798FF431C00D038BD2B6881
:107D9000002BFBD0236038BDECB60020B7EEC00A44
:107DA000002305F0E7B900BF38B5074D00220446AF
:107DB00008462A60F8F766FF431C00D038BD2B68E0
:107DC000002BFBD0236038BDECB6002038B50C4644
:107DD000084D8446114620461A4600232B6064460F
:107DE000F7F70AFB431C00D038BD2B68002BFBD0F3
:107DF000236038BDECB60020014B1868704700BF07
:107E0000B89800200000000000000000A2EB030072
:107E1000704700BF02780B78012A28BF9A42F5D13B
:107E20006DE9044540EA0104CDE902676FF0000CFA
:107E30004FEA447212B380EA010414F0070F6AD1CA
:107E400000F0070420F0070004F0030521F007010B
:107E50004FEAC505F0E8042314F0040FF1E80467C5
:107E60000CFA05F462EA040266EA04060AD063EA40
:107E70000403624667EA0407664603E0F0E8042369
:107E8000F1E8046782FA4CF582EA0604A4FA8CF45D
:107E90006CBB83FA4CF583EA0705A5FA8CF595B916
:107EA00050E9022351E9026782FA4CF582EA06049E
:107EB000A4FA8CF483FA4CF583EA0705A5FA8CF54D
:107EC0002543DBD09CB92DBAB5FA85F424F007041C
:107ED00027FA04F1DDE9026723FA04F303F0FF0057
:107EE00001F0FF01FDE80445A0EB0100704724BA52
:107EF000B4FA84F424F0070426FA04F1DDE90267F9
:107F000022FA04F202F0FF0001F0FF01FDE804454F
:107F1000A0EB0100704714F0030F3CD110F00304F4
:107F200028D150F8082B51F8083B82FA4CF582EA28
:107F30000305A5FA8CF55DB950F8042C51F8043C02
:107F400082FA4CF582EA0305A5FA8CF5002DE8D0FB
:107F50002DBAB5FA85F424F0070423FA04F122FAC5
:107F600004F202F0FF0001F0FF01FDE80445A0EB80
:107F7000010070474FEAC40420F0030050F8082BBA
:107F800021F0030151F8083B0CFA04F462EA040200
:107F900063EA0403C9E710F003041AD0A1EB04015B
:107FA00020F00300E40750F8042B06D00FD28B78A2
:107FB0005FFAA2F4E41A06D12BB1CB785FFAB2F4DF
:107FC000E41A00D11BB920465DF8104B704701F14F
:107FD000040150F8042BCC0721F0030151F8043BB5
:107FE00048D824D222F07F4482FA4CF594EA132533
:107FF000A5FA8CF50AD165B951F8043B84EA02046C
:10800000B4EB036F0ED150F8042BEBE74FEA1323C8
:1080100055E035F07F454DD10878FDE80445C0F1C5
:10802000000070474FEA126203F0FF0347E002EAE4
:108030001C4482FA4CF594EA1345A5FA8CF50AD152
:1080400065B951F8043B84EA0204B4EB034F0CD148
:1080500050F8042BEBE74FEA134330E015EA1C45D8
:1080600028D10B884FEA124229E04FEA124203EA74
:108070001C4324E002F0FF0482FA4CF594EA1365F5
:10808000A5FA8CF50AD165B951F8043B84EA0204DB
:10809000B4EB032F09D150F8042BEBE74FEA13633D
:1080A0000DE015F0FF0F05D10B684FEA122223F007
:1080B0007F4304E04FF00000FDE80445704712BA2A
:1080C0001BBA82FA4CF482EA0304A4FA8CF5B5FADE
:1080D00085F402FA04F203FA04F34FEA1260FDE8B1
:1080E0000445A0EB1360704780EA0102844612F059
:1080F000030F4FD111F0030F32D14DF8044D11F0A1
:10810000040F51F8043B0BD0A3F101329A4312F053
:10811000803F04BF4CF8043B51F8043B16D100BF2C
:1081200051F8044BA3F101329A4312F0803FA4F1BD
:1081300001320BD14CF8043BA24312F0803F04BF44
:1081400051F8043B4CF8044BEAD023460CF8013BB1
:1081500013F0FF0F4FEA3323F8D15DF8044B70475B
:1081600011F0010F06D011F8012B0CF8012B002A99
:1081700008BF704711F0020FBFD031F8022B12F088
:10818000FF0F16BF2CF8022B8CF8002012F47F4F43
:10819000B3D1704711F8012B0CF8012B002AF9D14B
:1081A000704700BF70B50D4E0D4D761BB61006D052
:1081B000002455F8043B01349847A642F9D1094EF2
:1081C000094D761B08F0BEFAB61006D0002455F80B
:1081D000043B01349847A642F9D170BD801E00606F
:1081E000801E0060A41E0060801E0060704700BFFB
:1081F000704700BF704700BF704700BF000000001D
:1082000000000000000000000000000090F800F0F6
:108210006DE9024520F007016FF0000C10F0070433
:1082200091F820F040F049804FF000046FF0070013
:10823000D1E9002391F840F000F1080082FA4CF2F5
:10824000A4FA8CF283FA4CF3A2FA8CF34BBBD1E97B
:10825000022382FA4CF200F10800A4FA8CF283FAAD
:108260004CF3A2FA8CF3E3B9D1E9042382FA4CF27D
:1082700000F10800A4FA8CF283FA4CF3A2FA8CF312
:108280007BB9D1E9062301F1200182FA4CF200F119
:108290000800A4FA8CF283FA4CF3A2FA8CF3002BB8
:1082A000C6D0002A04BF04301A4612BAB2FA82F2CB
:1082B000FDE8024500EBD2007047D1E9002304F04D
:1082C0000305C4F100004FEAC50514F0040F91F84E
:1082D00040F00CFA05F562EA05021CBF63EA0503EB
:1082E00062464FF00004A9E72DE9F047DFF87CA0D3
:1082F0000646DAF8000098460F469146FFF77AFFE7
:10830000184B1C6824B365681F2D24DC5EB96B1CF8
:108310000235DAF80000636044F82570FFF76CFF5F
:108320000020BDE8F08704EB85010123C1F88890A7
:10833000D4F88821AB401A43022EC4F88821C1F832
:108340000881E4D1D4F88C211A43C4F88C21DEE7EB
:10835000054C1C60D7E7DAF80000FFF74DFF4FF03F
:10836000FF30DEE7CCB30020D0B300202493002000
:10837000000000009FED010B704700BF00000000EF
:108380000000F87F9FED010A704700BF0000C07F2A
:10839000F8B5244F0C460646FDF770FFBB685D68D4
:1083A000C4F57E610F3125F003054B1923F47F637B
:1083B00023F00F03A3F58054B4F5805F07DB0021A1
:1083C0003046FFF7F1FCBB682B44984204D030469E
:1083D000FDF75AFF0020F8BD61423046FFF7E4FC8C
:1083E00001300DD0104ABB682D1B45F001055D60C2
:1083F000136830461B1B1360FDF746FF0120F8BDD4
:1084000000213046FFF7D0FCBA68831A0F2BDEDD5F
:1084100043F001035360054B03491B68C01A086011
:10842000D5E700BF9C9400206CB50020A4980020E4
:10843000002961D0F8B50C460646FDF71FFF54F839
:10844000042C7B4FA4F1080522F0010105EB010C7F
:10845000B868DCF80430604523F0030300F08B803B
:10846000D207CCF8043032D454F8082CAD1A114499
:10847000AA6807F1080082426AD00CEB0304D4F822
:1084800004E0EC68D4601EF0010FA26000F0978059
:1084900041F001036B60CCF80010B1F5007F35D2DC
:1084A0007868CB080122490901338A40024357F812
:1084B00033107A6007EBC302083AC5E9021247F8A5
:1084C0003350CD603046BDE8F840FDF7DDBE0CEB23
:1084D00003025268D00710D4194407F10800DCF8F1
:1084E0000830834273D0DCF80C20DA60936041F0EE
:1084F00001036B606950D0E7704741F00103B1F5AB
:10850000007F44F8043CCCF80010C9D3B1F5206FCB
:108510004FEA512348D28B0903F1390003F13802A5
:10852000C300F818FB580838984259D05A6822F00E
:1085300003028A4202D99B689842F7D1D868C5E9FC
:1085400002308560DD603046BDE8F840FDF79CBE36
:108550000CEB03025268D20763D40B44DCE902122D
:10856000CA60916043F001026A603046EB50BDE89A
:10857000F840FDF789BE0B44D10707D454F8082C06
:10858000AD1A1344D5E90212CA60916043F00102AA
:108590006A60284ABD6012689A4293D8264B3046DA
:1085A0001968FFF7F5FE8DE7142B0AD9542B1FD855
:1085B0000B0B03F16F0003F16E02C300B1E7194426
:1085C0008DE703F15C0003F15B02C300A9E741F012
:1085D0000103C7E90455C5E902006B60695071E702
:1085E00079689210012404FA02F20A437A60A6E73D
:1085F000B3F5AA7F06D8CB0B03F1780003F177021D
:10860000C3008EE740F25452934206D88B0C03F11C
:108610007D0003F17C02C30083E74FF47E737E226A
:108620007FE741F001036B60CCF800104AE700BF20
:108630009C940020A89800209CB500202DE9F041D2
:108640000469B4EB611F2FDD00F1140E4E1111F01F
:108650001F0C0EEB84050EEB86032BD05EF8261064
:1086600004339D4221FA0CF1CCF1200818D9774649
:108670001A6802FA08F20A4347F8042B53F8041B5D
:108680009D4221FA0CF1F3D8A31B9B00053B9B08EC
:1086900001330EEB83044EF82310C9B1043417E004
:1086A000416174460029F9D100230361002343612D
:1086B000BDE8F0819D4288BF00F11002F4D953F863
:1086C000041B42F8041F9D42F9D8A41B0EEB84043E
:1086D000A4EB0E039B1074450361E7D0BDE8F08165
:1086E0002DE9F04F2DED028B0C688B46A17885B0FB
:1086F000302908EE100A9246029340F0CE816FF0C6
:108700000100001BE21C8318144612F8011B3029DB
:10871000F9D0DFF8008318F80120002A00F0E58086
:108720002278002718F802203D4626462AB116F87E
:10873000012F18F80220002AF9D1B549019301222E
:108740003046FFF769FA019B814600284DD0002D85
:108750004ED13278A94602F0DF02502A354650D079
:10876000CBF80060002F69D12B1B013B072B39464A
:1087700004DD5B10072B01F10101FADC18EE100A91
:1087800003F04EFD8346002800F0668200F11406D7
:10879000AC42019680F0D2810027CDF80C909C4924
:1087A000A1463C460CE0202F19D0384604372A78E1
:1087B00018F8022002F00F02824014434D4547D0C2
:1087C00015F8012D2E2AEED14D45ECD30122284675
:1087D000FFF722FA8E490028F0D0202FE5D10020A3
:1087E00046F8044B04270446E1E7002D00F04281DF
:1087F000327802F0DF02AD1B502A4FEA8509354678
:10880000AED16A782B2A00F025812D2A00F0A580B0
:108810006E1C002018F802104A1E182A00F29B80D5
:10882000727818F8022010390136002A5AD100B1A6
:1088300049428944CBF80060002F95D0002B14BF2B
:1088400000250625284605B0BDEC028BBDE8F08F5B
:10885000DDF80C90234646F8043B1846019BF61AB7
:10886000B610CBF8106003F0B5FD7601DAF80040E1
:10887000301AA04275DCC0F2EF800027DAF8083029
:108880004B45C0F25181DAF804304B454ADDA3EB89
:1088900009094C4500F38280DAF80C20022A00F026
:1088A0006581032A00F08181012A00F06F8118EEB2
:1088B000100A594603F0DAFC5025109A0023284686
:1088C000136005B0BDEC028BBDE8F08F01EB8101B8
:1088D00002EB4102A2F1100116F8012F18F8022054
:1088E000002AA4D0192AF1DDA1E749490193012208
:1088F0002046FFF791F9019B00286DD1617818F8A7
:108900000120651C002A69D030292C4605D114F8B5
:10891000013F302BFBD018F80320B2FA82F77F0911
:10892000012302E7012557B1DAF80C30022B5DD0A4
:10893000032B5FD0012B00F0848045F01005109BC5
:10894000C3F800B0029B2846C3F8009005B0BDEC08
:10895000028BBDE8F08F2E4602E70120AA78AE1CFC
:1089600058E7061B3146584604F062F9074678B1CD
:10897000721E53110199012751F8231002F01F03B1
:1089800007FA03F30B4203D0BA4200F3E280022756
:1089900031465846B144FFF751FE6FE709F1FF3504
:1089A000002F40F0CE80002D40F0CD806B11019A59
:1089B00005F01F0552F823200123AB40134249461E
:1089C000584618BF47F00207A4EB0904FFF736FE2C
:1089D0000225DAF80490A6E72178254601F0DF01A8
:1089E000502900F0BF80CBF8005027E7119BC3F15E
:1089F00001031193119B002B9FD0DBF81070DDF861
:108A00000480BA004346019208EB8700002107E08A
:108A10000C0A00204C1D0020984243F8041C3FD94A
:108A20001E4653F8042BB2F1FF3FF5D00132022D60
:108A3000326000F0BF8014F01F0440F0E780212571
:108A40007DE7BA077FF579AF019B1B681F43FB07E2
:108A5000D3D472E7002081E7221A594618EE100A93
:108A6000A9EB020903F042FE00F1140383460193CF
:108A7000002703E7727818F80200711C002800F044
:108A8000A0800D4611F8012F18F802000028F8D137
:108A9000751B4FEA85090E465DE60234002338E671
:108AA000DBF808309F4280F28E803B460BEB83025E
:108AB00001210133022DCBF8103051617AD09F4251
:108AC000B9DA002B40F39B80DBF8142008EB83031A
:108AD0000BF1180083424FEA520240F2B180444643
:108AE000016842EAC17244F8042B50F8042B834217
:108AF0004FEA5202F4D8A3EB0B03193B9B08013356
:108B000048F8232008EB8303002A40F09D80A3EB64
:108B1000080292104345CBF8102073D0DAF80830E1
:108B200009F101094B458ADA18EE100A594603F09B
:108B30009DFB109A00231360A32583E6019E00236A
:108B400089E6012732E72946584604F071F80746BE
:108B50002CE7B11E584604F06BF800283FF417AF1D
:108B6000032715E74FF0000901274AE6119A002A6A
:108B70007FF49DAE02990B60019B0122CBF810207F
:108B80001A60109B6225C3F800B05BE64C457FF489
:108B90008EAE012CEED0611E584604F049F8002834
:108BA0003FF485AEDAF80430E4E7119A002A3FF486
:108BB0007EAEDFE7DAF80030013BA34234D0222555
:108BC000BDE60E46C7E5DBF8041018EE100A0131C9
:108BD00003F026FB0646C8B3DBF8103002339A00D8
:108BE0000BF10C010C30F7F737FC594618EE100A60
:108BF00003F03CFB06F114083369B34656E7002343
:108C0000CBF810300023CBF8143087E7019B4344A6
:108C1000C4F1200453F8040C03F0DCFBA042BFF6BF
:108C20000EAFDBF810304CE7631104F01F0458F866
:108C300023200123A34013420CBF222521257EE6D9
:108C4000C8F8002043466AB1043360E7074B084880
:108C50003246842104F06AFD044B05485A46E4215B
:108C600004F064FDCBF81020CCE700BFCC1C002042
:108C7000E01C002010B4046809E014F8013FA3F1DF
:108C8000410CBCF1190F98BF2033934209D111F860
:108C9000012B002AF1D10134046001205DF8044B5E
:108CA000704700205DF8044B704700BF2DE9F04F7E
:108CB000096885B04B1111F01F01029002EB83038C
:108CC000039140F08F801D1F0193029B01991C6846
:108CD000002341F8043C61780134002900F09880B9
:108CE000DFF87491A846AC469A461E460EE020294D
:108CF00000F28C80564506DDC44501D2072B5BDDB2
:108D0000624551D3082314F8011FA1B119F80100DD
:108D10000028ECD00133082B06F101063ADCDCF820
:108D20000010090100F00F000843CCF8000014F80F
:108D3000011F0029EAD1002E6AD0C44501D2072BB9
:108D400074DD624552D2111F634653F8040B41F89B
:108D5000040FAB42F9D9A5EB0C0323F00303691C04
:108D600004330CF1010C614538BF04231344002186
:108D700043F8041BAB42FBD9019B53F8043C2BB9CD
:108D8000AA4249D055F8043D002BF9D0052005B082
:108D9000BDE8F08F6245B6D200234CF8043C19467A
:108DA000ACF1040C0123BDE70023ACF104084CF83E
:108DB000043CB246C446A6E7C3F10801DCF8003023
:108DC0008900C1F1200E60469B46476807FA0EF302
:108DD00043EA0B0327FA01FB036040F804BF404558
:108DE000F3D38DE7191D01911D466EE7039B002B00
:108DF000C2D0039B0198C3F120014FF0FF33CB4059
:108E000050F8041C0B4040F8043CB8E7292909D06D
:108E1000042005B0BDE8F08F012305202B6005B0CC
:108E2000BDE8F08F029901340C6084E7DCF8001093
:108E3000C3F108039B00C3F1200764460846666837
:108E400006FA07F1014326FA03F0216044F8040F03
:108E50004445F4D375E700BF4C1D002082B049B1F2
:108E60005AB16BB113780B601278101E18BF012035
:108E700002B0704701A9002AF3D1104602B0704732
:108E80006FF00100F4E700BF000000002DE9F04F93
:108E90002DED088BD1B00C460BEE101A90460893BE
:108EA000834604F063F9036812931846FFF7AEF99E
:108EB00020AF1090082200213846FEF75BFEA38900
:108EC0001B0603D52369002B00F0558700239FED77
:108ED000838B9FED849BCDE92533CDE91333CDE919
:108EE000153327AA0E932492924611930493444675
:108EF000A1467E4BD3F8E450FEF706FF4A460346F0
:108F00001CA900975846A847002800F0B080C0F27E
:108F1000A6801C9A252A034601D09944E9E7B9EBBB
:108F20000405064640F0A78000234FF0FF328DF87D
:108F300067309846069309F1010999F800300392C9
:108F40002B25202609F10109A3F120025A2A00F25B
:108F5000CF80DFE812F0E802CD00CD00E302CD00C3
:108F6000CD00CD006A00CD00CD0005028402CD0009
:108F70001002C902CD00BD025B005B005B005B001C
:108F80005B005B005B005B005B00CD00CD00CD00B3
:108F9000CD00CD00CD00CD005301CD0083011A02DC
:108FA000530153015301CD00CD00CD00CD0015027A
:108FB000CD00CD009602CD00CD00CD00AB01CD009F
:108FC000AA02CD00CD00E306CD00CD00CD00CD003E
:108FD000CD00CD00CD00CD005301CD008301DE01D9
:108FE0005301530153017702DE017F00CD00890256
:108FF000CD005F02E0062F027F00CD00AB017C00B8
:10900000B806CD00CD00BD06CD007C00A3F1300236
:10901000002119F8013B01EB810102EB4101A3F1B1
:109020003002092AF5D906918EE7584604F09EF8D9
:10903000436815931846FFF7E9F81690584604F070
:1090400095F883681393169B002B40F02D8699F8B2
:10905000003077E799F8003048F0200872E70822DE
:1090600000213846FEF786FD0123994441E7B9EB1C
:109070000405064611D0269B2B442693259B0133DD
:10908000072BCAE9004525931CDC0AF1080A049B5A
:109090002B440493002E7FF447AF269B002B41F016
:1090A0000B821BEE103AB3F90C3013F0400F049B07
:1090B00018BF4FF0FF330493049851B0BDEC088BF8
:1090C000BDE8F08F1BEE101A24AA584605F0A4FB49
:1090D0000028E6D10DF19C0AD9E700BF000000008E
:1090E00000000000FFFFFFFFFFFFEF7F3093002035
:1090F0000B93002BD1D00021CDE90C118DF8DC3081
:1091000001238DF8671002930791059303910F9146
:1091100037AC18F00203099302D0029B023302938A
:1091200018F084030A9305D1069B029A9D1A002D1C
:1091300000F36983269A89B125990DF16700013101
:109140000132CAF8000007294FF00100269225914C
:10915000CAF8040000F3A2830AF1080A099B83B14C
:10916000259B1AA901330232CAF80010072B4FF0D1
:10917000020126922593CAF8041000F3A3830AF192
:10918000080A0A9B802B00F06C82039B05995D1AEC
:10919000002D00F3A58218F4807F40F00D82059B1E
:1091A000CAF804301A44259BCAF800400133072B43
:1091B0002692259300F31B830AF1080A18F0040F86
:1091C00005D0069B02995C1A002C00F38883049B4F
:1091D000069902988142ACBF5B181B180493002AC1
:1091E00040F0B08200232593079B1BB10799584696
:1091F000FFF71EF90DF19C0A4C4679E60B93089B8C
:10920000073323F00703B3EC028BB0EEC87BB4EE58
:10921000497BF1EE10FA089340F3E984B5EEC08B78
:10922000F1EE10FA01F159809DF86710AB4CAC4B90
:1092300028F080080B9A472AC8BF1C460023CDE9B6
:109240000C33032207930292059203930F93002994
:109250003FF45FAF029B013302935AE7432B0B931A
:1092600003D018F0100F00F05D85089D0822002142
:1092700022A837ACFEF77EFC22AB55F8042B214622
:10928000584604F0CDF903460133059001F0EE8213
:10929000059B089523EAE37302930021CDE90C11A5
:1092A0008DF86710079103910F9132E70B93089B9C
:1092B0001A4600238DF86730134653F8044B089381
:1092C000002C00F048850B9B532B00F0EC8618F027
:1092D00010030C9340F0E786039B5D1C01F0E580D2
:1092E0000C991A46204604F021F90790002801F055
:1092F0002883079B1A1B05920C9B039322EAE272B8
:109300000F930D93079373239DF8671002920B93AD
:109310009DE718F0200F0B93089B3DD0073323F0F7
:1093200007031A4611465B6851F8082B0891194645
:10933000002BC0F20C84039B013300F09E8228F0C6
:10934000800052EA0103029040F09982039B002BB7
:1093500040F09A82804600230393059350AC06E1C7
:10936000089B53F8042B0692002A80F21984069A6F
:1093700008935242069299F8003048F00408E1E55B
:1093800099F8003048F00808DCE548F0100818F0BB
:10939000200F0B93089BC1D118F0100F40F00B84E5
:1093A00018F0400F00F0038433F9042B0893D11711
:1093B0000B46BDE7089B48F00202029253F8042BCB
:1093C000089347F63003ADF868307820454B119389
:1093D000002102230B900020039C8DF86700601C85
:1093E00000F0AD80029820F0800852EA010040F0C1
:1093F000A480002C40F0AE86002BACD1029B13F071
:109400000103059300F0D18330238DF83F310DF235
:109410003F14ACE018F0200F40F0D48318F0100F88
:1094200040F09F8618F0400F40F0978718F4007FB7
:1094300000F09786089B049953F8042B0893117049
:109440004C4655E599F80030682B03BF99F8013078
:1094500048F4007809F1010948F0400872E599F8EC
:1094600000308DF867506DE599F800306C2B03BF24
:1094700099F8013048F0200809F1010948F0100876
:1094800060E50B9348F0100818F0200100F05183BC
:10949000089B073323F00703596853F8082B0893F8
:1094A00028F480630293002395E70B9348F01003A0
:1094B0000293029B13F0200100F02983089B0733DD
:1094C00023F00703596853F8082B0893012382E718
:1094D00099F8003048F0800834E500BF7C20002077
:1094E0002419002084200020494611F8013B2A2B32
:1094F00001F04982A3F13002092A894698BF002170
:1095000001F2448119F8013B01EB810102EB4101B9
:10951000A3F13002092AF5D9039115E599F8003035
:1095200048F001080EE59DF86730002B7FF48FAD01
:1095300099F800308DF8676004E5CDF80880012BBC
:1095400000F09D81022B50AC20D1119802F00F0346
:109550001209C35C04F8013D42EA0172090952EAAA
:109560000103F3D150AB1B1BDDF808800593059A6E
:1095700003989DF8671082424FF00003B8BF02467F
:10958000CDE90C33079302920F9360E602F00703D4
:10959000D20842EA4172C908303352EA0105204636
:1095A00004F8013DF2D1029AD10700F14D8250AB8F
:1095B0001B1B90460593DAE70B9B652B40F3D48089
:1095C000B5EE408BF1EE10FA40F0C181259BBA490F
:1095D000CAF80010013301320121072B269225938E
:1095E000CAF8041000F351850AF1080A1B9B0E9972
:1095F0008B4280F2D082109B12991A44CAE9001360
:10960000259B26920133072B259300F397830AF1BC
:10961000080A0E9B5C1E002C7FF7D0AD102C259BFA
:1096200040F36E851BEE106A102505E00AF1080A6A
:10963000103C102C40F364850133A0491032072BF5
:10964000CAE90015CDE92532F0DD24AA3146584695
:1096500005F0E2F800287ED1DDE925320DF19C0A03
:10966000E6E7069B02995D1A002D7FF78EAD102D5F
:10967000259B21DD099410261BEE104A04E0103DC5
:10968000102D0AF1080A16DD01338C491032072B20
:10969000CAE90016CDE92532F1DD24AA2146584653
:1096A0000DF19C0A05F0B8F8002854D1103D102D9A
:1096B000DDE92532E8DC099C8049CAF80450013311
:1096C0002A44072BCDE92532CAF8001000F326857D
:1096D000039B05995D1A002D0AF1080A7FF75BAD1F
:1096E000102D259B1FDD514610261BEE10AA04E00D
:1096F000103D102D01F1080114DD01336F481032C7
:10970000072BC1E90006CDE92532F1DD24AA514637
:10971000584605F081F8F0B9103D102DDDE92532ED
:1097200027A9EADC8A4601336449CAF804502A446E
:10973000072BCDE92532CAF8001000F3DA810AF1CF
:10974000080A28E51BEE101A24AA584605F064F80A
:1097500000283FF447AD079B002B3FF4A2AC0799CC
:109760005846FEF765FE9CE40E9B012B40F37A8180
:10977000259BCAF80040013301320121072B2692B4
:109780002593CAF8041000F3F8810AF1080A109929
:10979000129801330A44072BCAE90001CDE92532AA
:1097A00000F3DD810AF1080AB5EE408BF1EE10FA04
:1097B00000F077810E990133013901340A44072BF7
:1097C000CAF800402593CAF80410269200F35B8182
:1097D0000AF1080A1499CAF8041001330A44072B45
:1097E0001EA9CDE92532CAF800107FF7E5AC1BEEC3
:1097F000101A24AA584605F00FF80028ABD1269A73
:109800000DF19C0ADAE4102DDDE925122C4E24DD41
:10981000179410231BEE104A084604E0103D102D4B
:109820000AF1080A17DD013010320728CAE900637F
:10983000CDE92502F2DD24AA214658460DF19C0A05
:1098400004F0EAFF002886D1103D102DDDE9250245
:109850004FF01003E7DC179C014601312A44072929
:10986000CDE92512CAF80060CAF8045000F3BD83A0
:109870009DF867100AF1080A5DE4CDF808800A2A0D
:1098800071F1000380F0458330320123DDF8088058
:109890008DF83F2105930DF23F1468E61BEE101A78
:1098A00024AA584604F0B8FF00287FF454AF269A43
:1098B0000DF19C0A52E400BF608E0020908F0020C2
:1098C0002C3B00201BEE101A24AA584604F0A4FFDB
:1098D00000287FF440AF269A0DF19C0A51E4102C29
:1098E000259BBE4E1FDD1BEE108A102504E0103CA8
:1098F000102C0AF1080A16DD01331032072BCAE9D1
:109900000065CDE92532F2DD24AA414658460DF125
:109910009C0A04F081FF00287FF41DAF103C102C3E
:10992000DDE92532E8DC01332244072BCAE9006473
:10993000CDE925327FF74BAC1BEE101A24AA58460E
:1099400004F06AFF00287FF406AF269A3FE41B99D3
:10995000002940F35A830C9E0E9B9E42A8BF1E46D0
:10996000002E0BDD259B01333244072BCAE900464C
:109970002692259300F389860AF1080A0C9D002E91
:10998000A8BFAD1B002D00F303820C9B18F4806F61
:109990002344059340F01F821B9B0E998B4203DBEF
:1099A00018F0010F00F0CF84109912980A44CAE908
:1099B00000012599269201310729259100F3A586FA
:1099C0000AF1080A0E996518CC1A059BED1AA542F2
:1099D000A8BF2546002D0DDDCAF80030259BCAF82A
:1099E000045001332A44072B2692259300F3BB86AB
:1099F0000AF1080A002DA8BF641B002C7FF7DEAB1C
:109A0000102C259B40F37C831BEE106A102505E08B
:109A10000AF1080A103C102C40F37283013370499C
:109A20001032072BCAE90015CDE92532F0DD24AA52
:109A30003146584604F0F0FE00287FF48CAEDDE994
:109A400025320DF19C0AE5E7302B3FF48BAD302336
:109A5000023804F8013C50AB1B1ADDF8088005936E
:109A6000044684E518F0010F7FF482AE259BCAF806
:109A70000040013301320121072B26922593CAF8B9
:109A800004107FF7A5AE1BEE101A24AA584604F066
:109A9000C3FE00287FF45FAEDDE925320DF19C0A9C
:109AA00098E60E994C1E002C7FF794AE102C40F3D4
:109AB00061831BEE106A102505E00AF1080A103CCC
:109AC000102C40F35783013345491032072BCAE964
:109AD0000015CDE92532F0DD24AA3146584604F0C0
:109AE0009BFE00287FF437AEDDE925320DF19C0A9C
:109AF000E5E71BEE101A24AA584604F08DFE002854
:109B00007FF429AE269A0DF19C0AFFF744BB029B15
:109B100013F0100340F0C180029A12F0400200F0EE
:109B20007A83089850F8042B0890194692B20123C2
:109B300051E418F0100355D118F0400200F05D8395
:109B4000089850F8042B0890194692B2A8E45242A3
:109B500061EB4101CDF808802D2001233CE41BEE90
:109B6000101A24AA584604F057FE00287FF4F3ADDB
:109B7000DDE925320DF19C0A16E61BEE101A24AA27
:109B8000584604F049FE00287FF4E5ADDDE92532B2
:109B90000DF19C0AFBE518F0010F3FF40FAB2AE52D
:109BA000089399F80030FFF7CDB950ACDFE418F412
:109BB000007F40F0DB8353F8042B0893D1170B464A
:109BC000FFF7B6BB089B049853F8041B0893C21711
:109BD000C1E900024C46FFF78BB900BF2C3B0020C7
:109BE000908F0020089B53F8042B089358E4B4EEA0
:109BF000488BF1EE10FA80F194860B9B612B00F0FC
:109C00005285412B00F0C085039B01330B9B23F051
:109C1000200500F08084472D04D1039B002B08BF52
:109C20000123039318EE903A002B48F480724646C5
:109C3000C0F21886B0EE48AB002390460993079314
:109C40000B9B413B252B00F29883DFE813F06F0458
:109C500096039603960368046C0496039603960392
:109C6000960396039603960396039603960396032C
:109C7000960396039603960396039603960396031C
:109C8000960396039603960396039603960396030C
:109C900096039603960368046C04089B53F8042B00
:109CA00008930123FFF797BB139B002B3FF4CFA929
:109CB000139B1B78002B3FF4CAA999F8003048F495
:109CC0008068FFF73FB90B93CDF80880FFF7F1BB31
:109CD0000B939A4B119318F0200100F00581089B1B
:109CE000073323F00703596853F8082B089318F03B
:109CF000010F0AD052EA010307D00B9B8DF869309F
:109D0000302348F002088DF8683028F4806302930D
:109D10000223FFF760BB0B93FFF7B6BB0B93884B97
:109D20001193D8E7089B012153F8042B02918DF879
:109D3000DC200893059137ACFFF7AFBA1BEE101A81
:109D400024AA584604F068FD00287FF404AD269A42
:109D50000DF19C0A5DE4039B0794062B224628BF65
:109D6000062303942146CDE90C22764C02930593F9
:109D70000F92FFF76CBA40215846FBF7CFFF2060E7
:109D80002061002800F00F8640236361FFF79EB832
:109D9000102D259B40F35D82514610261BEE10AA24
:109DA00004E00831103D102D40F352820133664823
:109DB0001032072BC1E90006CDE92532F1DD24AAD6
:109DC0005146584604F028FD00287FF4C4ACDDE974
:109DD000253227A9E6E70E9BCDF82490E3180393DC
:109DE0000D9BCDF82880139E059DDDF85890DDF879
:109DF0003C800B941BEE101A5046002B34D0B8F167
:109E0000000F35D10D9B013B013E0D93159BC0E921
:109E10000039259B01334A44072B269225936CDC9D
:109E20000830039B96F800C05B1B6345A8BF6346E0
:109E3000002B9A460CDD259C01341A44072CC0E9FE
:109E400000532692259400F3778196F800C00830DD
:109E5000BAF1000FACBFACEB0A046446002C0ADC7C
:109E600065440D9B002BCAD1B8F1000F00F0AC8304
:109E700008F1FF38CAE7102CDDF894C024DD059501
:109E80004FF0100A63460D4604E0103C102C00F120
:109E9000080016DD01332C491032072BC0E9001AE7
:109EA000CDE92532F1DD24AA2946584604F0B4FC58
:109EB00000287FF450AC103C102CDDE9253227A897
:109EC000E8DC2946059D9C460CF1010322444460D0
:109ED000072B1D4C0460CDE9253200F3C68396F8AC
:109EE00000C008306544BCE718F0100300F0C280E1
:109EF000089B53F8042B0893F9E624AA58460591C9
:109F000004F08AFC00287FF426AC269A059927A83D
:109F100087E70298CDF81CA050AC00F480600025C3
:109F20000AEE10BA094BDDF84CA0CDF81490A34608
:109F30004FF00508AC46044610E000BF8420002026
:109F400098200020AC200020908F0020CDCCCCCCDD
:109F50000A2A71F1000136D34A463146501840F1C1
:109F60000000A3FB005626F0030505EB9605401BF9
:109F7000151A4FF0CC3661F1000E06FB05F6A5FB75
:109F8000039503FB0E6609F0010E2E44AEFB085E3E
:109F90002D184FEA590930350BF8015C49EAC679AA
:109FA0000CF1010C0BF1FF3B7608002CD0D09AF895
:109FB00000008445CCD1BCF1FF0FC9D00A2A71F151
:109FC000000180F08F815C4650AB1B1BDDF81490C4
:109FD000CDF84CA01AEE10BADDF81CA0DDF8088010
:109FE000CDF838C00593FFF7C2BA1BEE101A24AAA9
:109FF000584604F011FC00287FF4ADAB9DF86710C3
:10A00000269A0DF19C0AFFF796B8259BBE48CAF820
:10A010000000013301320120072B26922593CAF854
:10A02000040000F377810AF1080A002940F0AF80AC
:10A030000E9908F001030B433FF4C0A8109B12993E
:10A040001A44CAE90013259B26920133072B259356
:10A0500000F352820AF1080A0E99CAF8004001334F
:10A060000A44072BCDE92532CAF804107FF7A4A8CB
:10A07000FFF7BDBB18F0400200F0DD80089850F8F3
:10A08000042B0890194692B231E61BEE101A24AA4E
:10A09000584604F0C1FB00287FF45DAB269A0DF111
:10A0A0009C0AFFF7A3BA22AE0822002130461D9475
:10A0B000FDF760FD039B5A1C00F0DB800025CDF806
:10A0C0000890CDF81C809946A8460CE037A9584660
:10A0D00003F0A6FA431C404400F0C883484508DC5E
:10A0E00000F0188480461D9A525933460435002AE0
:10A0F000ECD1CDF81480DDF80890DDF81C80C5E0C7
:10A1000001338249CAF804402244072BCAF80010E0
:10A11000CDE925327FF750A8FFF769BB1BEE101A77
:10A1200024AA584604F078FB00287FF414AB269A42
:10A130000DF19C0AFFF729B824AA5846059104F0AE
:10A140006BFB00287FF407AB96F800C0269A0599B0
:10A1500027A87DE6012BCDF808807FF4F3A9FFF74F
:10A1600093BB089B049953F8042B4C461160089349
:10A17000FEF7BEBE01336549CAF804402244072BEE
:10A18000CDE92532CAF800107FF722AB7BE4109BA3
:10A1900012981A44CAE90003259B26920133072B23
:10A1A000259300F3A9810AF1080A0029BFF654AFEC
:10A1B0004D42103180F20F831BEE101A102605E07D
:10A1C0000AF1080A103D102D40F3058301334F4872
:10A1D0001032072BCAE90006CDE92532F0DD24AAAA
:10A1E0005846039104F018FB00287FF4B4AADDE977
:10A1F000253203990DF19C0AE4E7089B18F40071DD
:10A200001ABF114653F8042B53F8042B089318BFB8
:10A21000D2B2FFF745B9029B13F40071089B1ABF35
:10A22000114653F8042B53F8042B089318BFD2B2ED
:10A230000123FFF7D0B8089B18F400711ABF11462C
:10A2400053F8042B53F8042B089318BFD2B24EE5F1
:10A250008A4601332D49CAF804502A44072BCDE918
:10A260002532CAF8001000F339810AF1080AFFF715
:10A270008CBB0023194600961DAA584603F0F6F938
:10A2800003460133059000F0F1821D94059B002BDD
:10A290004ED0632B00F318810023079337AC0822BC
:10A2A00000213046FDF766FC059D00962B461DAA51
:10A2B0002146584603F0DAF9854240F07C83059A3E
:10A2C0000023A35422EAE272CDE90C339DF8671013
:10A2D000039302920F93FEF7BABF2D218DF86710FA
:10A2E000FEF7A4BF169B1599ABEB030B1A46584615
:10A2F000FDF7D8FC9AF80120054B0AB10AF1010AD2
:10A300004FF0000C28E600BF608E0020908F0020E8
:10A31000CDCCCCCC1BEE101A24AA584604F07CFA03
:10A3200000287FF418AA1B99269A0DF19C0A7CE656
:10A33000059B9DF867100F93CDE90233CDE90C33EF
:10A340000793FEF784BF0E99059865182D1ACC1A4D
:10A35000A542A8BF2546FFF74DBB089B049953F8BB
:10A36000042B089311804C46FEF7C2BD13F9042B51
:10A370000893D1170B46FEF7DBBF039A022122ABED
:10A3800001931DAB009358461BABB0EE4A0B0292F3
:10A3900003F088FB472D029A044600F06181462DA8
:10A3A000104405D12378302B00F06F821B9A1044A3
:10A3B000B5EE40ABF1EE10FA40F0468103461B1BB0
:10A3C0000E93472D00F01081462D00F0B5811B9BA8
:10A3D0000C930C9B412D03F1FF331B9300F0E5819F
:10A3E0009DF82C200021002BB8BF0C9B8DF8782005
:10A3F000BABFC3F101032D222B22092B8DF879203E
:10A4000040F3DA810DF18F05DFF81CC42A461046AF
:10A410008CFB0321DA17C2EBA10202EB8201A3EB52
:10A420004101303100F8011C19466329134600F13F
:10A43000FF32ECDC3033D9B2831E9D4202F8011C9E
:10A4400040F28B8213460DF17A0201E013F8011BF2
:10A4500002F8011B9D42F9D10DF191030DF17A0231
:10A460001B1A13441EAA9B1A14930E9B149A012BB9
:10A470001A44059240F30382059B109A13440593F6
:10A4800026F48063059A43F480780023CDE90C33E9
:10A4900022EAE2720F930292099B002B40F0B180F6
:10A4A0009DF867100393FEF7D2BE2046FDF7AEFE7F
:10A4B00002460590FEF720BF1BEE101A24AA58464C
:10A4C00004F0AAF9FEF7EDBD591C5846FBF726FC2F
:10A4D0000446002800F0CA810790E0E61BEE101A3F
:10A4E00024AA584604F098F900287FF434A9269A43
:10A4F0000DF19C0AFFF749BA1BEE101A24AA584620
:10A5000004F08AF900287FF426A9DDE925321B9999
:10A510000DF19C0A49E606230393FFF783BB039BD7
:10A5200002215A1C2BE7039A032128E71BA8B0EE4F
:10A530004A0B03F0BFF8B4EE007B20EE070BB5EE3C
:10A54000400BF1EE10FA01D101231B93B348039B9A
:10A55000B3EE005B013B224604E0B5EE400BF1EEAA
:10A5600010FA13D020EE050BFDEEC07BB3F1FF3FD8
:10A5700017EE901A415CB8EEE76B944630EE460B4E
:10A5800002F8011B194603F1FF33E6D1B6EE006B6A
:10A59000B4EEC60BF1EE10FA00F34881B4EE460BB0
:10A5A000F1EE10FA04D117EE903ADB0700F13E818C
:10A5B000002906DB4B1C1344302102F8011B934297
:10A5C000FBD1131B0E93FCE60B9C0E9BDDF8249035
:10A5D000DDF828801396E3189D42294628BF1946C6
:10A5E00082460591FFF7D8B91B9B0C93DA1C02DB5E
:10A5F000039A93420CDD0B9B023B0B9323F0200547
:10A60000E7E62D2100238DF867100393FEF722BEA5
:10A610000C9B0E9A9342C0F2BD80F0070C9B40F158
:10A620003281109A13440593710503D50C9B002BBE
:10A6300000F33581059B23EAE373029367230B93B1
:10A6400000230F930D9327E7229B8342BFF4B7AEFD
:10A6500030215A1C22921970229B9842F9D8AEE6FA
:10A66000F30700F1A780229BA9E624AA584605918A
:10A6700004F0D2F800287FF46EA896F800C0269A5D
:10A68000059927A86544FFF7ECBB1BEE101A24AA16
:10A69000584604F0C1F800287FF45DA8269A0DF111
:10A6A0009C0AFFF76BB978238DF8693030238DF859
:10A6B0006830039B632B48F0020600F3A68000235A
:10A6C000079337AC18EE903A002B48F481782BDBD7
:10A6D000B0EE48AB0B9B23F02005002309930B9BA6
:10A6E000612B7FF4ADAAB0EE4A0B1BA802F0E2FF8B
:10A6F000B4EE007B20EE070BB5EE400BF1EE10FA46
:10A7000001D101231B93464821E71BEE101A24AA0E
:10A71000584604F081F800287FF41DA81B9B269A58
:10A720000DF19C0AFFF74EB90B9B23F020052D235A
:10A730000993B1EE48ABD2E71B9A0C92002A06F0BF
:10A74000010340F30D8103990B4340F0CF800C9B34
:10A75000059366230B93720500F1A380059B23EA02
:10A76000E37302936CE71BEE101A24AA584604F018
:10A7700053F800287EF4EFAF1B9C0E9B269A1C1BFF
:10A780000DF19C0AFFF736B958238DE7002203929A
:10A79000FEF7DABB0E9B109A9A180C9B0592002BC1
:10A7A00040F3AB8067230B93D5E70B9A0F32D2B2FD
:10A7B000012118E6A018FBE5002940F0A88030220E
:10A7C0008DF87A200DF17B02303302F8013B1EAB8D
:10A7D000D31A149349E601331249CAF804502A44A3
:10A7E000072BCDE92532CAF800107FF733AC1BEEFA
:10A7F000101A24AA584604F00FF800287EF4ABAFD4
:10A80000DDE925320DF19C0A26E4591C5846FBF778
:10A8100085FA044650B3079054E700BF9820002003
:10A8200084200020908F002067666666CDF888C07F
:10A8300012F8011C90F80FC0614513460AD14FF081
:10A84000300E03F801EC229B591E229113F8011CD3
:10A850008C45F6D0392916BF0131817AC9B203F887
:10A86000011CAEE600239046079360E71BEE102A1A
:10A87000B2F90C3043F040039381FEF716BCF507A4
:10A880007FF5FEADF8E50593CEE6B5EE40ABF1EE13
:10A8900010FA3FF48BADC2F101021B9287E56723EA
:10A8A0000B9313990B78FF2B79D000250C9A28462F
:10A8B00003E001300131FF2B08D0934206DAD21AAF
:10A8C0004B78002BF5D10B780135F4E70C921391FE
:10A8D0000D900F950F9A0D9B16991344059A01FB45
:10A8E0000323059323EAE3730293D5E5109BD31862
:10A8F0001944662305910B932DE7C3F101031A4414
:10A9000022EAE2730293672305920B9398E60DF116
:10A910007A0259E7039BDDF80890DDF81C80059367
:10A92000B4E418EE903A002BB4BF2D219DF86710C7
:10A93000254C264BB8BF8DF8671028F08008FEF72D
:10A9400079BC039B0293059373239DF867100390D2
:10A950000F900D900B93FEF77ABC0223149384E5BD
:10A96000039A134305D10123662202930B920593A8
:10A9700066E6109B01331A4422EAE27302936623CF
:10A9800005920B935CE6089A99F80130894652F8D3
:10A99000041B089241EAE1710391FEF7D3BA002348
:10A9A0000F930D9396E70C23CBF800304FF0FF3355
:10A9B0000493FEF781BB1BEE102A938943F04003FA
:10A9C0009381FEF7C8BE00BF802000202019002020
:10A9D0002DE9F04F2DED028BADF5377D8B46B1F9AA
:10A9E0000C1002AF8C048146FA643B6309D4DBF897
:10A9F000643041F4005123F40053ABF80C10CBF851
:10AA0000643000231C460822194607F15800FB62F7
:10AA1000A246FDF7AFF83C647C62BC637C64834B68
:10AA2000D3F8E440FDF770F907F1580203460092AD
:10AA300007F15401FA6C4846A047051EFB6C33DB56
:10AA40002B44FB647B6D2E46002B00F0B680012D5D
:10AA500038D0252B40D0002DE1D0FB6C9E1BDBF8BD
:10AA60000430741E002B40F39880DBF8001094F83B
:10AA700001C091F800E0A31C0AEB0300E64501F1D8
:10AA80000101A3EB060204F10104A0EB060040F073
:10AA90009480DBF80430CBF80010013BAA42CBF8DD
:10AAA0000430DFDB8246BAE70133FB6408224FF64D
:10AAB000FD73002107F158007B65FDF75BF87B6DA6
:10AAC000002B7AD05A4EF25C100700F11C85252B22
:10AAD00040F0868001252E46F86C00240278A046BE
:10AAE000A2F12503411C552B67D8DFE813F00A07B4
:10AAF0006600660066006600010766006600660084
:10AB0000660066000C060C060C060C060C060C060D
:10AB10000C060C060C060C06660066006600660055
:10AB2000660066006600180666008E04C9041806F2
:10AB30001806180666006600660066008200660059
:10AB40006600BF0466006600660089006600660055
:10AB5000660066006B0666006600DD06660066003D
:10AB6000660066006600180666009004CB041806AE
:10AB700018061806BE06D20682006600E706F3062F
:10AB8000AC06C104DA06660066008B007D00CA06CA
:10AB9000660066006B0666007D005946484603F075
:10ABA000FBFE00283FF461AF7B6C002B01F052806C
:10ABB000BBF80C305A0601F14D803B6C43B13B6C45
:10ABC000D3F80080B8F1000F02D04046FBF79EF8A2
:10ABD000786C07F53577BD46BDEC028BBDE8F08F8C
:10ABE000FB6C01255E1E3AE72307E6D14278084652
:10ABF00076E72207E1D1427844F0020408466FE785
:10AC000044F00104F9640225DBF80430002B40F322
:10AC10000884600640F10F846B1E032B01F2EB8069
:10AC2000DFE813F07B02F1014B01080030930020B4
:10AC3000E11E0020484602F099FA03683B6208F1E1
:10AC4000FF33B3F5AE7F40F25A856FF4AE7508EB73
:10AC500005033B6140F25D18002607F5B87308EE66
:10AC6000109AC7E90566FE637E63FE61BE6444F424
:10AC7000F064BB621D464646DBF800100A78A2F17C
:10AC80002B034E2B50D8DFE813F07E034F007E03DA
:10AC90004F004F00A300A600A600A600A600A60035
:10ACA000A600A600A600A6004F004F004F004F00D0
:10ACB0004F004F004F0074030B030B030B039E0365
:10ACC00094034F004F0084034F004F004F004F008C
:10ACD0005D034F003A034F004F004F0033034F0016
:10ACE0004F004F001E036D034F004F004F004F00F9
:10ACF0004F004F004F0074030B030B030B039E0325
:10AD000094034F004F0084034F004F004F004F004B
:10AD10005D034F003A034F004F004F0033034F00D5
:10AD20004F004F001E036D03A0056FD5386A0378EE
:10AD300093426BD1C7E902457E60814618EE106AE6
:10AD40004FF000085C4607E0216091F800E099F8B8
:10AD5000000086451CD1DA4619F8010F45460AF174
:10AD6000010B013108F10108002800F064866068D9
:10AD7000013800286060E7DC2146304603F00CFE15
:10AD800030B9216899F8000091F800E08645E2D0DA
:10AD9000A3463A6ABC683D612B46B146BE6CFD686D
:10ADA000BD6401335D4602EB0308B34626461446F4
:10ADB00018F8011D2A46484603F0AEFD4445F7D178
:10ADC0003B693446AAEB030A5E46AB46BD6C20E005
:10ADD000E00500F10185BB6CF96BD94216D124F472
:10ADE000C07405F8012B013EDBF80430013B002B59
:10ADF0000AF1010ACBF8043040F36F83DBF800302E
:10AE00000133CBF80030002E7FF436AFBE6C18EE65
:10AE1000109A7B6B002B40F0DC82FB6B013B012B1B
:10AE200041F21680731E062B40F22786E3051BD5E0
:10AE3000660501F1B58015F8011C652905F1FF33A0
:10AE40000AF1FF360AD0452908D05A46484603F091
:10AE500063FD15F8021CAAF10206AB1E5A464846CD
:10AE6000B2461D4603F058FD14F010027FF4D7AD32
:10AE700004F4C063B3F5806F2A7000F0D284BB691C
:10AE8000002B40F02C874846B96A0022FCF776FB7D
:10AE9000E0073B6B00F1C985A10700F1C685B4EE60
:10AEA000400BF1EE10FA53F8044B80F1F486B7EE44
:10AEB000C00B3B6384ED000AA2E308F1FF33B3F556
:10AEC000AE7F40F2A2836FF4AE7208EB0203FB6325
:10AED00040F25D1807F5B8730022BE6BBB6259469D
:10AEE00044F45864D3461D4692460A681078A0F18F
:10AEF0002B034D2B60D8DFE813F082025F00820243
:10AF00005F005F00CD02E001E001E001E001E0014F
:10AF1000E001E0016F026F025F005F005F005F0011
:10AF20005F005F005F004E004E004E004E004E007E
:10AF30004E005F005F005F005F005F005F005F002A
:10AF40005F005F005F005F005F005F005F005F0009
:10AF50005F005F0076025F005F005F005F005F00E0
:10AF60005F005F005F004E004E004E004E004E003E
:10AF70004E005F005F005F005F005F005F005F00EA
:10AF80005F005F005F005F005F005F005F005F00C9
:10AF90005F005F0076020A2E0EDD24F438644B68F1
:10AFA00005F8010B013B002B4B6040F38D82013211
:10AFB0000A60B8F1010898D1E005D046BE63DA46D0
:10AFC0008B4607D5BB6A9D4200F22284BB6A9D4234
:10AFD0003FF4F3AD14F0100210D1B96ABB6BFE6AF6
:10AFE0002A704846B047A10640F108843B6B53F8ED
:10AFF000042B10603B637B6C01337B64BB6AED1AEE
:10B000004544AA440BE5B8F1000F08BF4FF0FF38E4
:10B01000E00740F1958214F010037B6340F07484E4
:10B02000210640F166863C6B54F8043BFB63002B21
:10B030003FF4C3AD8020FAF761FEB864002800F049
:10B040007887FB6BBA6C1A603A6CD58893889D42FE
:10B0500080F052851068FB6B40F825303B6C3C63F8
:10B060000135DD80BB6CBB6220233B62DBF8003026
:10B07000B14E1B78F35C13F0080340F0BB847C6A8C
:10B080007E621D46FCF740FEA8423FF48DADDBE931
:10B09000003207F5B87013F8011B4155013A032C33
:10B0A000CBE9003205F1010507F1680602D13368EA
:10B0B000042B04D0082200213046FCF75BFD07F585
:10B0C000B872B96C00962B46484602F07FFA421CD3
:10B0D00004463FF469AD002840F07884BB6C1860EA
:10B0E00002F0D0FA002840F05C86AA4408F1FF384C
:10B0F0007B6B002B40F03386BB6CFA6B0433BB6474
:10B10000002A00F02C86BA6A9D1A3B6AB3EBA50FA1
:10B1100040F256877D6B00F05CBCB8F1000F08BFB1
:10B120004FF0FF38E00740F17B8214F01003BB6260
:10B1300040F0F383210640F1ED853E6B56F8043B69
:10B140003B62002B3FF439AD8020FAF7D7FD04466F
:10B15000002800F0EE863B6A3A6C1860D588938828
:10B160009D4280F0DD8410683B6A40F825303B6CDE
:10B170003E630135DD802023FC61BB617E6AC7F838
:10B180003CA00025C246A046FCF7BEFDA8423FF405
:10B190000BADDBE9003213F8011B013A07F5B8707B
:10B1A000CBE90032032E05F101034155BB6407F1E1
:10B1B000600402D12368042B04D008220021204619
:10B1C000FCF7D8FC07F5B872BB6C009441464846C2
:10B1D00002F0FCF9421C06463FF4E6AC002840F0C1
:10B1E000CA82C8F80000054607F16803082200215A
:10B1F00018467B63FCF7BEFC50497B6BD1F8E0102E
:10B200002A4648460D4607F15001A847012800F09C
:10B21000D583002207F170039B5C002B00F0A18511
:10B22000FB6BBA6C032E1344FB6300F0CA830AF174
:10B23000FF3ABB6A5BB93B6A08F104083BB1FB69A2
:10B24000A8EB0304BB69B3EBA40F40F20584DBF861
:10B250000430002B4FF0000540F39682BAF1000F46
:10B2600092D1D7F83CA07E624446BB6A002B7FF4A3
:10B27000D6AB23603B6A002B00F0C281FB69BA6940
:10B28000E11A8B1001339A4240F2BA813C6A0431D0
:10B290002068FAF7FFFF002800F0B2812060AFE1DC
:10B2A00021057FF5B3ADFB6BB96C5B187FF4AEADD8
:10B2B000BB6424F4C074FB6393E5214B24F438642D
:10B2C00033F916606BE604F41863B3F5807F7FF4FE
:10B2D0009DAD7B6B012B7FF499AD302305F8013BCD
:10B2E00024F48074002344F40064013E7B6378E519
:10B2F000BB6C062B40F074850723BB6471E5230506
:10B300007FF584AD04F4A063B3F5806F05D06105CB
:10B310007FF57CAD7B6B002B47D0A30504D47B6B02
:10B32000F9695B1AC7E9055324F47864002344F4EF
:10B33000C0747B6355E500BFE11E00203093002000
:10B34000083B0020FB6B002B00F0FF81FB6B022B06
:10B3500000F0B083BB6C012B00F0F181042B00F0F6
:10B36000EE8153E5BB6C072B40F03A850823BB64A4
:10B3700037E5200500F1F981FB6B012B7FF446AD29
:10B380000223FB632DE523067FF540AD24F0800406
:10B3900027E5BB6C002B40F0CC817B6BB3B904F488
:10B3A000E063B3F5E06F00F02085BE6C18EE109AF4
:10B3B00033E5210500F1B781BB6C022B40F010850D
:10B3C0000323BB640DE520059CD56CE7BE6C18EE2D
:10B3D000109A24F4807420E58D4B33F91660082E02
:10B3E0003FF7DBADE8E504F4C063B3F5007F7FF41D
:10B3F000E3AD24F4007444F4A0641026CFE52306E2
:10B400007FF5DAAD24F08004C9E544F00104DBF8EF
:10B410000430F964002B44F040044FF000053FF77E
:10B42000F8AB5946484603F0B7FA00287FF4BCABA6
:10B4300060063FF5F1ABDBF80020764E1378F35C45
:10B4400019077FF5E9ABDBF80430013B002B0AF16B
:10B45000010ACBF8043002F101024ADDCBF80020EA
:10B460001378F35C19077FF5D7ABECE744F00104E0
:10B47000694BFB620823F964BB630325FFF7C4BB78
:10B4800044F00104654BFB620A23F964BB630325A6
:10B49000FFF7BABB23057FF582AD16B944F40074FB
:10B4A0000826630500F1A681FB6B24F460741BB1D0
:10B4B000013BFB6308F101084B68013B002B0AF1DB
:10B4C000010A4B603FF773AD4846B96403F064FA74
:10B4D000B96C00283FF46DAD6EE518EE100A5946C0
:10B4E00003F05AFA00287FF491AC002E7FF4C4AB2D
:10B4F0008CE45946484603F04FFA00287FF454ABD9
:10B50000DBF800209AE7DBF804200FE0DBF80030DE
:10B510001A78B25C110703F101037FF580AADBF80A
:10B520000420013ACBE900320AF1010A002AEDDCDD
:10B530005946484603F030FA0028E7D0FFF76FBAC3
:10B54000E10600F1498314F0800400F0AB833C6B0A
:10B5500054F8046BBE64002E3FF42FAB2020FAF7A2
:10B56000CDFB0546002800F062843A6C3060938879
:10B57000D6889E4280F0A8821068BB6C40F82630C6
:10B580003B6C3C630136DE802023FB63DBF800204C
:10B59000204E1178715C080700F1AC8233462C46CE
:10B5A00010462E46DBF80410BA6C0139CBF80410B3
:10B5B000411CCBF800103546017805F8011B22B17B
:10B5C000FA6B2E1B964280F07A83B8F101080BD0FB
:10B5D000DBF8041000292E4640F3AE83DBF80000B0
:10B5E0000178595C0907DDD5291B8A4401314FF0E8
:10B5F00000032B70BB6C1BB1FB6B8B4200F294837E
:10B600007B6C01337B64FFF70ABA0023FB6361E4C0
:10B61000083B0020E11E002059AF01000157010046
:10B62000E60600F1818114F0800400F06D833C6B2C
:10B6300054F8046BBE64002E3FF4BFAA2020FAF732
:10B640005DFB0546002800F0F2833A6C3060938879
:10B65000D6889E4280F07A821068BB6C40F8263013
:10B660003B6C3C630136DE802024DBF8002007F1D0
:10B67000700319461378CB5C002B3FF49EAA08EEAA
:10B68000109AD7F84890C7F83CA02E46A24610461C
:10B690000C46DBF80410431C0139CBE90031294684
:10B6A000007801F8010BB9F1000F02D08D1B554550
:10B6B0007AD20D46B8F101080AD0DBF8041000294F
:10B6C00040F36A81DBF800000178615C0029E0D179
:10B6D000544618EE109AD7F83CA0AE1B3FF46DAA62
:10B6E0004FF000032B70BB6C1BB1711C8C4200F23D
:10B6F0002D837B6C0133B2447B64FFF790B9002348
:10B700003B61FFF7A9BA14F08F0F7FF456AA08EB3C
:10B71000880802EB4808A8F13008FFF767BAF96417
:10B720000425FFF771BAFB6BB96C5B187FF444AE6C
:10B73000BEE5BB6C032B02D0052B7FF467ABBB6C63
:10B740000133DBB2BB64FFF74CBB7B6B002B7FF498
:10B7500001AE04F4E063B3F5E06F7FF4FBAD0123C9
:10B7600024F4F064FB63FFF73CBBFB6BB96C5B1824
:10B770007FF402AE9CE5831C40F05B84DBF8043070
:10B78000BD6C002B3FF700AD5946484603F004F965
:10B7900000283FF463ADD7F83CA07E624446002DFC
:10B7A0003FF463ADFFF700BA4FEA4A0A304651460C
:10B7B000FAF770FD0646002800F039830544C9F801
:10B7C000000077E744F40074BC4BFB621023F9647B
:10B7D000BB630325FFF718BA7B6B01337B633B69BF
:10B7E00024F08004002B3FF4FEAA3B69013B3B613F
:10B7F000FFF7FABA24F4B064FFF7D1BB220740F197
:10B80000C7813B6B53F8042B3B631070FFF7F3BB0E
:10B8100015F8011C5A464846013D03F07DF8FFF734
:10B82000D5BBFB697A6B93423FF42DAB9A1A07F2B2
:10B83000C3239D4228BF07F2C225A149284601F033
:10B8400035FCFFF720BBE20600F13181230700F150
:10B85000BA81660740F1B4823B6BF96453F8042B5C
:10B860003B63A2F800A0FFF7DAB823077FF4A5A98D
:10B870004278682A00F0868144F004040846FFF705
:10B880002FB98E4BFB620A23F964BB630325FFF7D4
:10B89000BBB98C4BFB620023F964BB630325FFF744
:10B8A000B3B944F408748FE707F1700001F056FA59
:10B8B00044F04004F8640125FFF7A6B922077FF49D
:10B8C0007CA942786C2A00F0578144F001040846B4
:10B8D000FFF706B914F08F037FF46FA93A6C002AC2
:10B8E00000F0E781427844F080040846FFF7F8B89A
:10B8F00058EA04087FF461A9427810240846FFF74B
:10B90000EFB8F964FFF7A7B800233B62BB62FB63A3
:10B9100007F15403BB64FFF7A9BB0023C7E9063353
:10B920003B6207F1540429E4DBF8003007F17002B0
:10B9300011461A788A5C002A3FF43FA90133CBF8FC
:10B940000030DBF80430B8F1010F03F1FF33CBF81E
:10B95000043018BF0C4614D1FFF753BBDBF800309E
:10B960001A78A25C0133002A3FF44BABCBF80030CD
:10B97000DBF804300135013B4545CBF804303FF49A
:10B9800040AB002BEADC5946484603F005F8002896
:10B99000E4D0AA44FFF743B818EE100A594602F063
:10B9A000FBFF00283FF48EAEB542544618EE109AC5
:10B9B000D7F83CA07FF491AEFFF7F6B897F8502087
:10B9C00028E42368042B7FF432AC32E4831C40F07B
:10B9D0003983DBF80430002B40F3D781DBF80030EB
:10B9E0007A6A1B78D35C180703D4B8F1000F7FF490
:10B9F00049AB7C627B6B002B7FF411A8BA6C13609F
:10BA0000FB6B002B3FF4FCADBB6AD11A8B103A6A7A
:10BA100001339A427FF6F4ADFC6B04312068FAF7EB
:10BA200039FC00287FF43AACEAE553F8042B82EDA8
:10BA3000000B3B63E4E5FD68396A7E6828464246B0
:10BA4000A346BC6801F060FB7B6BFB6124F42074AF
:10BA5000013E0546FFF7C8B9F869D9001D46FAF757
:10BA600019FCF861002800F064823A6A6B0000EB70
:10BA700004081060BB61FFF7EABB022E40F2C482EB
:10BA8000032E3FF4D3A9043E5FFA86F86FEA080359
:10BA9000EE1815F8011D5A46484602F03DFFAE4229
:10BAA000F7D10AF1FF3AAAEB080AFFF7BFB9F96428
:10BAB000FEF7B5BF0323FB63FFF793B959AF01004E
:10BAC000B01E0020015701004FF6F672934200F2BB
:10BAD00097823A6C08339BB21068F86399007B63D5
:10BAE000FAF7D8FB002800F07B823A6C7B6B9380DE
:10BAF000106042E501217AE54FF6F672934200F2BA
:10BB0000938208339EB23B6CB1001868FAF7C2FB0F
:10BB10003B6C002800F03E829E801860FFF79BBAC5
:10BB20004FF6F672934200F27F823A6C08339BB272
:10BB300099001068BB64FAF7ADFBBB6C002800F0FD
:10BB400028823A6C93801060FFF70EBB4FF6F672B6
:10BB5000934200F255823A6C08339BB21068F86346
:10BB600099007B63FAF796FB002800F039823A6C63
:10BB70007B6B9380106070E5827844F002040230A1
:10BB8000FEF7AEBF827844F008040230FEF7A8BF8B
:10BB9000630758D414F001027FF428AAA6077FF5A2
:10BBA00025AAB34BF96A99424846BB6BB96A00F0C3
:10BBB0003D8201F0E7FB3B6B53F8042B3B63C2E98A
:10BBC0000001FFF718BA3B6BF96453F8042B3B6391
:10BBD00082F800A0FEF723BFDBF80030A54E1A78EC
:10BBE000B25C12073EF51BAF0133CBF80030DBF837
:10BBF0000430B8F1010F03F1FF33CBF8043008BF74
:10BC00000AF1010A3EF40BAF012411E0DBF8003029
:10BC10001A78B25C150703F1010311D4CBF8003098
:10BC2000DBF804300134013B4445CBF8043007D045
:10BC3000002BEBDC5946484602F0AEFE0028E5D06A
:10BC4000A244FEF7ECBE3B6B53F8042B3B63108021
:10BC5000FFF7D1B93B6C002B00F06E813B6CD3F841
:10BC60000080DE8876B10024A8F10405A14655F8CD
:10BC7000043F1868FAF74AF801342B68A642C3F863
:10BC80000090F4D14FF0FF337B64B8F1000F7EF4E5
:10BC90009CAFFEF79DBF78483B63FCF773FB84EDD8
:10BCA000000AADE43A6BFC6352F8045B3A63BC648F
:10BCB0006CE482B0CDE9023302AB3B6412E67B63F5
:10BCC000530020461946FB63FAF7E4FA04460028BD
:10BCD00000F0AD80BB6C851918607B6B75E47D69E5
:10BCE00029460A2301314846FBF7F0FCBB69C21A1A
:10BCF0009DE5D7E90C3253F8041B3A62B9643B6303
:10BD0000BA62FA63FFF7B2B93B6BBC6453F8045BE9
:10BD10003B63AAE43B6BBA6A53F8044BBA61C7E9C8
:10BD200007223B63FFF72ABABC6C2068FAF7B2FA25
:10BD300000287FF4B3AA63E4594648467B6302F0C7
:10BD40002BFE7B6B00283FF449AC4DE418681C4681
:10BD5000FAF7A0FA00283FF4CCAC2060C9E4002533
:10BD600037E6BD6CD7F83CA07E624446002D3FF418
:10BD70007CAA013D07F5B8735A46595D484602F062
:10BD8000CBFD002DF5D1FFF770BA5946484602F0B9
:10BD900003FE00283FF422AE7C62002D7EF404AF47
:10BDA00028E67C62002D3FF425AE013D07F5B8730F
:10BDB0005A46595D484602F0AFFD002DF5D119E60F
:10BDC000E5073CD4A4073AD53B6BF96453F8042B40
:10BDD0003B634FEAEA73C2F800A05360FEF71FBE50
:10BDE00018EE109A1E46FFF714B8012324F4F064ED
:10BDF000BB64FEF7F6BFB8F1010F38BF4FF0010882
:10BE000014F001033AD1E50600F13681240640F131
:10BE10004C813B6B53F8045BBB64002D3EF4CDAE0C
:10BE20004046F9F76BFF0346002840F0DC803B6C8E
:10BE3000002B00F08180D3F80080DE8812E73B6B96
:10BE4000F96453F8042BC2F800A03B63FEF7E7BD8A
:10BE50002B46BD6AAB427EF6B0AE1C4614F8011DFF
:10BE60005A46484602F058FDAC42F7D1FEF7A5BE4F
:10BE700059AF0100E11E0020AC09002014F01003AE
:10BE80007B635ED00025FD63BD642E4600244B46D7
:10BE9000C146A84625461C46FBF736FFA8423EF49D
:10BEA00083AEDBE9003213F8011B013ACBE9003223
:10BEB0007A6A07F5B870032A415505F1010307F1C5
:10BEC000680502D12A68042A06D0082200212846E3
:10BED000BB62FBF74FFEBB6A009507F5B8723146AF
:10BEE0002046BB6201F072FB431C78623EF45CAEFC
:10BEF000BB6A002840F047817A6B02B932609A44ED
:10BF000009F1FF397B6B002B40F07581BB6C002B76
:10BF100000F07081FB6BF51AB8EBA50F00F26A8197
:10BF200018464FEAC801FAF7B5F9F863002840F05F
:10BF30005C813B6C002B2DD14FF0FF337B64FEF70F
:10BF400047BE220640F18F803C6B54F8043BBB6433
:10BF5000002B3EF432AE8020F9F7D0FE06460028D2
:10BF6000E7D0BB6C18603B6CDD889A889542C0F0C6
:10BF7000B3804FF6F6718A4256D8083293B23A6CC3
:10BF8000FB6399001068FAF785F9FB6B002840F015
:10BF9000AE803B6CDB883A6C1E46D2F8008061E6CE
:10BFA0002B46BD6AAB427EF608AE1C4614F8011D56
:10BFB0005A46484602F0B0FCAC42F7D1FEF7FDBD50
:10BFC0001046D9001E46FAF765F9B8620028B0D0CD
:10BFD0004219BA64FA6B7D6B106073003B62F8E43F
:10BFE000D7F83C803EE6396C2860CE888A88964235
:10BFF000C0F08E804FF6F6718A42386340F2A58019
:10C000003B6CD3F800802DE6BA6A95427EF6D5AD3A
:10C010002C46BD6A14F8011D5A46484602F07CFCC5
:10C02000AC42F7D1FEF7C9BD2B46B4E701F07AFA6E
:10C03000C1E5D8F800301D4601337FF4D5A82A4663
:10C04000FFF7E8B8BB6C186801F01CFB00287FF410
:10C05000A8AE032CAA447FF449A83368042B7FF4CC
:10C0600045A8FFF745B8D7E90C3253F8046B3B639A
:10C070001546FA63BA6409E71C46DBF804309845B4
:10C0800039DDDBF800201A44CBF800205946484639
:10C090001C44A8EB030802F07FFC0028EDD0002C24
:10C0A0003EF482ADA244FEF7BABC3D6B434629681C
:10C0B000CDF800B00122484602F08CFC044600286E
:10C0C0003EF472AD0435BD647B6C01337B64BB6CA4
:10C0D0003B63A244FEF7A3BC1868BB6C40F8253054
:10C0E0003B6C3C630135DD80FE632025CEE63A6C77
:10C0F00093801060F1E7A3EB0803CBF80430DBF882
:10C10000003044444344CBF80030A244FEF787BCDF
:10C110000A68FA63FA6B42F826503A6C0136B6B2F6
:10C12000D6801946CDF800B043460122484602F0B9
:10C1300051FC0446D8B18045C6D928682146FAF793
:10C14000A9F80028C0D02860BEE73B6C083294B242
:10C150001A687A631046A100FAF79CF87A6BF863C4
:10C1600000285BD03B6C9C8018603B6BD2E77B6CFB
:10C17000D7F83C80002B3FF475ADBBF80C305B0664
:10C180007EF51DAD6AE57A6A02321DD1DBF8042026
:10C19000002A1D463FF780AE5946204602F0FCFBC0
:10C1A000E0B9B9F1000F7FF477AE4546A146BB6C0C
:10C1B00023B1FB6BF11AB5EBA10F27D87B6B002BDA
:10C1C0007EF42DACFFF71CBA9A447B6A032B7FF4F4
:10C1D00097AE2B68042B7FF493AE93E6A1462C46D2
:10C1E0004546002CE3D0FEF7DFBCBA6C4619106060
:10C1F0004FEA48080436DBF80430002B4FF0000506
:10C20000CADDB9F1000F7FF447AECEE7BC6C206801
:10C21000FAF740F80028D1D02060CFE7904621E51A
:10C22000436C70B505460C464BB153F8240080B101
:10C23000026843F824200023C0E9033370BD2122A3
:10C24000042101F05FFB034668640028EDD1002063
:10C2500070BD012101FA04F6721D9200284601F01A
:10C2600051FB0028F3D0C0E90146E4E731B1436C4B
:10C270004A6853F82200086043F82210704700BF54
:10C280002DE9F0410E6980460F461D4601F1140E5E
:10C290000020DEF800108CB202FB0453090C4FEAB8
:10C2A000134C02FB01CC01309CB204EB0C448642DF
:10C2B0004EF8044B4FEA1C45EBDC3DB1BB68B34282
:10C2C00007DD07EB860301365D613E613846BDE858
:10C2D000F081796840460131FFF7A2FF0446B0B112
:10C2E0003A69023207F10C0192000C30F4F7B4F80D
:10C2F000D8F844307A6853F82210396043F8227035
:10C30000274607EB860301365D613E61DEE7034B9E
:10C3100003482246BA2101F009FA00BFCC1C0020D4
:10C320004C1E00202DE9F8431746274A1E460833C5
:10C330000C46092E82FB03124FEAE3730546C3EB5A
:10C34000620339DD4FF0010C00214FEA4C0C6345CC
:10C3500001F10101F9DC2846FFF762FF014668B3ED
:10C36000089B4361092F4FF00103036112DC0A347B
:10C370000927BE420BDDF21BA61814F8013B0A2266
:10C38000303B2846FFF77CFFA6420146F5D1084620
:10C39000BDE8F88304F10909C8463C4418F8013B9C
:10C3A0000A22303B2846FFF76BFFA0450146F5D136
:10C3B000A7F108044C44DCE70021CCE70A46034B14
:10C3C0000348D32101F0B2F9398EE338CC1C0020A8
:10C3D0004C1E0020030C1B04D3B90004102310F0E2
:10C3E0007F4F04BF0002083310F0704F04BF0001FC
:10C3F000043310F0404F04BF80000233002805DBF7
:10C4000010F0804F03F1010308BF20231846704746
:10C410000023E4E7036813F0070208D0D9071FD40C
:10C420009A0722D55B08036001221046704799B233
:10C4300009B91B0C1022D9B209B908321B0A190715
:10C4400004BF1B090432990704BF9B080232D907B5
:10C4500003D45B0802F1010205D003601046704767
:10C460000022104670472022DFE79B08022203606B
:10C470001046704738B5436C04460D464BB15868BA
:10C48000B0B102685A6000220123C0E90435C260DD
:10C4900038BD2122042101F035FA034660640028EA
:10C4A000EDD1094B0948002240F2451101F03EF957
:10C4B0001C220121204601F025FA0028F1D001229A
:10C4C0000223C0E90123DEE7CC1C00204C1E002023
:10C4D0002DE9F04F0E691569AE4285B088461446C5
:10C4E00005DB2A46234635460C4616469846A36881
:10C4F0006168AF19BB42B8BF0131FFF791FE0190EF
:10C50000002800F08780019B03F1140909EB870ADA
:10C51000D14505D24B46002243F8042B9A45FBD85F
:10C5200008F1140808EB860B04F11403D8451A46E9
:10C5300003EB85055FD22B1B153B23F0030304336C
:10C540001534A54238BF0423CDE902A7AC461F46E7
:10C55000924605E0090C29D1C34509F1040948D9DF
:10C5600058F8041B8DB2002DF4D056464C460023DB
:10C5700056F8041B22681FFA81FE90B2090C05FBD5
:10C580000E00120C034405FB012202EB13429BB286
:10C5900043EA0243B44544F8043B4FEA1243E7D868
:10C5A00049F8073058F8041C090CD5D0D9F80030E8
:10C5B00050461A464C4600260588120C01FB0522FF
:10C5C00016449BB243EA064344F8043B50F8045B2C
:10C5D00022682D0C93B201FB053303EB164384450F
:10C5E0004FEA1346E8D8C34549F8073009F1040972
:10C5F000B6D8DDE902A7002F02DC05E0013F03D039
:10C600005AF8043D002BF9D0019B18461F6105B074
:10C61000BDE8F08F034B0448019A4FF4B17101F06B
:10C6200085F800BFCC1C00204C1E002012F0030334
:10C630002DE9F0411446064632D10D46A41020D013
:10C64000D6F84080B8F1000F33D0E3074FF0000771
:10C6500007D4641015D0D8F80000A8B18046E307CD
:10C66000F7D5424629463046FFF732FFB5B1696833
:10C67000736C641053F821202A6043F8215005465A
:10C68000E9D12846BDE8F081424641463046FFF7F1
:10C690001FFFC8F8000007608046E0E70546D8E7BE
:10C6A000013B0F4A52F823200023FFF7E9FD05461E
:10C6B000C4E701213046FFF7B3FD804640B10123B6
:10C6C00040F27122C0E90432002330640360BCE709
:10C6D000044B0548424640F2451101F027F800BFDF
:10C6E000908E0020CC1C00204C1E00202DE9F0472D
:10C6F0000D4614462F69AB68496807EB62177E1C2C
:10C700009E4280464FEA621904DD5B009E4201F1C1
:10C710000101FADC4046FFF783FD8446002852D031
:10C72000B9F1000F00F114020EDD09F105014FEA25
:10C73000810E134600EB8101002043F8040B8B426D
:10C74000FBD1AEF114031A44296905F1140314F066
:10C750001F0E03EB81012ED0CEF1200910464FF0C1
:10C76000000A1C6804FA0EF444EA0A0440F8044B78
:10C7700053F8044B994224FA09FAF2D84B1B153BA3
:10C7800023F00303043305F11500814238BF04236D
:10C79000BAF1000F18BF374642F803A0D8F844306A
:10C7A0006A68CCF8107053F822102960604643F88C
:10C7B0002250BDE8F087043A53F8040B42F8040F06
:10C7C0009942F9D8EAE7034B034862464FF4EF7108
:10C7D00000F0ACFFCC1C00204C1E00200B698446EE
:10C7E0000069C01A16D10CF1140C14310CEB830241
:10C7F00010B401EB830301E0944508D252F8044DD4
:10C8000053F8041D8C42F7D005D24FF0FF305DF88D
:10C81000044B7047704701205DF8044B704700BF20
:10C820002DE9F84F0F691369FF1A002F0E46904645
:10C830007FD101F11405143202EB830205EB83036F
:10C8400001E09D4278D253F8041D52F8044DA142F4
:10C85000F7D069D37168FFF7E3FC8146002877D0F1
:10C860003569D8F81020C76008F1140E06F11400DD
:10C8700009F1140A06F110010EEB820200EB8507A4
:10C8800056464FF0000C5EF8044B51F804BFA3B2BB
:10C890001CFA8BFCACEB03034FEA144CCCEB1B4CA7
:10C8A0000CEB234C9BB243EA0C43724546F8043B25
:10C8B0004FEA2C4CE7D8A2EB0801153908F115080E
:10C8C000424521F0030404F1040438BF0424204449
:10C8D00021F0030238BF002287425244544418D941
:10C8E0002646014651F8043B1CFA83FC4FEA2C42D1
:10C8F00002EB13421FFA8CFC4CEA02438F4246F8CB
:10C90000043B4FEA224CEDD8013F3F1A27F00307C2
:10C91000E21923B952F8043D013D002BFAD0C9F8C1
:10C9200010504846BDE8F88F3346012746469846E2
:10C9300090E7F9DB00278DE70021FFF771FC8146C6
:10C9400068B101220023C9E904234846BDE8F88FF5
:10C95000064B07484A4640F2452100F0E7FE034BEC
:10C9600003484A4640F2372100F0E0FECC1C00208C
:10C970004C1E002082B08DED000B164B019A134027
:10C98000A3F15073002B06DD00221946104641EC3E
:10C99000100B02B070475B42B3F1A07F4FEA235205
:10C9A00009DA4FF40023134100221946104641ECE6
:10C9B000100B02B07047A2F114031E2BDABF4FF028
:10C9C0000042DA40012200231946104641EC100BC8
:10C9D00002B070470000F07FF8B5046900F114065A
:10C9E00006EB8404271F54F8045C2846FFF7F2FC8A
:10C9F000C0F120030A280B601BDDBE420BD20B38AE
:10CA000054F8081C2ED145F07F5343F440130A46D6
:10CA100043EC102BF8BDB0F10B01F4D005FA01F195
:10CA200041F07F53002143F440130A4643EC102B9E
:10CA3000F8BDC0F10B0C25FA0CF1BE4241F07F535A
:10CA400038BF54F8081C00F1150034BF21FA0CF16E
:10CA5000002105FA00F0014343F440130A4643EC79
:10CA6000102BF8BDC0F1200C854021FA0CF345EAEB
:10CA70000307A4F10805AE4201FA00F13CBF54F8E7
:10CA80000C0C20FA0CF047F07F5338BF014343F4FD
:10CA900040130A4643EC102BF8BD00BF2DE9F043CC
:10CAA000884683B0012157EC106B1546FFF7B8FBA1
:10CAB0000446002851D0C7F30A59C7F31303B9F14C
:10CAC000000F01D043F48013002E019318D101A868
:10CAD000FFF7A0FC019A6261012200F120032261AC
:10CAE000B9F1000F25D0A9F2334909EB0302204622
:10CAF000C3F13503C8F800202B6003B0BDE8F08314
:10CB000068460096FFF786FC034610B3DDE9000295
:10CB1000C3F1200102FA01F10143DA40616101929F
:10CB2000002AA26114BF022201222261B9F1000F82
:10CB3000D9D1A3F23243C8F8003004EB820318695C
:10CB4000FFF748FCC0EB421320462B6003B0BDE862
:10CB5000F083009A6261019AE2E7034B03482246A0
:10CB600040F20F3100F0E2FDCC1C00204C1E0020F2
:10CB7000F0B583B00E4669460746FFF72DFF01A9C1
:10CB8000304655EC104BB0EE407BFFF725FF336984
:10CB90003A69D21ADDE900315B1A03EB4213002B2C
:10CBA00009DD17EE902A02EB035545EC174B87EE93
:10CBB000000B03B0F0BD10EE902A51EC100BC3EB4C
:10CBC000033302EB035141EC100B87EE000B03B073
:10CBD000F0BD00BF0139491101F1010C116902F1E9
:10CBE000140303EB81018B4200EB8C0C17D210B5C0
:10CBF000A0F1040E53F8044B4EF8044F9942F9D8B3
:10CC00008A1AA2F1150323F0030304331844844560
:10CC100004D9002340F8043B8445FBD810BD84456B
:10CC200005D9002340F8043B8445FBD87047704782
:10CC300003694A11934200F1140009DA00EB8303FF
:10CC400002E053F8042DC2B98342FAD8002070479D
:10CC500010DD11F01F010DD010B450F8224000EB90
:10CC6000820324FA01F28A4094420CD001205DF83C
:10CC7000044B704700EB8203E6E70120704753F84E
:10CC8000042D002AF2D18342F9D800205DF8044B2C
:10CC9000704700BF70B500294BD006460C4610B156
:10CCA000436B002B48D0636ED80734D5B4F90C30F1
:10CCB000002B3ED02146304600F036F9E36A0546A7
:10CCC00033B1E169304698470028B8BF4FF0FF35CF
:10CCD000A3891A063CD4216B41B104F14003994267
:10CCE00002D03046FBF7A4FB00232363616C21B123
:10CCF0003046FBF79DFB00236364FAF75FFE636E2B
:10CD00000022DB07A2811FD5A06DFBF771FAFAF7AD
:10CD10005BFE284670BDA3899905CBD4A06DFBF7B7
:10CD200069FAB4F90C30002BC4D1656E15F0010519
:10CD300005D00025284670BDFAF722FEB3E7A06DA6
:10CD4000FBF75AFA284670BDA06DFBF755FADBE7F2
:10CD500021693046FBF76CFBBDE700BF70B50C786E
:10CD60005E2C86461ED00022481C94460EF1FF33EE
:10CD70000EF1FF0103F8012F8B42FBD184B18CF03F
:10CD800001010EF80410451C15F8013C2D2B0ED0A6
:10CD90005D2B03D01BB11C462846F2E7284670BD28
:10CDA000013870BD01224C78881C9446DEE790F86B
:10CDB00001C0BCF15D0FEED06445ECDC661C0230B6
:10CDC0000EEB060202F8011BA2EB0E03013B9C4591
:10CDD000F8DCACEB0403013B6445A8BF002302353B
:10CDE0009C19D1E72DE9F04707464C480E463546D9
:10CDF00016F801EB10F80EC01CF0080CF7D1BEF1CC
:10CE00002D0F5AD0BEF12B0F03BF96F800E06446F9
:10CE1000AE1C64465BB1102B54D04FF0FF38B8FB0A
:10CE2000F3F803FB08FA6FEA0A0A994608E0BEF134
:10CE3000300F5AD00A23DFF8E8804FF0050A9946F0
:10CE40000025284605E02CD009FB00C0012516F876
:10CE500001EBAEF1300CBCF1090F06D9AEF1410C7B
:10CE6000BCF1190F0BD8AEF1370C634510DDB5F1ED
:10CE7000FF3FECD04045E6D94FF0FF35E7E7AEF194
:10CE8000610CBCF1190F03D8AEF1570C6345EEDC11
:10CE90006B1C0BD004B140420AB165B91160BDE80A
:10CEA000F087D445D0DD4FF0FF35D0E722233B603B
:10CEB0002846002AF3D0711EF0E796F800E001241E
:10CEC000AE1CA7E7BEF1300F21D1307800F0DF00B3
:10CED000582816D14FF0100996F801E04FF00F0ACC
:10CEE00002366FF070484B46AAE7337803F0DF0351
:10CEF000582BEFD008234FF0070A6FF0604899468F
:10CF00009EE799466FF070484FF00F0A98E74FF090
:10CF10000F0A6FF07048994692E700BFE11E0020AB
:10CF200099999919FFF75EBFB1F90C202DE9F041ED
:10CF30000C461107804647D4636842F40062002B18
:10CF4000A2815EDDA56A002D58D00023D8F80060CC
:10CF5000C8F8003093B212F4805256D10123E1692F
:10CF60004046A847431C67D0A389A56A5F0705D53B
:10CF70006368C01A236B0BB1E36BC01AE169024608
:10CF800000234046A847411C41D1D8F80030002B6F
:10CF90003DD01D2B01D0162B56D1A38922692260CA
:10CFA00023F4006300216160A381216BC8F8006055
:10CFB00021B304F14003994202D04046FBF738FA0E
:10CFC00000202063BDE8F0812669BEB193B22568D8
:10CFD00026609A070CBF63690023AD1BA3600BE0BA
:10CFE0002B463246E169676A4046B847B0F1000C0B
:10CFF000A5EB0C05664417DD002DF1DC0020BDE833
:10D00000F081E36B002B9DDCF8E7206DAEE7B4F90F
:10D010000C302269226023F40063A3810022DB0428
:10D020006260C2D52065C0E7A38943F040034FF09A
:10D03000FF30A381BDE8F081D8F80030002B93D0F9
:10D040001D2B06D0162B04D0A38943F04003A381E7
:10D05000D5E7C8F80060D1E738B50C46054608B1F9
:10D06000436B03B3B4F90C0088B1636EDB0701D4E2
:10D0700081050FD528462146FFF756FF636EDA0774
:10D08000054602D4A3899B0508D5284638BD054628
:10D09000284638BDA06DFBF7ADF8EBE7A06DFBF7B8
:10D0A000ABF8284638BDFAF76BFCDBE70EB410B5D9
:10D0B0009DB06FF000411FABCDE906010491094915
:10D0C00053F8042B0290084C0868019302A90594B8
:10D0D000FBF7DCFE029B00221A701DB0BDE8104079
:10D0E00003B07047B89800200802FFFF49B1FF2A3B
:10D0F00002D80A70012070478A2303604FF0FF3086
:10D1000070470846704700BF41EA00039B0730B4F0
:10D1100001D1032A0FD801F1FF3C07E01CF8011FE1
:10D1200003F8011B541EC1B1224618460346002ACB
:10D13000F4D130BC70470B46194653F8045BA5F197
:10D14000013424EA050414F0803FE4D1043A032AB0
:10D1500040F8045B1946EFD8DDE70244002CE8D024
:10D1600003F8011B9342FBD130BC70470048704765
:10D17000209400202DE9F0430E46264987B00F6821
:10D18000044690461D4653B305AA33460192032137
:10D190002246CDF80080384600F084FC059B3268BA
:10D1A00098428446C2F10002294609D2101A1CF89E
:10D1B000013B01F8013B059B634500EB0C02F6D8EF
:10D1C000944224DDA21A0A44302301F8013B914223
:10D1D000FBD100231370284607B0BDE8F083BA6C7A
:10D1E00000F123039A4201DDFD6CCDE700F1240933
:10D1F000F96C4A4638468DED020BF9F757F80546AB
:10D200000028E8D0C7E912909DED020BBCE70A4662
:10D21000DFE700BFB89800202DE9F04F85B01F462A
:10D22000574B03908A4600920D462A4615F8014B4B
:10D230001E5D16F00806F8D12D2C75D02B2C05BFDD
:10D240002C7802960296951C4FF0FF366FF0004B3B
:10D250002FB1102F6FD0B8464FEAE77905E0302C98
:10D2600074D04FF00A08B946474642464B4630460E
:10D270005946F8F7AFFB0023019284460A46184648
:10D28000194611E08A4208BF84453DD000FB09F3EE
:10D2900008FB0133A0FB08010B441EEB000043EB2D
:10D2A000EE71012315F8014BA4F1300EBEF1090F08
:10D2B00006D9A4F1410EBEF1190F0CD8A4F1370E16
:10D2C000774511DD5C1CEDD0844572EB0103D9D2AA
:10D2D0004FF0FF33E6E7A4F1610EBEF1190F03D85A
:10D2E000A4F1570E7745EDDC5A1C13D0029A12B107
:10D2F000404261EB4101009A1AB1A3BB009BC3F805
:10D3000000A005B0BDE8F08F019B7345BEDA4FF079
:10D31000FF33C7E7039A22231360009B33B305F161
:10D32000FF3A30465946E9E701232C780293951CD1
:10D330004FF0004B8CE7302C04D12B7803F0DF0347
:10D34000582B08D0B8464FF000098EE72B7803F031
:10D35000DF03582B0FD14FF010086C784FF0000905
:10D360000235474681E706468B46D8E730465946A0
:10D3700005B0BDE8F08F4FF00808B946474674E79E
:10D38000E11E0020FFF748BF2DE9F04F85B08B4626
:10D390000192624A03901E460D46294615F8014B3C
:10D3A000135D13F00803F8D12D2C00F082802B2C94
:10D3B00003BF2C7802938D1C0293BEB1102E7DD03A
:10D3C0004FEAE67A324653464FF0FF304FF0FF31D6
:10D3D000F8F700FB32460746884653464FF0FF30C9
:10D3E0004FF0FF31B146F8F7F5FA0AE0302C79D06A
:10D3F0004FF00A09DFF82881B24605224FF099372D
:10D400004E464FF0000C6046614611E0414508BFB2
:10D41000B8423ED000FB0AF409FB0141A0FB09041D
:10D420002144181841EBE3714FF0010C15F8014B42
:10D43000A4F13003092B05D9A4F14103192B0DD810
:10D44000A4F137039E4211DDBCF1FF3FEED08742CD
:10D4500078EB0104DAD24FF0FF3CE7E7A4F1610377
:10D46000192B03D8A4F157039E42EDDCBCF1FF3F1A
:10D4700014D0029B13B1404261EB4101019B2BB1DF
:10D48000BCF1000F12D1019BC3F800B005B0BDE89C
:10D49000F08F9342BEDD4FF0FF3CC7E7039A222393
:10D4A0001360019B60466146002BEFD005F1FF3B06
:10D4B000E9E701232C7802938D1C7EE7302C23D1E1
:10D4C0002B7803F0DF03582B1BD14FF010096C7839
:10D4D0000F2202354FF0FF376FF070484FF0000A0F
:10D4E0004E468EE72B7803F0DF03582BEDD04FF03C
:10D4F0000809B24607224FF0FF376FF060484E46EA
:10D500007FE74FF0000A5DE70F224FF0FF376FF023
:10D510007048B1464FF0000A73E700BFE11E0020DB
:10D5200099999919FFF730BF0000000001F0FF0141
:10D53000102A2BDB10F0070F08D010F8013B013A3E
:10D540008B422DD010F0070F42B3F6D1F0B441EA70
:10D55000012141EA014122F007047FF00007002386
:10D56000F0E80256083C85EA010586EA010685FADC
:10D5700047F5A3FA87F586FA47F6A5FA87F68EB936
:10D58000EED1F0BC01F0FF0102F0070232B110F859
:10D59000013B013A83EA010313B1F8D1002070473F
:10D5A00001387047002D06BF35460338073815F09F
:10D5B000010F07D1013015F4807F02BF013015F44F
:10D5C000C03F0130F0BC0138704700BF70B582B079
:10D5D0000446069D55B16AB10F480095D0F8E46045
:10D5E0002046B047431C10D002B070BD00F1F405D6
:10D5F000002AF1D1084B0095D3F8E46011460123CD
:10D60000064A2046B047431CEED100228A232A60F6
:10D61000236002B070BD00BF30930020AC09002031
:10D6200070B5054684B05BB11C4669B10E4B284607
:10D63000D3F8E0602346B047431C0FD004B070BD60
:10D6400000F582740029F1D1074A2346D2F8E06040
:10D6500028460A4601A9B047431CEFD100228A237D
:10D6600022602B6004B070BD3093002010B582B0F2
:10D67000049CCDE900344FF0FF3302F071FD02B09D
:10D6800010BD00BF002100F001B800BF10B500F0D0
:10D6900007F9044601F07CF8A0F11A03DBB2022B73
:10D6A00006D9A4F1090004288CBF0020012010BD78
:10D6B000012010BD30B482B08DED000B019A194CE1
:10D6C00022F000430021A342016021DC009C1C43A6
:10D6D0001ED0154C144054B99FED107B20EE077BF3
:10D6E0008DED007B019A6FF0350122F0004322F0AE
:10D6F000FF42DDE9004522F4E00242F07F551B15B0
:10D7000045F40015A3F2FE33CDE900450B44036058
:10D710009DED000B02B030BC704700BF0000000060
:10D7200000005043FFFFEF7F0000F07F00B50B4C7F
:10D7300025681446EE681A4685B003460D464CB17E
:10D7400007490095CDE901143046064901F050F82B
:10D75000F3F7C6FA04490C46F3E700BFB898002077
:10D760008C1C00209C1C0020AC090020022932D017
:10D770000329C0F307231DBFA0F1800283F08003BB
:10D78000D2B2C2B203F15001C9B21F2906D84CF679
:10D79000D371884269D94FF0FF30704703F13001EF
:10D7A000C9B224290ED84FF2A6418842F3D8D03B03
:10D7B000C3EBC313A2F1A10000EB4300304A32F8DF
:10D7C00010007047A13B072BE5D8DFE803F0483E87
:10D7D000342E29252119C2B29E2AC0F307210BD964
:10D7E0002332D2B280239F2994BF7039503103EB8A
:10D7F000410303F0FF03C5E77E3AD2B27F23F2E78D
:10D80000C02AC8D81F4BA2F1A10033F810007047FE
:10D81000F12AC0D81C4B19E0D82ABCD81B4B15E004
:10D82000F62AB8D802F540507047F32AB3D802F56B
:10D830003E5020307047164B134413F8A13C002B88
:10D84000A9D002F57E4060307047124BA2F1A100D2
:10D8500033F81000002808BF4FF0FF3070470E4B20
:10D86000A2F1A10033F810007047B03BC3EBC31323
:10D87000A2F1A10000EB4300084A32F81000704703
:10D88000747000209C230020F822002088220020B1
:10D890002C22002070210020B4200020DC23002056
:10D8A00038B50546B9B101F5957412492046FAF725
:10D8B000B1FA28B928460121BDE83840FFF756BF24
:10D8C0000D492046FAF7A6FA38B928460221BDE8E4
:10D8D0003840FFF74BBF094CE7E709492046FAF704
:10D8E00099FA28B928460321BDE83840FFF73EBF22
:10D8F000284638BD582000205C2000205A94002083
:10D900006420002038B5A1FB02148CBBF8F706FA9E
:10D910000546E0B150F8042C22F00302043A242A10
:10D9200017D8132A1AD91B2AC0E900441DD9242A62
:10D9300014BF00F1100200F118024FF00003C0E91B
:10D94000024404BF04614461C2E900339360284685
:10D9500038BD2146FAF70EF9284638BD02460023A5
:10D96000C2E900339360284638BD00F10802F6E7AB
:10D97000FAF742FA0C2300250360E8E72DE9F04F9F
:10D9800003690C69A34283B0C0F28780013C01F1B6
:10D990001405A30000F11408009355F8243058F83A
:10D9A0002420013381469A4208EB840005EB84076A
:10D9B0000190B2FBF3F63BD34FF0000CAE4640466D
:10D9C000E24663465EF804BB02681FFA8BFC06FB66
:10D9D0000C334FEA134C4FEA1B4B06FB0BCC9BB2AC
:10D9E000AAEB03031FFA8CFA13FA82F3CAEB124272
:10D9F00002EB23429BB243EA0243774540F8043BE3
:10DA00004FEA224A4FEA1C43DCD2009B58F803300D
:10DA100073B9019B043B984504D307E0984504F192
:10DA2000FF3403D253F80429002AF7D0C9F8104074
:10DA30004846FEF7D3FE00282BDB01364146002383
:10DA400055F8040BD1F800C082B29A1A030C12FAEE
:10DA50008CF2C3EB1C4303EB224392B242EA034233
:10DA6000AF4241F8042B4FEA2343E9D258F824206F
:10DA700008EB84036AB9043B984504D307E0984552
:10DA800004F1FF3403D253F80429002AF7D0C9F86F
:10DA90001040304603B0BDE8F08F002003B0BDE871
:10DAA000F08F00BF2DE9F04F2DED028B8FB08DED83
:10DAB000020B0191816B1A9D059357EC106B044684
:10DAC000934641B1C26B4A60012393408B60FEF7DD
:10DAD000CDFB0023A363B7F10008B4BF01230023EB
:10DAE0002B60BE4BBCBF28F00048CDF80C8033EA59
:10DAF000080300F09F809DED028BB5EE408BF1EEA8
:10DB000010FA11D1059A012313601B9B002B00F022
:10DB10003F82B34B1B9A1360013B009300980FB0F8
:10DB2000BDEC028BBDE8F08F0CAA0DA92046B0EE2B
:10DB3000480BFEF7B3FF5FEA1853054640F09280AA
:10DB4000DDE90C130B4403F23242202A40F3FA823F
:10DB5000C2F1400208FA02F803F21242D64048EA43
:10DB6000060207EE102AB8EE477B581E17EE906AA1
:10DB700053EC172B4FF0010AA6F1F8739FED913B80
:10DB80009FED927B9FED935B06EE900A43EC122B88
:10DB9000B8EEE64BB7EE086B32EE466BA6EE037BB3
:10DBA000A4EE057BFDEEC76BB5EEC07BF1EE10FA7F
:10DBB00016EE907A08D5B8EEE66BB4EE476BF1EE50
:10DBC00010FA18BF07F1FF37162F00F24581854B79
:10DBD00003EBC70393ED007BB4EEC78BF1EE10FAB5
:10DBE00057D5091A0023B1F1010807F1FF370A934D
:10DBF00000F1398100230693002F52DA069B049727
:10DC0000DB1B06937B420893019B092B4FF0000717
:10DC10004ED8052B40F39D82043B01930026019BC7
:10DC20009A1E032A00F22581DFE812F0AA03A70357
:10DC30009D037E03059AC8F3130842F20F7358EA56
:10DC4000060813601ED11B9B002B00F09185664BCC
:10DC5000009308331B9A009813600FB0BDEC028B41
:10DC6000BDE8F08F18EE906AC6F31306A3F2FF30FA
:10DC700053EC182B46F07F530C994FF0000A43F4F5
:10DC800040137BE71B9B002B40F03B83574B0093DB
:10DC900044E7091A0023B1F101080A9300F1E38077
:10DCA000069300230893019B0497092BB844B0D92D
:10DCB00000230126019307964FF0FF399B46002170
:10DCC000E163CDF82C902046FEF7AAFA00900028D8
:10DCD00000F04085009BA363B9F10E0F00F2DC80D9
:10DCE000002E00F0D980049B002B40F3DE833D4AD8
:10DCF00003F00F0102EBC10292ED007B1A11DB056C
:10DD000040F182833A4991ED086B02F00F02032043
:10DD100088EE065B5AB13649D60704D591ED006B03
:10DD2000013027EE067B521001F10801F4D185EE97
:10DD3000076B0A9B3BB1B7EE007BB4EEC76BF1EE0D
:10DD400010FA00F1AE8407EE900AB8EEE75BB1EE90
:10DD50000C7BA5EE067B17EE902A51EC170BA2F177
:10DD60005071B9F1000F00F08883049E4A46079B6A
:10DD7000002B00F04784B6EE003B1A4BFDEEC64B7D
:10DD800003EBC20CB8EEE47B36EE477B1CED026B76
:10DD900083EE065B41EC160B14EE900A35EE465B03
:10DDA0000099B4EEC75B3030F1EE10FA01F8010BC8
:10DDB00000F3AC84B7EE002BB2EE044B4FF0000C36
:10DDC00031E000BF61436F63A787D23FB3C8608B68
:10DDD000288AC63FFB799F501344D33F0000F07F51
:10DDE000618E0020A8020020E41F0020F01F002008
:10DDF000800200200CF1010C94454DDA27EE047BE3
:10DE000025EE045BFDEEC76B16EE903AB8EEE63BEE
:10DE1000303337EE437BB4EEC57BF1EE10FA01F8F8
:10DE2000013B00F1738432EE476BB4EEC56BF1EE4B
:10DE300010FADFD5009A049602E08A4200F050847E
:10DE4000894611F8013D392BF7D00133DBB20B7055
:10DE5000049B0133049355E1091A0123B1F1010830
:10DE60000A937FF5C7AEC1F1010306934FF0000896
:10DE7000C2E60026E66331462046FEF7D1F900905F
:10DE8000002800F06784009BA3634FF0FF330B93DF
:10DE900099460123B34607930D9A002A55DB04994E
:10DEA0000E2952DCB74BBBF1000F03EBC10393ED1E
:10DEB000006B15DAB9F1000F12DC40F0F282B1EE1E
:10DEC000047B26EE077BB4EEC78BF1EE10FACA4650
:10DED0004E4600F26D82DDF800806FEA0B0B70E2B7
:10DEE00088EE067BBDEEC77B009917EE103AB9F1BC
:10DEF000010F03F13003B8EEC75B01F8013BA5EE5B
:10DF0000468B00F03483B2EE044B012311E088EE1F
:10DF1000067BBDEEC77B013317EE102A4B4502F19D
:10DF20003002B8EEC75B01F8012BA5EE468B00F07E
:10DF30001E8328EE048BB5EE408BF1EE10FAE6D18D
:10DF4000049B013304938946DCE0079B43B3019BA8
:10DF5000012B40F37682089B09F1FF3A534580F28A
:10DF60003F82089BCDF820A0AAEB030217444FF094
:10DF7000000AB9F1000FC0F22583069B09934B44B8
:10DF8000C844069301212046FEF774FA06460CE0C9
:10DF90007D4B009300980FB0BDEC028BBDE8F08F75
:10DFA000069BDDF820A0079E0993099B6BB1B8F191
:10DFB000000F0ADD434506991A46A8BF4246891A52
:10DFC0009B1A06910993A8EB0208089B63B1079B73
:10DFD000002B00F0A782BAF1000F00F30482089B27
:10DFE000B3EB0A0240F0FF8201212046FEF742FA1D
:10DFF000002F824600F3AF80019B012B40F3878105
:10E00000002308930120002F40F0B180404410F01D
:10E010001F0000F07A81C0F12002042A00F38880FA
:10E0200040F0F681069B002B05DD29461A46204666
:10E03000FEF75CFB0546B8F1000F05DD5146424690
:10E040002046FEF753FB82460A9B002B40F03F819F
:10E05000B9F1000F40F32581079B002B40F0A3800E
:10E06000049B01330493DDF80080012707E0294673
:10E0700000230A222046FEF703F9013705465146E0
:10E080002846FFF77BFCB94500F1300008F8010B8A
:10E09000EDDCB9F1000F009ACCBFCB464FF0010B7D
:10E0A0000346934400272946012220460193FEF7A8
:10E0B0001DFB51460546FEF791FB002840F3AF815A
:10E0C0001BF8013C009A0BF1FF3B04E05A4500F0BD
:10E0D000B1811BF8013D392B0BF10109F6D0013359
:10E0E0008BF8003051462046FEF7C0F856B12FB1EC
:10E0F000B74203D039462046FEF7B8F831462046ED
:10E10000FEF7B4F829462046FEF7B0F8002389F858
:10E110000030DDE904231A601B9B002B3FF4FEACAA
:10E120000098C3F800900FB0BDEC028BBDE8F08FF3
:10E13000C0F11C00069B03440693099B034409930A
:10E1400080446FE7C2F1200206FA02F207EE102ABD
:10E1500009E5012663E501463A462046FEF766FAE0
:10E16000019B012B824640F3C58100230893DAF816
:10E1700010200AEB82021069FEF72CF9C0F1200092
:10E1800044E700BFA8020020608E00203146002333
:10E190000A222046FEF774F80B9B002B064640F33C
:10E1A000CE8204979946099B002B05DD31461A461D
:10E1B0002046FEF79BFA0646089B002B40F0EB81B9
:10E1C000B046029B009F03F001027B1E4B44089364
:10E1D000019B0A921343099351462846FFF7CEFB51
:10E1E000314683462846FEF7F9FA424651468146B3
:10E1F0002046FEF715FBC26801460BF13003002AEA
:10E2000042D1CDE906032846FEF7E8FA06990290C6
:10E210002046FEF72BF8029A079B1AB909990029A4
:10E2200000F07E82B9F1000FC0F28381019949EAC2
:10E2300001090A9951EA090900F07B81002A00F3DB
:10E24000C681089A3B7007F101099742CB4600F05E
:10E25000C481294600230A222046FEF711F84645CC
:10E26000054631464FF000034FF00A02204612D017
:10E27000FEF706F84146064600230A222046FDF72F
:10E28000FFFF4F468046A7E720460293FDF7EEFFCB
:10E29000029B0122C6E7FDF7F3FF4F460646804684
:10E2A0009AE7019B022B71DC079B002B7FF47BAF6D
:10E2B000049B5146013328460493FFF75FFBDDF8CA
:10E2C00000B000F130030BF8013B0027EBE65146AC
:10E2D0002846FEF783FA0028BFF6BAAE2946002387
:10E2E0000A222046FDF7CCFF049B5F1E079B0546D4
:10E2F000002B7FF44BAF0B9B002B40F31882994609
:10E30000B1E6BC4B00930333A4E41C2012E7DDE923
:10E31000020100287FF474AEC1F31302002A00F05A
:10E32000F480029B08936DE601230793049B5B44F2
:10E3300003F10109B9F1010FCC460B93B8BF4FF0BF
:10E34000010C0021BCF1170FE1637FF7BCAC012089
:10E350000422520002F114036345014600F101005A
:10E36000F7D9E163AFE401230793BBF1000F52DD5E
:10E37000CDF82CB0D946DC46E3E700230793D5E778
:10E3800000230793F1E7DDF82C900497B9F1000F13
:10E390007FF4A1AD51464B4605222046FDF770FFA4
:10E3A000014682462846FEF719FA00287FF793AD0A
:10E3B000049B03F1010B009B3122984603F8012BCB
:10E3C000009351462046FDF751FF0BF10103DDF8A4
:10E3D00000900493CDF80080002E7FF48FAE91E67C
:10E3E000A3EB0A0AC5E5314652462046FEF71EF960
:10E3F0002A46014606462046FEF76AF829460546A3
:10E400002046FDF733FFEAE50220B0EE485B81E4E9
:10E41000C0F13C008EE64FF0010BD9464FE403D12A
:10E42000019BDB073FF54CAED9461BF8013D302B75
:10E43000FAD057E6049B009A0133049331231370FA
:10E4400050E6BAF1000F00F0238102F23342069B3E
:10E4500009931344DDF820A00693904492E507EE5B
:10E46000900AB1EE0C5BB8EEE77BA6EE075B15EE0B
:10E47000902A51EC150BA2F1507141EC150BB1EE45
:10E48000047B36EE477BB4EEC57BF1EE10FA00F369
:10E490003781B1EE455BB4EEC57BF1EE10FA7FF546
:10E4A000FBAC4FF0000A564615E500F0F580049BE2
:10E4B00051495A4202F00F0001EBC00191ED006B8F
:10E4C000121128EE066B00F04281B0EE467B4B49FC
:10E4D00000260220D30705D591ED005B013001260F
:10E4E00027EE057B521001F10801F3D1002E06FE44
:10E4F000076B1EE4029B002B7FF437AEDDE90201BF
:10E50000C1F31302002A40F037813D4A0A40002A35
:10E5100000F0FA80069B01330693012308F10108FD
:10E5200008936FE52946089A2046FEF77FF80546CE
:10E530005AE5002A12DD2946012220460193FEF702
:10E54000D5F851460546FEF749F90028019B40F3EE
:10E55000E180392B00F0CA800BF13103B94609F88C
:10E56000013B049B0133374604934646BAE538EE37
:10E57000088BB4EEC68BF1EE10FA0ADCB4EE468BD3
:10E58000F1EE10FA7FF4DCAC17EE103AD8077FF505
:10E59000D7AC009A54E471682046FDF741FE074667
:10E5A000002800F0DE80336902339A0006F10C0186
:10E5B0000C30F1F751FF394601222046FEF796F85C
:10E5C0008046FEE5069BA3EB09030993DAE4392BA9
:10E5D00000F08C80B9460133C1E7049A0132374616
:10E5E000049246465FE529462046FEF71FF8054699
:10E5F000FAE400BFF01F0020A802002080020020E3
:10E600000000F07F5E4BFDEEC65B03EBC20C1CED21
:10E61000023BB8EEE57B36EE477B41EC160B15EE80
:10E62000901A23EE063B00983031012A00F8011BB6
:10E6300000F08380B2EE044B009B991827EE047B18
:10E64000FDEEC76B16EE903A303300F8013B814285
:10E65000B8EEE65B37EE457BF0D1B6EE006B33EEFD
:10E66000065BB4EEC75BF1EE10FA3FF5E3AB36EEB6
:10E67000436BB4EEC76BF1EE10FA7FF70DAC894631
:10E68000013919F8013C302BF9D0731C049339E59A
:10E690000C9AC2F13602DAE60220B0EE486BFFF7C0
:10E6A00048BBB9F1000F3FF4DAAE0B9A002A7FF7AE
:10E6B000F3ABB2EE044B26EE046B013007EE900A8A
:10E6C000049BB8EEE75BB1EE0C7BA6EE057B17EE84
:10E6D00090CA51EC170B5E1EACF15071FFF747BBAF
:10E6E000049B013304933123FFF7B1BB049BBB466A
:10E6F00001330493392337460BF8013B4646E1E4E6
:10E700004FF0000A564653E608927BE4731C0493CC
:10E710008946F7E47FF422AFDA077FF51FAF18E7E9
:10E72000392BE3D0B9F1000F3FF716AF16E7019B85
:10E73000022B3FF728AE0497BAE501468DE7019B0F
:10E74000022B3FF720AEDDF82C9004972BE502203A
:10E75000FFF7EFBA0B4B0C48002240F2AF11FEF767
:10E76000E5FF084B08483A4640F2EF21FEF7DEFF8E
:10E77000064B0093FFF7D2B9029B0893F7E400BF62
:10E78000A8020020CC1C0020F41F0020E41F002061
:10E79000154B984223D870B5144E4FF0000E40F63A
:10E7A000DB0403E002F1010EA64516DC04EB0E02C9
:10E7B00022F0010303EB620306EB43035210597886
:10E7C0005D88B3F804C041EA05218C446045E9D86E
:10E7D000884206D2541EA645E8DDFF2070BDFF200A
:10E7E0007047187870BD00BFEF010E004C3B002051
:10E7F0000EB410B583B005AB064C53F8042B01934F
:10E800000146206800F07CF903B0BDE8104003B079
:10E81000704700BFB89800202DE9F04F9368176843
:10E8200083B09246002B70D081468A6808680C46F7
:10E83000083743E0A38913F4906F2ED0D4E904166F
:10E84000A0EB010806EB460606EBD67608F10100C0
:10E8500076102844B042324684BF064632465B05F5
:10E8600037D511464846F7F759FA019000283AD0B3
:10E8700042462169F1F7F0FDA289019B22F49062E2
:10E8800042F08002A281A6EB080203EB0800666159
:10E89000A260236120602E46A84642465946F9F7F9
:10E8A000EDF8DAF80830A2682068921B40445B1B40
:10E8B000A2602060CAF808303BB3083757E902B5B8
:10E8C000002DFAD0AA4216469046B3D92E46A84645
:10E8D000E3E74846F7F7EAFC03460028D3D121696D
:10E8E0004846F9F7A5FDA3890C2243F04003C9F877
:10E8F00000204FF0FF30A38100220023CAF8082037
:10E90000CAF8043003B0BDE8F08F00200023CAF835
:10E91000043003B0BDE8F08F38B54B1C1AD0938992
:10E920001446126B23F02003A381CDB2AAB1626812
:10E93000636B9A4209DA23685A1E226003F8015C6D
:10E94000636801336360284638BD214601F0DEF874
:10E950000028F0D04FF0FF35F5E7236922682BB18E
:10E96000934203D212F8013CAB420FD06168E163DD
:10E970002346A26304F1400103226263216303F88A
:10E98000425F0122C4E90032284638BD6368013A7B
:10E990000133C4E90023D6E710B50C46096B69B111
:10E9A00004F14003994201D0F9F742FDE36B636043
:10E9B0000020206313B1A36B236010BDA3892169DC
:10E9C000002243F02003C4E90012A3814FF0FF307E
:10E9D00010BD00BF2DE9F04F85B0CDE9023202FB3A
:10E9E00003F30E9C0193A3B3D4F804A0019B5345F9
:10E9F0008B4646D9A046019D58F8401B0746002685
:10EA000052465846F1F728FD2368226B5344A94625
:10EA1000C4E9003611463846D344A5EB0A05E2B1F5
:10EA2000424501D0F9F704FDE36B26636360A3B1AF
:10EA3000A16B2160AB429A46E2D3029B01932A4626
:10EA40005846F1F709FDD4E90032521B2B44C4E9C2
:10EA50000032019805B0BDE8F08F019A039B524443
:10EA6000A2EB0902B2FBF3F30193A3892269019897
:10EA700043F02003A3810023C4E9002305B0BDE8CF
:10EA8000F08F21681D46D8E72DE9F84F4B6E9C04A6
:10EA900090462DD59368126843B38B46064602F123
:10EAA000080959E9025A5FEA9A0715D0043D002483
:10EAB00001E0A7420ED055F8041F5A46304601F037
:10EAC00097FA431C04F10104F3D10023C8E9013390
:10EAD000BDE8F88FD8F808302AF0030AA3EB0A0340
:10EAE000C8F8083009F10809002BDAD10020ECE75A
:10EAF00001F048F80023C8E90133BDE8F88F00BFF2
:10EB00002DE9F04F2DED028BC5B00DF1500A834673
:10EB100008EE101A16460021082250461C4607939C
:10EB2000F9F728F8BBF1000F04D0DBF83430002BE4
:10EB300000F0A08618EE102A536EDB0740F1138513
:10EB4000B2F90C108AB295040BD418EE103A41F4C5
:10EB5000005199815B6E8AB218EE101A23F40053AB
:10EB60004B66100740F1058118EE103A1B69002B27
:10EB700000F0FF8002F01A030A2B00F00A81002344
:10EB8000CDE91933CDE90D331BAA0C9318929146A8
:10EB90000B930593B0464446A84BD3F8E450F9F7DD
:10EBA000B3F82246034612A9CDF800A05846A8475C
:10EBB000002800F04581C0F23981129A252A0346C7
:10EBC00001D01C44E8E7B4EB0806054640F03C8160
:10EBD000002361788DF8433004F1010806934FF06B
:10EBE000FF371E462B2408F10108A1F120035A2B00
:10EBF00000F27881DFE813F0B50276017601B00209
:10EC00007601760176016A00760176017D028D0239
:10EC1000760188029702760192025B005B005B003E
:10EC20005B005B005B005B005B005B0076017601D4
:10EC300076017601760176017601760176015C0235
:10EC400084007601760176017601760176017601FF
:10EC5000760176017601E8007601760176013302CD
:10EC60007601DA02760176018B057601760176016E
:10EC700076017601760176017601760176015C02F5
:10EC80008600760176017601CD0286007F0076014E
:10EC9000C0027601FD02EA00ED027F007601330238
:10ECA0007C006905760176016B0576017C00A1F197
:10ECB0003003002218F8011B02EB820203EB420230
:10ECC000A1F13003092BF5D906928EE75846FEF7DD
:10ECD0004DFA43680D931846F9F798FA0E900546D9
:10ECE0005846FEF743FA83680B93002D40F0D68414
:10ECF00098F8001077E798F8001046F0200672E7C1
:10ED000046F01006B40640F18E81079B073323F0CE
:10ED100007031A46596852F8083B07920A46002929
:10ED2000C0F27084791C00F0A28526F08001039166
:10ED300053EA020100F03F840A2B72F1000180F0D7
:10ED4000418530338DF80F31039E012304930DF27A
:10ED50000F14049BBB42B8BF3B46039300230893A8
:10ED60009DF84330002B00F0CB80039B01330393CD
:10ED7000C6E018EE101A584618EE105A01F07CF84A
:10ED8000002840F05286AA8902F01A030A2B7FF469
:10ED9000F6AE18EE101AB1F90E30002BFFF6EFAEFA
:10EDA0004B6EDB0702D4970540F1128618EE101A5D
:10EDB00023463246584600F069FE0590059845B056
:10EDC000BDEC028BBDE8F08F46F0100616F0200275
:10EDD00000F03681079B073323F0070319465A6872
:10EDE00051F8083B079126F480610391002100202F
:10EDF0008DF84300781C00F01082039820F0800604
:10EE000053EA020040F00882002F40F038850029C4
:10EE100040F0D583039B13F00103049300F01184A9
:10EE200030238DF80F310DF20F1492E708220021E4
:10EE30005046F8F79FFE01231C44ADE630930020B6
:10EE4000B4EB080605461BD0199B1A9A01333244CD
:10EE5000072BC9E900861A9219931CDD002A00F0DD
:10EE6000A68318EE101A18AA5846FFF70DFE20BB0D
:10EE70000DF16C09059B33440593002D7FF4A8AE7A
:10EE80001A9B002B40F0C18518EE103A0022B3F90E
:10EE90000C30199215E009F10809EBE718EE101A89
:10EEA00018AA5846FFF7F0FD002800F0A680089B3E
:10EEB0001BB108995846F9F7BBFA18EE103AB3F9A6
:10EEC0000C3018EE102A526E12F0010F9AB200F0B8
:10EED000A080500600F1B285059845B0BDEC028BCC
:10EEE000BDE8F08F0029CBD000238DF843300123FB
:10EEF000CDE903338DF8AC102BAC002308931F46EB
:10EF000016F00203099302D0039B0233039316F019
:10EF100084030A9305D1069B039A9D1A002D00F3E2
:10EF20007B82DDE91903411C9DF8432082B1012257
:10EF30000133C9F8042007290DF14302CDE9191363
:10EF4000C9F8002000F34A82084609F10809013196
:10EF5000099AE2B111AA0233C9F8002007294FF03B
:10EF60000202CDE91913C9F8042040F35082002BA6
:10EF700000F0438318EE101A18AA5846FFF784FDD4
:10EF8000002894D1DDE919030DF16C09411C0A9A9E
:10EF9000802A00F08481049ABD1A002D00F3D781E5
:10EFA000049AC9F8004013440729CDE91913C9F898
:10EFB000042040F36E81002B00F0758218EE101AC9
:10EFC00018AA5846FFF760FD00287FF470AF1A9B1F
:10EFD0000DF16C09750705D5069A0399541A002C92
:10EFE00000F36B82DDE9052103988142ACBF521822
:10EFF00012180592002B7FF451AF08990023199342
:10F00000002900F049815846F9F712FA0DF16C0910
:10F01000C1E59C053FF55DAF18EE104AA06DF9F70C
:10F02000EBF8A28955E7F006079A00F11F837106F5
:10F0300040F1198332F9043B0792DA1711466EE664
:10F0400016F01003079940F0098316F0400000F015
:10F0500001831A4651F8043B07919BB2C3E6079B14
:10F060001A4600238DF84330134653F8044B03939C
:10F07000002C00F01284532900F0658316F010056F
:10F0800040F061837B1C00F0B3843A462946204659
:10F09000FEF74CFA0890002800F09F84031B039AA7
:10F0A000049323EAE3732F4607920393089557E6E8
:10F0B000432902D0F50640F12D83079D0822002147
:10F0C00016A82BACF8F756FD16AB55F8042B2146C5
:10F0D0005846FEF7A5FA03460133049000F0B384C6
:10F0E000049B079523EAE373039300238DF84330D1
:10F0F00003E7079B53F8042B0692002A80F29C82B8
:10F10000069A5242CDE9062398F8001046F004060C
:10F1100069E598F800108DF8434064E598F8001010
:10F1200046F080065FE5424612F8011B2A2900F0EE
:10F130009684A1F13003092B90464FF000073FF66B
:10F1400054AD18F8011B07EB870703EB4707A1F144
:10F150003003092BF5D948E598F8001046F0010670
:10F1600041E59DF84330002B7FF4C2AD202398F891
:10F1700000108DF8433036E598F800106C2903BF75
:10F1800098F8011046F0200608F1010846F0100634
:10F1900029E598F80010682903BF98F8011046F493
:10F1A000007608F1010846F040061CE546F0100321
:10F1B0000393039B13F0200200F00682079B0733A2
:10F1C00023F0070319465A6851F8083B07910121BB
:10F1D0000DE6079A46F00203039352F8043B0792A8
:10F1E00047F63002ADF84420B84A0C9202210022C2
:10F1F000FDE5B70600F14882F50600F14683740686
:10F2000000F1D583B00540F14083079B059953F881
:10F21000042B07931170BEE4039601293FF48CADD3
:10F22000022944AC11D10C9803F00F011B09415C79
:10F2300004F8011D43EA0273120953EA0201F3D1F3
:10F24000039E44AB1B1B049383E503F00701DB081B
:10F2500043EA4273D208303153EA0205204604F8EB
:10F26000011DF2D1039EF307EBD53029E8D03023FE
:10F27000023804F8013C44AB1B1A039E0493044675
:10F2800067E5049B1B9401221C931A9319920DF1BC
:10F290006C0909F108099DE60DF16C097BE4069AF9
:10F2A000039D551B002D7FF776AE102D40F3BB83D9
:10F2B000099418EE104A07E000F1020C09F1080960
:10F2C0001046103D102D1EDD8149C9F80010421C6A
:10F2D00010331021072ACDE91923C9F80410EBDDFA
:10F2E00018AA002B74D0214658460DF16C09FFF77F
:10F2F000CBFB00287FF4DBADDDE91903103D102DB9
:10F3000000F1010CE0DC099C714AC9F804502B445F
:10F31000BCF1070FCDE919C3C9F8002040F394816F
:10F32000002B00F01F8318EE101A18AA5846FFF79A
:10F33000ABFB00287FF4BBAD049ADDE91903BD1ACD
:10F34000002D00F101010DF16C097FF729AE102DA0
:10F3500029DD0994102718EE104A07E000F1020C8D
:10F3600009F108091046103D102D1ADD421C5849BC
:10F370001033072AC9E90017CDE91923EEDD18AAD1
:10F3800003B3214658460DF16C09FFF77DFB0028B9
:10F390007FF48DADDDE91903103D102D00F1010C56
:10F3A000E4DC099C61464A4AC9F804502B44072909
:10F3B000CDE91913C9F8002000F3E78009F1080925
:10F3C0000131EDE54FF0010C18460DF16C09CAE76B
:10F3D0004FF0010C18460DF16C0972E7002B00F09C
:10F3E000048118EE101A18AA5846FFF74DFB0028A2
:10F3F0007FF45DADDDE919030DF16C09411CA7E552
:10F40000022311AA1C931B9201210DF16C090846DD
:10F4100009F10809411CBAE5102D40F3E582DDE948
:10F4200019130F94084618EE104A07E000F1020C79
:10F4300009F108091046103D102D1DDD2549C9F8B8
:10F440000010421C10331021072ACDE91923C9F8F6
:10F450000410EBDD18AA03B3214658460DF16C09E0
:10F46000FFF712FB00287FF422ADDDE91903103D00
:10F47000102D00F1010CE1DC0F9C6046154AC9F823
:10F4800004502B440728CDE91903C9F8002000F3E4
:10F49000C18009F10809411C46E518464FF0010CEE
:10F4A0000DF16C09C7E77607199353D5069A0399AE
:10F4B000541A002C4EDD0DF16C09102C40F3B08273
:10F4C000199918EE106A10250DE000BF8420002065
:10F4D000A08F00203C3B0020881C09F10809114640
:10F4E000103C102C1ADD4A1CB3481033072AC9E916
:10F4F0000005CDE91923EFDD18AA33B3314658468C
:10F50000FFF7C2FA00287FF4D2ACDDE91913103CF2
:10F51000102C01F101000DF16C09E4DCA64AC9F8D8
:10F52000044023440728CDE91903C9F800207FF7D8
:10F5300059AD7BB118EE101A18AA5846FFF7A4FA75
:10F5400000287FF4B4AC1A9B4CE5012019460DF15C
:10F550006C09C5E7DDE9053203998A42ACBF9B1807
:10F560005B18059349E5B2F90C108F0518EE103AB7
:10F570008AB23FF5E8AA18EE105A986DF8F73AFEED
:10F58000B5F90C108AB2FFF7DEBA002B3FF479AE62
:10F5900018EE101A18AA5846FFF776FA00287FF4DA
:10F5A00086AC19991A9B01310DF16C09F8E4199296
:10F5B0000DF16C095EE4002F7FF4C3AB039E0027BE
:10F5C000049744ACFFF7C5BB039B13F0100354D161
:10F5D000039A12F0400000F06B8107991A4651F827
:10F5E000043B07919BB2012101E4099A002A64D1EE
:10F5F000184601210DF16C09C9E4012118460DF1ED
:10F600006C09C4E45B4262EB420203962D200121A7
:10F61000FFF7EEBB002B00F0888018EE101A18AA36
:10F620005846FFF731FA00287FF441ACDDE91903B1
:10F630000DF16C09411C77E498F800100793FFF76F
:10F64000D2BA44ACFFF785BB09F108090CF10101FE
:10F650006046A0E416F4007240F0978151F8043B34
:10F660000791FFF7C0BBB30500F1888152F8043B56
:10F670000792DA171146FFF752BB079951F8043B7E
:10F6800007910121FFF7B3BB079B059853F8041BB3
:10F690000793C217C1E90002FFF77DBA0B9B002B4D
:10F6A0003FF426AB0B9B1B78002B3FF421AB98F863
:10F6B000001046F48066FFF796BA022311AA1C9345
:10F6C0001B9201200DF16C09A2E6039671E53B4BFC
:10F6D0000C9316F0200259D0079B073323F0070341
:10F6E00018465A6850F8083B0790F40709D553EAC2
:10F6F000020006D08DF84510302146F002068DF844
:10F70000441026F4806103910221FFF770BB2C4B5B
:10F710000C93DEE7079B012153F8042B03918DF82E
:10F72000AC20079304912BACDFE49DF84320002A22
:10F7300040F03281099A002A7FF462AE1846012116
:10F740000DF16C0927E40021082216A81394F8F79C
:10F7500011FA791C00F0BC80002507942C460CE0BF
:10F760002BA95846FDF75CFF421C204400F06B813A
:10F77000B84208DC00F070810446139A525916AB67
:10F780000435002AECD10494079CAFE016F0100376
:10F7900007980CD116F0400405D01A4650F8043BE7
:10F7A00007909BB2A1E716F4007240F0E18050F898
:10F7B000043B079099E700BF3C3B002084200020D9
:10F7C000982000200399049744AC9E4608EE90BA16
:10F7D00001F480664FF0000C234606E0BEF10A0FEC
:10F7E00072F1000239D3A6462A46A6491EEB020052
:10F7F00040F100000F46A1FB001424F0030101EBCF
:10F800009401401ABEEB00014FF0CC3562F10004C8
:10F8100005FB01F507FB0455A1FB07410D44052736
:10F8200004F00101A1FB071B09186408303103F83B
:10F83000011C44EAC5740CF1010C013B6D08002E5B
:10F84000CCD00B9909786145C8D1BCF1FF0FC5D068
:10F85000BEF10A0F72F100026CD21C4644AB1B1BB6
:10F86000049F039E049318EE90BAFFF772BA0396B2
:10F87000FFF762BA5846F8F783F8FFF75BB901293A
:10F8800003967FF4CDACFFF75CBA079B059953F85C
:10F89000042B11600793FFF77EB9062F3B46039AAE
:10F8A000794C079228BF062304930393FFF725BBE7
:10F8B000039B079913F4007214BF51F8043B51F8ED
:10F8C000043B07911CBF0246DBB20121FFF78FBA50
:10F8D00016AB00930023194613AA5846FDF7C6FE3F
:10F8E00003460133049000F0AE801394049B002B78
:10F8F00030D0632B63DC002308932BAC082200215B
:10F9000016A8F8F737F9049D16AB009313AA2B46F7
:10F9100021465846FDF7AAFE854240F0AB80039B86
:10F92000049A07930023A3541F4622EAE273039329
:10F93000FFF716BA0E9A0D999B1A18460893F8F716
:10F94000B1F90B99089B4A780AB101310B914FF03C
:10F95000000C48E7039B0793049B03931F460893FF
:10F96000FFF7FEB9012118460DF16C09FFF713BB33
:10F9700050F8043B07902246DBB2B6E612F9043B8E
:10F980000792DA171146FFF7CAB951F8043B0791FD
:10F990000246DBB2FFF727BA01231C9301210DF1C8
:10F9A00043031B930DF16C090B46FFF7CDBA079B80
:10F9B000059953F8042B07931180FFF7ECB8591CF5
:10F9C0005846F6F7ABF9044600283CD0089095E776
:10F9D000886DF8F711FCFFF7E9B9039B0793CDE9B0
:10F9E0000377089FFFF7BCB919981A9B013045E5CA
:10F9F000039B07932046F8F709FC20EAE0732F46A3
:10FA0000049003930895FFF7ABB918EE101A18AAE3
:10FA10005846FFF739F800283FF436AAFFF74DBAE9
:10FA2000199801307AE58C466EE46B6ED90705D4DF
:10FA3000AB899A0502D4A86DF8F7DEFB4FF0FF33CF
:10FA40000593FFF749BA18EE102AB2F90C3043F0CB
:10FA500040039381FFF735BA079C049746E7079B5D
:10FA600098F8011053F8047B0793904647EAE7772C
:10FA7000FFF7B9B818EE102A938943F04003938139
:10FA8000FFF715BACDCCCCCCAC20002070B50C461D
:10FA90008989ADF58E6D21F00201ADF81410616E0B
:10FAA0001B91E189ADF81610E1690991616A0B912A
:10FAB0001CA9029106914FF48061064604910791BA
:10FAC00018A80021CDE900320891F8F78FFBDDE995
:10FAD000003202A93046FFF713F8051E07DB02A922
:10FAE0003046FDF7B9FA002818BF4FF0FF35BDF8D2
:10FAF00014305B0603D5A38943F04003A381189813
:10FB0000F8F776FB28460DF58E6D70BD01F14003C8
:10FB10002DE9F0410C46096B994214D0666B7700D1
:10FB20003A46F6F7C3FB054640B300EB060801462C
:10FB300032464046F0F790FCC4E90C57C4F8008008
:10FB40000020BDE8F0814FF48061F6F7E7F8A8B136
:10FB500094F842304FF48062C4E90C0280F8FF331D
:10FB600094F8413080F8FE3394F8402080F8FD236B
:10FB700000F2FD3323600020BDE8F0814FF0FF303C
:10FB8000DFE700BF9368002B00F085802DE9F04F80
:10FB9000B1F90C300C461907804683B0174698B26D
:10FBA00025D523691BB310F002033D682DD04FF01B
:10FBB000000ADFF8C0B25646B9465E4533465246A3
:10FBC00028BF5B464046002E52D0E169676AB847BD
:10FBD000002856DDD9F808301B1A8244361AC9F8B5
:10FBE0000830002BE9D1002003B0BDE8F08F21469A
:10FBF000404600F041F9002840F03881B4F90C305B
:10FC00003D6898B210F00203D1D110F0010944D13F
:10FC10004E46009746B38205D4F808B040F185807F
:10FC2000B3455A4600F2B48010F4906F40F0C180A2
:10FC3000206801924946F7F721FFA368019AA3EBD8
:10FC40000B012368A1601344B24623600026009A8A
:10FC50009368A3EB0A03D1449360002BC3D0B4F99B
:10FC60000C0080B2002ED6D1D5E900960835D1E738
:10FC7000D5E900A60835A0E721464046FDF7ECF996
:10FC800088B3B4F90C3043F040034FF0FF30A38148
:10FC900003B0BDE8F08F002070471E46BA46994673
:10FCA000184600951F4666B3002832D04A46D4E96C
:10FCB00004132068A568B24228BF3246884204D99E
:10FCC00005EB030B5A4500F3A780934264DCE1691E
:10FCD000656A3A464046A847B0F1000BD1DDB9EB62
:10FCE0000B09C9D00120DAF80830A3EB0B035F44FD
:10FCF000A6EB0B06CAF80830002B3FF474AF002EB9
:10FD0000D2D1009A5668134608320092002EF8D0DD
:10FD10001F6832460A213846FDF708FC002800F02B
:10FD20009C800130A0EB0709C0E720682369984256
:10FD300016D86269B24213D86FF00043B34228BFAD
:10FD40003346E16993FBF2F3676A02FB03F3404633
:10FD50004A46B847B0F1000A93DDA6EB0A0676E7FB
:10FD6000B345DA4628BFB24652464946F7F786FE03
:10FD7000A3682268A3EB0A035244A3602260002B0D
:10FD8000EBD121464046FDF767F90028E5D078E73A
:10FD90002068B34632464CE739460192F7F76EFECB
:10FDA000019AA3689B1AA3602368134423609346B7
:10FDB00095E723682169A3EB010B636903EB430A11
:10FDC0000AEBDA7A0BF101034FEA6A0A334453452E
:10FDD000524684BF9A46524643052CD511464046AA
:10FDE000F5F79CFF00283BD05A4621690190F0F7B7
:10FDF00033FBA289019B22F4906242F08002A2812F
:10FE000003EB0B002361AAEB0B03C4F814A0A3605F
:10FE10002060B34632460CE739465A46F7F72EFEC5
:10FE200023685B44236021464046FDF715F900280E
:10FE30003FF455AF25E74046F6F738FA0346002869
:10FE4000DED121694046F8F7F3FAB4F90C300C2200
:10FE500023F08003C8F8002015E7721C914626E7BE
:10FE60000C22B4F90C30C8F800200CE74FF0FF303A
:10FE7000BAE600BF00FCFF7F38B5314B1B68054672
:10FE80000C4613B15A6B002A4ED0B4F90C30180747
:10FE90009AB21CD5216929B312F0010007D00020C5
:10FEA000A06060694042A06139B1002038BD95076B
:10FEB00058BF6069A0600029F7D1120658BF0846F4
:10FEC000F4D543F04003A3814FF0FF3038BDD10695
:10FED0002ED5520714D4216943F00803A3819AB2A6
:10FEE0000029D9D102F42070B0F5007FD4D021468A
:10FEF000284600F047F9B4F90C3021699AB2CBE7F3
:10FF0000216B51B104F14002914204D02846F8F728
:10FF10008FFAB4F90C300022226321690022C4E96F
:10FF2000001223F02403D7E71846F7F729FDACE7C2
:10FF3000092243F040032A604FF0FF30A38138BD0F
:10FF4000B89800202DE9F04782B0824688461446D2
:10FF5000F7F7DAFE012803D108F1FF33FE2B36D97B
:10FF60000DF10409424604F15C0349465046FDF791
:10FF700057FB421C064632D020B39DF804C0002532
:10FF800009E023685A1C226083F800C00135B5429D
:10FF900018D219F801CFA368013B002BA360F0DA57
:10FFA000A769BB4261462246504602DBBCF10A0FFC
:10FFB000E7D100F053F9431CE8D10646304602B0C1
:10FFC000BDE8F0874646304602B0BDE8F0875FFAEC
:10FFD00088FC8DF804C006460DF10409CFE7A3891B
:10FFE000304643F04003A38102B0BDE8F08700BF74
:10FFF00030B5536E13F0010FB2F90C30144683B0D4
:02000004600298
:1000000005469AB201D198051CD5900406D4626EBB
:1000100043F4005342F40052A3816266224628460C
:10002000FFF790FF636EDA07054602D4A3899B05AC
:1000300002D5284603B030BDA06DF8F7DDF828469C
:1000400003B030BDA06D0191F8F7D4F8B4F90C30CD
:1000500001999AB2D9E700BF2DE9F04F8BB0DDE9E5
:10006000158A149F0391814605921E46B8F1000F30
:100070005CD0039B002B5ED0059B1D68002F6AD0CF
:10008000741E4EB3039B0493043D002601950BE0C0
:10009000039B2BBB019B1A68002A3AD0BC455CD25B
:1000A000013C631C664617D0D8F800300293019BD0
:1000B000DAF8E05053F8042F019307A94346484665
:1000C000D8F804B0A847421C3AD000EB060CBC4557
:1000D000DED9029BC8E9003B30460BB0BDE8F08F8B
:1000E00000280EDD049B019D18445A1E07A900F14B
:1000F000FF3E11F8013B02F8013F7245F9D101952D
:100100000490059B1A6804321A60019B1A68002A41
:10011000C4D1039B0BB1059B1A600CF1FF36002282
:100120003046C8F800200BB0BDE8F08F039B00F507
:100130008678002BA0D1059B4FF0FF371D689FE705
:1001400006468A2100223046C9F80010C8F800206F
:100150000BB0BDE8F08F3E46BEE76646BCE700BF89
:1001600010B584B0054C069800900798019004489B
:1001700000680294FFF770FF04B010BD30930020B8
:10018000B89800202DE9F0418B890C46990796B06C
:1001900008D504F143030122C4E90432236016B0F8
:1001A000BDE8F081B4F90E100029064625DB6A4649
:1001B00000F0ACF800281FDB019D05F47045A5F5A3
:1001C0000055B5FA85F54FF480686D094FF4006766
:1001D00041463046F5F7A2FDE0B1B4F90C30C4F861
:1001E000148043F0800320602061A38135BB3B4332
:1001F000A38116B0BDE8F081A38913F0800519D062
:100200004FF040080025414630462F46F5F786FD61
:100210000028E2D1B4F90C309A05C0D423F00303CE
:1002200004F1430243F002030121C4E90421A38144
:100230002260B4E74FF480682F46C9E7B4F90E1086
:10024000304600F079F810B9B4F90C30CFE7A38943
:1002500023F0030343F001031BB2C8E7F8B50D46D2
:100260001446064610B1436B002B4CD0B4F90C2059
:10027000A369A360170790B21BD52369CBB1EDB278
:1002800081042F4622D522686169D31A994229DD5B
:100290000133A1680139A160511C216015706269A8
:1002A0009A4227D0A389DB0701D50A2D22D03846F0
:1002B000F8BD21463046FFF7DFFD08BBB4F90C203E
:1002C000236990B2EDB281042F46DCD442F400528F
:1002D000A281626E616922F4005262662268D31ABA
:1002E0009942D5DC21463046FCF7B6FE40B922687B
:1002F0000123CEE721463046FCF7AEFE0028D6D0DB
:100300004FF0FF37D3E7F7F73BFBAFE770B50C468D
:10031000084D03460026204611461C462E60F0F785
:10032000D1FC431C00D070BD2B68002BFBD0236098
:1003300070BD00BFECB6002038B5074D0022044662
:1003400008462A60F0F7C4FC431C00D038BD2B6877
:10035000002BFBD0236038BDECB6002081F00041BB
:1003600002E000BF83F0004330B54FEA41044FEA9A
:10037000430594EA050F08BF90EA020F1FBF54EA35
:10038000000C55EA020C7FEA645C7FEA655C00F0D1
:10039000E2804FEA5454D4EB5555B8BF6D420CDDA2
:1003A0002C4480EA020281EA030382EA000083EA25
:1003B000010180EA020281EA0303362D88BF30BDC5
:1003C00011F0004F4FEA01314FF4801C4CEA11311B
:1003D00002D0404261EB410113F0004F4FEA03337A
:1003E0004CEA133302D0524263EB430394EA050F05
:1003F00000F0A780A4F10104D5F1200E0DDB02FA74
:100400000EFC22FA05F2801841F1000103FA0EF207
:10041000801843FA05F359410EE0A5F120050EF1CD
:10042000200E012A03FA0EFC28BF4CF0020C43FAFE
:1004300005F3C01851EBE37101F0004507D54FF00B
:10044000000EDCF1000C7EEB00006EEB0101B1F55B
:10045000801F1BD3B1F5001F0CD349085FEA3000A1
:100460004FEA3C0C04F101044FEA445212F5800FAC
:1004700080F09A80BCF1004F08BF5FEA500C50F149
:10048000000041EB045141EA050130BD5FEA4C0C2C
:10049000404141EB0101013C28BFB1F5801FE9D289
:1004A00091F0000F04BF01460020B1FA81F308BFAC
:1004B0002033A3F10B03B3F120020CDA0C3208DD78
:1004C00002F1140CC2F10C0201FA0CF021FA02F153
:1004D0000CE002F11402D8BFC2F1200C01FA02F1C3
:1004E00020FA0CFCDCBF41EA0C019040E41AA2BFE8
:1004F00001EB0451294330BD6FEA04041F3C1CDAB0
:100500000C340EDC04F11404C4F1200220FA04F0CF
:1005100001FA02F340EA030021FA04F345EA030179
:1005200030BDC4F10C04C4F1200220FA02F001FA3B
:1005300004F340EA0300294630BD21FA04F02946BD
:1005400030BD94F0000F83F4801306BF81F4801156
:100550000134013D4EE77FEA645C18BF7FEA655CC9
:1005600029D094EA050F08BF90EA020F05D054EA9B
:10057000000C04BF1946104630BD91EA030F1EBFA0
:100580000021002030BD5FEA545C05D140004941A4
:1005900028BF41F0004130BD14F580043CBF01F597
:1005A000801130BD01F0004545F0FE4141F470017D
:1005B0004FF0000030BD7FEA645C1ABF1946104658
:1005C0007FEA655C1CBF0B46024650EA013406BF59
:1005D00052EA033591EA030F41F4002130BD00BF18
:1005E00090F0000F04BF0021704730B54FF48064D5
:1005F00004F132044FF000054FF0000150E700BF56
:1006000090F0000F04BF0021704730B54FF48064B4
:1006100004F1320410F0004548BF40424FF00001A1
:100620003EE700BF42004FEAE2014FEA31014FEAE4
:1006300002701FBF12F07F4393F07F4F81F0605133
:10064000704732F07F4208BF704793F07F4F04BF7E
:1006500041F40021704730B54FF4607401F000455B
:1006600021F000411CE700BF50EA010208BF7047BB
:1006700030B54FF000050AE050EA010208BF7047AC
:1006800030B511F0004502D5404261EB41014FF415
:10069000806404F132045FEA915C3FF4D8AE4FF01D
:1006A00003025FEADC0C18BF03325FEADC0C18BF00
:1006B000033202EBDC02C2F1200300FA03FC20FA51
:1006C00002F001FA03FE40EA0E0021FA02F114449E
:1006D000BDE600BF08B502460B4643EC172BB5EE4E
:1006E000C07BF1EE10FA03D4BDE8084000F00AB870
:1006F000B1EE477B51EC170B00F004F8404261EB80
:10070000410108BD9FED0B6B41EC170B9FED0B5B9F
:1007100027EE066BBCEEC66BB8EE464BA4EE457BEF
:10072000FCEEC77B16EE101A17EE900A704700BF5A
:10073000AFF30080000000000000F03D000000006A
:100740000000F0415FF800F0351E00605FF800F037
:0C075000E11D006000000000000000003F
:04075C00F8B500BF2D
:080760004819FF7F01000000B1
:100768000000000000000000000000000000000081
:100778000000000000000000000000000000000071
:100788000000000000000000000000000000000061
:100798000000000000000000000000000000000051
:1007A8000000000000000000000000000000000041
:1007B8000000000000000000000000000000000031
:1007C8000000000000000000000000000000000021
:1007D8000000000000000000000000000000000011
:1007E8000000000000000000000000000000000001
:1007F80000000000000000000000000000000000F1
:1008080000000000000000000000000000000000E0
:1008180000000000000000000000000000000000D0
:1008280000000000000000000000000000000000C0
:1008380000000000000000000000000000000000B0
:1008480000000000000000000000000000000000A0
:100858000000000000000000000000000000000090
:100868000000000000000000000000000000000080
:100878000000000000000000000000000000000070
:100888000000000000000000000000000000000060
:100898000000000000000000000000000000000050
:1008A8000000000000000000000000000000000040
:1008B8000000000000000000000000000000000030
:1008C8000000000000000000000000000000000020
:1008D8000000000000000000000000000000000010
:1008E8000000000000000000000000000000000000
:1008F80000000000000000000000000000000000F0
:1009080000000000000000000000000000000000DF
:1009180000000000000000000000000000000000CF
:1009280000000000000000000000000000000000BF
:1009380000000000000000000000000000000000AF
:10094800000000000000000000000000000000009F
:10095800000000000000000000000000000000008F
:10096800000000000000000000000000000000007F
:10097800000000000000000000000000000000006F
:10098800000000000000000000000000000000005F
:10099800000000000000000000000000000000004F
:1009A800000000000000000000000000000000003F
:1009B800000000000000000000000000000000002F
:1009C800000000000000000000000000000000001F
:1009D800000000000000000000000000000000000F
:1009E8000080E03779C34143176E05B5B5B8934623
:1009F800F5F93FE9034F384D321D30F94877825AEF
:100A08003CBF737FDD4F1575000000000000F03F0C
:100A180000000000000024400000000000005940D1
:100A28000000000000408F40000000000088C34024
:100A380000000000006AF8400000000080842E4199
:100A480000000000D01263410000000084D79741E5
:100A58000000000065CDCD41000000205FA00242EB
:100A6800000000E876483742000000A2941A6D4260
:100A7800000040E59C30A2420000901EC4BCD64253
:100A880000003426F56B0C430080E03779C34143FE
:100A980000A0D8855734764300C84E676DC1AB4374
:100AA800003D9160E458E143408CB5781DAF154492
:100AB80050EFE2D6E41A4B4492D54D06CFF080446D
:100AC800F64AE1C7022DB544B49DD9794378EA4482
:100AD800BC89D897B2D29C3C33A7A8D523F649390C
:100AE8003DA7F444FD0FA5329D978CCF08BA5B252E
:100AF800436FAC64280668112D4800000000000010
:100B0800A94800000000000049490000000000005A
:100B1800F14A000000000000594D000000000000EC
:100B28002950000000000000D5510000000000001E
:100B3800000000000000A040000000C000606A46FD
:100B48000000280000000000000000000000A04095
:100B5800000000C000606A46000029000000000094
:100B68000000000000009040000000C00000FA44AF
:100B78000000270000000000000000000000A04066
:100B8800000000C00000FA44000026000000000039
:100B98000000000000002041000000C00000803F6D
:100BA80000000F0000000000000000000000FA43F1
:100BB8000000FAC30000FA43000000000000000033
:100BC8000000FA430000FAC30000803F0000000064
:100BD800564D4F4E5F000000494D4F4E5F000000DC
:100BE80054454D505F0000004552525F0000000020
:100BF8004D4F545F00000000FF0078018001430260
:100C0800880187018C018B01920191019501F60100
:100C1800990198019A013D029E012002A801A701AD
:100C2800AD01AC01B001AF01B901B801BD01BC0112
:100C3800BF01F701C601C401C901C701CC01CA013E
:100C4800DD018E01F301F101F501F4013A02652C91
:100C58003C023B023E02662C4202410253028101E1
:100C6800540286015602890157028A0159028F01EE
:100C78005B0290016002930163029401680297018C
:100C8800690296016B02622C6F029C0172029D013F
:100C980075029F017D02642C8002A6018302A901CE
:100CA8008802AE01890244028A02B1018B02B201B4
:100CB8008C0245029202B7017B03FD037C03FE030D
:100CC8007D03FF03AC038603C203A303CC038C0399
:100CD800CD038E03CE038F03F203F903F803F70362
:100CE800FB03FA03CF04C0047D1D632C511F591F59
:100CF800531F5B1F551F5D1F571F5F1F781FF81F6E
:100D0800791FF91FB31FBC1FCC1FC31FE51FEC1FA2
:100D1800FC1FF31F4E21322184218321612C602C7A
:100D2800762C752C00190000D1D2000000000000BC
:100D380074C00F40C0000000000000000200000066
:100D480050851F4001000000340000000200000030
:100D580050851F4000000000010000000200000054
:100D680054851F400100000035000000020000000B
:100D780054851F4000000000FF00400026001800B6
:100D88007C0000006100E01AE000E017F800E007CE
:100D98000001013032010106390101104A01012E1A
:100DA8007901010682010104A0010106B3010104D1
:100DB800CD010110DE010112F80101282202011201
:100DC8004602010AAD03DB03B103E011C303E009E6
:100DD800D80301183004E0205004B0106004012248
:100DE8008A040136C104010ED00401446105D026ED
:100DF800001E0196A01E015A001F0808101F0806B1
:100E0800201F0808301F0808401F0806601F080830
:100E1800701F4A02721F5604761F64027A1F7002FE
:100E28007C1F7E02801F0808901F0808A01F080862
:100E3800B01F0802D01F0802E01F08027021F0103E
:100E4800D024E61A302CD02F672C0106802C0164A0
:100E5800002D002641FFE01A1F1C1F1E1F1E1F1F0A
:100E68001E1F1E1F4F76657220746F727175652C78
:100E7800207265656C0000004D4342205265656C28
:100E880020546F72717565204C696D69742C2074DB
:100E98003D256600556E64657220746F72717565C4
:100EA8002C207265656C00004F76657220746F7235
:100EB8007175652C206C6576656C2077696E6400A9
:100EC8004D4342204C5720546F72717565204C6910
:100ED8006D69742C20743D2566000000556E6465AC
:100EE8007220746F727175652C206C6576656C2044
:100EF80077696E64000000004F7665722063757232
:100F080072656E74000000004F43206368616E6E66
:100F1800656C3A20000000004D4342204375727210
:100F2800204C696D69742C2063682025752C204934
:100F38003D256600556E6465722063757272656E34
:100F4800740000004F76657220766F6C7461676577
:100F5800000000004D434220566F6C74204C696DB0
:100F680069742C2063682025752C20563D25660061
:100F7800556E64657220766F6C7461676500000059
:100F880054656D70733A2000566F6C7461676573B1
:100F98003A20000043757272656E74733A2000003F
:100FA800556E6B6E6F776E206D6F6E69746F722001
:100FB8007175657565206572726F720053656E7420
:100FC800206D6F74696F6E20544D207061636B657E
:100FD800740000004572726F7220637265617469F3
:100FE8006E6720544D2062756666657200000000C9
:100FF8004572726F72207570646174696E672072D1
:1010080065656C20706F736974696F6E000000000D
:101018004572726F72207570646174696E67206CB6
:101028006576656C2077696E6420706F7369746982
:101038006F6E00004F7665722074656D7065726121
:1010480074757265000000004D43422054656D7050
:10105800204C696D69742C2063682025752C2074D8
:101068003D256600556E6465722074656D70657205
:10107800617475726500000073656E736F7220632A
:101088007263206261642C20636865636B207365FA
:101098006E736F7220636F6E6E656374696F6E0036
:1010A800257500002C2566002C2575002566000096
:1010B800436F6E74726F6C6C65722053796E6365E2
:1010C80064000000435243206973206E6F742076D9
:1010D800616C696421000000205363617463687067
:1010E800616420435243206973206E6F74207661D7
:1010F8006C696421000000004361726420697320F8
:10110800746F6F20736D616C6C2E0D0A0000000007
:10111800466F726D617420446F6E650D0A000000A1
:10112800466F726D6174204661696C65640D0A00D2
:1011380042616420636C757374657220636F756EA9
:10114800740D0A0044657669636520697320746FBD
:101158006F20736D616C6C0D0A0000005772697422
:10116800696E672046415420000000002E000000F0
:1011780057726974696E672075706361736520744E
:1011880061626C650D0A000057726974696E6720A8
:10119800726F6F740D0A0000466F726D617420647F
:1011A8006F6E650D0A000000466F726D61742066EF
:1011B80061696C65640D0A00455846415400000099
:1011C8004572726F72207265676973746572696EB1
:1011D8006720454550524F4D20636F6E66696773AF
:1011E800000000006C6F675F646174612F0000008D
:1011F8004552523A20756E61626C6520746F206D9D
:10120800616B65206C6F672064617461206469722A
:101218006563746F727900006673775F64617461E7
:101228002F0000004552523A20756E61626C6520AD
:10123800746F206D616B6520465357206469726531
:1012480063746F72790000006C6F675F646174612A
:101258002F626F6F740000004552523A20756E611C
:10126800626C6520746F206D616B652062617365C7
:10127800206469726563746F72793A200000000017
:101288005741524E3A204261736520646972656322
:10129800746F727920616C72656164792065786910
:1012A8007374733A200000002E74787400000000F4
:1012B8004572726F72206F70656E696E67206C6F11
:1012C800672066696C6500004552523A20556E6188
:1012D800626C6520746F20737461727420534420AB
:1012E80063617264000000004552523A20457272F0
:1012F8006F7220636F6E6669677572696E672064C6
:1013080069726563746F7269657300004572726F04
:10131800722073657474696E672074656D70206CD3
:10132800696D6974730000004572726F722073658D
:101338007474696E6720746F72717565206C696D5D
:1013480069747300556E6B6E6F776E204449422046
:101358005258206D65737361676500002D2D2D2D22
:10136800204465627567204D656E75202D2D2D2DE5
:10137800000000003B092863616E63656C206D6F97
:1013880074696F6E290000003B09286C6F77207024
:101398006F776572290000003B09287265616479DE
:1013A800290000003B0928686F6D65206C6576652B
:1013B8006C2077696E6429003B09287A65726F2072
:1013C8007265656C290000003B0928676574207404
:1013D800656D7073290000003B09286765742076E5
:1013E8006F6C7473290000003B09286765742063DB
:1013F80075727273290000003B09286272616B657F
:10140800206F6E29000000003B09286272616B653D
:10141800206F6666290000003B0928636F6E7472AE
:101428006F6C6C657273206F6E2900003B0928632E
:101438006F6E74726F6C6C657273206F66662900CC
:101448003B092866756C6C20726574726163742937
:10145800000000003B092869676E6F7265206C699F
:101468006D697473290000003B0928757365206C49
:10147800696D6974732900003B0928676574204504
:101488004550524F4D20636F6E74656E747329001A
:101498002D2D2D2D2D2D2D2D2D2D2D2D2D2D2D2D74
:1014A8002D2D2D2D000000002C6E756D5F72657658
:1014B800732C73706565643B09287265656C206FD1
:1014C800757429002C6E756D5F726576732C737058
:1014D8006565643B09287265656C20696E290000A2
:1014E8002C6E756D5F726576732C73706565643BE1
:1014F8000928646F636B29002C6E756D5F726576C1
:10150800732C73706565643B09287265656C206986
:101518006E20776974686F7574204C572900000035
:101528002C6163633B09286F757420616363656C84
:1015380065726174696F6E29000000002C61636335
:101548003B0928696E20616363656C657261746923
:101558006F6E29002C6163633B0928646F636B20FD
:10156800616363656C65726174696F6E2900000060
:101578002C6D74723168692C6D7472316C6F2C6DBE
:1015880074723268692C6D7472326C6F2C6D6331B1
:1015980068692C6D63316C6F3B092874656D702028
:1015A8006C696D69747329002C7265656C5F686974
:1015B8002C7265656C5F6C6F3B0928746F7271756E
:1015C80065206C696D697473290000002C7265656B
:1015D8006C5F68692C7265656C5F6C6F0928637550
:1015E8007272656E74206C696D69747329000000ED
:1015F80023000000556E696D706C656D656E7465CD
:1016080064206D6573736167652074797065206601
:10161800726F6D2044494200454550524F4D20732A
:10162800657269616C2062756666657220637265B1
:101638006174696F6E206572726F720053656E74A3
:1016480020454550524F4D20627566666572206F81
:101658007665722073657269616C00004D434220A3
:10166800426F6F74200000004572726F72207570AF
:10167800646174696E67206C6576656C2077696E45
:1016880064206472697665207374617475730000F0
:101698004661696C656420746F2075706461746557
:1016A800206C6576656C2077696E64206472697653
:1016B80065207374617475732031302074696D65A9
:1016C800730000004D6F74696F6E206661756C74ED
:1016D80020286C77290000004465706C6F792064BD
:1016E800656E6965642C207265656C206F70732067
:1016F8006F6E676F696E67005265747261637420FC
:1017080064656E6965642C207265656C206F707302
:10171800206F6E676F696E6700000000446F636B2F
:101728002064656E6965642C207265656C206F7035
:1017380073206F6E676F696E670000005265656C95
:1017480020696E206E6F204C572064656E69656451
:101758002C207265656C206F7073206F6E676F69DF
:101768006E670000486F6D652064656E6965642C5E
:10177800207265656C206F7073206F6E676F696E7D
:10178800670000005265656C206E6F7420696E6991
:101798007469616C697A656420666F72206272612F
:1017A8006B6500004572726F7220706F77657269A1
:1017B8006E6720636F6E74726F6C6C657273000075
:1017C80057726F6E6720737461746520666F72203C
:1017D800706F776572696E6720636F6E74726F6C75
:1017E8006C657273000000005A65726F696E67203D
:1017F8007265656C0000000046756C6C207265743B
:101808007261637420636F6D6D616E6420726563CD
:10181800656976656400000046756C6C20726574B5
:101828007261637420756E6E656365737361727936
:101838002C20616C7265616479207265656C6564E1
:1018480020696E00537769746368696E6720746FE6
:101858002069676E6F7265206C696D69747300002A
:10186800537769746368696E6720746F2075736550
:10187800206C696D69747300556E6B6E6F776E209E
:101888007374617465206D616E6167657220616350
:1018980074696F6E000000004572726F7220737475
:1018A800617274696E67207265656C20636F6E740F
:1018B800726F6C206C6F6F7073000000556E616200
:1018C8006C6520746F2073796E63207265656C2077
:1018D800636F6E74726F6C6C65720000486F6D6533
:1018E80064203D207472756500000000556E6162C9
:1018F8006C6520746F20636F6D6D616E64206E651A
:101908007874206C77207365676D656E74000000CD
:10191800526573657420636175736564206279200C
:101928007761746368646F67000000004572726FC6
:1019380072207374617274696E67206C6576656C69
:101948002077696E6420636F6E74726F6C206C6FA1
:101958006F7073004572726F72207374617274696C
:101968006E67207265656C20636F6E74726F6C2091
:101978006C6F6F707320696E206C6576656C20776C
:10198800696E64206F6E00004C5720436F6E74724E
:101998006F6C6C6572206F666620486F6D65642099
:1019A8003D2066616C736500456E746572696E678B
:1019B80020646F636B000000566F6C74616765206C
:1019C800746F6F206C6F7720746F20646F636B2166
:1019D800000000004E6F7420726561647920666FA4
:1019E8007220646F636B3A205265656C204E6F7489
:1019F80020496E697469616C697A65640000000049
:101A08004E6F7420726561647920666F7220646F0E
:101A1800636B3A204C6576656C57696E64204E6F2F
:101A28007420496E697469616C697A6564000000A4
:101A38004E6F7420726561647920666F7220646FDE
:101A4800636B3A204C6576656C57696E64206861F3
:101A580073206E6F74206265656E20686F6D6564B3
:101A6800000000004E6F7420726561647920666F13
:101A78007220646F636B3A204C6576656C57696EAB
:101A880064206973206E6F7420646F636B656400F3
:101A98004572726F7220636F6D6D616E64696E67F7
:101AA800207265656C20696E20666F7220646F63B2
:101AB8006B000000446F636B696E673A200000009A
:101AC8004572726F722073657474696E67206C77E3
:101AD8002063656E74657220666F7220646F636B35
:101AE80000000000556E6B6E6F776E20646F636B3D
:101AF800207375627374617465000000456E7465C7
:101B080072696E672072656164790000457869744E
:101B1800696E67207265616479000000556E6B6EAE
:101B28006F776E2072656164792073756273746172
:101B380074650000456E746572696E6720686F6D24
:101B480065206C7700000000566F6C746167652033
:101B5800746F6F206C6F7720746F20686F6D6521CC
:101B6800000000004572726F7220706F77657269AD
:101B78006E6720636F6E74726F6C6C657273206F22
:101B88006E20666F72204C5720686F6D65000000EC
:101B98004572726F7220686F6D696E67204C5700CE
:101BA80045786974696E6720686F6D65206C770089
:101BB800556E6B6E6F776E20686F6D65206C772041
:101BC800737562737461746500000000566F6C74FD
:101BD80061676520746F6F206C6F7720746F207257
:101BE80065656C20696E20286E6F204C572921008E
:101BF8004572726F7220636F6D616E64696E6720E3
:101C08007265656C20696E20286E6F204C5729001C
:101C18005265656C696E6720696E20286E6F204C6E
:101C280057293A200000000045786974696E6720DA
:101C38007265656C20696E20286E6F204C572900EC
:101C4800556E6B6E6F776E207265656C20696E20BD
:101C5800286E6F204C572920737562737461746500
:101C680000000000456E746572696E6720726565D4
:101C78006C20696E00000000566F6C746167652007
:101C8800746F6F206C6F7720746F207265656C209D
:101C9800696E21004572726F7220706F7765726984
:101CA8006E67207265656C206F6E00004572726FFA
:101CB8007220706F776572696E67204C57206F6E5F
:101CC800000000004572726F7220636F6D6D616E67
:101CD80064696E67207265656C20696E000000009B
:101CE8005265656C696E6720696E3A2000000000D5
:101CF8004572726F72207374617274696E672063C3
:101D0800616D6D696E670000486F6D652064696478
:101D18006E277420636F6D706C6574652C20706F0E
:101D2800776572696E67206F66660000457869742A
:101D3800696E67207265656C20696E00556E6B6E02
:101D48006F776E207265656C20696E20737562739B
:101D58007461746500000000456E746572696E6791
:101D6800206E6F6D696E616C0000000045786974C3
:101D7800696E67206E6F6D696E616C00556E6B6E73
:101D88006F776E206E6F6D696E616C20737562730C
:101D98007461746500000000566F6C74616765209B
:101DA800746F6F206C6F7720746F207265656C207C
:101DB8006F757421000000004572726F7220636FA6
:101DC8006D6D616E64696E67207265656C206F75F4
:101DD800740000005265656C696E67206F75743A0F
:101DE8002000000045786974696E67207265656C2B
:101DF800206F757400000000556E6B6E6F776E2053
:101E08007265656C206F7574207375627374617484
:101E1800650000004D4342206275696C6420666F5E
:101E280072200000464C4F41545300004A756C2004
:101E3800313320323032360031353A35333A3138A1
:101E4800000000004D4342206572726F7220696E77
:101E5800697469616C697A696E6720454550524FAB
:101E68004D21205265636F6E6669677572656400FF
:101E7800436F6E666967206D616E61676572206980
:101E88006E6974207375636365737366756C00009F
:101E98004D4342206572726F722073746172746967
:101EA8006E672053442063617264210053442063A9
:101EB80061726420737461727475702073756363E2
:101EC80065737366756C0000496E697469616C6945
:101ED8007A652053656E736F727300005570646184
:101EE8007465204C696D6974730000004D6F7469E6
:101EF8006F6E206661756C742C20756E61626C65FE
:101F080020746F2067656E657261746520726565FF
:101F18006C20696E666F00004D6F74696F6E206685
:101F280061756C7420726C3A000000002C0000008F
:101F38004D6F74696F6E206661756C742C20756EB8
:101F480061626C6520746F2067656E657261746587
:101F5800206C6576656C2077696E6420696E666FA3
:101F6800000000004D6F74696F6E206661756C74B7
:101F7800206C773A000000004572726F722075700D
:101F8800646174696E67207265656C206472697635
:101F98006520737461747573000000004661696C94
:101FA800656420746F20757064617465207265655E
:101FB8006C2064726976652073746174757320315E
:101FC800302074696D6573004D6F74696F6E20669B
:101FD80061756C7420287265656C29005265656CA2
:101FE800206D6F74696F6E20636F6D706C657465BA
:101FF800000000006673775F646174612F706F730F
:102008005F6C6F672E646174000000005265766F24
:102018006C7574696F6E732057726F6E670000007D
:1020280053706565642057726F6E67004163632063
:1020380057726F6E67000000536574436F6D6D6172
:102048006E64506F736974696F6E2057726F6E6734
:1020580000000000536574536C6577526174652005
:1020680057726F6E67000000536574416363656C57
:1020780065726174696F6E2057726F6E6700000039
:102088006E616E00696E66006F7666005458204572
:1020980052523A20000000006CC00F40C0000000FF
:1020A800504F0000A93601000CFF0000130000008B
:1020B800000000000000000024851F400BFF000006
:1020C80013000000000000000000000028851F40E9
:1020D8000DFF0000130000000000000000000000D9
:1020E80020851F400A25240013000000120000006C
:1020F8001200000001020300000000001C851F40C0
:1021080000000000000000000000000000000000C7
:102118003D010000B10000000000000000000000C8
:102128001D01000069000000000000000000000020
:102138005D010000DD00000000000000000000005C
:102148002D0100008D0000000000000000000000CC
:102158007D010000010100000000000000000000F7
:10216800050C0000F10B000089060000B50B00000B
:10217800D90C00007D0B0000250B000000000000BA
:102188000000000011ED0000000000000000000049
:102198009D01000000000000000000007D12010009
:1021A800891201008112010089130100F91A010046
:1021B800291A0100851A01002519010005150100D9
:1021C800391F0100991201000D120100C91B0100FD
:1021D800F9110100FD1101000512010009120100A9
:1021E8001D150100591D0100E11C010039180100ED
:1021F800F111010001120100391E0100611B0100EB
:10220800FD120100000000000000000085620000CF
:10221800D5F60000D1F60000CDF600007962000086
:102228007D62000081620000C9F600000000000025
:102238000000000081D1000075D300009DCB000094
:10224800F5CC0000BDCB000061CC0000E5CB000060
:1022580079CD000011CD000099CB000000000000EE
:1022680000000000250D0000850900008906000017
:10227800290A0000C90900007D0A0000510A00006F
:10228800850F0000450E000000000000000000005F
:10229800050C0000F10B000089060000B50B0000DA
:1022A800D90C00007D0B0000250B00000000000089
:1022B80000000000790D0000B90D0000650B00005A
:1022C800DD0B00008D0C00000D0B0000C90B000099
:1022D800CD070000F50E0000D50A0000F10A000045
:1022E800A5060000910600007D0700003D0B0000D8
:1022F800CD0600005D08000015090000A5080000D3
:10230800390C00000908000000000000000000006F
:1023180011ED000075D30000890600008D0600004D
:1023280011ED000011ED000011ED000000000000AB
:102338000000000071150000911500000000000069
:1023480000000000E5C40000F5C60000B9C60000A2
:1023580001C6000065C60000ADC500002DC700001D
:102368001DC8000059C8000035C900000000000061
:1023780000000000192101001D210100891F010032
:102388000D25010055310100D52A010091B7000043
:102398004921010025310100653201005D2B010052
:1023A8001D0C01007D280100A9200100B5200100B5
:1023B8007D1F0100811F0100851F0100C120010050
:1023C800E520010009210100892501002D210100D6
:1023D80061230100D5250100A9260100D8399D27D0
:1023E8000054EA2A00A4781F007B9A172C206675EF
:1023F8006E6374696F6E3A20000000006173736544
:102408007274696F6E2022257322206661696C657B
:10241800643A2066696C6520222573222C206C6939
:102428006E65202564257325730A000042616C6C73
:102438006F632073756363656564656400000000FD
:102448002F566F6C756D65732F646174612F6A65A3
:102458006E6B696E732F776F726B73706163652F24
:10246800474E552D746F6F6C636861696E2F61728A
:102478006D2D31312F7372632F6E65776C69622D04
:1024880063796777696E2F6E65776C69622F6C69FF
:1024980062632F7374646C69622F6764746F612D53
:1024A8006765746865782E6300000000000000000E
:1024B8000000000000000000000000000000000014
:1024C8000000000000000000000000000000000004
:1024D80000000000000000000000000010111213AE
:1024E800141516171819000000000000001A1B1C0C
:1024F8001D1E1F000000000000000000000000007A
:10250800000000000000000000000000001A1B1C72
:102518001D1E1F0000000000000000000000000059
:1025280000000000000000000000000000000000A3
:102538000000000000000000000000000000000093
:102548000000000000000000000000000000000083
:102558000000000000000000000000000000000073
:102568000000000000000000000000000000000063
:102578000000000000000000000000000000000053
:102588000000000000000000000000000000000043
:102598000000000000000000000000000000000033
:1025A8000000000000000000000000002F566F6CC3
:1025B800756D65732F646174612F6A656E6B696EE2
:1025C800732F776F726B73706163652F474E552D4C
:1025D800746F6F6C636861696E2F61726D2D313134
:1025E8002F7372632F6E65776C69622D63796777D5
:1025F800696E2F6E65776C69622F6C6962632F73E1
:1026080074646C69622F6D707265632E63000000DC
:1026180065256C64000000003031323334353637BC
:1026280038396162636465666768696A6B6C6D6E88
:102638006F707172737475767778797A000000001C
:10264800002020202020202020202828282828207A
:102658002020202020202020202020202020202072
:1026680020881010101010101010101010101010DA
:1026780010040404040404040404041010101010CA
:102688001010414141414141010101010101010194
:1026980001010101010101010101010110101010E6
:1026A8001010424242424242020202020202020266
:1026B80002020202020202020202020210101010BA
:1026C80020000000000000000000000000000000E2
:1026D80000000000000000000000000000000000F2
:1026E80000000000000000000000000000000000E2
:1026F80000000000000000000000000000000000D2
:1027080000000000000000000000000000000000C1
:1027180000000000000000000000000000000000B1
:1027280000000000000000000000000000000000A1
:102738000000000000000000000000000000000091
:1027480000000000496E66696E6974790000000037
:102758004E614E002F566F6C756D65732F646174F2
:10276800612F6A656E6B696E732F776F726B73700A
:102778006163652F474E552D746F6F6C636861698F
:102788006E2F61726D2D31312F7372632F6E6577E5
:102798006C69622D63796777696E2F6E65776C69EE
:1027A800622F6C6962632F7374646C69622F64743E
:1027B8006F612E63000000004A495300534A495391
:1027C800000000004555434A500000006E660000B6
:1027D800696E697479000000616E0000494E460018
:1027E8004E414E0030313233343536373839616234
:1027F80063646566000000003031323334353637A3
:10280800383941424344454600000000286E756C43
:102818006C2900000030013002300CFF0EFFFB3045
:102828001AFF1BFF1FFF01FF9B309C30B40040FFC5
:10283800A8003EFF3E203FFFFD30FE309D309E3019
:102848000330DD4E053006300730FC3014201020F0
:102858000FFF3CFF1C3016205CFF26202520182087
:1028680019201C201D2008FF09FF143015303BFFDC
:102878003DFF5BFF5DFF083009300A300B300C303C
:102888000D300E300F30103011300BFF1222B10016
:10289800D700F7001DFF60221CFF1EFF662267227B
:1028A8001E22342242264026B00032203320032143
:1028B800A50004FFA200A30005FF03FF06FF0AFF0F
:1028C80020FFA70006260526CB25CF25CE25C72520
:1028D800C625A125A025B325B225BD25BC253B20AD
:1028E8001230922190219121932113300000000091
:1028F80000000000000000000000000000000000D0
:10290800000008220B2286228722822283222A2282
:102918002922000000000000000000000000000064
:10292800000027222822AC00D221D4210022032231
:102938002922000000000000000000000000000044
:102948000000000000002022A522122302220722F4
:10295800612252226A226B221A223D221D2235222E
:102968002B222C22000000000000000000000000C4
:1029780000002B2130206F266D266A26202021207A
:10298800B6002C22000000000000EF250000000027
:10299800000000000000000000000001010101012A
:1029A8000101010101000000000000000101010116
:1029B80001010101010101010101010101010101FF
:1029C80001010101010100000000000000010101F6
:1029D80001010101010101010101010101010101DF
:1029E8000101010101010100910392039303940382
:1029F800950396039703980399039A039B039C03F3
:102A08009D039E039F03A003A103A303A403A5039F
:102A1800A603A703A803A903000000000000000004
:102A28000000000000000000B103B203B303B403C8
:102A3800B503B603B703B803B903BA03BB03BC03B2
:102A4800BD03BE03BF03C003C103C303C403C5035F
:102A5800C603C703C803C9031004110412041304EE
:102A680014041504010416041704180419041A049C
:102A78001B041C041D041E041F042004210422043A
:102A880023042404250426042704280429042A04EA
:102A98002B042C042D042E042F0400000000000039
:102AA800000000000000000000000000000000001E
:102AB8000000000000000000300431043204330438
:102AC80034043504510436043704380439043A040C
:102AD8003B043C043D043E043F04400441044204DA
:102AE80043044404450446044704480449044A048A
:102AF8004B044C044D044E044F04000000250225ED
:102B08000C251025182514251C252C2524253425AD
:102B18003C25012503250F2513251B2517252325CE
:102B280033252B253B254B2520252F2528253725E3
:102B38003F251D2530252525382542259C4E16552F
:102B4800035A3F96C0541B612863F6592290758436
:102B58001C83507AAA60E163256EED656684A682BF
:102B6800F59B93682757A16571629B5BD0597B865B
:102B7800F498627DBE7D8E9B16629F7CB788895BC8
:102B8800B55E096397664868C7958D974F67E54EA8
:102B98000A4F4D4F9D4F4950F2563759D459015A53
:102BA800095CDF600F61706113660569BA704F7563
:102BB8007075FB79AD7DEF7DC3800E846388028BD1
:102BC80055907A903B53954EA54EDF57B280C190F1
:102BD800EF78004EF158A26E3890327A28838B82B3
:102BE8002F9C41517053BD54E154E056FB59155F79
:102BF800F298EB6DE4802D8562967096A096FB970F
:102C08000B54F353875BCF70BD7FC28FE8966F5329
:102C18005C9DBA7A114E9378FC81266E185604553D
:102C28001D6B1A853B9CE559A953666DDC748F951D
:102C38004256914E4B90F2964F830C99E153B655FC
:102C4800305B715F2066F3660468386CF36C296D3D
:102C58005B74C8764E7A3498F1825B88608AED920C
:102C6800B26DAB75CA76C599A660018B8A8DB2958F
:102C78008E69AD538651125730584459B45BF65E8D
:102C88002860A963F463BF6C146F8E701471597156
:102C9800D5713F73017E7682D182978560905B9271
:102CA8001B9D6958BC655A6C2575F9512E59655993
:102CB800805FDC5FBC62FA652A6A276BB46B8B7332
:102CC800C17F56892C9D0E9DC49EA15C966C7B830A
:102CD80004514B5CB661C68176686172594EFA4FF1
:102CE80078536960296E4F7AF3970B4E1653EE4E60
:102CF800554F3D4FA14F734FA052EF5309560F59EF
:102D0800C15AB65BE15BD17987669C67B6674C6B45
:102D1800B36C6B70C2738D79BE793C7A877BB18254
:102D2800DB8204837783EF83D3836687B28A29564D
:102D3800A88CE68F4E901E978A86C44FE85C116275
:102D480059723B75E581BD82FE86C08CC596139984
:102D5800D599CB4E1A4FE389DE564A58CA58FB5EBE
:102D6800EB5F2A6094606260D0611262D06239655C
:102D7800419B6666B068776D70704C758676757D18
:102D8800A582F9878B958E969D8CF151BE52165966
:102D9800B354B35B165D68618269AF6D8D78CB847F
:102DA8005788728AA793B89A6C6DA899D986A35741
:102DB800FF67CE860E92835287560454D35EE16233
:102DC800B9643C683868BB6B7273BA786B7A9A8955
:102DD800D2896B8D038FED90A39594966997665B66
:102DE800B35C7D694D984E989B63207B2B6A7F6A04
:102DF800B6680D9C5F6F72529D557060EC623B6DBA
:102E0800076ED16E5B841089448F144E399CF6533B
:102E18001B693A6A84972A685C51C37AB284DC9148
:102E28008C935B56289D226805833184A57C0852C3
:102E3800C582E6747E4E834FA051D25B0A52D852A7
:102E4800E752FB5D9A552A58E6598C5B985BDB5B29
:102E5800725E795EA3601F616361BE61DB63626558
:102E6800D1675368FA683E6B536B576C226F976F44
:102E7800456FB0741875E3760B77FF7AA17B217CD8
:102E8800E97D367FF07F9D8066829E83B389CC8AF8
:102E9800AB8C8490519493959195A2956596D39710
:102EA80028991882384E2B54B85CCC5DA9734C769F
:102EB8003C77A95CEB7F0B8DC19611985498589874
:102EC800014F0E4F71539C556856FA574759095B85
:102ED800C45B905C0C5E7E5ECC5FEE633A67D76540
:102EE800E2651F67CB68C4685F6A305EC56B176CA4
:102EF8007D6C7F754879635B007A007DBD5F8F8943
:102F0800188AB48C778DCC8E1D8FE2980E9A3C9BD4
:102F1800804E7D50005193599C5B2F628062EC6417
:102F28003A6BA07291754779A97FFB87BC8A708B31
:102F3800AC63CA83A09709540354AB555468586AC4
:102F4800708A27787567CD9E7453A25B1A81508664
:102F58000690184E454EC74E114FCA533854AE5BB3
:102F6800135F256051653D67426C726CE36C787045
:102F78000374767AAE7A087B1A7DFE7C667DE765F7
:102F88005B72BB53455CE85DD262E0621963206EF8
:102F98005A86318ADD8DF892016FA6795A9BA84E20
:102FA800AB4EAC4E9B4FA04FD1504751F67A715162
:102FB800F651545321537F53EB53AC558358E15C7E
:102FC800375F4A5F2F6050606D601F6359654B6AB9
:102FD800C16CC272ED72EF77F880058108824E8568
:102FE800F790E193FF9757995A9AF04EDD512D5C6F
:102FF80081666D69405CF266756989735068817C89
:10300800C550E4524757FE5D2693A465236B3D6B7C
:1030180034748179BD794B7BCA7DB982CC837F8832
:103028005F89398BD18FD1911F5480925D4E365074
:10303800E5533A53D7729673E977E682AF8EC6990D
:10304800C899D29977511A615E86B0557A7A7650C6
:10305800D35B47908596324EDB6AE791515C485CBA
:1030680098639F7A936C7497618FAA7A8A7188960D
:10307800827C1768707E51686C93F2521B54AB8542
:10308800138AA47FCD8EE190665388884179C24F18
:10309800BE501152445153552D57EA738B5751590D
:1030A800625F845F756076616761A961B2633A6443
:1030B8006C656F664268136E66753D7AFB7C4C7D65
:1030C800997D4B7E6B7F0E834A83CD86088A638AFF
:1030D800668BFD8E1A988F9DB882CE8FE89B87529B
:1030E8001F628364C06F999641689150206B7A6C17
:1030F800546F747A507D4088238A0867F64E395099
:10310800265065507C5138526352A7550F570558C1
:10311800CC5AFA5EB261F861F36272631C69296A7B
:103128007D72AC722E7314786F78797D0C77A980D4
:103138008B89198BE28CD28E639075937A96559809
:10314800139A789E43519F53B3537B5E265F1B6E41
:10315800906E8473FE73437D3782008AFA8A509694
:103168004E4E0B50E4537C54FA56D159645BF15DD2
:10317800AB5E275F38624565AF67566ED072CA7C12
:10318800B488A180E180F0834E86878AE88D3792E3
:10319800C7966798139F944E924E0D4F48534954C3
:1031A8003E542F5A8C5FA15F9F60A7688E6A5A743D
:1031B80081789E8AA48A778B90915E4EC99BA44E93
:1031C8007C4FAF4F1950165049516C519F52B9520C
:1031D800FE529A53E35311540E5489555157A2572E
:1031E8007D59545B5D5B8F5BE55DE75DF75D785E00
:1031F800835E9A5EB75E185F52604C619762D862D0
:10320800A7633B6502664366F4666D672168976845
:10321800CB695F6C2A6D696D2F6E9D6E32758776EE
:103228006C783F7AE07C057D187D5E7DB17D1580E8
:103238000380AF80B18054818F812A8252834C8869
:1032480061881B8BA28CFC8CCA90759171923F7817
:10325800FC92A4954D9605989999D89A3B9D5B52F6
:10326800AB52F7530854D558F762E06F6A8C5F8FFA
:10327800B99E4B513B524A54FD56407A7791609D16
:10328800D29E4473096F70811175FD5FDA60A89A48
:10329800DB72BC8F646B0398CA4EF0566457BE58F5
:1032A8005A5A6860C7610F6606663968B168F76D73
:1032B800D5753A7D6E82429B9B4E504FC953065539
:1032C8006F5DE65DEE5DFB67996C73740278508AFA
:1032D8009693DF885057A75E2B63B550AC508D513D
:1032E8000067C9545E58BB59B05B695F4D62A16302
:1032F8003D68736B086E7D70C7918072157826786B
:103308006D798E65307DDC83C188098F9B96645208
:10331800285750676A7FA18CB45142572A963A5869
:103328008A69B480B2540E5DFC579578FA9D5C4F5B
:103338004A528B543E6428661467F567847A567B34
:10334800227D2F935C68AD9B397B19538A51375284
:10335800DF5BF662AE64E6642D67BA6BA985D19629
:103368009076D69B4C630693AB9BBF765266094E0C
:103378009850C253715CE860926463655F68E67157
:10338800CA732375977B827E9586838BDB8C7891B5
:103398001099AC65AB668B6BD54ED44E3A4F7F4FC8
:1033A8003A52F853F253E355DB56EB58CB59C95907
:1033B800FF59505B4D5C025E2B5ED75F1D60076353
:1033C8002F655C5BAF65BD65E8659D67626B7B6B70
:1033D8000F6C45734979C179F87C197D2B7DA280E2
:1033E8000281F38196895E8A698A668A8C8AEE8A66
:1033F800C78CDC8CCC96FC986F6B8B4E3C4F8D4FFA
:103408005051575BFA5B486101634266216BCB6E92
:10341800BB6C3E72BD74D475C1783A790C80338028
:10342800EA8194849E8F506C7F9E0F5F588B2B9DF2
:10343800FA7AF88E8D5BEB96034EF153F7573159B4
:10344800C95AA45B89607F6E066FBE75EA8C9F5B64
:103458000085E07B7250F4679D82615C4A851E7E20
:103468000E829951045C6863668D9C656E713E7925
:10347800177D05801D8BCA8E6E90C786AA901F5037
:10348800FA523A5C53677C7035724C91C8912B9311
:10349800E582C25B315FF9603B4ED653885B4B6275
:1034A80031678A6BE972E0732E7A6B81A38D529132
:1034B80096991251D7536A54FF5B8863396AAC7D79
:1034C8000097DA56CE536854975B315CDE5DEE4F59
:1034D8000161FE62326DC079CB79427D4D7ED27F2B
:1034E800ED811F82908446887289908B748E2F8F0D
:1034F80031904B916C91C6969C91C04E4F4F45515F
:103508004153935F0E62D467416C0B6E6373267EE2
:10351800CD918392D4531959BF5BD16D5D792E7EBD
:103528009B7C7E589F71FA515388F08FCA4FFB5C81
:103538002566AC77E37A1C82FF99C651AA5FEC65D1
:103548006F69896BF36D966E646FFE76147DE15D2D
:10355800759087910698E6511D5240629166D9662A
:103568001A6EB65ED27D727FF866AF85F785F88AE7
:10357800A952D95373598F5E905F5560E49264964F
:10358800B7501F51DD5220534753EC53E85446556A
:10359800315517566859BE593C5AB55B065C0F5CE5
:1035A800115C1A5C845E8A5EE05E705F7F62846292
:1035B800DB628C63776307660C662D6676667E67CA
:1035C800A2681F6A356ABC6C886D096E586E3C71BA
:1035D80026716771C77501775D7801796579F0792A
:1035E800E07A117BA77C397D9680D6838B844985C8
:1035F8005D88F3881F8A3C8A548A738A618CDE8CC2
:10360800A49166927E9318949C9698970A4E084EB9
:103618001E4E574E97517052CE573458CC58225B95
:10362800385EC560FE6461675667446DB67273752F
:10363800637AB884728BB89120933156F457FE9808
:10364800ED620D69966BED71547E77807282E68922
:10365800DF985587B18F3B5C384FE14FB54F075521
:10366800205ADD5BE95BC35F4E612F63B0654B6633
:10367800EE689B69786DF16D3375B9751F775E7962
:10368800E679337DE381AF82AA85AA893A8AAB8E2F
:103698009B8F3290DD910797BA4EC14E03527558F1
:1036A800EC580B5C1A753D5C4E810A8AC58F63968F
:1036B8006D97257BCF8A08986291F356A853179087
:1036C80039548257255EA863346C8A7061778B7C85
:1036D800E07F708842905491109318938F965E748F
:1036E800C49A075D695D7065A267A88DDB966E63F5
:1036F80049671969C5831798C096FE88846F7A64EC
:10370800F85B164E2C705D752F66C4513652E25226
:10371800D359815F276010623F6574651F667466C0
:10372800F2681668636B056E72721F75DB76BE7C75
:103738005680F058FD887F89A08A938ACB8A1D908D
:1037480092915297599789650E7A0681BB962D5E9C
:10375800DC601A62A56514669067F3774D7A4D7C34
:103768003E7E0A81AC8C648DE18D5F8EA97807520C
:10377800D962A563426498622D8A837AC07BAC8A39
:10378800EA96767D0C824987D94E48514353605357
:10379800A35B025C165CDD5D26624762B064136859
:1037A8003468C96C456D176DD3675C6F4E717D7158
:1037B800CB657F7AAD7BDA7D4A7EA87F7A811B82D2
:1037C8003982A6856E8ACE8CF58D78907790AD92E9
:1037D80091928395AE9B4D528455386F36716851DE
:1037E8008579557EB381CE7C4C565158A85CAA6326
:1037F800FE66FD665A69D9728F758E750E7956798F
:10380800DF79977C207D447D0786348A3B966190DA
:10381800209FE7507552CC53E2530950AA55EE58F1
:103828004F593D728B5B645C1D53E360F3605C63CE
:1038380083633F63BB63CD64E965F966E35DCD6986
:10384800FD69156FE571894EE975F876937ADF7C25
:10385800CF7D9C7D6180498358836C84BC84FB85C3
:10386800C588708D01906D9097931C97129ACF50D0
:1038780097588E61D3813585088D2090C34F745039
:10388800475273536F6049635F672C6EB38D1F9007
:10389800D74F5E5CCA8CCF659A7D52539688765115
:1038A800C363585B6B5B0A5C0D6451675C90D64ED2
:1038B8001A592A59706C518A3E551558A559F06005
:1038C8005362C167358255694096C499289A534F07
:1038D8000658FE5B1080B15C2F5E855F20604B61EF
:1038E8003462FF66F06CDE6ECE807F81D4828B8876
:1038F800B88C00902E908A96DB9EDB9BE34EF053AB
:1039080027592C7B8D914C98F99DDD6E2770535368
:103918004455855B58629E62D362A26CEF6F227435
:10392800178A3894C16FFE8A3883E751F886EA53BC
:10393800E953464F5490B08F6A593181FD5DEA7A58
:10394800BF8FDA68378CF872489C3D6AB08A394E66
:10395800585306566657C562A263E6654E6BE16D1D
:103968005B6EAD70ED77EF7AAA7BBB7D3D80C6803C
:10397800CB86958A5B93E356C7583E5FAD659666DE
:10398800806AB56B3775C78A2450E57730571B5F57
:1039980065607A66606CF4751A7A6E7FF4811887B0
:1039A8004590B399C97B5C75F97A517BC4841090B2
:1039B800E979927A3683E15A40772D4EF24E995B37
:1039C800E05FBD623C66F167E86C6B8677883B8A8E
:1039D8004E91F392D099176A26702A73E78257841A
:1039E800AF8C014E4651CB518B55F55B165E335E5D
:1039F800815E145F355F6B5FB45FF2611163A2662D
:103A08001D676E6F52723A753A7774803981788182
:103A18007687BF8ADC8A858DF38D9A92779502988E
:103A2800E59CC5525763F4761567886CCD73C38CD3
:103A3800AE937396256D9C580E69CC69FD8F9A9349
:103A4800DB751A905A580268B463FB69434F2C6FB0
:103A5800D867BB8F2685B47D54933F69706F6A57CA
:103A6800F7582C5B2C7D2A720A54E391B49DAD4E15
:103A78004E4F5C50755043529E8C485424589A5B64
:103A88001D5E955EAD5EF75E1F5F8C60B5623A6342
:103A9800D063AF68406C87788E790B7AE07D478277
:103AA800028AE68A448E1390B8902D91D8910E9F81
:103AB800E56C5864E2647565F46E84761B7B6990E6
:103AC800D193BA6EF254B95FA4644D8FED8F4492CE
:103AD80078516B582959555C975EFB6D8F7E1C7524
:103AE800BC8CE28E5B98B9701D4FBF6BB16F30759F
:103AF800FB964E51105435585758AC59605C925F3C
:103B080097655C67216E7B76DF83ED8C1490FD9062
:103B18004D9325783A78AA52A65E1F5774591260B9
:103B280012505A51AC51CD51005210555458585852
:103B38005759955BF65C8B5DBC6095622D64716727
:103B48004368BC68DF68D776D86D6F6E9B6D6F7001
:103B5800C871535FD8757779497B547B527BD67C83
:103B6800717D305263846985E4850E8A048B468CA6
:103B78000F8E03900F90199476962D98309AD895B9
:103B8800CD50D5520C5402580E5CA7619E641E6D30
:103B9800B377E57AF480048453908592E05C079DBE
:103BA8003F53975FB35F9C6D79726377BF79E47B0E
:103BB800D26BEC72AD8A0368616AF851817A346914
:103BC8004A5CF69CEB82C55B49911E7078566F5C27
:103BD800C76066658C6C5A8C419013985154C766BF
:103BE8000D924859A39085514D4EEA5199850E8BF7
:103BF80058707A634B936269B499047E777557530A
:103C08006069DF8EE3965D6C8C4E3C5C105FE98FDB
:103C18000253D18C89807986FF5EE565734E6551C4
:103C280082593F5CEE97FB4E8A59CD5F8D8AE16FD2
:103C3800B0796279E75B71842B73B171745EF55F5B
:103C48007B639A64C371987C434EFC5E4B4EDC5791
:103C5800A256A960C36F0D7DFD803381BF81B28FED
:103C68009789A486F45D8A62AD6487897767E26C78
:103C78003E6D36743478465A757FAD82AC99F34FF1
:103C8800C35EDD62926357656F67C3764C72CC8002
:103C9800BA80298F4D910D50F957925A85687369EA
:103CA8006471FD72B78CF258E08C6A9619907F8720
:103CB800E479E77729842F4F65525A53CD62CF674D
:103CC800CA6C7D76947B957C36828485EB8FDD6625
:103CD800206F06721B7EAB83C199A69EFD51B17BF6
:103CE8007278B87B8780487BE86A615E8C80517502
:103CF80060756B5162928C6E7A769791EA9A104F42
:103D0800707F9C624F7BA595E99C7A565958E4864A
:103D1800BC96344F24524A53CD53DB53065E2C6471
:103D280091657F673E6C4E6C4872AF72ED73547547
:103D3800417E2C82E985A98CC47BC6916971129851
:103D4800EF983D6369666A75E476D0784385EE86B8
:103D58002A53515326548359875E7C5FB260496267
:103D68007962AB629065D46BCC6CB275AE769178A3
:103D7800D879CB7D777FA580AB88B98ABB8C7F90BB
:103D88005E97DB980B6A387C99503E5CAE5F87671C
:103D9800D86B357409778E7F3B9FCA67177A39537A
:103DA8008B75ED9A665F9D81F18398803C5FC55F56
:103DB8006275467B3C906768EB599B5A107D7E760E
:103DC8002C8BF54F6A5F196A376C026FE274687959
:103DD8006888558A798CDF5ECF63C575D279D782BA
:103DE8002893F2929C84ED862D9CC1546C5F8C655F
:103DF8005C6D1570A78CD38C3B984F65F6740D4E8F
:103E0800D84EE0572B59665ACC5BA851035E9C5E8E
:103E1800166076627765A7656E666E6D3672267B6C
:103E280050819A8199825C8BA08CE68C748D1C964B
:103E38004496AE4FAB64666B1E8261846A85E890D7
:103E4800015C5369A8987A8457850F4F6F52A95F10
:103E5800455E0D678F79798107898689F56D175FCA
:103E68005562B86CCF4E6972929B06523B54745699
:103E7800B358A4616E621A716E59897CDE7C1B7D11
:103E8800F09687655E80194E754F75514058635E90
:103E9800735E0A5FC467264E3D8589955B96737C81
:103EA8000198FB50C1585676A7782552A5771185F9
:103EB800867B4F5009594772C77BE87DBA8FD48FEC
:103EC8004D90BF4FC952295A015FAD97DD4F1782F8
:103ED800EA9203575563696B2B75DC88148F427A15
:103EE800DF52935855610A62AE66CD6B3F7CE98319
:103EF8002350F84F05534654315849599D5BF05C9F
:103F0800EF5C295D965EB16267633E65B9650B67D4
:103F1800D56CE16CF97032782B7EDE80B3820C842C
:103F2800EC84028712892A8A4A8CA690D292FD983C
:103F3800F39C6C9D4F4EA14E8D5056524A57A8592E
:103F48003D5ED85FD95F3F62B4661B67D067D268B1
:103F58009251217DAA80A881008B8C8CBF8C7E9287
:103F6800329620542C981753D5505C53A858B264F5
:103F7800346767726677467AE691C352A16C866B9E
:103F880000584C5E54592C67FB7FE151C676696432
:103F9800E878549BBB9ECB57B95927669A67CE6B76
:103FA800E954D969555E9C819567AA9BFE67529C26
:103FB8005D68A64EE34FC853B9622B67AB6CC48FDC
:103FC800AD4F6D7EBF9E074E6261806E2B6F13856D
:103FD80073542A67459BF35D957BAC5CC65B1C8775
:103FE8004A6ED184147A088199598D7C116C207796
:103FF800D952225921715F72DB772797619D0B692E
:104008007F5A185AA5510D547D540E66DF76F78FE6
:104018009892F49CEA595D72C56E4D51C968BF7D8E
:10402800EC7D6297BA9E7864216A028384595F5B4B
:10403800DB6B1B73F276B27D178099843251286747
:10404800D99EEE766267FF520599245C3B627E7CBE
:10405800B08C4F55B6600B7D809501535F4EB651BD
:104068001C593A723680CE91255FE2778453795F86
:10407800047DAC85338A8D8E5697F367AE8553944D
:1040880009610861B96C5276ED8A388F2F55514F06
:104098002A51C752CB53A55B7D5EA0608261D6636F
:1040A8000967DA67676E8C6D3673377331755079C7
:1040B800D588988A4A909190F590C4968D8715591D
:1040C800884E594F0E4E898A3F8F1098AD507C5EAE
:1040D8009659B95BB85EDA63FA63C164DC664A690B
:1040E800D8690B6DB66E94712875AF7A8A7F008097
:1040F8004984C9848189218B0A8E65907D960A99A5
:104108007E619162326B836C746DCC7FFC7FC06D75
:10411800857FBA87F8886567B1833C98F7961B6DE9
:10412800617D3D846A91714E7553505D046BEB6FF0
:10413800CD852D86A78929520F54655C4E67A868DE
:1041480006748374E275CF88E188CC91E2967896FC
:104158008B5F8773CB7A4E84A06365758952416DF6
:104168009C6E097459756B78927C8696DC7A8D9F63
:10417800B64F6E61C5655C86864EAE4EDA50214EEE
:10418800CC51EE5B99658168BC6D1F734276AD7743
:104198001C7AE77C6F82D28A7C90CF9175961898AA
:1041A8009B52D17D2B5098539767CB6DD071337448
:1041B800E8812A8FA396579C9F9E60744158996DF9
:1041C8002F7D5E98E44E364F8B4FB751B152BA5D92
:1041D8001C60B2733C79D3823492B796F6960A97EC
:1041E800979E629FA666746B1752A352C870C288C6
:1041F800C95E4B609061236F49713E7CF47D6F808E
:10420800EE8423902C9342546F9BD36A8970C28C9E
:10421800EF8D3297B452415ACA5E045F17677C69C2
:1042280094696A6D0F6F6272FC72ED7B01807E800B
:104238004B87CE906D51939E84798B803293D68A2A
:104248002D508C54718A6A6BC48C0781D160A06729
:10425800F29D994E984E109C6B8AC18568850069BD
:104268007E6E9778558100000A0001000200030065
:104278000400050006000700080009000A000B00FA
:104288000C000D000E000F00100000002020202060
:104298002020202020202020202020202020202016
:1042A8002020202020202020202020200000000086
:1042B8001F001C200000000014210000020016242A
:1042C800000000001425000002001528000000006E
:1042D800112900000000142A00000000182B00001B
:1042E8000000142C00000000102D00000000142E07
:1042F800000001000C3000000900143A0000010021
:10430800183C00000200143F0000010003410000B7
:104318001900155B00000000145C00000000115D2E
:1043280000000000175E000000000F5F00000000A2
:10433800176000000000036100001900157B0000F1
:104348000000187C00000000117D00000000187EAD
:1043580000000000007F000020001CA000000000FA
:1043680014A10000000016A20000030019A6000016
:10437800000014A70000000017A80000000019A9F9
:104388000000000006AA0000000013AB00000000B7
:1043980018AC0000000001AD0000000019AE0000DC
:1043A800000017AF0000000019B00000000018B1AD
:1043B800000000000EB20000010017B40000000069
:1043C80003B50000000014B60000010017B8000093
:1043D80000000EB90000000006BA0000000012BB81
:1043E800000000000EBC0000020014BF0000000026
:1043F80003C00000160018D70000000003D8000012
:10440800060004DF0000000003E00000160018F7B3
:104418000000000003F800003F000438010000001D
:10442800033901000F00044901000000034A01009C
:104438004200048D01000000038E01000C00049B63
:1044480001000000039C01000D0004AA0100010006
:1044580003AC01000D0004BA0100000006BB010016
:10446800000003BC0100010004BE0100000003BFFE
:104478000100000006C00100030003C401000000A1
:1044880007C50100000003C60100010007C80100BC
:10449800000003C90100010007CB0100000003CCA4
:1044A8000100230004F00100000003F101000000F6
:1044B80007F20100000003F301002D0004210200AF
:1044C8000000032202001100043402000500033A30
:1044D80002001A0004550200000003560200010001
:1044E800045802000000035902000000045A0200A8
:1044F8000000035B02000100045D0200020003608B
:1045080002000100046202000000036302000000D0
:104518000464020000000365020001000467020051
:104528000000036802000400046D02000100036F2C
:104538000200000004700200000003710200010084
:1045480004730200010003750200000004760200F3
:104558000600037D02000000047E020001000380C3
:104568000200000004810200000003820200010032
:10457800048402000200038702000500048D020083
:104588000400039202000000049302000000069455
:1045980002000000049502000700039D02000100CC
:1045A800049F0200100005B00200110017C20200AB
:1045B800030005C602000B0017D202000D0005E03B
:1045C8000200040017E50200060005EC02000000E6
:1045D80017ED0200000005EE0200000017EF0200D0
:1045E80010000B0003006F00037003000300057444
:1045F80003000000177503000000037603000100A4
:10460800057A03000000037B03000200147E030008
:104618000000037F030000001784030001000386E5
:104628000300000014870300000003880300020051
:10463800038C03000000038E0300010004900300B4
:10464800000003910300100003A303000C0004B052
:104658000300000003B10300200008D20300020099
:1046680003D50300200018F60300000003F7030039
:10467800040004FC0300000003FD03008400198209
:10468800040000000B83040004000A8804000100F1
:10469800038A0400A500033105002500055905001B
:1046A8000000145A050005000460050000000361BD
:1046B8000500250004870500010014890500000095
:1046C800108A05000000198D05000100168F0500ED
:1046D80000000B9105002C0010BE050000000BBF68
:1046E8000500000014C0050000000BC10500010012
:1046F80014C3050000000BC40500010014C6050022
:1047080000000BC70500000006D005001A0006EFE0
:104718000500030014F30500010001000600050070
:10472800180606000200140906000100160B060010
:104738000000140C06000100190E060001000B1001
:1047480006000A00141B06000000011C06000000F9
:10475800141D06000200062006001F000540060082
:1047680000000641060009000B4B060014000C600F
:1047780006000900146A06000300066E0600010020
:104788000B700600000006710600620014D40600D3
:10479800000006D5060000000BD60600060001DD65
:1047A8000600000019DE060000000BDF0600050009
:1047B80005E5060001000BE70600010019E90600FF
:1047C80000000BEA0600030006EE060001000CF0EC
:1047D8000600090006FA0600020019FD060001009D
:1047E80006FF06000000140007000D00010F070077
:1047F80000000610070000000B1107000000061259
:1048080007001D000B3007001A00064D070058006E
:104818000BA607000A0006B1070000000CC007003D
:10482800090006CA070020000BEB0700080005F482
:104838000700010019F60700000014F7070002003E
:1048480005FA070000000BFD0700000016FE070030
:1048580001000600080015000B1608000300051AE1
:10486800080000000B1B08000800052408000000D1
:104878000B25080002000528080000000B29080085
:104888000400143008000E000640080018000B59F8
:1048980008000200145E08000000066008000A0014
:1048A800067008001700178808000000068908002D
:1048B80005000190080001000B980800070006A0F9
:1048C8000800280005C9080000000BCA08001700E6
:1048D80001E2080000000BE308001F0009030900BB
:1048E80000000604090035000B3A09000000093BE6
:1048F800090000000B3C09000000063D090000000B
:10490800093E090002000B41090007000949090096
:1049180003000B4D09000000094E09000100065074
:10492800090000000B51090006000658090009009B
:104938000B62090001001464090001000C660900FB
:1049480009001470090000000571090000000672D2
:1049580009000E000B81090000000982090001000E
:10496800068509000700068F090001000693090063
:10497800150006AA0900060006B20900000006B6DE
:10498800090003000BBC0900000006BD0900000077
:1049980009BE090002000BC10900030009C709008C
:1049A800010009CB090001000BCD0900000006CE6B
:1049B8000900000009D70900000006DC0900010011
:1049C80006DF090002000BE2090001000CE60900FD
:1049D800090006F00900010016F2090001000EF4B2
:1049E8000900050019FA0900000016FB090000007B
:1049F80006FC0900000014FD090000000BFE090078
:104A080000000B010A00010009030A000000060566
:104A18000A000500060F0A00010006130A00150027
:104A2800062A0A00060006320A00010006350A00B6
:104A3800010006380A0001000B3C0A000000093E8C
:104A48000A0002000B410A0001000B470A0001009E
:104A58000B4B0A0002000B510A00000006590A001D
:104A68000300065E0A0000000C660A0009000B70CD
:104A78000A00010006720A0002000B750A00000015
:104A880014760A0000000B810A00010009830A005D
:104A9800000006850A000800068F0A000200069337
:104AA8000A00150006AA0A00060006B20A0001005C
:104AB80006B50A0004000BBC0A00000006BD0A0087
:104AC800000009BE0A0002000BC10A0004000BC75F
:104AD8000A00010009C90A00000009CB0A00010008
:104AE8000BCD0A00000006D00A00000006E00A000C
:104AF80001000BE20A0001000CE60A00090014F0AC
:104B08000A00000016F10A00000006F90A00000079
:104B18000BFA0A0005000B010B00000009020B004C
:104B2800010006050B000700060F0B000100061325
:104B38000B001500062A0B00060006320B000100C8
:104B480006350B0004000B3C0B000000063D0B0073
:104B58000000093E0B0000000B3F0B00000009405D
:104B68000B0000000B410B00030009470B0001007C
:104B7800094B0B0001000B4D0B0000000B550B00FF
:104B8800010009570B000000065C0B000100065FDE
:104B98000B0002000B620B0001000C660B00090001
:104BA80019700B00000006710B0000000E720B005C
:104BB80005000B820B00000006830B000000068531
:104BC8000B000500068E0B00020006920B00030086
:104BD80006990B000100069C0B000000069E0B00C6
:104BE800010006A30B00010006A80B00020006AE98
:104BF8000B000B0009BE0B0001000BC00B000000EE
:104C080009C10B00010009C60B00020009CA0B000C
:104C180002000BCD0B00000006D00B00000009D7E6
:104C28000B0000000CE60B0009000EF00B00020060
:104C380019F30B00050016F90B00000019FA0B0018
:104C480000000B000C00000009010C0002000B041E
:104C58000C00000006050C000700060E0C00020000
:104C680006120C001600062A0C000F000B3C0C0064
:104C78000000063D0C0000000B3E0C00020009413C
:104C88000C0003000B460C0002000B4A0C0003004A
:104C98000B550C00010006580C000200065D0C00C4
:104CA800000006600C0001000B620C0001000C669D
:104CB8000C00090014770C0000000E780C000600A8
:104CC800197F0C00000006800C0000000B810C000E
:104CD800000009820C00010014840C000000068505
:104CE8000C000700068E0C00020006920C0016004D
:104CF80006AA0C00090006B50C0004000BBC0C0049
:104D0800000006BD0C00000009BE0C0000000BBF2F
:104D18000C00000009C00C0004000BC60C000000C9
:104D280009C70C00010009CA0C0001000BCC0C00DB
:104D3800010009D50C00010006DD0C00010006E0A9
:104D48000C0001000BE20C0001000CE60C0009004D
:104D580006F10C0001000B000D00010009020D0016
:104D6800010006040D000800060E0D0002000612E0
:104D78000D0028000B3B0D000100063D0D00000052
:104D8800093E0D0002000B410D00030009460D000D
:104D98000200094A0D0002000B4D0D000000064EEE
:104DA8000D000000194F0D00000006540D00020010
:104DB80009570D0000000E580D000600065F0D0093
:104DC80002000B620D0001000C660D0009000E7058
:104DD8000D00080019790D000000067A0D00050085
:104DE8000B810D00000009820D00010006850D00F1
:104DF8001100069A0D00170006B30D00080006BD45
:104E08000D00000006C00D0006000BCA0D000000D2
:104E180009CF0D0002000BD20D0002000BD60D00C9
:104E2800000009D80D0007000CE60D00090009F282
:104E38000D00010014F40D00000006010E002F0003
:104E48000B310E00000006320E0001000B340E007C
:104E58000600163F0E00000006400E00050005463D
:104E68000E0000000B470E000700144F0E00000054
:104E78000C500E000900145A0E00010006810E00A5
:104E8800010006840E00000006860E000400068C51
:104E98000E00170006A50E00000006A70E00090068
:104EA8000BB10E00000006B20E0001000BB40E009C
:104EB800080006BD0E00000006C00E00040005C66E
:104EC8000E0000000BC80E0005000CD00E000900F3
:104ED80006DC0E00030006000F00000019010F0099
:104EE800020014040F000E0019130F000000141420
:104EF8000F00000019150F0002000B180F00010029
:104F0800191A0F0005000C200F0009000E2A0F00C7
:104F1800090019340F0000000B350F000000193686
:104F28000F0000000B370F00000019380F000000B9
:104F38000B390F000000153A0F000000113B0F005D
:104F48000000153C0F000000113D0F000000093E55
:104F58000F00010006400F00070006490F0023005C
:104F68000B710F000D00097F0F0000000B800F0070
:104F7800040014850F0000000B860F00010006884E
:104F88000F0004000B8D0F000A000B990F0023007F
:104F980019BE0F0007000BC60F00000019C70F004D
:104FA800050019CE0F00010014D00F00040019D518
:104FB8000F00030014D90F000100060010002A009A
:104FC800092B100001000B2D1000030009311000FF
:104FD80000000B32100005000938100000000B39E2
:104FE80010000100093B100001000B3D10000100FA
:104FF800063F100000000C4010000900144A100081
:1050080005000650100005000956100001000B5855
:1050180010000100065A100003000B5E1000020089
:105028000661100000000962100002000665100009
:105038000100096710000600066E100002000B71DF
:1050480010000300067510000C000B821000000011
:105058000983100001000B8510000100098710006A
:1050680005000B8D10000000068E10000000098F4F
:10507800100000000C9010000900099A10000200AE
:105088000B9D10000000199E1000010003A01000E5
:10509800250003C71000000003CD1000000003D056
:1050A80010002A0014FB1000000005FC100000008E
:1050B80003FD10000200060011004801064A120014
:1050C8000300065012000600065812000000065A97
:1050D80012000300066012002800068A120003006E
:1050E80006901200200006B21200030006B8120053
:1050F800060006C01200000006C21200030006C81F
:1051080012000E0006D81200380006121300030021
:105118000618130042000B5D130002001460130010
:1051280008000E6913001300068013000F00199081
:105138001300090003A01300550003F8130005002D
:10514800100014000000060114006B02196D16000F
:105158000000146E16000000066F160010001C8078
:1051680016000000068116001900159B16000000A5
:10517800119C1600000006A016004A0014EB160049
:1051880002000DEE1600020006F1160007000600E8
:10519800170011000B121700020009151700000074
:1051A800061F170012000B32170001000934170000
:1051B80000001435170001000640170011000B52BB
:1051C80017000100066017000C00066E17000200A9
:1051D8000B72170001000680170033000BB417008C
:1051E800010009B6170000000BB71700060009BE3A
:1051F800170007000BC61700000009C717000100B9
:105208000BC917000A0014D41700020005D71700AD
:10521800000014D81700020016DB1700000006DC97
:10522800170000000BDD170000000CE01700090054
:105238000EF01700090014001800050010061800E9
:1052480000001407180003000B0B18000200010EE1
:10525800180000000B0F180000000C1018000900BF
:105268000620180022000543180000000644180014
:1052780034000680180004000B851800010006871A
:10528800180021000BA91800000006AA1800000049
:1052980006B018004500060019001E000B20190072
:1052A80002000923190003000B271900010009292E
:1052B800190002000930190001000B321900000022
:1052C8000933190005000B391900020019401900AB
:1052D80000001444190001000C461900090006508A
:1052E80019001D00067019000400068019002B0023
:1052F80006B0190019000CD0190009000EDA1900BF
:10530800000019DE1900210006001A0016000B170C
:105318001A00010009191A0001000B1B1A000000ED
:10532800141E1A00010006201A00340009551A003C
:1053380000000B561A00000009571A0000000B580D
:105348001A0006000B601A00000009611A0000002C
:105358000B621A00000009631A0001000B651A00AD
:105368000700096D1A0005000B731A0009000B7F6E
:105378001A0000000C801A0009000C901A0009009D
:1053880014A01A00060005A71A00000014A81A00A5
:1053980005000BB01A000D000ABE1A0000000BBF72
:1053A8001A000F000B001B00030009041B0000007B
:1053B80006051B002E000B341B00000009351B00DE
:1053C80000000B361B000400093B1B0000000B3CCF
:1053D8001B000000093D1B0004000B421B000000DD
:1053E80009431B00010006451B0007000C501B0069
:1053F8000900145A1B00060019611B0009000B6BF9
:105408001B00080019741B000800147D1B00010014
:105418000B801B00010009821B00000006831B0093
:105428001D0009A11B0000000BA21B00030009A618
:105438001B0001000BA81B00010009AA1B000000AB
:105448000BAB1B00020006AE1B0001000CB01B00DA
:10545800090006BA1B002B000BE61B00000009E739
:105468001B0000000BE81B00010009EA1B000200FA
:105478000BED1B00000009EE1B0000000BEF1B00EA
:10548800020009F21B00010014FC1B0003000600C7
:105498001C00230009241C0007000B2C1C0007001B
:1054A80009341C0001000B361C000100143B1C00D1
:1054B80004000C401C000900064D1C0002000C50A2
:1054C8001C000900065A1C001D0005781C00050078
:1054D800147E1C00010003801C00080003901C00BF
:1054E8002A0003BD1C00020014C01C0007000BD0DA
:1054F8001C00020014D31C0000000BD41C000C007C
:1055080009E11C0000000BE21C00060006E91C0073
:1055180003000BED1C00000006EE1C0005000BF458
:105528001C00000006F51C00010009F71C00000023
:105538000BF81C00010006FA1C00000004001D0006
:105548002B00052C1D003E00046B1D000C00057887
:105558001D00000003791D000000047A1D000200F0
:10556800037D1D000000047E1D000F00038E1D003A
:105578000000048F1D000B00059B1D0024000BC0BC
:105588001D003F0003001E00950004961E00040045
:10559800039B1E000000049C1E000100039E1E00C9
:1055A8000000049F1E00000003A01E0075000318E1
:1055B8001F00050003201F00250003481F000500E9
:1055C80004501F00000003511F00000004521F0078
:1055D800000003531F00000004541F00000003557F
:1055E8001F00000004561F00000003571F000000A2
:1055F80003591F000000035B1F000000035D1F002C
:105608000000035F1F001E0003801F0007000788BB
:105618001F00070003901F00070007981F000700DE
:1056280003A01F00070007A81F00070003B01F0002
:10563800010004B21F00000003B31F00000004B4FF
:105648001F00000004B61F00010003B81F0003007C
:1056580007BC1F00000017BD1F00000003BE1F008D
:10566800000017BF1F00020004C21F00000003C390
:105678001F00000004C41F00000004C61F00010032
:1056880003C81F00030007CC1F00000017CD1F0030
:10569800020003D01F00010004D21F00010004D63D
:1056A8001F00010003D81F00030017DD1F000200C0
:1056B80003E01F00010004E21F00020003E51F00D1
:1056C800000004E61F00010003E81F00040017EDB6
:1056D8001F00020004F21F00000003F31F00000077
:1056E80004F41F00000004F61F00010003F81F0067
:1056F800030007FC1F00000017FD1F0001001C002D
:1057080020000A00010B20000400101020000500F2
:1057180014162000010013182000000012192000A0
:105728000000151A20000000131B20000100121DA4
:1057380020000000151E20000000131F200000009C
:105748001420200007001A28200000001B29200030
:105758000000012A200004001C2F20000000143043
:1057680020000800133920000000123A2000000031
:10577800143B200003000F3F2000010014412000CB
:1057880002001844200000001545200000001146C2
:1057980020000000144720000A00185220000000D2
:1057A8001453200000000F5420000000145520005E
:1057B80009001C5F20000000016020000400016651
:1057C800200009000E702000000005712000000074
:1057D8000E7420000500187A20000200157D2000B4
:1057E8000000117E20000000057F200000000E80D0
:1057F80020000900188A20000200158D20000000F2
:10580800118E20000000059020000C0016A020003A
:1058180020000BD020000C000ADD200003000BE163
:10582800200000000AE2200002000BE520000B0027
:1058380019002100010008022100000019032100BD
:105848000300080721000000190821000100040ACC
:1058580021000000080B21000200040E21000100B5
:10586800081021000200041321000000191421006F
:105878000000081521000000191621000100181861
:1058880021000000081921000400191E210005004C
:10589800082421000000192521000000032621000A
:1058A80000001927210000000828210000001929FC
:1058B80021000000032A21000100082C210001001A
:1058C800192E21000000042F2100000008302100BB
:1058D80001000332210000000833210000000434D5
:1058E80021000000063521000300043921000000D2
:1058F800193A21000100043C21000100083E210062
:105908000100184021000400084521000000044659
:1059180021000300194A21000000184B2100000053
:10592800194C21000100034E21000000194F2100ED
:1059380000000E5021000F000D602100220003839B
:10594800210001000D85210003000E8921000000BF
:10595800198A2100010018902100040019952100DE
:105968000400189A21000100199C2100030018A0C6
:105978002100000019A12100010018A32100000046
:1059880019A42100010018A62100000019A7210070
:10599800060018AE2100000019AF21001E0018CE25
:1059A8002100010019D02100010018D221000000B7
:1059B80019D32100000018D42100000019D52100B6
:1059C8001E0018F421000B01190023000700150818
:1059D80023000000110923000000150A230000001D
:1059E800110B23000000190C2300130018202300BA
:1059F8000100192223000600152923000000112A9E
:105A080023000000192B23005000187C23000000FD
:105A1800197D23001D00189B2300180019B42300CA
:105A2800270018DC2300050019E223004400194070
:105A380024000A000E6024003B00199C24004D003D
:105A48000EEA2400150019002500B60018B7250035
:105A5800000019B82500080018C12500000019C267
:105A68002500350018F825000700190026006E00EB
:105A7800186F2600000019702600F7001568270027
:105A88000000116927000000156A27000000116B4B
:105A980027000000156C27000000116D270000008A
:105AA800156E27000000116F2700000015702700F1
:105AB8000000117127000000157227000000117303
:105AC800270000001574270000001175270000004A
:105AD8000E7627001D00199427002B0018C02700F8
:105AE800040015C52700000011C62700000018C7CC
:105AF80027001E0015E62700000011E72700000018
:105B080015E82700000011E92700000015EA270022
:105B1800000011EB2700000015EC2700000011ED34
:105B28002700000015EE2700000011EF27000000F5
:105B380018F027000F0019002800FF00180029009E
:105B480082001583290000001184290000001585B2
:105B5800290000001186290000001587290000008F
:105B6800118829000000158929000000118A2900E0
:105B78000000158B29000000118C29000000158DEC
:105B880029000000118E29000000158F290000004F
:105B98001190290000001591290000001192290098
:105BA80000001593290000001194290000001595A4
:105BB800290000001196290000001597290000000F
:105BC800119829000000189929003E0015D82900CD
:105BD800000011D92900000015DA2900000011DBA6
:105BE8002900000018DC29001F0015FC290000000E
:105BF80011FD2900000018FE2900010119002B00E1
:105C08002F0018302B00140019452B0001001847ED
:105C18002B000500194D2B00260019762B001F00BC
:105C280019972B00680003002C00700004712C00E9
:105C3800000003722C00010004742C00000003759E
:105C48002C00010004772C000400057C2C000100C6
:105C5800037E2C00650004E42C00000019E52C00EC
:105C6800050003EB2C0003000BEF2C00020003F2ED
:105C78002C00010014F92C0003000EFD2C0000007C
:105C880014FE2C00010003002D00250003272D0021
:105C98000000032D2D00000006302D003700056F91
:105CA8002D00000014702D0000000B7F2D00000057
:105CB80006802D00160006A02D00060006A82D005F
:105CC800060006B02D00060006B82D00060006C026
:105CD8002D00060006C82D00060006D02D0006007F
:105CE80006D82D0006000BE02D001F0014002E0022
:105CF800010013022E00000012032E0000001304FE
:105D08002E00000012052E00000014062E000200CE
:105D180013092E000000120A2E000000140B2E009A
:105D28000000130C2E000000120D2E000000140EAF
:105D38002E00080010172E00000014182E00010075
:105D4800101A2E000000141B2E000000131C2E0039
:105D58000000121D2E000000141E2E00010013204A
:105D68002E00000012212E00000015222E00000037
:105D780011232E00000015242E00000011252E00EE
:105D8800000015262E00000011272E0000001528FF
:105D98002E00000011292E000000142A2E000400F5
:105DA800052F2E00000014302E000900103A2E0096
:105DB8000100143C2E00030010402E000000144186
:105DC8002E00000015422E00000014432E000C0087
:105DD80019502E00010014522E00020015552E00F5
:105DE800000011562E00000015572E000000115813
:105DF8002E00000015592E000000115A2E00000038
:105E0800155B2E000000115C2E000000105D2E00B6
:105E1800000019802E001900199B2E005800190047
:105E28002F00D50019F02F000B001C0030000000D7
:105E3800140130000200190430000000050530008C
:105E480000000606300000000D07300000001508AD
:105E580030000000110930000000150A3000000071
:105E6800110B30000000150C30000000110D30003F
:105E78000000150E30000000110F30000000151052
:105E8800300000001111300000001912300001002C
:105E980015143000000011153000000015163000F0
:105EA800000011173000000015183000000011190B
:105EB80030000000151A30000000111B30000000EF
:105EC800101C30000000151D30000000111E3000AD
:105ED80001001920300000000D21300008000B2AB5
:105EE80030000300092E300001001030300000009F
:105EF8000531300004001936300001000D3830003B
:105F08000200053B30000000063C30000000143D54
:105F180030000000193E30000100064130005500F5
:105F28000B9930000100179B30000100059D3000DF
:105F38000100069F3000000010A03000000006A1FC
:105F48003000590014FB3000000005FC300002004E
:105F580006FF30000000060531002A000631310036
:105F68005D001990310001000E923100030019966E
:105F78003100090006A031001F0019C031002300BC
:105F880006F031000F00190032001E000E2032000A
:105F98000900192A32001D000E4832000700195066
:105FA800320000000E5132000E00196032001F004E
:105FB8000E8032000900198A320026000EB1320024
:105FC8000E0019C032003F0106003400BF1919C085
:105FD8004D003F0006004E0014520515A0000000B9
:105FE8000616A00076041990A400360006D0A40076
:105FF800270005F8A400050014FEA400010006000F
:10600800A5000B01050CA6000000140DA600020057
:106018000610A6000F000C20A6000900062AA600FC
:1060280001000340A6002D00066EA60000000B6FBD
:10603800A60000000A70A60002001473A600000063
:106048000B74A6000900147EA6000000057FA600B8
:1060580000000380A6001B00059CA60001000B9E03
:10606800A600010006A0A60045000DE6A60009004E
:106078000BF0A600010014F2A60005001700A70007
:1060880016000517A70008001720A7000100032223
:10609800A7000D000430A70001000332A7003D004F
:1060A8000570A70000000471A70007000379A70086
:1060B8000E000588A70000001789A7000100038BC0
:1060C800A7000200048EA7000000068FA7000000AA
:1060D8000390A70004000495A70000000396A700FA
:1060E800180004AFA700000003B0A7001A0003D0EF
:1060F800A700010004D3A700000004D5A7000000F2
:1061080003D6A700030005F2A700020003F5A700C5
:10611800010006F7A700000005F8A700010004FA2F
:10612800A700000006FBA70006000B02A80000005D
:106138000603A80002000B06A80000000607A80036
:1061480003000B0BA8000000060CA800160009238A
:10615800A80001000B25A80001000927A8000000DD
:106168001928A80003000B2CA80000000E30A80076
:1061780005001936A80001001638A80000001939D2
:10618800A80000000640A80033001474A80003000B
:106198000980A80001000682A800310009B4A800FF
:1061A8000F000BC4A800010014CEA80001000CD0F9
:1061B800A80009000BE0A800110006F2A8000500DD
:1061C80014F8A800020006FBA800000014FCA800B0
:1061D800000006FDA80001000BFFA80000000C004D
:1061E800A9000900060AA9001B000B26A900070040
:1061F800142EA90001000630A90016000B47A900BB
:106208000A000952A9000100145FA90000000660F5
:10621800A9001C000B80A90002000983A900000046
:106228000684A9002E000BB3A900000009B4A90038
:1062380001000BB6A900030009BAA90001000BBCB4
:10624800A900010009BEA900020014C1A9000C00A0
:1062580005CFA90000000CD0A900090014DEA90090
:10626800010006E0A90004000BE5A900000005E60E
:10627800A900000006E7A90008000CF0A900090021
:1062880006FAA90004000600AA0028000B29AA00A3
:106298000500092FAA0001000B31AA0001000933EB
:1062A800AA0001000B35AA0001000640AA0002005E
:1062B8000B43AA0000000644AA0007000B4CAA00E2
:1062C8000000094DAA0000000C50AA000900145C47
:1062D800AA0003000660AA000F000570AA000000CB
:1062E8000671AA0005001977AA000200067AAA001A
:1062F8000000097BAA0000000B7CAA000000097DB1
:10630800AA000000067EAA0031000BB0AA00000017
:1063180006B1AA0000000BB2AA00020006B5AA0046
:1063280001000BB7AA00010006B9AA0004000BBEC1
:10633800AA00010006C0AA0000000BC1AA000000C4
:1063480006C2AA00000006DBAA00010005DDAA00BB
:10635800000014DEAA00010006E0AA000A0009EB0A
:10636800AA0000000BECAA00010009EEAA00010037
:1063780014F0AA00010006F2AA00000005F3AA0022
:10638800010009F5AA0000000BF6AA0000000601AA
:10639800AB0005000609AB0005000611AB000500BF
:1063A8000620AB0006000628AB0006000430AB0050
:1063B80022000353AB0000000454AB000600175B37
:1063C800AB000000055CAB0003000460AB000800F4
:1063D8000569AB000000176AAB0001000370AB0051
:1063E8004F0006C0AB00220009E3AB0001000BE53B
:1063F800AB00000009E6AB0001000BE8AB000000B1
:1064080009E9AB00010014EBAB00000009ECAB009C
:1064180000000BEDAB0000000CF0AB00090006001B
:10642800AC00A32B06B0D700160006CBD70030006F
:106438000200D800FF070600F9006D010670FA0097
:1064480069000400FB0006000413FB000400061D9D
:10645800FB0000000B1EFB000000061FFB000900EC
:106468001829FB000000062AFB000C000638FB0078
:106478000400063EFB0000000640FB000100064346
:10648800FB0001000646FB006B0017B2FB00100082
:1064980006D3FB006A01113EFD000000153FFD0018
:1064A80000001940FD000F000650FD003F00069255
:1064B800FD00350019CFFD00000006F0FD000B00BF
:1064C80016FCFD00000019FDFD0002000B00FE0097
:1064D8000F001410FE0006001517FE00000011182A
:1064E800FE0000001419FE0000000B20FE000F0043
:1064F8001430FE0000001031FE0001000F33FE00D2
:1065080001001535FE0000001136FE0000001537A9
:10651800FE0000001138FE0000001539FE000000E2
:10652800113AFE000000153BFE000000113CFE0081
:106538000000153DFE000000113EFE000000153F62
:10654800FE0000001140FE0000001541FE000000A2
:106558001142FE0000001543FE0000001144FE0039
:1065680000001445FE0001001547FE000000114818
:10657800FE0000001449FE0003000F4DFE0002005B
:106588001450FE0002001454FE0003001058FE00D0
:1065980000001559FE000000115AFE000000155BAE
:1065A800FE000000115CFE000000155DFE0000000A
:1065B800115EFE000000145FFE0002001862FE007B
:1065C80000001063FE0000001864FE00020014685A
:1065D800FE0000001669FE000000146AFE000100BB
:1065E8000670FE0004000676FE00860001FFFE002D
:1065F80000001401FF0002001604FF00000014054B
:10660800FF0002001508FF0000001109FF0000004C
:10661800140AFF000000180BFF000000140CFF0014
:106628000000100DFF000000140EFF0001000C1008
:10663800FF000900141AFF000100181CFF000200E7
:10664800141FFF0001000321FF001900153BFF0084
:106658000000143CFF000000113DFF000000173E41
:10666800FF0000000F3FFF0000001740FF00000080
:106678000341FF001900155BFF000000185CFF00D4
:106688000000115DFF000000185EFF000000155FAC
:10669800FF0000001160FF0000001461FF0000000F
:1066A8001562FF0000001163FF0000001464FF0082
:1066B80001000666FF0009000570FF000000067172
:1066C800FF002C00059EFF00010006A0FF001E0031
:1066D80006C2FF00050006CAFF00050006D2FF003B
:1066E800050006DAFF00020016E0FF00010018E2CC
:1066F800FF00000017E3FF00000019E4FF0000009E
:1067080016E5FF00010019E8FF00000018E9FF0086
:10671800030019EDFF00010001F9FF00020019FC58
:10672800FF000100060000010B00060D0001190022
:10673800062800011200063C00010100063F000186
:106748000E00065000010D00068000017A001400BA
:10675800010102000E0701012C0019370101080090
:106768000D40010134000E75010103001979010182
:1067780010000E8A01010100198C01010200199014
:1067880001010C0019A00101000019D001012C0021
:106798000BFD01010000068002011C0006A0020199
:1067A80030000BE0020100000EE102011A000600B1
:1067B80003011F000E2003010300062D030113002F
:1067C8000D41030100000642030107000D4A0301C1
:1067D80000000650030125000B7603010400068023
:1067E80003011D00149F0301000006A003012300FC
:1067F80006C80301070014D0030100000DD10301EE
:106808000400030004014F00065004014D000CA0D1
:106818000401090003B00401230003D80401230084
:10682800060005012700063005013300146F050135
:106838000000037005010A00037C05010E00038CAB
:1068480005010600039405010100039705010A00EC
:1068580003A305010E0003B30501060003BB0501F0
:106868000100060006013601064007011500066012
:1068780007010700058007010500058707012900B2
:1068880005B207010800060008010500060808010E
:106898000000060A08012B00063708010100063C23
:1068A80008010000063F08011600145708010000FF
:1068B8000E5808010700066008011600197708013C
:1068C80001000E7908010600068008011E000EA7C7
:1068D8000801080006E00801120006F4080101009A
:1068E8000EFB080104000600090115000E16090137
:1068F8000500141F09010000062009011900143FB2
:10690800090100000680090137000EBC09010100D9
:1069180006BE090101000EC009010F000ED20901CF
:106928002D0006000A0100000B010A0102000B05F8
:106938000A0101000B0C0A01030006100A010300FA
:1069480006150A01020006190A011C000B380A0183
:1069580002000B3F0A0100000E400A010800145013
:106968000A01080006600A011C000E7D0A010100E8
:10697800147F0A01000006800A011C000E9D0A010E
:10698800020006C00A01070019C80A01000006C96A
:106998000A011B000BE50A0101000EEB0A010400C5
:1069A80014F00A01060006000B01350014390B012A
:1069B800060006400B0115000E580B010700066083
:1069C8000B0112000E780B01070006800B01110065
:1069D80014990B0103000EA90B01060006000C0117
:1069E800480003800C01320003C00C0132000EFA8B
:1069F8000C01050006000D0123000B240D01030006
:106A08000C300D0109000E600E011E0006800E01FB
:106A180029000BAB0E01010010AD0E01000006B0FD
:106A28000E01010006000F011C000E1D0F010900D8
:106A380006270F01000006300F0115000B460F0155
:106A48000A000E510F01030014550F0104000670CF
:106A58000F0111000B820F01030014860F010300C0
:106A680006B00F0114000EC50F01060006E00F0165
:106A780016000900100100000B01100100000902B6
:106A8800100100000603100134000B3810010E003D
:106A98001447100106000E52100113000C66100175
:106AA80009000B70100100000671100101000B7342
:106AB800100101000675100100000B7F1001020093
:106AC800098210010000068310012C0009B0100192
:106AD80002000BB31001030009B7100101000BB944
:106AE8001001010014BB1001010001BD10010000DC
:106AF80014BE100103000BC21001000001CD1001EB
:106B0800000006D0100118000CF0100109000B005D
:106B1800110102000603110123000B2711010400D3
:106B2800092C110100000B2D110107000C36110171
:106B38000900144011010300064411010000094531
:106B48001101010006471101000006501101220041
:106B58000B73110100001474110101000676110174
:106B680000000B8011010100098211010000068359
:106B780011012F0009B3110102000BB61101080021
:106B880009BF1101010006C11101030014C511015B
:106B980003000BC91101030014CD1101000009CE37
:106BA800110100000BCF110100000CD011010900E8
:106BB80006DA1101000014DB1101000006DC1101E6
:106BC800000014DD110102000EE11101130006009E
:106BD80012011100061312011800092C12010200FB
:106BE8000B2F120102000932120101000B341201AD
:106BF80000000935120100000B361201010014389B
:106C0800120105000B3E1201000006801201060069
:106C1800068812010000068A12010300068F12017D
:106C28000E00069F1201090014A91201000006B007
:106C380012012E000BDF1201000009E01201020010
:106C48000BE3120107000CF0120109000B001301FD
:106C58000100090213010100060513010700060FD0
:106C680013010100061313011500062A130106007B
:106C78000632130101000635130104000B3B130112
:106C88000100063D13010000093E130101000B40FD
:106C98001301000009411301030009471301010012
:106CA800094B130102000650130100000957130194
:106CB8000000065D130104000962130101000B6660
:106CC800130106000B7013010400060014013400C0
:106CD8000935140102000B3814010700094014019A
:106CE80001000B42140102000945140100000B4683
:106CF80014010000064714010300144B140104009A
:106D08000C5014010900145A14010100145D1401F7
:106D180000000B5E14010000065F140102000680EB
:106D280014012F0009B0140102000BB3140105006F
:106D380009B9140100000BBA1401000009BB1401C1
:106D480003000BBF1401010009C1140100000BC2AC
:106D58001401010006C41401010014C61401000046
:106D680006C7140100000CD01401090006801501A3
:106D78002E0009AF150102000BB21501030009B876
:106D8800150103000BBC1501010009BE1501000027
:106D98000BBF1501010014C11501160006D8150115
:106DA80003000BDC15010100060016012F00093055
:106DB800160102000B3316010700093B16010100FA
:106DC8000B3D16010000093E160100000B3F16019D
:106DD80001001441160102000644160100000C507F
:106DE80016010900146016010C00068016012A001D
:106DF8000BAB1601000009AC160100000BAD160123
:106E0800000009AE160101000BB01601050009B615
:106E1800160100000BB71601000006B816010000A5
:106E280014B9160100000CC016010900060017016C
:106E38001A000B1D170102000920170101000B227F
:106E4800170103000926170100000B27170104008A
:106E58000C30170109000E3A17010100143C170104
:106E68000200193F1701000006401701060006003E
:106E780018012B00092C180102000B2F180108001B
:106E88000938180100000B3918010100143B1801DA
:106E9800000003A018013F000CE0180109000EEAE9
:106EA8001801080006FF180107000609190100006B
:106EB800060C190107000615190101000618190129
:106EC80017000930190105000937190101000B3BAA
:106ED80019010100093D190100000B3E19010000CC
:106EE800063F190100000940190100000641190177
:106EF80000000942190100000B4319010000144465
:106F0800190102000C501901090006A01901070017
:106F180006AA1901260009D1190102000BD419018A
:106F280003000BDA1901010009DC190103000BE069
:106F38001901000006E11901000014E2190100001E
:106F480006E31901000009E41901000006001A010E
:106F580000000B011A010900060B1A0127000B3368
:106F68001A01050009391A010000063A1A01000041
:106F78000B3B1A010300143F1A0107000B471A01C3
:106F8800000006501A0100000B511A0105000957AC
:106F98001A0101000B591A010200065C1A012D00A2
:106FA8000B8A1A010C0009971A0100000B981A01A4
:106FB8000100149A1A010200069D1A010000149E8D
:106FC8001A01040006B01A01480006001C01080056
:106FD800060A1C012400092F1C0100000B301C01AB
:106FE80006000B381C010500093E1C0100000B3F80
:106FF8001C01000006401C01000014411C01040093
:107008000C501C0109000E5A1C01120014701C01BE
:10701800010006721C011D000B921C01150009A934
:107028001C0100000BAA1C01060009B11C0100008C
:107038000BB21C01010009B41C0100000BB51C01B6
:10704800010006001D01060006081D010100060BCF
:107058001D0125000B311D0105000B3A1D01000023
:107068000B3C1D0101000B3F1D01060006461D01DA
:1070780000000B471D0100000C501D0109000660AF
:107088001D01050006671D010100066A1D011F009C
:10709800098A1D0104000B901D01010009931D01BF
:1070A80001000B951D01000009961D0100000B97BA
:1070B8001D01000006981D0100000CA01D0109001B
:1070C80006E01E0112000BF31E01010009F51E0166
:1070D800010014F71E01010006B01F0100000EC0D8
:1070E8001F01140019D51F01070016DD1F01030039
:1070F80019E11F01100014FF1F0100000600200104
:1071080099030D0024016E00147024010400068008
:107118002401C30006902F01600014F12F01010023
:10712800060030012E040130340108000600440135
:10713800460206006801380206406A011E000C601B
:107148006A010900146E6A01010006706A014E00A6
:107158000CC06A01090006D06A011D000BF06A0123
:10716800040014F56A01000006006B012F000B30C3
:107178006B01060014376B010400193C6B01030016
:1071880005406B01030014446B01000019456B01B5
:1071980000000C506B0109000E5B6B0106000663D2
:1071A8006B011400067D6B01120003406E013F0065
:1071B8000E806E01160014976E01030006006F0121
:1071C8004A000B4F6F01000006506F010000095183
:1071D8006F0136000B8F6F01030005936F010C00E0
:1071E80005E06F01010014E26F01000005E36F0183
:1071F80000000BE46F01000009F06F0101000600B8
:107208007001F71706008801D50406008D010800F3
:1072180005F0AF01030005F5AF01060005FDAF015C
:1072280001000600B00122010650B1010200066407
:10723800B10103000670B1018B010600BC016A00B0
:107248000670BC010C000680BC0108000690BC0159
:107258000900199CBC0100000B9DBC010100149F92
:10726800BC01000001A0BC0103000B00CF012D00F0
:107278000B30CF0116001950CF0173001900D0014F
:10728800F5001900D10126001929D1013B00096533
:10729800D10101000B67D1010200196AD101020076
:1072A800096DD10105000173D10107000B7BD101E4
:1072B80007001983D10101000B85D1010600198C43
:1072C800D1011D000BAAD101030019AED1013C0068
:1072D8001900D20141000B42D20102001945D20126
:1072E80000000EE0D20113001900D30156000E6011
:1072F800D30118000800D4011900041AD401190098
:107308000834D4011900044ED40106000456D401EF
:1073180011000868D40119000482D4011900089CDE
:10732800D4010000089ED401010008A2D401000085
:1073380008A5D401010008A9D401030008AED401AE
:10734800070004B6D401030004BBD401000004BD47
:10735800D401060004C5D4010A0008D0D4011900DC
:1073680004EAD40119000804D50101000807D50171
:107378000300080DD50107000816D5010600041EF4
:10738800D50119000838D5010100083BD5010300D3
:107398000840D50104000846D5010000084AD50177
:1073A80006000452D5011900086CD501190004869D
:1073B800D501190008A0D501190004BAD501190092
:1073C80008D4D501190004EED50119000808D60122
:1073D80019000422D6011900083CD60119000456E8
:1073E800D60119000870D6011900048AD6011B00BD
:1073F80008A8D601180018C1D601000004C2D60199
:10740800180018DBD601000004DCD601050008E2EC
:10741800D601180018FBD601000004FCD60118009C
:107428001815D70100000416D7010500081CD7015C
:1074380018001835D70100000436D7011800184F76
:10744800D70100000450D70105000856D7011800DD
:10745800186FD70100000470D70118001889D701E8
:107468000000048AD70105000890D701180018A960
:10747800D701000004AAD701180018C3D7010000DB
:1074880004C4D701050008CAD701000004CBD701FE
:1074980000000CCED70131001900D801FF010B0004
:1074A800DA0136001937DA0103000B3BDA01310043
:1074B800196DDA0107000B75DA0100001976DA0197
:1074C8000D000B84DA0100001985DA010100148728
:1074D800DA0104000B9BDA0104000BA1DA010E00AB
:1074E8000400DF010900060ADF010000040BDF01C8
:1074F80013000B00E00106000B08E00110000B1B55
:10750800E00106000B23E00101000B26E001040066
:107518000600E1012C000B30E10106000537E1010E
:1075280006000C40E1010900064EE1010000194F78
:10753800E10100000690E2011D000BAEE20100002F
:1075480006C0E2012B000BECE20103000CF0E201A3
:10755800090016FFE201000006E0E701060006E860
:10756800E701030006EDE701010006F0E7010E0060
:107578000600E801C4000EC7E80108000BD0E801C6
:1075880006000300E90143000B44E9010600054B2E
:10759800E90100000C50E9010900145EE90101004D
:1075A8000E71EC013A0019ACEC0100000EADEC01D3
:1075B800020016B0EC0100000EB1EC0103000E0150
:1075C800ED012C00192EED0100000E2FED010E002B
:1075D8000600EE0103000605EE011A000621EE0181
:1075E80001000624EE0100000627EE01000006292E
:1075F800EE0109000634EE0103000639EE01000031
:10760800063BEE0100000642EE0100000647EE01CF
:1076180000000649EE010000064BEE010000064D91
:10762800EE0102000651EE0101000654EE010000D1
:107638000657EE0100000659EE010000065BEE0158
:107648000000065DEE010000065FEE010000066125
:10765800EE0101000664EE0100000667EE0103007A
:10766800066CEE0106000674EE0103000679EE01D1
:107678000300067EEE0100000680EE010900068B7D
:10768800EE01100006A1EE01020006A5EE010400BD
:1076980006ABEE01100018F0EE0101001900F00130
:1076A8002B001930F001630019A0F0010E0019B188
:1076B800F0010E0019C1F0010E0019D1F0012400EB
:1076C8000E00F1010C00190DF101A00019E6F101FD
:1076D8001C001910F2012B001940F2010800195082
:1076E800F20101001960F20105001900F301FA0026
:1076F80017FBF30104001900F401D70219DDF601A4
:107708000F0019F0F6010C001900F7017300198039
:10771800F701580019E0F7010B0019F0F701000014
:107728001900F8010B001910F80137001950F80179
:1077380009001960F80127001990F8011D0019B017
:10774800F80101001900F90153011960FA010D004F
:107758001970FA0104001978FA0104001980FA0175
:1077680006001990FA011C0019B0FA010A0019C0A4
:10777800FA01050019D0FA01090019E0FA01070019
:1077880019F0FA0106001900FB0192001994FB0197
:1077980036000CF0FB01090006000002DFA6060017
:1077A800A70238100640B702DD000620B80281168D
:1077B80006B0CE02301D0600F8021D0206000003C6
:1077C8004A130101000E00000120000E5F000B00AB
:1077D800010EEF000C5F104E154E2A4E314E364EFC
:1077E8003C4E3F4E424E564E584E824E854E6B8C06
:1077F8008A4E12820D5F8E4E9E4E9F4EA04EA24E16
:10780800B04EB34EB64ECE4ECD4EC44EC64EC24E00
:10781800D74EDE4EED4EDF4EF74E094F5A4F304FE2
:107828005B4F5D4F574F474F764F884F8F4F984F5D
:107838007B4F694F704F914F6F4F864F964F18513E
:10784800D44FDF4FCE4FD84FDB4FD14FDA4FD04F09
:10785800E44FE54F1A50285014502A50255005502F
:107868001C4FF64F215029502C50FE4FEF4F11500E
:1078780006504350475003675550505048505A508F
:1078880056506C50785080509A508550B450B25031
:10789800C950CA50B350C250D650DE50E550ED50D2
:1078A800E350EE50F950F55009510151025116516B
:1078B800155114511A5121513A5137513C513B51EC
:1078C8003F51405152514C5154516251F87A6951CB
:1078D8006A516E5180518251D8568C5189518F51BD
:1078E8009151935195519651A451A651A251A95124
:1078F800AA51AB51B351B151B251B051B551BD516B
:10790800C551C951DB51E0515586E951ED51F0514E
:10791800F551FE5104520B5214520E5227522A525C
:107928002E52335239524F5244524B524C525E529D
:1079380054526A527452695273527F527D528D5218
:1079480094529252715288529152A88FA78FAC527A
:10795800AD52BC52B552C152CD52D752DE52E3524B
:10796800E652ED98E052F352F552F852F9520653A6
:10797800085338750D5310530F5315531A53235387
:107988002F53315333533853405346534553174EAF
:1079980049534D53D6515E5369536E5318597B530F
:1079A800775382539653A053A653A553AE53B0535F
:1079B800B653C353127CD996DF53FC66EE71EE536F
:1079C800E853ED53FA5301543D5440542C542D546C
:1079D8003C542E54365429541D544E548F547554C7
:1079E8008E545F5471547754705492547B5480541D
:1079F8007654845490548654C754A254B854A55409
:107A0800AC54C454C854A854AB54C254A454BE541F
:107A1800BC54D854E554E6540F551455FD54EE544F
:107A2800ED54FA54E2543955405563554C552E558A
:107A38005C55455556555755385533555D559955E7
:107A48008055AF548A559F557B557E5598559E5500
:107A5800AE557C558355A9558755A855DA55C55552
:107A6800DF55C455DC55E455D4551456F75516560C
:107A7800FE55FD551B56F9554E565056DF71345676
:107A88003656325638566B5664562F566C566A56CA
:107A9800865680568A56A05694568F56A556AE5688
:107AA800B656B456C256BC56C156C356C056C8562A
:107AB800CE56D156D356D756EE56F9560057FF56DE
:107AC8000457095708570B570D5713571857165788
:107AD800C7551C572657375738574E573B574057A7
:107AE8004F576957C057885761577F5789579357DA
:107AF800A057B357A457AA57B057C357C657D45718
:107B0800D257D3570A58D657E3570B5819581D5808
:107B18007258215862584B587058C06B52583D588B
:107B280079588558B9589F58AB58BA58DE58BB5839
:107B3800B858AE58C558D358D158D758D958D85826
:107B4800E558DC58E458DF58EF58FA58F958FB580C
:107B5800FC58FD5802590A5910591B59A66825594D
:107B68002C592D59325938593E59D27A55595059AC
:107B78004E595A5958596259605967596C59695937
:107B8800785981599D595E4FAB4FA359B259C6597F
:107B9800E859DC598D59D959DA59255A1F5A115AB9
:107BA8001C5A095A1A5A405A6C5A495A355A365A5E
:107BB800625A6A5A9A5ABC5ABE5ACB5AC25ABD5AC3
:107BC800E35AD75AE65AE95AD65AFA5AFB5A0C5B7C
:107BD8000B5B165B325BD05A2A5B365B3E5B435BC2
:107BE800455B405B515B555B5A5B5B5B655B695B07
:107BF800705B735B755B785B88657A5B805B835BC6
:107C0800A65BB85BC35BC75BC95BD45BD05BE45B5B
:107C1800E65BE25BDE5BE55BEB5BF05BF65BF35B35
:107C2800055C075C085C0D5C135C205C225C285CCE
:107C3800385C395C415C465C4E5C535C505C4F5C24
:107C4800715B6C5C6E5C624E765C795C8C5C915CA2
:107C5800945C9B59AB5CBB5CB65CBC5CB75CC55CBC
:107C6800BE5CC75CD95CE95CFD5CFA5CED5C8C5D74
:107C7800EA5C0B5D155D175D5C5D1F5D1B5D115D4D
:107C8800145D225D1A5D195D185D4C5D525D4E5D97
:107C98004B5D6C5D735D765D875D845D825DA25D25
:107CA8009D5DAC5DAE5DBD5D905DB75DBC5DC95D64
:107CB800CD5DD35DD25DD65DDB5DEB5DF25DF55DDF
:107CC8000B5E1A5E195E115E1B5E365E375E445EA1
:107CD800435E405E4E5E575E545E5F5E625E645E0B
:107CE800475E755E765E7A5EBC9E7F5EA05EC15E14
:107CF800C25EC85ED05ECF5ED65EE35EDD5EDA5EF3
:107D0800DB5EE25EE15EE85EE95EEC5EF15EF35E3C
:107D1800F05EF45EF85EFE5E035F095F5D5F5C5FC8
:107D28000B5F115F165F295F2D5F385F415F485F0A
:107D38004C5F4E5F2F5F515F565F575F595F615FC2
:107D48006D5F735F775F835F825F7F5F8A5F885F46
:107D5800915F875F9E5F995F985FA05FA85FAD5F47
:107D6800BC5FD65FFB5FE45FF85FF15FDD5FB36028
:107D7800FF5F216060601960106029600E603160EB
:107D88001B6015602B6026600F603A605A60416086
:107D98006A6077605F604A6046604D606360436018
:107DA800646042606C606B60596081608D60E76000
:107DB80083609A6084609B60966097609260A76019
:107DC8008B60E160B860E060D360B460F05FBD6074
:107DD800C660B560D8604D6115610661F660F760F0
:107DE8000061F460FA6003612161FB60F1600D617C
:107DF8000E6147613E61286127614A613F613C61CC
:107E08002C6134613D6142614461736177615861FD
:107E180059615A616B6174616F61656171615F611C
:107E28005D6153617561996196618761AC61946127
:107E38009A618A619161AB61AE61CC61CA61C961C5
:107E4800F761C861C361C661BA61CB61797FCD61F1
:107E5800E661E361F661FA61F461FF61FD61FC616D
:107E6800FE610062086209620D620C6214621B62A4
:107E78001E6221622A622E6230623262336241627D
:107E88004E625E6263625B62606268627C628262AA
:107E980089627E62926293629662D462836294621D
:107EA800D762D162BB62CF62FF62C662D464C86225
:107EB800DC62CC62CA62C262C7629B62C9620C633E
:107EC800EE62F162276302630863EF62F562506352
:107ED8003E634D631C644F6396638E638063AB633C
:107EE8007663A3638F6389639F63B5636B63696319
:107EF800BE63E963C063C663E363C963D263F663C1
:107F0800C4631664346406641364266436641D65A9
:107F1800176428640F6467646F6476644E642A6526
:107F280095649364A564A9648864BC64DA64D264C3
:107F3800C564C764BB64D864C264F164E764098239
:107F4800E064E164AC62E364EF642C65F664F464B5
:107F5800F264FA640065FD6418651C6505652465AE
:107F680023652B65346535653765366538654B752A
:107F78004865566555654D6558655E655D6572650C
:107F88007865826583658A8B9B659F65AB65B765F8
:107F9800C365C665C165C465CC65D265DB65D96551
:107FA800E065E165F16572670A660366FB657367FC
:107FB8003566366634661C664F66446649664166B1
:107FC8005E665D666466676668665F66626670665A
:107FD800836688668E668966846698669D66C166CD
:107FE800B966C966BE66BC66C466B866D666DA6631
:107FF800E0663F66E666E966F066F566F7660F676F
:1080080016671E672667276738972E673F673667A4
:1080180041673867376746675E67606759676367B0
:10802800646789677067A9677C676A678C678B670D
:10803800A667A1678567B767EF67B467EC67B3673B
:10804800E967B867E467DE67DD67E267EE67B96727
:10805800CE67C667E7679C6A1E68466829684068F5
:108068004D6832684E68B3682B68596863687768EA
:108078007F689F688F68AD6894689D689B6883680F
:10808800AE6AB9687468B568A068BA680F698D681F
:108098007E680169CA680869D86822692669E16842
:1080A8000C69CD68D468E768D568366912690469CF
:1080B800D768E3682569F968E068EF6828692A697C
:1080C8001A6923692169C668796977695C69786979
:1080D8006B6954697E696E69396974693D69596962
:1080E800306961695E695D6981696A69B269AE69A9
:1080F800D069BF69C169D369BE69CE69E85BCA69DD
:10810800DD69BB69C369A7692E6A9169A0699C6921
:108118009569B469DE69E869026A1B6AFF690A6BD6
:10812800F969F269E769056AB1691E6AED69146A55
:10813800EB690A6A126AC16A236A136A446A0C6A9A
:10814800726A366A786A476A626A596A666A486A07
:10815800386A226A906A8D6AA06A846AA26AA36AE7
:10816800976A1786BB6AC36AC26AB86AB36AAC6A96
:10817800DE6AD16ADF6AAA6ADA6AEA6AFB6A056BAA
:108188001686FA6A126B166B319B1F6B386B376B4E
:10819800DC76396BEE98476B436B496B506B596BC8
:1081A800546B5B6B5F6B616B786B796B7F6B806B10
:1081B800846B836B8D6B986B956B9E6BA46BAA6BB2
:1081C800AB6BAF6BB26BB16BB36BB76BBC6BC66BA6
:1081D800CB6BD36BDF6BEC6BEB6BF36BEF6BBE9E18
:1081E800086C136C146C1B6C246C236C5E6C556CE3
:1081F800626C6A6C826C8D6C9A6C816C9B6C7E6C08
:10820800686C736C926C906CC46CF16CD36CBD6CC4
:10821800D76CC56CDD6CAE6CB16CBE6CBA6CDB6CCB
:10822800EF6CD96CEA6C1F6D4D88366D2B6D3D6D0A
:10823800386D196D356D336D126D0C6D636D936D01
:10824800646D5A6D796D596D8E6D956DE46F856DA0
:10825800F96D156E0A6EB56DC76DE66DB86DC66DB4
:10826800EC6DDE6DCC6DE86DD26DC56DFA6DD96DB6
:10827800E46DD56DEA6DEE6D2D6E6E6E2E6E196E17
:10828800726E5F6E3E6E236E6B6E2B6E766E4D6EEB
:108298001F6E436E3A6E4E6E246EFF6E1D6E386E04
:1082A800826EAA6E986EC96EB76ED36EBD6EAF6ED3
:1082B800C46EB26ED46ED56E8F6EA56EC26E9F6E92
:1082C800416F116F4C70EC6EF86EFE6E3F6FF26E80
:1082D800316FEF6E326FCC6E3E6F136FF76E866F35
:1082E8007A6F786F816F806F6F6F5B6FF36F6D6FF1
:1082F800826F7C6F586F8E6F916FC26F666FB36FAE
:10830800A36FA16FA46FB96FC66FAA6FDF6FD56F28
:10831800EC6FD46FD86FF16FEE6FDB6F09700B7075
:10832800FA6F117001700F70FE6F1B701A70746F06
:108338001D7018701F7030703E703270517063700D
:1083480099709270AF70F170AC70B870B370AE7015
:10835800DF70CB70DD70D9700971FD701C711971F7
:10836800657155718871667162714C7156716C7165
:108378008F71FB7184719571A871AC71D771B971E6
:10838800BE71D271C971D471CE71E071EC71E771AF
:10839800F571FC71F971FF710D7210721B72287200
:1083A8002D722C72307232723B723C723F72407284
:1083B80046724B72587274727E72827281728772C0
:1083C80092729672A272A772B972B272C372C672B0
:1083D800C472CE72D272E272E072E172F972F7720E
:1083E8000F5017730A731C7316731D7334732F732E
:1083F800297325733E734E734F73D89E57736A73F0
:1084080068737073787375737B737A73C873B37397
:10841800CE73BB73C073E573EE73DE73A274057419
:108428006F742574F87332743A7455743F745F74BA
:10843800597441745C746974707463746A74767482
:108448007E748B749E74A774CA74CF74D474F173D9
:10845800E074E374E774E974EE74F274F074F17420
:10846800F874F7740475037505750C750E750D753C
:10847800157513751E7526752C753C7544754D75E7
:108488004A7549755B7546755A756975647567757A
:108498006B756D75787576758675877574758A755B
:1084A8008975827594759A759D75A575A375C2753C
:1084B800B375C375B575BD75B875BC75B175CD7532
:1084C800CA75D275D975E375DE75FE75FF75FC75CD
:1084D8000176F075FA75F275F3750B760D760976F7
:1084E8001F762776207621762276247634763076A3
:1084F8003B764776487646765C765876617662763D
:10850800687669766A7667766C767076727676764D
:1085180078767C768076837688768B768E76967675
:10852800937699769A76B076B476B876B976BA763E
:10853800C276CD76D676D276DE76E176E576E776C1
:10854800EA762F86FB7608770777047729772477EA
:108558001E77257726771B773777387747775A77C7
:1085680068776B775B7765777F777E7779778E77B4
:108578008B779177A0779E77B077B677B977BF7703
:10858800BC77BD77BB77C777CD77D777DA77DC77D6
:10859800E377EE77FC770C781278267920782A79B9
:1085A80045788E78747886787C789A788C78A378F1
:1085B800B578AA78AF78D178C678CB78D478BE78F1
:1085C800BC78C578CA78EC78E778DA78FD78F478FA
:1085D80007791279117919792C792B794079607991
:1085E80057795F795A79557953797A797F798A7980
:1085F8009D79A7794B9FAA79AE79B379B979BA7978
:10860800C979D579E779EC79E179E379087A0D7A4E
:10861800187A197A207A1F7A8079317A3B7A3E7AE9
:10862800377A437A577A497A617A627A697A9D9F6A
:10863800707A797A7D7A887A977A957A987A967A1A
:10864800A97AC87AB07AB67AC57AC47ABF7A83909A
:10865800C77ACA7ACD7ACF7AD57AD37AD97ADA7ABA
:10866800DD7AE17AE27AE67AED7AF07A027B0F7BBC
:108678000A7B067B337B187B197B1E7B357B287B2B
:10868800367B507B7A7B047B4D7B0B7B4C7B457B1D
:10869800757B657B747B677B707B717B6C7B6E7B8A
:1086A8009D7B987B9F7B8D7B9C7B9A7B8B7B927B36
:1086B8008F7B5D7B997BCB7BC17BCC7BCF7BB47B7A
:1086C800C67BDD7BE97B117C147CE67BE57B607CEB
:1086D800007C077C137CF37BF77B177C0D7CF67B97
:1086E800237C277C2A7C1F7C377C2B7C3D7C4C7C24
:1086F800437C547C4F7C407C507C587C5F7C647C01
:10870800567C657C6C7C757C837C907CA47CAD7C81
:10871800A27CAB7CA17CA87CB37CB27CB17CAE7C17
:10872800B97CBD7CC07CC57CC27CD87CD27CDC7C1E
:10873800E27C3B9BEF7CF27CF47CF67CFA7C067D49
:10874800027D1C7D157D0A7D457D4B7D2E7D327D0C
:108758003F7D357D467D737D567D4E7D727D687D7E
:108768006E7D4F7D637D937D897D5B7D8F7D7D7D76
:108778009B7DBA7DAE7DA37DB57DC77DBD7DAB7D7F
:108788003D7EA27DAF7DDC7DB87D9F7DB07DD87DAF
:10879800DD7DE47DDE7DFB7DF27DE17D057E0A7E6B
:1087A800237E217E127E317E1F7E097E0B7E227EF5
:1087B800467E667E3B7E357E397E437E377E327EC0
:1087C8003A7E677E5D7E567E5E7E597E5A7E797ED3
:1087D8006A7E697E7C7E7B7E837ED57D7D7EAE8F44
:1087E8007F7E887E897E8C7E927E907E937E947E2C
:1087F800967E8E7E9B7E9C7E387F3A7F457F4C7F1F
:108808004D7F4E7F507F517F557F547F587F5F7FCC
:10881800607F687F697F677F787F827F867F837FBD
:10882800887F877F8C7F947F9E7F9D7F9A7FA37FA1
:10883800AF7FB27FB97FAE7FB67FB87F718BC57FC0
:10884800C67FCA7FD57FD47FE17FE67FE97FF37F4C
:10885800F97FDC98068004800B80128018801980CC
:108868001C80218028803F803B804A80468052803F
:1088780058805A805F8062806880738072807080C0
:10888800768079807D807F808480868085809B80CB
:1088980093809A80AD809051AC80DB80E580D98050
:1088A800DD80C480DA80D6800981EF80F1801B8169
:1088B800298123812F814B818B9646813E8153816B
:1088C8005181FC8071816E816581668174818381AB
:1088D80088818A8180818281A0819581A481A381F8
:1088E8005F819381A981B081B581BE81B881BD8145
:1088F800C081C281BA81C981CD81D181D981D88114
:10890800C881DA81DF81E081E781FA81FB81FE811C
:1089180001820282058207820A820D8210821682F3
:1089280029822B82388233824082598258825D8222
:108938005A825F826482628268826A826B822E8235
:108948007182778278827E828D829282AB829F82C8
:10895800BB82AC82E182E382DF82D282F482F3823C
:10896800FA8293830383FB82F982DE820683DC82A8
:108978000983D982358334831683328331834083D4
:108988003983508345832F832B83178318838583EB
:108998009A83AA839F83A283968323838E83878364
:1089A8008A837C83B58373837583A0838983A88333
:1089B800F4831384EB83CE83FD830384D8830B84F1
:1089C800C183F7830784E083F2830D8422842084A3
:1089D800BD8338840685FB836D842A843C845A854C
:1089E800848477846B84AD846E84828469844684AD
:1089F8002C846F8479843584CA846284B984BF8462
:108A08009F84D984CD84BB84DA84D084C184C6840D
:108A1800D684A1842185FF84F484178518852C8544
:108A28001F8515851485FC84408563855885488590
:108A3800418502864B8555858085A48588859185E5
:108A48008A85A8856D8594859B85EA8587859C851B
:108A580077857E859085C985BA85CF85B985D08586
:108A6800D585DD85E585DC85F9850A8613860B863F
:108A7800FE85FA85068622861A8630863F864D86CA
:108A8800554E54865F86678671869386A386A98627
:108A9800AA868B868C86B686AF86C486C686B0863E
:108AA800C9862388AB86D486DE86E986EC86DF868F
:108AB800DB86EF8612870687088700870387FB8691
:108AC800118709870D87F9860A8734873F87378793
:108AD8003B87258729871A8760875F8778874C8730
:108AE8004E877487578768876E8759875387638748
:108AF8006A870588A2879F878287AF87CB87BD87CC
:108B0800C087D087D696AB87C487B387C787C68701
:108B1800BB87EF87F287E0870F880D88FE87F68787
:108B2800F7870E88D28711881688158822882188A9
:108B380031883688398827883B8844884288528813
:108B480059885E8862886B8881887E889E88758847
:108B58007D88B5887288828897889288AE88998837
:108B6800A2888D88A488B088BF88B188C388C48843
:108B7800D488D888D988DD88F9880289FC88F4885F
:108B8800E888F28804890C890A89138943891E892F
:108B980025892A892B89418944893B8936893889DD
:108BA8004C891D8960895E89668964896D896A89AD
:108BB8006F89748977897E89838988898A89938965
:108BC8009889A189A989A689AC89AF89B289BA8906
:108BD800BD89BF89C089DA89DC89DD89E789F4899B
:108BE800F889038A168A108A0C8A1B8A1D8A258AA4
:108BF800368A418A5B8A528A468A488A7C8A6D8A82
:108C08006C8A628A858A828A848AA88AA18A918AD9
:108C1800A58AA68A9A8AA38AC48ACD8AC28ADA8A47
:108C2800EB8AF38AE78AE48AF18A148BE08AE28A7B
:108C3800F78ADE8ADB8A0C8B078B1A8BE18A168B04
:108C4800108B178B208B338BAB97268B2B8B3E8B04
:108C5800288B418B4C8B4F8B4E8B498B568B5B8B68
:108C68005A8B6B8B5F8B6C8B6F8B748B7D8B808B34
:108C78008C8B8E8B928B938B968B998B9A8B3A8C51
:108C8800418C3F8C488C4C8C4E8C508C558C628C13
:108C98006C8C788C7A8C828C898C858C8A8C8D8C67
:108CA8008E8C948C7C8C988C1D62AD8CAA8CBD8C1F
:108CB800B28CB38CAE8CB68CC88CC18CE48CE38C33
:108CC800DA8CFD8CFA8CFB8C048D058D0A8D078D52
:108CD8000F8D0D8D108D4E9F138DCD8C148D168D8F
:108CE800678D6D8D718D738D818D998DC28DBE8DC2
:108CF800BA8DCF8DDA8DD68DCC8DDB8DCB8DEA8D6F
:108D0800EB8DDF8DE38DFC8D088E098EFF8D1D8E1A
:108D18001E8E108E1F8E428E358E308E348E4A8E69
:108D2800478E498E4C8E508E488E598E648E608E3A
:108D38002A8E638E558E768E728E7C8E818E878E6D
:108D4800858E848E8B8E8A8E938E918E948E998E3C
:108D5800AA8EA18EAC8EB08EC68EB18EBE8EC58EFA
:108D6800C88ECB8EDB8EE38EFC8EFB8EEB8EFE8E5A
:108D78000A8F058F158F128F198F138F1C8F1F8FD6
:108D88001B8F0C8F268F338F3B8F398F458F428FE8
:108D98003E8F4C8F498F468F4E8F578F5C8F628FD7
:108DA800638F648F9C8F9F8FA38FAD8FAF8FB78F8B
:108DB800DA8FE58FE28FEA8FEF8F8790F48F059037
:108DC800F98FFA8F1190159021900D901E901690A2
:108DD8000B902790369035903990F88F4F9050909F
:108DE800519052900E9049903E90569058905E90B7
:108DF80068906F907690A896729082907D908190FE
:108E080080908A9089908F90A890AF90B190B590FB
:108E1800E290E4904862DB900291129119913291AC
:108E280030914A91569158916391659169917391E6
:108E380072918B9189918291A291AB91AF91AA91F4
:108E4800B591B491BA91C091C191C991CB91D0918A
:108E5800D691DF91E191DB91FC91F591F6911E920B
:108E6800FF9114922C92159211925E92579245920C
:108E780049926492489295923F924B9250929C925A
:108E8800969293929B925A92CF92B992B792E99204
:108E98000F93FA9244932E93199322931A93239340
:108EA8003A9335933B935C9360937C936E9356937C
:108EB800B093AC93AD939493B993D693D793E89327
:108EC800E593D893C393DD93D093C893E4931A940E
:108ED8001494139403940794109436942B94359413
:108EE80021943A944194529444945B94609462948B
:108EF8005E946A9429927094759477947D945A94A8
:108F08007C947E9481947F94829587958A95949594
:108F1800969598959995A095A895A795AD95BC9582
:108F2800BB95B995BE95CA95F66FC395CD95CC9569
:108F3800D595D495D695DC95E195E595E29521965C
:108F480028962E962F9642964C964F964B96779645
:108F58005C965E965D965F96669672966C968D9612
:108F6800989695969796AA96A796B196B296B09621
:108F7800B496B696B896B996CE96CB96C996CD962F
:108F88004D89DC960D97D596F9960497069708971C
:108F980013970E9711970F971697199724972A9753
:108FA800309739973D973E97449746974897429709
:108FB80049975C976097649766976897D2526B97C2
:108FC8007197799785977C9781977A9786978B97EA
:108FD8008F9790979C97A897A697A397B397B497BE
:108FE800C397C697C897CB97DC97ED974F9FF29793
:108FF800DF7AF697F5970F980C9838982498219867
:1090080037983D9846984F984B986B986F987098FA
:10901800719874987398AA98AF98B198B698C498AC
:10902800C398C698E998EB980399099912991499E5
:10903800189921991D991E99249920992C992E994E
:109048003D993E9942994999459950994B99519919
:1090580052994C99559997999899A599AD99AE991E
:10906800BC99DF99DB99DD99D899D199ED99EE9959
:10907800F199F299FB99F899019A0F9A059AE29950
:10908800199A2B9A379A459A429A409A439A3E9A45
:10909800559A4D9A5B9A579A5F9A629A659A649A1A
:1090A800699A6B9A6A9AAD9AB09ABC9AC09ACF9A02
:1090B800D19AD39AD49ADE9ADF9AE29AE39AE69AF8
:1090C800EF9AEB9AEE9AF49AF19AF79AFB9A069B22
:1090D800189B1A9B1F9B229B239B259B279B289BA6
:1090E800299B2A9B2E9B2F9B329B449B439B4F9BE8
:1090F8004D9B4E9B519B589B749B939B839B919B31
:10910800969B979B9F9BA09BA89BB49BC09BCA9B2D
:10911800B99BC69BCF9BD19BD29BE39BE29BE49BD5
:10912800D49BE19B3A9CF29BF19BF09B159C149C71
:10913800099C139C0C9C069C089C129C0A9C049CF1
:109148002E9C1B9C259C249C219C309C479C329CDB
:10915800469C3E9C5A9C609C679C769C789CE79CAD
:10916800EC9CF09C099D089DEB9C039D069D2A9D07
:10917800269DAF9D239D1F9D449D159D129D419D3C
:109188003F9D3E9D469D489D5D9D5E9D649D519D74
:10919800509D599D729D899D879DAB9D6F9D7A9D20
:1091A8009A9DA49DA99DB29DC49DC19DBB9DB89D3E
:1091B800BA9DC69DCF9DC29DD99DD39DF89DE69D24
:1091C800ED9DEF9DFD9D1A9E1B9E1E9E759E799E90
:1091D8007D9E819E889E8B9E8C9E929E959E919E42
:1091E8009D9EA59EA99EB89EAA9EAD9E6197CC9E67
:1091F800CE9ECF9ED09ED49EDC9EDE9EDD9EE09EBF
:10920800E59EE89EEF9EF49EF69EF79EF99EFB9ED5
:10921800FC9EFD9E079F089FB776159F219F2C9F58
:109228003E9F4A9F529F549F639F5F9F609F619F8D
:10923800669F679F6C9F6A9F779F729F769F959F97
:109248009C9FA09F2F58C76959906474DC519971ED
:1092580000000042C8801F40B8821F40080000007C
:1092680000000042C4801F40B4821F400400000078
:1092780000C0004224801F4014821F4010000000DC
:1092880000C0004228801F4018821F4020000000B4
:1092980000C000422C801F401C821F40400000007C
:1092A80000C0004234801F4024821F40000100009B
:1092B8000040004264811F4054831F4000040000A6
:1092C8000040004280811F4070831F400000020060
:1092D800004000427C811F406C831F400000010059
:1092E8000040004268811F4058831F40000800006A
:1092F800004000423C811F402C831F4001000000B9
:109308000040004244811F4034831F400400000095
:109318000040004240811F4030831F40020000008F
:109328000040004248811F4038831F400800000069
:109338000000004204811F40F4821F400000040026
:109348000000004208811F40F8821F40000008000A
:109358000000004218811F4008831F400000800061
:109368000000004214811F4004831F400000400099
:109378000000004200811F40F0821F4000000200F0
:1093880000000042FC801F40EC821F4000000100EA
:109398000000004224811F4014831F400000000485
:1093A8000000004228811F4018831F400000000869
:1093B800000000421C811F400C831F400000000178
:1093C8000000004220811F4010831F40000000025F
:1093D80000000042EC801F40DC821F4000100000AB
:1093E80000000042F0801F40E0821F400020000083
:1093F8000000004234811F4024831F4000000040C9
:109408000000004238811F4028831F400000008070
:109418000080004294801F4084821F4000000400A6
:1094280000C0004290801F4080821F4000000080E2
:1094380000800042A8801F4098821F4000008000E2
:1094480000800042A4801F4094821F40000040001A
:10945800004000426C811F405C831F4000100000E8
:1094680000C0004230801F4020821F408000000062
:1094780000400042B0811F40A0831F400000002030
:1094880000400042AC811F409C831F400000001038
:109498000040004284811F4074831F400000040084
:1094A8000040004288811F4078831F400000080068
:1094B800000000422C811F401C831F400000001048
:1094C8000000004230811F4020831F400000002020
:1094D800000000420C811F40FC821F400000100069
:1094E8000000004210811F4000831F400000200040
:1094F80000800042C8811F40B8831F4000800000E0
:1095080000800042C4811F40B4831F400040000017
:1095180000800042C0811F40B0831F40002000002F
:1095280000800042BC811F40AC831F400010000037
:1095380000800042D0811F40C0831F40000002000D
:1095480000800042CC811F40BC831F400000010006
:1095580000C0004274801F4064821F400000000168
:1095680000C0004280801F4070821F400000000839
:1095780000C0004284801F4074821F400000001019
:1095880000C000426C801F405C821F400000400009
:1095980000C000427C801F406C821F400000000415
:1095A80000C0004278801F4068821F40000000020F
:1095B80000C0004288801F4078821F4000000020C1
:1095C800300000003100000035000000CEFBFFFF36
:1095D800CB03000001000000000000003400000080
:1095E800CEFBFFFFCB0300000100000000000000DD
:1095F80005000000190000007D00000007080C0BA2
:1096080006050F000D0E0102838407080C0B0605E2
:109618000F000D0E01028384FFFFFFFFFFFFFFFF16
:10962800FFFF8182090A00004C435F434F4C4C41C5
:10963800544500004C435F43545950450000000016
:109648004C435F4D4F4E4554415259004C435F4E79
:10965800554D4552494300004C435F54494D450020
:109668004C435F4D455353414745530000010000AB
:10967800BC9800201200000000060000A01F006037
:109688000A000000000200003C1F006062000000A9
:1096980000070000D81E006062000000EE03000012
:1096A800F898002012000000000004EED098002076
:1096B8002800000000030000D41E00600000000025
:1096C80001030904BC1E0060000000000203090435
:1096D800A41E006000000000030309040C99002088
:1096E8000000000000000000000000000000000072
:1096F8003030303030303030303030303030303062
:109708003030303030303030303030303030303051
:10971800000000000000000000000000A0B50020CC
:1097280008B6002070B6002000000000000000000D
:109738000000000000000000000000000000000021
:109748000000000000000000000000000000000011
:109758000000000000000000000000000000000001
:1097680000000000000000000000000000000000F1
:1097780000000000000000000000000000000000E1
:1097880000000000000000000000000000000000D1
:1097980000000000000000000000000000000000C1
:1097A80000000000000000000000000000000000B1
:1097B80001000000000000000E33CDAB34126DE64E
:1097C800ECDE05000B0000000000000000000000B7
:1097D8000000000000000000000000000000000081
:1097E8000000000000000000000000000000000071
:1097F8000000000000000000000000000000000061
:109808000000000000000000000000000000000050
:109818000000000000000000000000000000000040
:109828000000000000000000000000000000000030
:1098380000000000000000000029DE07007B9A17E6
:1098480000003A4038190020000000000000000025
:109858000000000000000000000000000000000000
:1098680000000000000000000000000000000000F0
:1098780000000000000000000000000000000000E0
:1098880000000000000000000000000000000000D0
:10989800AC1A002000000000E803000000000000EF
:1098A800D41A002000000000E803000000000000B7
:1098B80000801940C4050020000000002CB20020E0
:1098C8006CB1002000000000000000004000000013
:1098D80040000000400000004000000000000000C0
:1098E8000000000000000000000000000000000070
:1098F8000000000000000000000000000000000060
:10990800D41A002000000000E80300000000000056
:109918000000194060920020000000006CB2002096
:10992800ACB100200000000000000000280000008A
:109938004000000028000000400000000000000077
:10994800000000000000000000000000000000000F
:1099580000000000000000000000000000000000FF
:10996800D41A002000000000E803000000000000F6
:1099780000C01940C09200200000000094B20020EE
:10998800ECB10020000000000000000028000000EA
:109998004000000028000000400000000000000017
:1099A80000000000000000000000000000000000AF
:1099B800000000000000000000000000000000009F
:1099C80001170000DDD20000000000006CC00F404D
:1099D80000000003070000000200000040851F404F
:1099E80002000000FF000000FF000000000000006F
:1099F80000000000080000000200000044851F402D
:109A080002000000FF000000FF000000000000004E
:109A180000000000FF004000260018007A00000047
:109A2800061A0000E9D20000000000007CC00F40C8
:109A38000000000C1C0000000200000058851F40B8
:109A480001000000FF000000FF000000000000000F
:109A5800000000001D000000020000005C851F409F
:109A680001000000FF000000FF00000000000000EF
:109A780000000000FF004000260018007D000000E4
:109A8800D582000060B50020803020200000000052
:109A9800430000000000000000000000000000007B
:109AA80000000000000000000000000000000000AE
:109AB800430000000000000000000000000000005B
:109AC800000000000000000000000000000000008E
:109AD800430000000000000000000000000000003B
:109AE800000000000000000000000000000000006E
:109AF800430000000000000000000000000000001B
:109B0800000000000000000000000000000000004D
:109B180043000000000000000000000000000000FA
:109B2800000000000000000000000000000000002D
:109B380043000000000000000000000000000000DA
:109B4800000000000000000000000000000000000D
:109B580043000000000000000000000000000000BA
:109B680000000000000000000000000000000000ED
:109B780021B10100916E010000000000E01E0020EC
:109B88000C0A0020AC090020AC090020AC09002018
:109B9800AC090020AC090020AC090020AC09002069
:109BA800AC090020AC090020FFFFFFFFFFFFFFFF0B
:109BB800FFFFFFFFFFFF0000010041534349490039
:109BC800000000000000000000000000000000008D
:109BD8000000000000000000000041534349490014
:109BE800000000000000000000000000000000006D
:109BF800000000000000000000000000000000005D
:109C0800000000009C9400209C940020A494002054
:109C1800A4940020AC940020AC940020B4940020BC
:109C2800B4940020BC940020BC940020C49400206C
:109C3800C4940020CC940020CC940020D49400201C
:109C4800D4940020DC940020DC940020E4940020CC
:109C5800E4940020EC940020EC940020F49400207C
:109C6800F4940020FC940020FC940020049500202B
:109C7800049500200C9500200C95002014950020D8
:109C8800149500201C9500201C9500202495002088
:109C9800249500202C9500202C9500203495002038
:109CA800349500203C9500203C95002044950020E8
:109CB800449500204C9500204C9500205495002098
:109CC800549500205C9500205C9500206495002048
:109CD800649500206C9500206C95002074950020F8
:109CE800749500207C9500207C95002084950020A8
:109CF800849500208C9500208C9500209495002058
:109D0800949500209C9500209C950020A495002007
:109D1800A4950020AC950020AC950020B4950020B7
:109D2800B4950020BC950020BC950020C495002067
:109D3800C4950020CC950020CC950020D495002017
:109D4800D4950020DC950020DC950020E4950020C7
:109D5800E4950020EC950020EC950020F495002077
:109D6800F4950020FC950020FC9500200496002026
:109D7800049600200C9600200C96002014960020D3
:109D8800149600201C9600201C9600202496002083
:109D9800249600202C9600202C9600203496002033
:109DA800349600203C9600203C96002044960020E3
:109DB800449600204C9600204C9600205496002093
:109DC800549600205C9600205C9600206496002043
:109DD800649600206C9600206C96002074960020F3
:109DE800749600207C9600207C96002084960020A3
:109DF800849600208C9600208C9600209496002053
:109E0800949600209C9600209C960020A496002002
:109E1800A4960020AC960020AC960020B4960020B2
:109E2800B4960020BC960020BC960020C496002062
:109E3800C4960020CC960020CC960020D496002012
:109E4800D4960020DC960020DC960020E4960020C2
:109E5800E4960020EC960020EC960020F496002072
:109E6800F4960020FC960020FC9600200497002021
:109E7800049700200C9700200C97002014970020CE
:109E8800149700201C9700201C970020249700207E
:109E9800249700202C9700202C970020349700202E
:109EA800349700203C9700203C97002044970020DE
:109EB800449700204C9700204C970020549700208E
:109EC800549700205C9700205C970020649700203E
:109ED800649700206C9700206C97002074970020EE
:109EE800749700207C9700207C970020849700209E
:109EF800849700208C9700208C970020949700204E
:109F0800949700209C9700209C970020A4970020FD
:109F1800A4970020AC970020AC970020B4970020AD
:109F2800B4970020BC970020BC970020C49700205D
:109F3800C4970020CC970020CC970020D49700200D
:109F4800D4970020DC970020DC970020E4970020BD
:109F5800E4970020EC970020EC970020F49700206D
:109F6800F4970020FC970020FC970020049800201C
:109F7800049800200C9800200C98002014980020C9
:109F8800149800201C9800201C9800202498002079
:109F9800249800202C9800202C9800203498002029
:109FA800349800203C9800203C98002044980020D9
:109FB800449800204C9800204C9800205498002089
:109FC800549800205C9800205C9800206498002039
:109FD800649800206C9800206C98002074980020E9
:109FE800749800207C9800207C9800208498002099
:109FF800849800208C9800208C9800209498002049
:10A0080094980020FFFFFFFF0000020000000000FE
:10A0180003000000A0B50020B88F00201201000244
:10A02800EF020140C0168304800201020301000010
:10A0380028000000000104000100000000000000EA
:10A04800020157494E55534200000000000000002D
:10A05800000000000000000012034D0053004600FD
:10A068005400310030003000F80000000C030000FC
:10A0780000000000000000000000000000000000D8
:10A08800000029010000000000000000000000009E
:10A0980000000000000000000000000000000000B8
:10A0A80000000000000000000000000000000000A8
:10A0B8000000000000000000000000000000000098
:10A0C8000000000000000000000000000000000088
:10A0D8000000000000000000000000000000000078
:10A0E8000000000000000000000000000000000068
:10A0F8000000000000000000000000000000000058
:10A108000000000000000000000000000000000047
:10A118000000000000000000000000000000000037
:10A128000000000000000000000000000000000027
:10A138000000000000000000000000000000000017
:10A148000000000000000000000000000000000007
:10A1580000000000000000000000000000000000F7
:10A1680000000000000000000000000000000000E7
:10A1780000000000000000000000000000000000D7
:10A1880000000000000000000000000000000000C7
:10A1980000000000000000000000000000000000B7
:10A1A80000000000000000000000000000000000A7
:10A1B8000000000000000000000000000000000097
:10A1C8000000000000000000000000000000000087
:10A1D8000000000000000000000000000000000077
:10A1E8000000000000000000000000000000000067
:10A1F8000000000000000000000000000000000057
:10A208000000000000000000000000000000000046
:10A218000000000000000000000000000000000036
:10A228000000000000000000000000000000000026
:10A238000000000000000000000000000000000016
:10A248000000000000000000000000000000000006
:10A2580000000000000000000000000000000000F6
:10A2680000000000000000000000000000000000E6
:10A2780000000000000000000000000000000000D6
:10A2880000000000000000000000000000000000C6
:10A2980000000000000000000000000000000000B6
:10A2A80000000000000000000000000000000000A6
:10A2B8000000000000000000000000000000000096
:10A2C8000000000000000000000000000000000086
:10A2D8000000000000000000000000000000000076
:10A2E8000000000000000000000000000000000066
:10A2F8000000000000000000000000000000000056
:10A308000000000000000000000000000000000045
:10A318000000000000000000000000000000000035
:10A328000000000000000000000000000000000025
:10A338000000000000000000000000000000000015
:10A348000000000000000000000000000000000005
:10A3580000000000000000000000000000000000F5
:10A3680000000000000000000000000000000000E5
:10A3780000000000000000000000000000000000D5
:10A3880000000000000000000000000000000000C5
:10A3980000000000000000000000000000000000B5
:10A3A80000000000000000000000000000000000A5
:10A3B8000000000000000000000000000000000095
:10A3C8000000000000000000000000000000000085
:10A3D8000000000000000000000000000000000075
:10A3E8000000000000000000000000000000000065
:10A3F8000000000000000000000000000000000055
:10A408000000000000000000000000000000000044
:10A418000000000000000000000000000000000034
:10A428000000000000000000000000000000000024
:10A438000000000000000000000000000000000014
:10A448000000000000000000000000000000000004
:10A4580000000000000000000000000000000000F4
:10A4680000000000000000000000000000000000E4
:10A4780000000000000000000000000000000000D4
:10A4880000000000000000000000000000000000C4
:10A4980000000000000000000000000000000000B4
:10A4A80000000000000000000000000000000000A4
:10A4B8000000000000000000000000000000000094
:10A4C8000000000000000000000000000000000084
:10A4D8000000000000000000000000000000000074
:10A4E8000000000000000000000000000000000064
:10A4F8000000000000000000000000000000000054
:10A508000000000000000000000000000000000043
:10A518000000000000000000000000000000000033
:10A528000000000000000000000000000000000023
:10A538000000000000000000000000000000000013
:10A548000000000000000000000000000000000003
:10A5580000000000000000000000000000000000F3
:10A5680000000000000000000000000000000000E3
:10A5780000000000000000000000000000000000D3
:10A5880000000000000000000000000000000000C3
:10A5980000000000000000000000000000000000B3
:10A5A80000000000000000000000000000000000A3
:10A5B8000000000000000000000000000000000093
:10A5C8000000000000000000000000000000000083
:10A5D8000000000000000000000000000000000073
:10A5E8000000000000000000000000000000000063
:10A5F8000000000000000000000000000000000053
:10A608000000000000000000000000000000000042
:10A618000000000000000000000000000000000032
:10A62800FFFFFFFFFFFFFFFFFFFFFFFFFFFFFFFF32
:10A63800FFFFFFFFFFFFFFFFFFFFFFFFFFFFFFFF22
:10A64800FFFFFFFFFFFFFFFFFFFFFFFFFFFFFFFF12
:10A65800FFFFFFFFFFFFFFFFFFFFFFFFFFFFFFFF02
:10A66800FFFFFFFFFFFFFFFFFFFFFFFFFFFFFFFFF2
:10A67800FFFFFFFFFFFFFFFFFFFFFFFFFFFFFFFFE2
:10A68800FFFFFFFFFFFFFFFFFFFFFFFFFFFFFFFFD2
:10A69800FFFFFFFFFFFFFFFFFFFFFFFFFFFFFFFFC2
:10A6A800FFFFFFFFFFFFFFFFFFFFFFFFFFFFFFFFB2
:10A6B800FFFFFFFFFFFFFFFFFFFFFFFFFFFFFFFFA2
:10A6C800FFFFFFFFFFFFFFFFFFFFFFFFFFFFFFFF92
:10A6D800FFFFFFFFFFFFFFFFFFFFFFFFFFFFFFFF82
:10A6E800FFFFFFFFFFFFFFFFFFFFFFFFFFFFFFFF72
:10A6F800FFFFFFFFFFFFFFFFFFFFFFFFFFFFFFFF62
:10A70800FFFFFFFFFFFFFFFFFFFFFFFFFFFFFFFF51
:10A71800FFFFFFFFFFFFFFFFFFFFFFFFFFFFFFFF41
:10A72800FFFFFFFFFFFFFFFFFFFFFFFFFFFFFFFF31
:10A73800FFFFFFFFFFFFFFFFFFFFFFFFFFFFFFFF21
:10A74800FFFFFFFFFFFFFFFFFFFFFFFFFFFFFFFF11
:10A75800FFFFFFFFFFFFFFFFFFFFFFFFFFFFFFFF01
:10A76800FFFFFFFFFFFFFFFFFFFFFFFFFFFFFFFFF1
:10A77800FFFFFFFFFFFFFFFFFFFFFFFFFFFFFFFFE1
:10A78800FFFFFFFFFFFFFFFFFFFFFFFFFFFFFFFFD1
:10A79800FFFFFFFFFFFFFFFFFFFFFFFFFFFFFFFFC1
:10A7A800FFFFFFFFFFFFFFFFFFFFFFFFFFFFFFFFB1
:10A7B800FFFFFFFFFFFFFFFFFFFFFFFFFFFFFFFFA1
:10A7C800FFFFFFFFFFFFFFFFFFFFFFFFFFFFFFFF91
:10A7D800FFFFFFFFFFFFFFFFFFFFFFFFFFFFFFFF81
:10A7E800FFFFFFFFFFFFFFFFFFFFFFFFFFFFFFFF71
:10A7F800FFFFFFFFFFFFFFFF000000000000000059
:10A808000000000000000000000000000000000040
:10A818000000000000000000000000000000000030
:10A828000000000000000000000000000000000020
:10A838000000000000000000000000000000000010
:10A848000000000000000000000000000000000000
:10A8580000000000000000000000000000000000F0
:10A8680000000000000000000000000000000000E0
:10A8780000000000000000000000000000000000D0
:10A8880000000000000000000000000000000000C0
:10A8980000000000000000000000000000000000B0
:10A8A80000000000000000000000000000000000A0
:10A8B8000000000000000000000000000000000090
:10A8C8000000000000000000000000000000000080
:10A8D8000000000000000000000000000000000070
:10A8E8000000000000000000000000000000000060
:10A8F8000000000000000000000000000000000050
:10A90800000000000000000000000000000000003F
:10A91800000000000000000000000000000000002F
:10A92800000000000000000000000000000000001F
:10A93800000000000000000000000000000000000F
:10A9480000000000000000000000000000000000FF
:10A9580000000000000000000000000000000000EF
:10A9680000000000000000000000000000000000DF
:10A9780000000000000000000000000000000000CF
:10A9880000000000000000000000000000000000BF
:10A9980000000000000000000000000000000000AF
:10A9A800000000000000000000000000000000009F
:10A9B800000000000000000000000000000000008F
:10A9C800000000000000000000000000000000007F
:10A9D800000000000000000000000000000000006F
:10A9E800000000000000000000000000000000005F
:10A9F800000000000000000000000000000000004F
:10AA0800000000000000000000000000000000003E
:10AA1800000000000000000000000000000000002E
:10AA2800000000000000000000000000000000001E
:10AA3800000000000000000000000000000000000E
:10AA480000000000000000000000000000000000FE
:10AA580000000000000000000000000000000000EE
:10AA680000000000000000000000000000000000DE
:10AA780000000000000000000000000000000000CE
:10AA880000000000000000000000000000000000BE
:10AA980000000000000000000000000000000000AE
:10AAA800000000000000000000000000000000009E
:10AAB800000000000000000000000000000000008E
:10AAC800000000000000000000000000000000007E
:10AAD800000000000000000000000000000000006E
:10AAE800000000000000000000000000000000005E
:10AAF800000000000000000000000000000000004E
:10AB0800000000000000000000000000000000003D
:10AB1800000000000000000000000000000000002D
:10AB2800000000000000000000000000000000001D
:10AB3800000000000000000000000000000000000D
:10AB480000000000000000000000000000000000FD
:10AB580000000000000000000000000000000000ED
:10AB680000000000000000000000000000000000DD
:10AB780000000000000000000000000000000000CD
:10AB880000000000000000000000000000000000BD
:10AB980000000000000000000000000000000000AD
:10ABA800000000000000000000000000000000009D
:10ABB800000000000000000000000000000000008D
:10ABC800000000000000000000000000000000007D
:10ABD800000000000000000000000000000000006D
:10ABE800000000000000000000000000000000005D
:10ABF800000000000000000000000000000000004D
:10AC0800000000000000000000000000000000003C
:10AC1800000000000000000000000000000000002C
:10AC2800000000000000000000000000000000001C
:10AC3800000000000000000000000000000000000C
:10AC480000000000000000000000000000000000FC
:10AC580000000000000000000000000000000000EC
:10AC680000000000000000000000000000000000DC
:10AC780000000000000000000000000000000000CC
:10AC880000000000000000000000000000000000BC
:10AC980000000000000000000000000000000000AC
:10ACA800000000000000000000000000000000009C
:10ACB800000000000000000000000000000000008C
:10ACC800000000000000000000000000000000007C
:10ACD800000000000000000000000000000000006C
:10ACE800000000000000000000000000000000005C
:10ACF800000000000000000000000000000000004C
:10AD0800000000000000000000000000000000003B
:10AD1800000000000000000000000000000000002B
:10AD2800000000000000000000000000000000001B
:10AD3800000000000000000000000000000000000B
:10AD480000000000000000000000000000000000FB
:10AD580000000000000000000000000000000000EB
:10AD680000000000000000000000000000000000DB
:10AD780000000000000000000000000000000000CB
:10AD880000000000000000000000000000000000BB
:10AD980000000000000000000000000000000000AB
:10ADA800000000000000000000000000000000009B
:10ADB800000000000000000000000000000000008B
:10ADC800000000000000000000000000000000007B
:10ADD800000000000000000000000000000000006B
:10ADE800000000000000000000000000000000005B
:10ADF800000000000000000000000000000000004B
:10AE0800000000000000000000000000000000003A
:10AE1800000000000000000000000000000000002A
:10AE2800000000000000000000000000000000001A
:10AE3800000000000000000000000000000000000A
:10AE480000000000000000000000000000000000FA
:10AE580000000000000000000000000000000000EA
:10AE680000000000000000000000000000000000DA
:10AE780000000000000000000000000000000000CA
:10AE880000000000000000000000000000000000BA
:10AE980000000000000000000000000000000000AA
:10AEA800000000000000000000000000000000009A
:10AEB800000000000000000000000000000000008A
:10AEC800000000000000000000000000000000007A
:10AED800000000000000000000000000000000006A
:10AEE800000000000000000000000000000000005A
:10AEF800000000000000000000000000000000004A
:10AF08000000000000000000000000000000000039
:10AF18000000000000000000000000000000000029
:10AF28000000000000000000000000000000000019
:10AF38000000000000000000000000000000000009
:10AF480000000000000000000000000000000000F9
:10AF580000000000000000000000000000000000E9
:10AF680000000000000000000000000000000000D9
:10AF780000000000000000000000000000000000C9
:10AF880000000000000000000000000000000000B9
:10AF980000000000000000000000000000000000A9
:10AFA8000000000000000000000000000000000099
:10AFB8000000000000000000000000000000000089
:10AFC8000000000000000000000000000000000079
:10AFD8000000000000000000000000000000000069
:10AFE8000000000000000000000000000000000059
:10AFF8000000000000000000000000000000000049
:10B008000000000000000000000000000000000038
:10B018000000000000000000000000000000000028
:10B028000000000000000000000000000000000018
:10B038000000000000000000000000000000000008
:10B0480000000000000000000000000000000000F8
:10B0580000000000000000000000000000000000E8
:10B0680000000000000000000000000000000000D8
:10B0780000000000000000000000000000000000C8
:10B0880000000000000000000000000000000000B8
:10B0980000000000000000000000000000000000A8
:10B0A8000000000000000000000000000000000098
:10B0B8000000000000000000000000000000000088
:10B0C8000000000000000000000000000000000078
:10B0D8000000000000000000000000000000000068
:10B0E8000000000000000000000000000000000058
:10B0F8000000000000000000000000000000000048
:10B108000000000000000000000000000000000037
:10B118000000000000000000000000000000000027
:10B128000000000000000000000000000000000017
:10B138000000000000000000000000000000000007
:10B1480000000000000000000000000000000000F7
:10B1580000000000000000000000000000000000E7
:10B1680000000000000000000000000000000000D7
:10B1780000000000000000000000000000000000C7
:10B1880000000000000000000000000000000000B7
:10B1980000000000000000000000000000000000A7
:10B1A8000000000000000000000000000000000097
:10B1B8000000000000000000000000000000000087
:10B1C8000000000000000000000000000000000077
:10B1D8000000000000000000000000000000000067
:10B1E8000000000000000000000000000000000057
:10B1F8000000000000000000000000000000000047
:10B208000000000000000000000000000000000036
:10B218000000000000000000000000000000000026
:10B228000000000000000000000000000000000016
:10B238000000000000000000000000000000000006
:10B2480000000000000000000000000000000000F6
:10B2580000000000000000000000000000000000E6
:10B2680000000000000000000000000000000000D6
:10B2780000000000000000000000000000000000C6
:10B2880000000000000000000000000000000000B6
:10B2980000000000000000000000000000000000A6
:10B2A8000000000000000000000000000000000096
:10B2B8000000000000000000000000000000000086
:10B2C8000000000000000000000000000000000076
:10B2D8000000000000000000000000000000000066
:10B2E8000000000000000000000000000000000056
:10B2F8000000000000000000000000000000000046
:10B308000000000000000000000000000000000035
:10B318000000000000000000000000000000000025
:10B328000000000000000000000000000000000015
:10B338000000000000000000000000000000000005
:10B3480000000000000000000000000000000000F5
:10B3580000000000000000000000000000000000E5
:10B3680000000000000000000000000000000000D5
:10B3780000000000000000000000000000000000C5
:10B3880000000000000000000000000000000000B5
:10B3980000000000000000000000000000000000A5
:10B3A8000000000000000000000000000000000095
:10B3B8000000000000000000000000000000000085
:10B3C8000000000000000000000000000000000075
:10B3D8000000000000000000000000000000000065
:10B3E8000000000000000000000000000000000055
:08B3F80000000000000000004D
:040000056000100087
:00000001FF
