:0200000460009A
:100000004643464200000156000000000103030081
:1000100000000000000000000000000000000000E0
:1000200000000000000000000000000000000000D0
:1000300000000000000000000000000000000000C0
:1000400000000000010408000000000000000000A3
:100050000000800000000000000000000000000020
:100060000000000000000000000000000000000090
:100070000000000000000000000000000000000080
:10008000EB04180A063204260000000000000000FD
:10009000050404240000000000000000000000002F
:1000A0000000000000000000000000000000000050
:1000B0000604000000000000000000000000000036
:1000C0000000000000000000000000000000000030
:1000D00020041808000000000000000000000000DC
:1000E0000000000000000000000000000000000010
:1000F0000000000000000000000000000000000000
:10010000D8041808000000000000000000000000F3
:100110000204180804200000000000000000000095
:1001200000000000000000000000000000000000CF
:10013000600400000000000000000000000000005B
:1001400000000000000000000000000000000000AF
:10015000000000000000000000000000000000009F
:10016000000000000000000000000000000000008F
:10017000000000000000000000000000000000007F
:10018000000000000000000000000000000000006F
:10019000000000000000000000000000000000005F
:1001A000000000000000000000000000000000004F
:1001B000000000000000000000000000000000003F
:1001C000000100000010000001000000000000001D
:1001D000000001000000000000000000000000001E
:1001E000000000000000000000000000000000000F
:1001F00000000000000000000000000000000000FF
:10020000FFFFFFFFFFFFFFFFFFFFFFFFFFFFFFFFFE
:10021000FFFFFFFFFFFFFFFFFFFFFFFFFFFFFFFFEE
:10022000FFFFFFFFFFFFFFFFFFFFFFFFFFFFFFFFDE
:10023000FFFFFFFFFFFFFFFFFFFFFFFFFFFFFFFFCE
:10024000FFFFFFFFFFFFFFFFFFFFFFFFFFFFFFFFBE
:10025000FFFFFFFFFFFFFFFFFFFFFFFFFFFFFFFFAE
:10026000FFFFFFFFFFFFFFFFFFFFFFFFFFFFFFFF9E
:10027000FFFFFFFFFFFFFFFFFFFFFFFFFFFFFFFF8E
:10028000FFFFFFFFFFFFFFFFFFFFFFFFFFFFFFFF7E
:10029000FFFFFFFFFFFFFFFFFFFFFFFFFFFFFFFF6E
:1002A000FFFFFFFFFFFFFFFFFFFFFFFFFFFFFFFF5E
:1002B000FFFFFFFFFFFFFFFFFFFFFFFFFFFFFFFF4E
:1002C000FFFFFFFFFFFFFFFFFFFFFFFFFFFFFFFF3E
:1002D000FFFFFFFFFFFFFFFFFFFFFFFFFFFFFFFF2E
:1002E000FFFFFFFFFFFFFFFFFFFFFFFFFFFFFFFF1E
:1002F000FFFFFFFFFFFFFFFFFFFFFFFFFFFFFFFF0E
:10030000FFFFFFFFFFFFFFFFFFFFFFFFFFFFFFFFFD
:10031000FFFFFFFFFFFFFFFFFFFFFFFFFFFFFFFFED
:10032000FFFFFFFFFFFFFFFFFFFFFFFFFFFFFFFFDD
:10033000FFFFFFFFFFFFFFFFFFFFFFFFFFFFFFFFCD
:10034000FFFFFFFFFFFFFFFFFFFFFFFFFFFFFFFFBD
:10035000FFFFFFFFFFFFFFFFFFFFFFFFFFFFFFFFAD
:10036000FFFFFFFFFFFFFFFFFFFFFFFFFFFFFFFF9D
:10037000FFFFFFFFFFFFFFFFFFFFFFFFFFFFFFFF8D
:10038000FFFFFFFFFFFFFFFFFFFFFFFFFFFFFFFF7D
:10039000FFFFFFFFFFFFFFFFFFFFFFFFFFFFFFFF6D
:1003A000FFFFFFFFFFFFFFFFFFFFFFFFFFFFFFFF5D
:1003B000FFFFFFFFFFFFFFFFFFFFFFFFFFFFFFFF4D
:1003C000FFFFFFFFFFFFFFFFFFFFFFFFFFFFFFFF3D
:1003D000FFFFFFFFFFFFFFFFFFFFFFFFFFFFFFFF2D
:1003E000FFFFFFFFFFFFFFFFFFFFFFFFFFFFFFFF1D
:1003F000FFFFFFFFFFFFFFFFFFFFFFFFFFFFFFFF0D
:10040000FFFFFFFFFFFFFFFFFFFFFFFFFFFFFFFFFC
:10041000FFFFFFFFFFFFFFFFFFFFFFFFFFFFFFFFEC
:10042000FFFFFFFFFFFFFFFFFFFFFFFFFFFFFFFFDC
:10043000FFFFFFFFFFFFFFFFFFFFFFFFFFFFFFFFCC
:10044000FFFFFFFFFFFFFFFFFFFFFFFFFFFFFFFFBC
:10045000FFFFFFFFFFFFFFFFFFFFFFFFFFFFFFFFAC
:10046000FFFFFFFFFFFFFFFFFFFFFFFFFFFFFFFF9C
:10047000FFFFFFFFFFFFFFFFFFFFFFFFFFFFFFFF8C
:10048000FFFFFFFFFFFFFFFFFFFFFFFFFFFFFFFF7C
:10049000FFFFFFFFFFFFFFFFFFFFFFFFFFFFFFFF6C
:1004A000FFFFFFFFFFFFFFFFFFFFFFFFFFFFFFFF5C
:1004B000FFFFFFFFFFFFFFFFFFFFFFFFFFFFFFFF4C
:1004C000FFFFFFFFFFFFFFFFFFFFFFFFFFFFFFFF3C
:1004D000FFFFFFFFFFFFFFFFFFFFFFFFFFFFFFFF2C
:1004E000FFFFFFFFFFFFFFFFFFFFFFFFFFFFFFFF1C
:1004F000FFFFFFFFFFFFFFFFFFFFFFFFFFFFFFFF0C
:10050000FFFFFFFFFFFFFFFFFFFFFFFFFFFFFFFFFB
:10051000FFFFFFFFFFFFFFFFFFFFFFFFFFFFFFFFEB
:10052000FFFFFFFFFFFFFFFFFFFFFFFFFFFFFFFFDB
:10053000FFFFFFFFFFFFFFFFFFFFFFFFFFFFFFFFCB
:10054000FFFFFFFFFFFFFFFFFFFFFFFFFFFFFFFFBB
:10055000FFFFFFFFFFFFFFFFFFFFFFFFFFFFFFFFAB
:10056000FFFFFFFFFFFFFFFFFFFFFFFFFFFFFFFF9B
:10057000FFFFFFFFFFFFFFFFFFFFFFFFFFFFFFFF8B
:10058000FFFFFFFFFFFFFFFFFFFFFFFFFFFFFFFF7B
:10059000FFFFFFFFFFFFFFFFFFFFFFFFFFFFFFFF6B
:1005A000FFFFFFFFFFFFFFFFFFFFFFFFFFFFFFFF5B
:1005B000FFFFFFFFFFFFFFFFFFFFFFFFFFFFFFFF4B
:1005C000FFFFFFFFFFFFFFFFFFFFFFFFFFFFFFFF3B
:1005D000FFFFFFFFFFFFFFFFFFFFFFFFFFFFFFFF2B
:1005E000FFFFFFFFFFFFFFFFFFFFFFFFFFFFFFFF1B
:1005F000FFFFFFFFFFFFFFFFFFFFFFFFFFFFFFFF0B
:10060000FFFFFFFFFFFFFFFFFFFFFFFFFFFFFFFFFA
:10061000FFFFFFFFFFFFFFFFFFFFFFFFFFFFFFFFEA
:10062000FFFFFFFFFFFFFFFFFFFFFFFFFFFFFFFFDA
:10063000FFFFFFFFFFFFFFFFFFFFFFFFFFFFFFFFCA
:10064000FFFFFFFFFFFFFFFFFFFFFFFFFFFFFFFFBA
:10065000FFFFFFFFFFFFFFFFFFFFFFFFFFFFFFFFAA
:10066000FFFFFFFFFFFFFFFFFFFFFFFFFFFFFFFF9A
:10067000FFFFFFFFFFFFFFFFFFFFFFFFFFFFFFFF8A
:10068000FFFFFFFFFFFFFFFFFFFFFFFFFFFFFFFF7A
:10069000FFFFFFFFFFFFFFFFFFFFFFFFFFFFFFFF6A
:1006A000FFFFFFFFFFFFFFFFFFFFFFFFFFFFFFFF5A
:1006B000FFFFFFFFFFFFFFFFFFFFFFFFFFFFFFFF4A
:1006C000FFFFFFFFFFFFFFFFFFFFFFFFFFFFFFFF3A
:1006D000FFFFFFFFFFFFFFFFFFFFFFFFFFFFFFFF2A
:1006E000FFFFFFFFFFFFFFFFFFFFFFFFFFFFFFFF1A
:1006F000FFFFFFFFFFFFFFFFFFFFFFFFFFFFFFFF0A
:10070000FFFFFFFFFFFFFFFFFFFFFFFFFFFFFFFFF9
:10071000FFFFFFFFFFFFFFFFFFFFFFFFFFFFFFFFE9
:10072000FFFFFFFFFFFFFFFFFFFFFFFFFFFFFFFFD9
:10073000FFFFFFFFFFFFFFFFFFFFFFFFFFFFFFFFC9
:10074000FFFFFFFFFFFFFFFFFFFFFFFFFFFFFFFFB9
:10075000FFFFFFFFFFFFFFFFFFFFFFFFFFFFFFFFA9
:10076000FFFFFFFFFFFFFFFFFFFFFFFFFFFFFFFF99
:10077000FFFFFFFFFFFFFFFFFFFFFFFFFFFFFFFF89
:10078000FFFFFFFFFFFFFFFFFFFFFFFFFFFFFFFF79
:10079000FFFFFFFFFFFFFFFFFFFFFFFFFFFFFFFF69
:1007A000FFFFFFFFFFFFFFFFFFFFFFFFFFFFFFFF59
:1007B000FFFFFFFFFFFFFFFFFFFFFFFFFFFFFFFF49
:1007C000FFFFFFFFFFFFFFFFFFFFFFFFFFFFFFFF39
:1007D000FFFFFFFFFFFFFFFFFFFFFFFFFFFFFFFF29
:1007E000FFFFFFFFFFFFFFFFFFFFFFFFFFFFFFFF19
:1007F000FFFFFFFFFFFFFFFFFFFFFFFFFFFFFFFF09
:10080000FFFFFFFFFFFFFFFFFFFFFFFFFFFFFFFFF8
:10081000FFFFFFFFFFFFFFFFFFFFFFFFFFFFFFFFE8
:10082000FFFFFFFFFFFFFFFFFFFFFFFFFFFFFFFFD8
:10083000FFFFFFFFFFFFFFFFFFFFFFFFFFFFFFFFC8
:10084000FFFFFFFFFFFFFFFFFFFFFFFFFFFFFFFFB8
:10085000FFFFFFFFFFFFFFFFFFFFFFFFFFFFFFFFA8
:10086000FFFFFFFFFFFFFFFFFFFFFFFFFFFFFFFF98
:10087000FFFFFFFFFFFFFFFFFFFFFFFFFFFFFFFF88
:10088000FFFFFFFFFFFFFFFFFFFFFFFFFFFFFFFF78
:10089000FFFFFFFFFFFFFFFFFFFFFFFFFFFFFFFF68
:1008A000FFFFFFFFFFFFFFFFFFFFFFFFFFFFFFFF58
:1008B000FFFFFFFFFFFFFFFFFFFFFFFFFFFFFFFF48
:1008C000FFFFFFFFFFFFFFFFFFFFFFFFFFFFFFFF38
:1008D000FFFFFFFFFFFFFFFFFFFFFFFFFFFFFFFF28
:1008E000FFFFFFFFFFFFFFFFFFFFFFFFFFFFFFFF18
:1008F000FFFFFFFFFFFFFFFFFFFFFFFFFFFFFFFF08
:10090000FFFFFFFFFFFFFFFFFFFFFFFFFFFFFFFFF7
:10091000FFFFFFFFFFFFFFFFFFFFFFFFFFFFFFFFE7
:10092000FFFFFFFFFFFFFFFFFFFFFFFFFFFFFFFFD7
:10093000FFFFFFFFFFFFFFFFFFFFFFFFFFFFFFFFC7
:10094000FFFFFFFFFFFFFFFFFFFFFFFFFFFFFFFFB7
:10095000FFFFFFFFFFFFFFFFFFFFFFFFFFFFFFFFA7
:10096000FFFFFFFFFFFFFFFFFFFFFFFFFFFFFFFF97
:10097000FFFFFFFFFFFFFFFFFFFFFFFFFFFFFFFF87
:10098000FFFFFFFFFFFFFFFFFFFFFFFFFFFFFFFF77
:10099000FFFFFFFFFFFFFFFFFFFFFFFFFFFFFFFF67
:1009A000FFFFFFFFFFFFFFFFFFFFFFFFFFFFFFFF57
:1009B000FFFFFFFFFFFFFFFFFFFFFFFFFFFFFFFF47
:1009C000FFFFFFFFFFFFFFFFFFFFFFFFFFFFFFFF37
:1009D000FFFFFFFFFFFFFFFFFFFFFFFFFFFFFFFF27
:1009E000FFFFFFFFFFFFFFFFFFFFFFFFFFFFFFFF17
:1009F000FFFFFFFFFFFFFFFFFFFFFFFFFFFFFFFF07
:100A0000FFFFFFFFFFFFFFFFFFFFFFFFFFFFFFFFF6
:100A1000FFFFFFFFFFFFFFFFFFFFFFFFFFFFFFFFE6
:100A2000FFFFFFFFFFFFFFFFFFFFFFFFFFFFFFFFD6
:100A3000FFFFFFFFFFFFFFFFFFFFFFFFFFFFFFFFC6
:100A4000FFFFFFFFFFFFFFFFFFFFFFFFFFFFFFFFB6
:100A5000FFFFFFFFFFFFFFFFFFFFFFFFFFFFFFFFA6
:100A6000FFFFFFFFFFFFFFFFFFFFFFFFFFFFFFFF96
:100A7000FFFFFFFFFFFFFFFFFFFFFFFFFFFFFFFF86
:100A8000FFFFFFFFFFFFFFFFFFFFFFFFFFFFFFFF76
:100A9000FFFFFFFFFFFFFFFFFFFFFFFFFFFFFFFF66
:100AA000FFFFFFFFFFFFFFFFFFFFFFFFFFFFFFFF56
:100AB000FFFFFFFFFFFFFFFFFFFFFFFFFFFFFFFF46
:100AC000FFFFFFFFFFFFFFFFFFFFFFFFFFFFFFFF36
:100AD000FFFFFFFFFFFFFFFFFFFFFFFFFFFFFFFF26
:100AE000FFFFFFFFFFFFFFFFFFFFFFFFFFFFFFFF16
:100AF000FFFFFFFFFFFFFFFFFFFFFFFFFFFFFFFF06
:100B0000FFFFFFFFFFFFFFFFFFFFFFFFFFFFFFFFF5
:100B1000FFFFFFFFFFFFFFFFFFFFFFFFFFFFFFFFE5
:100B2000FFFFFFFFFFFFFFFFFFFFFFFFFFFFFFFFD5
:100B3000FFFFFFFFFFFFFFFFFFFFFFFFFFFFFFFFC5
:100B4000FFFFFFFFFFFFFFFFFFFFFFFFFFFFFFFFB5
:100B5000FFFFFFFFFFFFFFFFFFFFFFFFFFFFFFFFA5
:100B6000FFFFFFFFFFFFFFFFFFFFFFFFFFFFFFFF95
:100B7000FFFFFFFFFFFFFFFFFFFFFFFFFFFFFFFF85
:100B8000FFFFFFFFFFFFFFFFFFFFFFFFFFFFFFFF75
:100B9000FFFFFFFFFFFFFFFFFFFFFFFFFFFFFFFF65
:100BA000FFFFFFFFFFFFFFFFFFFFFFFFFFFFFFFF55
:100BB000FFFFFFFFFFFFFFFFFFFFFFFFFFFFFFFF45
:100BC000FFFFFFFFFFFFFFFFFFFFFFFFFFFFFFFF35
:100BD000FFFFFFFFFFFFFFFFFFFFFFFFFFFFFFFF25
:100BE000FFFFFFFFFFFFFFFFFFFFFFFFFFFFFFFF15
:100BF000FFFFFFFFFFFFFFFFFFFFFFFFFFFFFFFF05
:100C0000FFFFFFFFFFFFFFFFFFFFFFFFFFFFFFFFF4
:100C1000FFFFFFFFFFFFFFFFFFFFFFFFFFFFFFFFE4
:100C2000FFFFFFFFFFFFFFFFFFFFFFFFFFFFFFFFD4
:100C3000FFFFFFFFFFFFFFFFFFFFFFFFFFFFFFFFC4
:100C4000FFFFFFFFFFFFFFFFFFFFFFFFFFFFFFFFB4
:100C5000FFFFFFFFFFFFFFFFFFFFFFFFFFFFFFFFA4
:100C6000FFFFFFFFFFFFFFFFFFFFFFFFFFFFFFFF94
:100C7000FFFFFFFFFFFFFFFFFFFFFFFFFFFFFFFF84
:100C8000FFFFFFFFFFFFFFFFFFFFFFFFFFFFFFFF74
:100C9000FFFFFFFFFFFFFFFFFFFFFFFFFFFFFFFF64
:100CA000FFFFFFFFFFFFFFFFFFFFFFFFFFFFFFFF54
:100CB000FFFFFFFFFFFFFFFFFFFFFFFFFFFFFFFF44
:100CC000FFFFFFFFFFFFFFFFFFFFFFFFFFFFFFFF34
:100CD000FFFFFFFFFFFFFFFFFFFFFFFFFFFFFFFF24
:100CE000FFFFFFFFFFFFFFFFFFFFFFFFFFFFFFFF14
:100CF000FFFFFFFFFFFFFFFFFFFFFFFFFFFFFFFF04
:100D0000FFFFFFFFFFFFFFFFFFFFFFFFFFFFFFFFF3
:100D1000FFFFFFFFFFFFFFFFFFFFFFFFFFFFFFFFE3
:100D2000FFFFFFFFFFFFFFFFFFFFFFFFFFFFFFFFD3
:100D3000FFFFFFFFFFFFFFFFFFFFFFFFFFFFFFFFC3
:100D4000FFFFFFFFFFFFFFFFFFFFFFFFFFFFFFFFB3
:100D5000FFFFFFFFFFFFFFFFFFFFFFFFFFFFFFFFA3
:100D6000FFFFFFFFFFFFFFFFFFFFFFFFFFFFFFFF93
:100D7000FFFFFFFFFFFFFFFFFFFFFFFFFFFFFFFF83
:100D8000FFFFFFFFFFFFFFFFFFFFFFFFFFFFFFFF73
:100D9000FFFFFFFFFFFFFFFFFFFFFFFFFFFFFFFF63
:100DA000FFFFFFFFFFFFFFFFFFFFFFFFFFFFFFFF53
:100DB000FFFFFFFFFFFFFFFFFFFFFFFFFFFFFFFF43
:100DC000FFFFFFFFFFFFFFFFFFFFFFFFFFFFFFFF33
:100DD000FFFFFFFFFFFFFFFFFFFFFFFFFFFFFFFF23
:100DE000FFFFFFFFFFFFFFFFFFFFFFFFFFFFFFFF13
:100DF000FFFFFFFFFFFFFFFFFFFFFFFFFFFFFFFF03
:100E0000FFFFFFFFFFFFFFFFFFFFFFFFFFFFFFFFF2
:100E1000FFFFFFFFFFFFFFFFFFFFFFFFFFFFFFFFE2
:100E2000FFFFFFFFFFFFFFFFFFFFFFFFFFFFFFFFD2
:100E3000FFFFFFFFFFFFFFFFFFFFFFFFFFFFFFFFC2
:100E4000FFFFFFFFFFFFFFFFFFFFFFFFFFFFFFFFB2
:100E5000FFFFFFFFFFFFFFFFFFFFFFFFFFFFFFFFA2
:100E6000FFFFFFFFFFFFFFFFFFFFFFFFFFFFFFFF92
:100E7000FFFFFFFFFFFFFFFFFFFFFFFFFFFFFFFF82
:100E8000FFFFFFFFFFFFFFFFFFFFFFFFFFFFFFFF72
:100E9000FFFFFFFFFFFFFFFFFFFFFFFFFFFFFFFF62
:100EA000FFFFFFFFFFFFFFFFFFFFFFFFFFFFFFFF52
:100EB000FFFFFFFFFFFFFFFFFFFFFFFFFFFFFFFF42
:100EC000FFFFFFFFFFFFFFFFFFFFFFFFFFFFFFFF32
:100ED000FFFFFFFFFFFFFFFFFFFFFFFFFFFFFFFF22
:100EE000FFFFFFFFFFFFFFFFFFFFFFFFFFFFFFFF12
:100EF000FFFFFFFFFFFFFFFFFFFFFFFFFFFFFFFF02
:100F0000FFFFFFFFFFFFFFFFFFFFFFFFFFFFFFFFF1
:100F1000FFFFFFFFFFFFFFFFFFFFFFFFFFFFFFFFE1
:100F2000FFFFFFFFFFFFFFFFFFFFFFFFFFFFFFFFD1
:100F3000FFFFFFFFFFFFFFFFFFFFFFFFFFFFFFFFC1
:100F4000FFFFFFFFFFFFFFFFFFFFFFFFFFFFFFFFB1
:100F5000FFFFFFFFFFFFFFFFFFFFFFFFFFFFFFFFA1
:100F6000FFFFFFFFFFFFFFFFFFFFFFFFFFFFFFFF91
:100F7000FFFFFFFFFFFFFFFFFFFFFFFFFFFFFFFF81
:100F8000FFFFFFFFFFFFFFFFFFFFFFFFFFFFFFFF71
:100F9000FFFFFFFFFFFFFFFFFFFFFFFFFFFFFFFF61
:100FA000FFFFFFFFFFFFFFFFFFFFFFFFFFFFFFFF51
:100FB000FFFFFFFFFFFFFFFFFFFFFFFFFFFFFFFF41
:100FC000FFFFFFFFFFFFFFFFFFFFFFFFFFFFFFFF31
:100FD000FFFFFFFFFFFFFFFFFFFFFFFFFFFFFFFF21
:100FE000FFFFFFFFFFFFFFFFFFFFFFFFFFFFFFFF11
:100FF000FFFFFFFFFFFFFFFFFFFFFFFFFFFFFFFF01
:10100000D10020434D1600600000000000000000E9
:10101000201000600010006000AC026000000000C2
:101020000000006000B8020000000000FFFFFFFFAA
:10103000FFFFFFFFFFFFFFFFFFFFFFFFFFFFFFFFC0
:10104000FFFFFFFFFFFFFFFFFFFFFFFFFFFFFFFFB0
:10105000FFFFFFFFFFFFFFFFFFFFFFFFFFFFFFFFA0
:10106000FFFFFFFFFFFFFFFFFFFFFFFFFFFFFFFF90
:10107000FFFFFFFFFFFFFFFFFFFFFFFFFFFFFFFF80
:10108000FFFFFFFFFFFFFFFFFFFFFFFFFFFFFFFF70
:10109000FFFFFFFFFFFFFFFFFFFFFFFFFFFFFFFF60
:1010A000FFFFFFFFFFFFFFFFFFFFFFFFFFFFFFFF50
:1010B000FFFFFFFFFFFFFFFFFFFFFFFFFFFFFFFF40
:1010C000FFFFFFFFFFFFFFFFFFFFFFFFFFFFFFFF30
:1010D000FFFFFFFFFFFFFFFFFFFFFFFFFFFFFFFF20
:1010E000FFFFFFFFFFFFFFFFFFFFFFFFFFFFFFFF10
:1010F000FFFFFFFFFFFFFFFFFFFFFFFFFFFFFFFF00
:10110000FFFFFFFFFFFFFFFFFFFFFFFFFFFFFFFFEF
:10111000FFFFFFFFFFFFFFFFFFFFFFFFFFFFFFFFDF
:10112000FFFFFFFFFFFFFFFFFFFFFFFFFFFFFFFFCF
:10113000FFFFFFFFFFFFFFFFFFFFFFFFFFFFFFFFBF
:10114000FFFFFFFFFFFFFFFFFFFFFFFFFFFFFFFFAF
:10115000FFFFFFFFFFFFFFFFFFFFFFFFFFFFFFFF9F
:10116000FFFFFFFFFFFFFFFFFFFFFFFFFFFFFFFF8F
:10117000FFFFFFFFFFFFFFFFFFFFFFFFFFFFFFFF7F
:10118000FFFFFFFFFFFFFFFFFFFFFFFFFFFFFFFF6F
:10119000FFFFFFFFFFFFFFFFFFFFFFFFFFFFFFFF5F
:1011A000FFFFFFFFFFFFFFFFFFFFFFFFFFFFFFFF4F
:1011B000FFFFFFFFFFFFFFFFFFFFFFFFFFFFFFFF3F
:1011C000FFFFFFFFFFFFFFFFFFFFFFFFFFFFFFFF2F
:1011D000FFFFFFFFFFFFFFFFFFFFFFFFFFFFFFFF1F
:1011E000FFFFFFFFFFFFFFFFFFFFFFFFFFFFFFFF0F
:1011F000FFFFFFFFFFFFFFFFFFFFFFFFFFFFFFFFFF
:10120000FFFFFFFFFFFFFFFFFFFFFFFFFFFFFFFFEE
:10121000FFFFFFFFFFFFFFFFFFFFFFFFFFFFFFFFDE
:10122000FFFFFFFFFFFFFFFFFFFFFFFFFFFFFFFFCE
:10123000FFFFFFFFFFFFFFFFFFFFFFFFFFFFFFFFBE
:10124000FFFFFFFFFFFFFFFFFFFFFFFFFFFFFFFFAE
:10125000FFFFFFFFFFFFFFFFFFFFFFFFFFFFFFFF9E
:10126000FFFFFFFFFFFFFFFFFFFFFFFFFFFFFFFF8E
:10127000FFFFFFFFFFFFFFFFFFFFFFFFFFFFFFFF7E
:10128000FFFFFFFFFFFFFFFFFFFFFFFFFFFFFFFF6E
:10129000FFFFFFFFFFFFFFFFFFFFFFFFFFFFFFFF5E
:1012A000FFFFFFFFFFFFFFFFFFFFFFFFFFFFFFFF4E
:1012B000FFFFFFFFFFFFFFFFFFFFFFFFFFFFFFFF3E
:1012C000FFFFFFFFFFFFFFFFFFFFFFFFFFFFFFFF2E
:1012D000FFFFFFFFFFFFFFFFFFFFFFFFFFFFFFFF1E
:1012E000FFFFFFFFFFFFFFFFFFFFFFFFFFFFFFFF0E
:1012F000FFFFFFFFFFFFFFFFFFFFFFFFFFFFFFFFFE
:10130000FFFFFFFFFFFFFFFFFFFFFFFFFFFFFFFFED
:10131000FFFFFFFFFFFFFFFFFFFFFFFFFFFFFFFFDD
:10132000FFFFFFFFFFFFFFFFFFFFFFFFFFFFFFFFCD
:10133000FFFFFFFFFFFFFFFFFFFFFFFFFFFFFFFFBD
:10134000FFFFFFFFFFFFFFFFFFFFFFFFFFFFFFFFAD
:10135000FFFFFFFFFFFFFFFFFFFFFFFFFFFFFFFF9D
:10136000FFFFFFFFFFFFFFFFFFFFFFFFFFFFFFFF8D
:10137000FFFFFFFFFFFFFFFFFFFFFFFFFFFFFFFF7D
:10138000FFFFFFFFFFFFFFFFFFFFFFFFFFFFFFFF6D
:10139000FFFFFFFFFFFFFFFFFFFFFFFFFFFFFFFF5D
:1013A000FFFFFFFFFFFFFFFFFFFFFFFFFFFFFFFF4D
:1013B000FFFFFFFFFFFFFFFFFFFFFFFFFFFFFFFF3D
:1013C000FFFFFFFFFFFFFFFFFFFFFFFFFFFFFFFF2D
:1013D000FFFFFFFFFFFFFFFFFFFFFFFFFFFFFFFF1D
:1013E000FFFFFFFFFFFFFFFFFFFFFFFFFFFFFFFF0D
:1013F000FFFFFFFFFFFFFFFFFFFFFFFFFFFFFFFFFD
:10140000814205D051F8043B40F8043B8242F9D8B0
:10141000704700BF044A05494FF0000342F8043BFF
:101420009142FBD8704700BFC09E002060C50020DD
:101430002DE98848BFF34F8F00BF00BF00BF00BF3A
:1014400000F042F9684B0822C3F8542100BF00BFE6
:1014500000BF00BF00BF00BF00BF00BF00BF00BF94
:1014600000BF00BF00BF00BF00BF00BF5F4A6049B0
:101470006048FFF7C5FF604A60496148FFF7C0FF59
:10148000604CFFF7C7FF4FF470004FF0E0210023DE
:101490005D4AC1F8880D44F823200133B02BFAD1FE
:1014A0005A4B80215A4A03F8011B9342FBD14FF05B
:1014B000E0254D4E4FF08039DFF884B1DFF884A18C
:1014C0004FF0FF31C5F8084D0027C6F80491C6F863
:1014D00000B1C6F8F490C6F8F0A0D5F8243DDFF8C6
:1014E000688143F4E0234B4AC5F8243DD8F81C300A
:1014F00023F07F0343F04003C8F81C30D8F82430B1
:1015000023F07F0343F04003C8F824309166D1668E
:101510001167516700F0E0F83F4B4049A363404B2F
:10152000E36363236B610323AF612B613D4BC5F81C
:10153000203DD5F8FC3D43F08073C5F8FC3D3A4BA7
:101540001A6842F001021A605B680B6000F00EFB43
:10155000C6F804913548C6F800B1C6F8F490C6F84C
:10156000F0A000F07DFCD8F86C10314B314A41F40A
:101570004051C8F86C101F60C3F80871C3F81871A7
:10158000C3F82871C3F83871936BDB0708D442F6AF
:101590001563294951651365936B43F00103936308
:1015A000244A264C936843F00113936000F01CF921
:1015B00000F060F800F060FC00F006FB00F086F838
:1015C0002368132BFCD900F097FB2368B3F5967FB3
:1015D000FBD300F07FF800F07BF800F045FC00F052
:1015E00033FC30BFFDE700BF00800D40D8E90100AB
:1015F000CC1F006000000000C09E0020A80902600F
:1016000000000020009C002065ED000000E400E0E8
:10161000A0E400E000C00A4021020100E8C400206C
:101620002502010000002020001000E00046C32336
:101630000040084000400D400000C056ECC40020AF
:101640001B1018200C0D111300C00F40054B4FF458
:101650002A01054A05485A641864054A9963954663
:10166000FFF7E6FE00C00A40FFAAAAAA0700200072
:1016700000000620104BA020104AD96E41F44031E2
:1016800010B4D96640F23764D96E41F44071D9661E
:1016900054649064936C1B06FCD4094A40F2376191
:1016A000A02351649364936C13F08003FBD1054A2B
:1016B00013705DF8044B704700C00F4000400C40B1
:1016C00000800C402CC50020704700BF704700BF51
:1016D000704700BF00BF704710B44FF0E0230021F7
:1016E00010243148C3F8941DC3F89C4D1124C3F84D
:1016F000A00D2E48C3F89C4D1224C3F8A00D2C4811
:10170000C3F89C4D2B4AC3F8A00D2B4C42F0150298
:101710002A48C3F89C4DC3F8A00D294C2948C3F8AA
:101720009C4DC3F8A00D284CC3F89C2D2748284A8F
:10173000C3F8A04DC3F89C0DC3F8A02D02F5A0225C
:10174000244C0C322448C3F89C4DC3F8A02D234AE6
:10175000C3F89C0D224CC3F8A02D02F14062C3F8DF
:101760009C4D2048C3F8A02D0C32C3F89C0DC3F843
:10177000A02D00BF00BF00BF00BF00BF0122C3F803
:10178000942DBFF34F8FBFF36F8FC3F8501FBFF37C
:101790004F8FBFF36F8FD3F8142D5DF8044B42F4D5
:1017A0004032C3F8142D70473F0000102500080791
:1017B0000900100060C5002013002000210002076E
:1017C0001400002025000813090000101600202036
:1017D00027000B1317000040180000602F000B07B4
:1017E000190000701A000080F0B5B84B1822B84EEE
:1017F0000120B84F83B0C3F85C62B749C3F8607288
:10180000B64DC3F86462A6F53046B54CC3F86862BD
:10181000C3F86C52C3F87052C3F87452C3F87852CC
:1018200048F20C75DA661A675A679A67DA67C3F87E
:101830008020C3F88420C3F88820C1F82C03A94A6B
:10184000C1F83003C1F83403C1F83803C1F83C03D0
:10185000C1F85003A169A44B0A40A448A44913430A
:10186000A44AA361D4F8843043F00C03C4F8843054
:101870004FF0FF34036843F00203036003682B401A
:101880004FF400551A439C4B026044608A689B4C9D
:1018900013409B4A43F000538360C36823F07803EE
:1018A000C360036A134023430362036A1340954AEB
:1018B0002343954C43628262C2620022D1F8B83061
:1018C00023F03F0343F00103C0F8B830D1F8BC3037
:1018D0008E4923F03F0343F00103C0F8BC3040F2CF
:1018E0000563026105660467C0F880304566446799
:1018F0000224C0F88430036823F00203036081618E
:10190000834B8449C46143F8042B8B42FBD1774A53
:10191000136843F001031360136813F00103FBD154
:101920007A48022140F2F564906140F29940D16119
:1019300040F26641C2F8004242F20144C2F810127D
:101940007549C2F82002C2F8301240F2354173489E
:10195000C2F83442C2F84012714CC2F8500242F24E
:1019600001207049C2F854120121C2F86042C2F845
:1019700064025E48C2F8A030C2F8A430C2F8B010C9
:101980004369DA07FCD5012300244FF4803257491C
:101990004361C0F8A040C0F8A420C0F8B0304B6943
:1019A000DB07FCD5012300244FF400304F4A4B6184
:1019B000C1F8A040C1F8A400C1F8B0305369DF07F6
:1019C000FCD501230024584848495361C2F8A0407F
:1019D000C2F8A400C2F8B0304B69DE07FCD5D1F8DC
:1019E000003145F60D5221209BB24861934265D1EA
:1019F00000244FF4802201233C48C1F8A040C1F8E4
:101A0000A420C1F8B0304369DD07FCD501234FF4B1
:101A100000040021354A4361C0F8A040C0F8A4107A
:101A2000C0F8B0305369DC07FCD501234FF4000443
:101A30004FF480302D495361C2F8A040C2F8A40091
:101A4000C2F8B0304B69D807FCD501234FF400042D
:101A50004FF40030254A4B61C1F8A040C1F8A40002
:101A6000C1F8B0305369D907FCD501234FF4000405
:101A70002D481E495361C2F8A040C2F8A400C2F824
:101A8000B0304B69DA07FCD5D1F8003145F60D527C
:101A900021209BB24861934250D008254FF40004A6
:101AA00022490020224B234A009015705A1A012324
:101AB0002148224400F0C4F903B0F0BD1E4B0022BF
:101AC000C3E90022C3E9022203B0F0BD00801F4039
:101AD000F9B00100F910010000841F40F970010005
:101AE00000C00F40FFFCFF1F000300A000402A4081
:101AF00000802A401200FFFFFF37F70040000080FF
:101B000000FFF07CFF000F8363000200F05AF05AE0
:101B100000422A4000432A409F041830EB06180A6E
:101B20003806180A0632012604000300000000707F
:101B3000000000702EC50020F4B600204FF4000411
:101B40004FF4802201230848C1F8A040C1F8A42026
:101B5000C1F8B0304369DB07FCD5012310254FF0F5
:101B6000807443619CE700BF00402A40F0B4154AEE
:101B700040274FF480314FF480564FF400554FF416
:101B8000404443F24200136913F0020F0ED113F4E4
:101B9000005F0FD013F4805F0ED0002BF3DA13F444
:101BA000803F0BD15B060BD5F0BC7047946151614F
:101BB0009061E8E75561E6E75661E4E79161E2E7A5
:101BC0005761E0E700800D403F4A03203F49F3EEB4
:101BD000095AD2F880304FF0000C9FED3D6A23F097
:101BE00001039FED3C5A30B4C2F88030C2F8900037
:101BF000D1F8E010384DCBB2384C39482B6007EEA5
:101C0000903A0B0DC1F30B21F8EEE77A06EE903A0D
:101C100007EE101A334BB8EEC77A2160F8EEE66A89
:101C2000314937EEC66A37EEC55A76EEC76A77EEA7
:101C3000E57A26EE266AC3ED006A25EE265AD2F82A
:101C4000803067EEA64AC0ED007AC6EE275A2748D4
:101C500085EE276AC4EEA76A75EE875AFCEEE55A50
:101C600036EE076A15EE904ABCEEC66A43EA0453A4
:101C700076EE877AC2F8803016EE103AD2F89041AC
:101C8000FCEEE77A01EA0341214317EE903AC2F8ED
:101C90009011C3F30B03D2F890110B431449C2F80F
:101CA0009031D2F8803043F00203C2F88030114BFB
:101CB00080F840C0C1F840314FF0E023012230BC31
:101CC000C3F80821704700BF00810D4000441F4049
:101CD0000000AA420000B44258C4002054C40020AE
:101CE0005CC4002060C400200000FF0F00E400E09E
:101CF000009C002051EF0000314B40F6617210B59E
:101D0000C3F8202140F2044400F0A2F82D4A2E49E5
:101D1000D2F880302D4843F00303C2F880302C4BBA
:101D2000C1F8604102681A4203D1D1F8A8319A077C
:101D30001BD0254A4FF00041244B5963D2F8403163
:101D400043F00203C2F84031D2F840319B07FBD484
:101D50004FF400304FF0E0211C4B4FF00042C1F82F
:101D60008C0219209A6300F083F8184A4FF08040E3
:101D7000154C002190630A20164B11604FF420721D
:101D8000C4F8A801184600F067F84FF48002034633
:101D90004FF4810040F243111860C4F858311A64BE
:101DA0000D4B0E4AC4F84811C3F804224FF0E0224C
:101DB0004FF400310123C2F80C11C4F8403110BDBA
:101DC00000800D4000C00F4000002E4000900D40EC
:101DD000001C1E0000000020009C002039F10000C3
:101DE00008B50E4B1B6E9B0700D4FBBE72B60C4BA6
:101DF00000200C4AC3F8400103F160430A49A3F5EF
:101E00005F2311649D46BFF34F8F4FF400130748C3
:101E1000074ADB6902609B68984700BF00441F4087
:101E200000002E4000C00A40030020000080202057
:101E3000000012EBF8B500BFF8BC08BC9E46704726
:101E40005FF800F0910201005FF800F0B5E60000D5
:101E50005FF800F0A9F800005FF800F0E15D010014
:101E60005FF800F0C9DD00005FF800F019640100C0
:101E70005FF800F0B9E000005FF800F04DEC000002
:101E8000450000009D06000065260000B12C000002
:101E900061430000515500001D630000A96400006B
:041EA0004DCD000024
:101EA40016035500530042002000530065007200E1
:101EB400690061006C0000001803540065006500AF
:101EC4006E00730079006400750069006E006F0095
:101ED4000403090409026200030100C032080B0074
:101EE40002020201000904000001020201000524AB
:101EF4000010010524010101042402060524060042
:101F0400010705820310001009040100020A000001
:101F14000007050302400000070584024000000991
:101F240004020002FF6AFF00070581024000010766
:101F3400050102400001000009026200030100C023
:101F440032080B000202020100090400000102022F
:101F540001000524001001052401010104240206E6
:101F64000524060001070582031000050904010089
:101F7400020A0000000705030200020007058402AC
:101F84000002000904020002FF6AC700070581027B
:101F94000002010705010200020100000A06000216
:101FA400EF02014001000000005EBCE2613FDD83FE
:101FB400C29C7E20A3FD1F41009D23BE46DB65F825
:081FC4008C11AF32CA57E97419
:101FCC000000000000000000000000000000000005
:101FDC0000000000000000000000000000000000F5
:101FEC000548064B1B1AD90F01EBA301491002D06F
:101FFC00034B03B118477047C09E0020C09E0020C1
:10200C000000000008B5054B1BB105490548AFF3AE
:10201C000080BDE80840FFF7E3BF00BF00000000F0
:10202C0004C4002000B802600346012200B583B04E
:10203C0093F80DC099880DF1070083F80CC08DF84A
:10204C0007C00EF007FB03B05DF804FB034601224A
:10205C0000B583B093F80DC099880DF1070083F893
:10206C000CC08DF807C00EF0F5FA03B05DF804FB58
:10207C0000B500F1140183B0844600F10C026B46EC
:10208C0003C983E8030082E803000822BCF80410AB
:10209C0018460EF0DFFA03B05DF804FB0346042289
:1020AC0000B583B0D3F810C099880DEB0200C3F8CB
:1020BC000CC0CDF804C00EF0CDFA03B05DF804FBF3
:1020CC000346042210B582B01C6999880DEB0200FE
:1020DC00DC6001940EF0BEFA02B010BD10B50446DF
:1020EC0080880EF00DF9207310BD00BF10B50446AA
:1020FC0080880EF005F9207310BD00BF70B585887F
:10210C0000F10C0400F114062D1A0C3D60190EF0B0
:10211C00F7F804F8010BA642F8D170BD70B58588AC
:10212C0000F10C0400F110062D1A0C3D60190EF094
:10213C00E7F804F8010BA642F8D170BD70B585889C
:10214C0000F10C0400F110062D1A0C3D60190EF074
:10215C00D7F804F8010BA642F8D170BD70B504464F
:10216C0000F1140106F062F9054604F1280120463D
:10217C0006F05CF9034604F13C0120461D4006F0D4
:10218C0055F9034604F15001EDB220461D4006F00E
:10219C004DF9034604F1640120461D4006F046F952
:1021AC00064604F17801204606F040F92E4005461B
:1021BC0004F18C01204606F039F93540064604F14D
:1021CC00A001204606F032F92E40054604F1BC0170
:1021DC00204606F02BF93540064604F1D80120467E
:1021EC0006F024F92E40054604F1F401204606F0D1
:1021FC001DF93540064604F58871204606F016F99F
:10220C002E40054604F59671204606F00FF9354030
:10221C00064604F5A471204606F008F92E40054642
:10222C0004F5B271204606F001F93540064604F576
:10223C00C071204606F0FAF82E40054604F5CE7122
:10224C00204606F0F3F83540064604F5DC712046CE
:10225C0006F0ECF82E40054604F5EA71204606F02F
:10226C00E5F83540064604F5F871204606F0DEF830
:10227C002E40054604F50371204606F0D7F835408C
:10228C00064604F50A71204606F0D0F82E400546A5
:10229C0004F51171204606F0C9F83540064604F5E0
:1022AC001871204606F0C2F82E40054604F51C7144
:1022BC00204606F0BBF83540034604F52071204655
:1022CC001D4006F0B3F808B105B170BD20210448DB
:1022DC000FF02CFE0348BDE870400DF093B900BF21
:1022EC00680A0020509200202DE9F843002245F6A0
:1022FC000141044606F03EF8C84AF1EE007AC8499E
:10230C00BAEE0E7A0023C74D08204FF0040CC64ECF
:10231C00FAEE044ADFF838E301279FEDC43ADFED0B
:10232C00C43A21606263C349A263E26522664FF43A
:10233C000002DFF820939FEDC04A9FEDC05ADFEDFD
:10234C00C05A2383636284F81AC0A3852363A662F0
:10235C0084F82EC0A4F840306364E66384F842C06D
:10236C00A4F85430A365266584F856C0A4F86830E8
:10237C00E366666684F86AC0A4F87C30C4ED127A11
:10238C00C4ED137AC4ED1C7AC4ED1D7AC4F8149014
:10239C009FEDAC6ADFEDAC6ADFF8BC82C4E90733B1
:1023AC00C4F8803084F8A60084F8C200A667C4F88C
:1023BC008C60C4F884E0C4F888E084F87EC084F8AB
:1023CC0092C0A4F89030C4F89430C4ED267AC4EDD1
:1023DC00277AA4F8A430C4F8A830C4F8A050C4F8E4
:1023EC00ACE084ED2C7AC4F8B4E084ED2E7AA4F839
:1023FC00C030C4F8C430C4F8BC5084ED323A84ED1B
:10240C00343A84ED337A84ED357AA4F8DC30C4F8B0
:10241C00E030C4F8D850C4F8E4E0C4F8ECE0C4ED03
:10242C003A3AC4ED3C3A84F8DE00C4F80011C4F822
:10243C000421C4F80811C4F80C2184F8FA00C4F87B
:10244C001C11C4F82021C4F82411C4F8282184F8E4
:10245C001601C4F83811C4F83C21C4F84011C4F872
:10246C00442184F83201C4F85411C4F85821C4F83A
:10247C005C11C4F86021A4F8F830C4F8FC30C4F83E
:10248C00F450A4F81431C4F81831C4F81051A4F85D
:10249C003031C4F83431C4F82C51A4F84C31C4F8A0
:1024AC005031C4F8485184F84E01C4F87011C4F886
:1024BC007421C4F87811C4F87C2184F86A01C4F83A
:1024CC008C11C4F89021C4F89411C4F8982184F8A4
:1024DC008601C4F8A811C4F8AC21C4F8B011C4F832
:1024EC00B42184F8A201C4F8C411C4F8C821C4F8FA
:1024FC00CC11C4F8D02184F8BE01A4F86831C4F81A
:10250C006C31C4F86451A4F88431C4F88831C4F82F
:10251C008051A4F8A031C4F8A431C4F89C51A4F89B
:10252C00BC31C4F8C031C4F8B851A4F8D831C4F8DF
:10253C00E421C4F8EC21C4F81C22C4F8242243F68C
:10254C003C42C4F8E011C4F8E81184F8DA0184F8CC
:10255C00F601C4F81812C4F8201284F8120284F898
:10256C002E02C4F8DC31C4F8D451A4F8F431C4F808
:10257C00F831C4F8F05184ED7F4A84ED814AC4ED02
:10258C00804AC4ED824AA4F81032C4F81432C4F85C
:10259C000C52A4F82C32C4F83032C4F8285284ED12
:1025AC008D5A84ED8F5AC4ED8E5AC4ED905AA4F80E
:1025BC004832C4F84C32A4F86C2240F60A22234963
:1025CC00A4F87C2240F2011284F84A022046C4F896
:1025DC00445284ED946A84ED966AC4ED956AC4ED18
:1025EC00976AA4F86432C4F86082C4F8683284F83C
:1025FC006672A4F87432C4F87082C4F8783284F825
:10260C007672A4F88432C4F88012C4F88832A4F824
:10261C008C2284F88672BDE8F88300BF00007A43F0
:10262C00501B0020D01A0020F01A0020000070422D
:10263C00000020C2FFFF7F7F00005C410000FA43D6
:10264C000000FAC30000FA440000FAC4E01A0020AB
:10265C000000A042101B0020001B00200DF02CBE1F
:10266C0000207047704700BF036D0BB1012070470D
:10267C00406D003818BF0120704700BF10B50446EC
:10268C00806D18B113F058FC0023A365236D2BB19A
:10269C0004F11800BDE810400BF022BD636D002B57
:1026AC00F6D110BDF0B595B000224FF47A74244FDA
:1026BC001831054604A88DF80C200097CDE90124AB
:1026CC00CDE912220BF078FD129B002B2DD05C2053
:1026DC0000260EF071F8019B04464660C36004A905
:1026EC00029B183040F8083C9DF80C3000F8043C74
:1026FC00144B40F8183C144B40F8103C0BF0AEFC5B
:10270C00124B4FF47A72A7602B606368A665013395
:10271C006E602E73AA602C6163600D4B04A800934D
:10272C000BF0DEFC284615B0F0BD139B002BCED170
:10273C00064A2B732A602B61C5E90134EDE700BF13
:10274C00501C0020741C0020D01C0020241C0020D5
:10275C00201B002010B50446806D00B110BD4FF455
:10276C00807013F0E1FBA065B0B10022236D027004
:10277C003BB101464FF4807218460BF001F9A06D85
:10278C0010BD636D002BE9D001464FF480721846E2
:10279C0009F08EF8A06D10BD014B1846A36510BD55
:1027AC002BC5002038B5056D6DB10BB1002038BDBF
:1027BC00114628460AF00AF90028F7D02846BDE849
:1027CC0038400AF0A5BA446D002CEFD0204608F032
:1027DC001DF80028EAD02046BDE8384008F090BE2D
:1027EC008A79A2F150031B0622D402F26C72F0B566
:1027FC004B7985B0046D01330D798E784F78DBB24F
:10280C0009784CB1204601960095CDE9027104215E
:10281C000AF012FA05B0F0BD406D0028FAD001960E
:10282C000095CDE90271042108F0AEFD05B0F0BDB4
:10283C000020704710B50446006D80B1037813F08A
:10284C00700F00D110BD00210AF0C0F8606D002897
:10285C00F8D000220023BDE8104007F0D7BF606D10
:10286C000028EFD090F8313013F0500FEAD000224E
:10287C000023BDE8104007F0C9BF00BF036D10B5C1
:10288C000C4682B02BB30DF1060201A9184609F0D3
:10289C0043FC38B3BDF80430BDF8062053EA0201FE
:1028AC0020D0C2F3451C02F01F00D20AC3F343111F
:1028BC00400084F801C0A2705A0A013903F01F03CA
:1028CC0002F5EA622070012061712371A27102B0DD
:1028DC0010BD406D30B10DF1060201A907F03CFEB0
:1028EC000028D7D1002002B010BD00BF036D10B579
:1028FC000C4682B02BB30DF1060201A9184609F063
:10290C00FBFB38B3BDF80430BDF8062053EA0201D6
:10291C0020D0C2F3451C02F01F00D20AC3F34311AE
:10292C00400084F801C0A2705A0A013903F01F0359
:10293C0002F5EA622070012061712371A27102B06C
:10294C0010BD406D30B10DF1060201A907F0F2FD8A
:10295C000028D7D1002002B010BD00BF0369D3B14D
:10296C000E4810B41C68E46884420FD1186D18B17D
:10297C005DF8044B0AF006BA586D18B15DF8044BBB
:10298C0008F030BE00205DF8044B70471846234613
:10299C005DF8044B18470020704700BF090C00007D
:1029AC00006990B10368154A1B69934225D1036DE8
:1029BC0063B1187810F0080007D0D8695B69C01AA9
:1029CC0048BF6FF00040704718467047436D002BAE
:1029DC00FAD093F8310010F00800F6D01869196895
:1029EC005A69401A5B6862EB0303B0F1004F73F154
:1029FC000003EAD36FF0004070471847F10C000059
:102A0C00036973B11A68084952698A4207D1186D73
:102A1C0008B109F067BE586D18B107F0E1BE184651
:102A2C0010474FF0FF3070473D0B0000036923B394
:102A3C001968134A10B58C6882B0944214D1186D81
:102A4C0048B101220DF1070109F078FD90B19DF814
:102A5C00070002B010BD586D0028F8D001220DF10E
:102A6C00070107F0EDFDF1E701220DF10701184612
:102A7C00A047EBE74FF0FF30EBE74FF0FF3070472C
:102A8C007D0B0000036963B11A68074992698A4299
:102A9C0008D1186D08B10AF0C9B8586D08B108F022
:102AAC00FDBA704718461047CD0B0000036D13B1EB
:102ABC00586900217047436D13B1D3E90001704789
:102ACC0018461946704700BF036D13B1D869002131
:102ADC007047436D13B1D3E904017047184619468A
:102AEC00704700BF836C13B1184609F0FBBDC06C76
:102AFC0008B107F075BE4FF0FF307047036D13B18E
:102B0C00184609F0EFBD406D08B107F069BE4FF0F3
:102B1C00FF307047036D33B11B7813F0700F14BF87
:102B2C00012000207047406D30B190F8313013F027
:102B3C00500F14BF01200020704700BF036D13B16C
:102B4C00184609F0FBBC406D08B107F079BD4FF099
:102B5C00FF307047836C00B583B063B101220DF177
:102B6C000701184609F0EAFC01280CD19DF8070072
:102B7C0003B05DF804FBC06C28B101220DF1070114
:102B8C0007F05EFDF0E74FF0FF30F1E7036D13B196
:102B9C0018460AF04BB8406D08B108F07FBA704780
:102BAC00836C13B118460AF041B8C06C08B108F038
:102BBC0075BA7047836C13B118460AF0E3B8C06C51
:102BCC0008B108F00FBD7047036D13B118460AF039
:102BDC00D9B8406D08B108F005BD704700B5836CDD
:102BEC0083B08DF8071043B101220DF1070118468F
:102BFC000AF0C8F803B05DF804FBC06C0028F9D0EB
:102C0C0001220DF1070108F0EDFC03B05DF804FBA7
:102C1C008A79A2F150031B0622D402F26C72F0B531
:102C2C004B7985B0046D01330D798E784F78DBB21A
:102C3C0009784CB1204601960095CDE9027102212C
:102C4C0009F0FAFF05B0F0BD406D0028FAD00196EE
:102C5C000095CDE90271022108F096FB05B0F0BD9C
:102C6C0000207047836C53B1187810F008000DD019
:102C7C00D8695B69C01A48BF6FF000407047C36CDD
:102C8C00A3B193F8310010F0080000D17047186917
:102C9C0019685A69401A5B6862EB0303B0F1004F84
:102CAC0073F10003F2D36FF0004070471846EDE764
:102CBC00036D53B1187810F008000DD0D8695B691A
:102CCC00C01A48BF6FF000407047436DA3B193F832
:102CDC00310010F0080000D17047186919685A6962
:102CEC00401A5B6862EB0303B0F1004F73F1000311
:102CFC00F2D36FF0004070471846EDE700B500695D
:102D0C0083B08DF8071060B10368104ADB689342FA
:102D1C0015D1036D43B101220DF1070118460AF0DC
:102D2C0031F803B05DF804FB406D0028F9D00122A6
:102D3C000DF1070108F056FC03B05DF804FB01220D
:102D4C000DF10701984703B05DF804FB090C000076
:102D5C0038B504460C4B806D236018B113F0ECF8B9
:102D6C000023A365236D04F118054BB128460BF025
:102D7C00B7F9064B2846A3600BF0B2F9204638BDD4
:102D8C00636D002BF2D1F4E7741C0020201B002093
:102D9C0038B504460E4B806D236018B113F0CCF897
:102DAC000023A365236D04F118056BB128460BF0C5
:102DBC0097F9084B2846A3600BF092F920465C214A
:102DCC000DF0FCFC204638BD636D002BEED1F0E716
:102DDC00741C0020201B002038B505460C460D48FD
:102DEC0001210FF0A3F800230A2229460A480CF00F
:102DFC0025FC34B1204615F023FB014620460FF08C
:102E0C0095F805480CF0FEFB0120BDE838400DF0AC
:102E1C0033B900BFB00E00205092002070B5264B85
:102E2C00044605690360002D32D06E68013E6E6069
:102E3C0076BB2B68214ADB6A934233D1A86D10B163
:102E4C0013F07AF8AE652B6D43B305F118000BF057
:102E5C0047F92569E5B12B68194A5B68934228D17B
:102E6C00184BA86D2B6018B113F066F80023AB65F6
:102E7C002B6D05F11806C3B130460BF031F9124B2E
:102E8C003046AB600BF02CF95C2128460DF096FC1B
:102E9C00204614210DF092FC204670BD6B6D002B6A
:102EAC00D3D1D6E728469847D3E76B6D002BE3D1F7
:102EBC00E5E728469847EBE7241C0020BD060000F8
:102ECC00D10D0000741C0020201B002030B4029C8B
:102EDC0011469C4634B1012C1CD0022C0ED0002083
:102EEC0030BC7047056DF5B14FF0FF33934274EB76
:102EFC000C04F4D3284630BC09F068BD026D0AB34B
:102F0C00D36959184CF10003002BE8D1104630BCA2
:102F1C0009F05CBD026D62B1536959184CF10003A4
:102F2C00002BDCD1F2E7406D0028D8D030BC07F084
:102F3C006DBC406D0028D2D0D0E900238A184CEB30
:102F4C000303F3E7406D0028C9D0D0E9042330BC5B
:102F5C008A184CEB030307F059BC00BF70B5244B27
:102F6C00044605690360002D32D06E68013E6E6028
:102F7C0076BB2B681F4ADB6A93422FD1A86D10B128
:102F8C0012F0DAFFAE652B6D23B305F118000BF0D0
:102F9C00A7F82569E5B12B68174A5B68934224D1E1
:102FAC00164BA86D2B6018B112F0C6FF0023AB6551
:102FBC002B6D05F11806A3B130460BF091F8104BB0
:102FCC003046AB600BF08CF85C2128460DF0F6FB1C
:102FDC00204670BD6B6D002BD7D1DAE72846984799
:102FEC00D7E76B6D002BE7D1E9E728469847EFE769
:102FFC00241C0020BD060000D10D0000741C002014
:10300C00201B002070B504460E460E49154606F0EE
:10301C0087FB4C22002104F50E7014F0C1FE4FF416
:10302C007A7200232046C4F89422074AC4F88462BA
:10303C00C4F8903284F89832C4F89C32C4E9A25295
:10304C0070BD00BF60920020241C002010B50378D6
:10305C0088B00446073B1A2B00F2E880DFE803F047
:10306C00CFCDCBC9C7C5C1BDB9B7B5B3B1A49E98B7
:10307C007F70615289814A412A1F0E0000F520722F
:10308C0000F51F7106F0A4FC002800F0C080172189
:10309C00D4F8840208B0BDE8104006F027BD00F556
:1030AC001E7200F51D7106F07BFC002800F0B98043
:1030BC001621EDE700F51C7100F51B7200F51A7076
:1030CC0004F51973CDE90121009004F5187204F58B
:1030DC001771204606F028FC002800F09880152176
:1030EC00D6E700F5167106F0EFFC002840F09C8046
:1030FC0008B010BD00F5137106F0E4FC0028F7D001
:10310C001121C5E700F5157200F5147106F0A8FC45
:10311C000028EDD00F21D4F8840206F0E7FC04213E
:10312C00B6E700F5127200F5117106F081FC00286B
:10313C00DED00E21D4F8840206F0D8FC0321A7E7D8
:10314C0000F50F7200F50E7106F05AFC0028CFD076
:10315C000D21D4F8840206F0C9FC022198E71C2149
:10316C0096E700F5107106F0ABFC0028C0D01021DA
:10317C008EE700F5127200F5117106F089FC00283B
:10318C00B6D00E21D4F8840206F0B0FC05217FE7FE
:10319C001621012205F054FA1F2179E7152101228D
:1031AC0005F04EFA1E2173E70C21D0F8840206F0CC
:1031BC009DFC01221421204608B0BDE8104005F00A
:1031CC003FBA0B2164E70A2162E7092160E7082175
:1031DC005EE70621D0F888025CE70521D0F888026A
:1031EC0058E70421D0F8880254E7142150E707214E
:1031FC004EE706214CE700214AE7012148E7002170
:10320C00D0F8840206F072FC01220721D3E71921C1
:10321C000D480EF08BFE0D4808B0BDE810400CF0C8
:10322C00F1B91B210A48F4E7122131E7094905A835
:10323C000CF0B2FB032205A904F5237004F0A0FCEA
:10324C0005A80CF0E3FB53E7B40B002050920020D0
:10325C00D00B0020EC0B002070B584B0044606F0B7
:10326C00C3F800B30346114D04F523760EE00CF0C1
:10327C0093FB032201A9304604F082FC01A80CF058
:10328C00C5FB204606F0B0F8034660B1012B294679
:10329C0001A8ECD12046FFF7D9FE204606F0A4F891
:1032AC0003460028F2D104B070BD00BFB40E00205C
:1032BC0038B5424C142142480EF038FE20460CF032
:1032CC00A1F940490720404DFFF786FD3F490820F2
:1032DC00FFF782FD3E490920FFF77EFD3D490A209C
:1032EC00FFF77AFD3C490B20FFF776FD3B490C209C
:1032FC00FFF772FD3A490D20FFF76EFD39490E209C
:10330C00FFF76AFD38490F20FFF766FD374910209B
:10331C00FFF762FD36491120FFF75EFD354912209B
:10332C00FFF75AFD34491320FFF756FD334914209B
:10333C00FFF752FD32491520FFF74EFD314916209B
:10334C00FFF74AFD30491720FFF746FD14212846A8
:10335C000EF0ECFD20460CF055F92C491820FFF727
:10336C003BFD2B491920FFF737FD2A491A20FFF79F
:10337C0033FD29491B20FFF72FFD28491C20FFF79F
:10338C002BFD27491D20FFF727FD26491E20FFF79F
:10339C0023FD25491F20FFF71FFD24492020FFF79F
:1033AC001BFD23492120FFF717FD284614210EF0A1
:1033BC00BDFD2046BDE838400CF024B950920020E9
:1033CC00040C00201C0C0020500D0020300C0020A0
:1033DC00400C00204C0C0020600C0020780C0020CD
:1033EC00880C0020980C0020A80C0020B80C0020A1
:1033FC00C80C0020D80C0020EC0C0020000D002084
:10340C00140D0020280D0020380D0020680D002020
:10341C00840D0020A00D0020B80D0020E00D002030
:10342C00FC0D0020140E0020300E0020680E002031
:10343C008C0E002010B51449044605F049F80EF026
:10344C00E9FCC0B26D2813D0204605F0CDFF48B181
:10345C000128F9D12046FFF7F9FD204605F0C4FFFD
:10346C000028F5D120460949BDE8104005F030B8D8
:10347C000EF036FD2046FFF71BFF20460349BDE842
:10348C00104005F025B800BF50920020609200203B
:10349C0010B504460A46022106F028FF204610BD4E
:1034AC0044F2220106F00EBC44F25D0106F00ABCA7
:1034BC0044F2740106F006BC10B5044606F010FE8A
:1034CC00431C0BD007EE900ADFED056A0120F8EEE5
:1034DC00E77A87EEA67A84ED077A10BD002010BD3E
:1034EC0000102446000000009FED0B7BB7EEC00AD5
:1034FC0010B520EE070B0446B7EEC00B06F0C8FE65
:10350C0000B910BD32200CF0B7FD204644F2250165
:10351C00BDE8104006F0D6BBC294922FB2AEAB3FC2
:10352C009FED0B7BB7EEC00A10B520EE070B0446DF
:10353C00B7EEC00B06F0ACFE00B910BD32200CF09B
:10354C009BFD204644F24901BDE8104006F0BABB91
:10355C00C294922FB2AEAB3F08B5836803B19847C3
:10356C00044AD3889BB243F48043D380BFF34F8F7C
:10357C0008BD00BF00800B4008B5836803B19847B5
:10358C00034A137803F0F7031370BFF34F8F08BD92
:10359C0000400B400B4B186888B103680A4A1B6843
:1035AC0093420DD1836810B503B19847074AD3886D
:1035BC009BB243F48043D380BFF34F8F10BD704751
:1035CC00184700BFC0B200209915000000800B40C6
:1035DC002DE9F04F00F5487387B000F5BF62DFF8B6
:1035EC00F0E0044600F1400900F14C0800F1900BAA
:1035FC0000F5B86A00F1580700F1680604930592CB
:10360C0084460025BEE80F00ACE80F00BEE80F00B2
:10361C00ACE80F00BEE80F00ACE80F009EE80F000E
:10362C008CE80F0039461022484606F04FFA314616
:10363C001022404606F04AFA04F17800C4E9165507
:10364C00C4E91855C4E91A55C4E91C5502F0B0FE7A
:10365C004FF47A735846C4F88050C4F884301A4B2F
:10366C0084F88850E367C4F88C50FEF73DFE049F45
:10367C00424649463846FFF7C5FC0121504602F048
:10368C00EBFE059E01213046FFF702FF53464A46EA
:10369C00414604F21C60CDF808B00197009601F089
:1036AC00FBFA0A4B4FF4807220461B68A4F8285C86
:1036BC00C4F8305CA4F8342C84F8365CC4F82C3C88
:1036CC0007B0BDE8F08F00BF241C0020ECC4002024
:1036DC009803002090F8293C90F8282C9A4210B5B9
:1036EC00044611D000EBC302012180F8361C50684F
:1036FC00C20725D454F8333004EB600098470022FD
:10370C0094F8283C84F8362C04EBC3025068C207AA
:10371C000CD5421054F8333004EB6000A258D35847
:10372C00984794F8283C84F8293C10BD54F8333061
:10373C0004EB6000984794F8283C84F8293C10BDB1
:10374C0040FA01F254F8333004EB6000A258D3581D
:10375C00D4E700BF30B41A4D00211A4C2B6C1A4A16
:10376C0043F4001391602B64636F43F4403363673D
:10377C00164C174B2260174A174CC2F8B04146F250
:10378C00A01441F210321C804FF0E0241A8044F255
:10379C000A02DA801A8892B242F06C021A804FF058
:1037AC0080521981C4F808219B889B0701D430BC36
:1037BC0070470A4900F5487030BC05F0B7BF00BF30
:1037CC0000C00A4000C00F4008C50020C0B2002055
:1037DC0000800B40009C0020D5150000F411002047
:1037EC00F0B591B004467F4907A80CF0D5F804F564
:1037FC00B86006F0BFFB00285BD10DAD04F17C076F
:10380C00794928460CF0C8F803222946384604F0BA
:10381C00B7F928460CF0FAF804F5BF6006F0AAFBDD
:10382C00002840F09580714928460CF0B5F8032229
:10383C003846294604F0A4F928460CF0E7F8B4F809
:10384C00062604F54875B4F804362846CDE903324B
:10385C00B4F80226B4F80036CDE90132B4F8CE251E
:10386C00B4F8CC350092B4F8CA25B4F8C81505F0F4
:10387C007BFF64200CF000FCB4F80626B4F8043688
:10388C002846CDE90332B4F80226B4F80036CDE967
:10389C000132B4F8CE25B4F8CC350092B4F8CA2570
:1038AC00B4F8C81505F060FF07A80CF0AFF811B01C
:1038BC00F0BD0AAE0DAD4E4904F17C0730460CF05C
:1038CC006BF81022B4F8C81528460CF0DBF8294622
:1038DC0030460CF071F928460CF098F84549304602
:1038EC000CF06EF91022B4F8CA1528460CF0CAF880
:1038FC00294630460CF060F928460CF087F83D4913
:10390C0030460CF05DF91022B4F8CE1528460CF0B8
:10391C00B9F8294630460CF04FF928460CF076F8E9
:10392C000A9900295BD028460CF036F80322294668
:10393C00384604F025F928460CF068F830460CF0AF
:10394C0065F804F5BF6006F015FB00283FF46BAF7B
:10395C000AAE294930460CF01FF81022B4F80016B4
:10396C0028460CF08FF8294630460CF025F92846ED
:10397C000CF04CF81F4930460CF022F91022B4F828
:10398C00021628460CF07EF8294630460CF014F945
:10399C0028460CF03BF8174930460CF011F9102270
:1039AC00B4F8061628460CF06DF8294630460CF093
:1039BC0003F928460CF02AF80A9971B128460BF045
:1039CC00EBFF03222946384604F0DAF828460CF0BF
:1039DC001DF830460CF01AF831E70849EEE70749B4
:1039EC00A1E700BFB4090020AC180020F01800209B
:1039FC00D8180020EC18002024190020D0900020AA
:103A0C0070B5044684B000F5B86006F087FAE0B1F2
:103A1C002C4B002294F8C0551A7025B994F8C13576
:103A2C007BBB04B070BD132127480EF07FFA2748EA
:103A3C000BF0E8FD012104F1400006F057F8204698
:103A4C0004B0BDE87040FFF7CBBE2149054601A884
:103A5C001C4E0BF0A1FF032201A904F17C0004F021
:103A6C008FF801A80BF0D2FF33780133DBB20A2BAD
:103A7C003370D6D1174904F5487005F057FE3570F0
:103A8C00CFE704F5BF6004F54876FFF709FD142174
:103A9C0011480EF04BFA0D480BF0B4FD294604F119
:103AAC00400006F023F80121304604F079FE642032
:103ABC000CF0E2FA0121304604B0BDE8704004F08D
:103ACC006FBE00BF2AC5002088190020509200202C
:103ADC00381900205C1900209C19002070B505468F
:103AEC0084B000F5BF6006F019FA50B11C4A0024EE
:103AFC0095F8F835147003BB95F8F945204604B0D9
:103B0C0070BD1849044601A8154E0BF045FF032261
:103B1C0001A905F17C0004F033F801A80BF076FF45
:103B2C0033780133DBB20A2B3370E7D10E4905F53C
:103B3C00487005F0FBFD3470E0E7012105F1400011
:103B4C0005F0D4FF112109480EF0F0F908480BF0EC
:103B5C0059FD2846FFF744FE204604B070BD00BF57
:103B6C0028C50020280F0020500F0020840F0020B3
:103B7C0050920020F0B500F5BF6685B00446304683
:103B8C0006F0CCF9002831D03D4B00221A7094F885
:103B9C00FA35002B58D194F8F835002B42D194F813
:103BAC00353C2BB994F8F935002B58D105B0F0BD44
:103BBC0094F8FA35002BF9D094F8F935002BF5D0A0
:103BCC0004F5AD63304693ED000AFFF7A9FC00281D
:103BDC004ED1012104F1400005F088FF2121294834
:103BEC000EF0A4F928480BF00DFD41E027490546DD
:103BFC0001A8234F0BF0D0FE032201A904F17C0095
:103C0C0003F0BEFF01A80BF001FF3B780133DBB2E0
:103C1C000A2B3B70BBD11E4904F5487005F086FD9C
:103C2C003D70B4E7012104F1400005F05FFF112164
:103C3C0018480EF07BF914480BF0E4FC204605B054
:103C4C00BDE8F040FFF7CCBD0C2113480EF06EF927
:103C5C000D480BF0D7FC012384F8333C9BE704F5AB
:103C6C00AD63304693ED000AFFF73EFC0028B0D060
:103C7C0094F8353C83F0010384F8353C05B0F0BD75
:103C8C0029C50020D011002050920020280F0020C0
:103C9C00500F0020840F0020C0110020F0B590F8C8
:103CAC00305C85B004464DB300F5B865284605F088
:103CBC00D3FF20B1284605F097FF0546D8B904F18B
:103CCC007800002502F04EFB002104F1400005F0C5
:103CDC000DFF3B4901A80BF05FFE01A9032204F183
:103CEC007C0003F04DFF01A80BF090FE344904F565
:103CFC00487005F01BFD284605B0F0BD00F17807B3
:103D0C0000F5B866384602F00DFB4FF47A700CF0F3
:103D1C00B3F9304605F01CFF50B34FF4FA700CF0B9
:103D2C00ABF9304605F098FF28B1304605F05CFF42
:103D3C000346002839D1384602F014FB002104F167
:103D4C00400005F0D3FE1E4901A80BF025FE01A989
:103D5C00032204F17C0003F013FF01A80BF056FEC4
:103D6C0004F54870164905F0E1FC284605B0F0BD95
:103D7C00384602F0F7FA294604F1400005F0B6FE89
:103D8C00104901A80BF008FE01A9032204F17C00E4
:103D9C0003F0F6FE01A80BF039FE04F54870094952
:103DAC0005F0C4FC284605B0F0BD1D46304602F0B7
:103DBC00B9FB0123284684F8303C05B0F0BD00BFA8
:103DCC007C110020A01100202DE9F04190F8315C0D
:103DDC0084B01DB990F8303C04461BB9284604B099
:103DEC00BDE8F08100F1780600F5BF67304602F0BF
:103DFC000FFB4FF4FA700CF03FF9384605F02CFF2E
:103E0C0018B1384605F0F0FEE8B9304602F018FB60
:103E1C00002104F1400005F069FE264901A80BF0D1
:103E2C00BBFD01A9032204F17C0003F0A9FE01A84B
:103E3C000BF0ECFD04F548701E4905F077FC2846A4
:103E4C0004B0BDE8F08104F5B868404605F004FF05
:103E5C0020B1404605F0C8FE8046E8B9304602F075
:103E6C00EFFA304602F07EFA002104F1400005F032
:103E7C003DFE114901A80BF08FFD01A9032204F1AD
:103E8C007C0003F07DFE01A80BF0C0FD0B4904F58E
:103E9C00487005F04BFCA1E7B7EE000A3846FFF777
:103EAC003FFB3846FFF7FCFA0123454684F8313CCA
:103EBC0094E700BF101200207C1100203812002063
:103ECC0010B50446783002F04DFA002384F8303CEB
:103EDC0084F8323C10BD00BF38B50446002578305C
:103EEC0002F0AEFA1F21064884F8315C84F8335C8A
:103EFC000EF01CF803480BF085FB84F8325C38BDDF
:103F0C006C1200205092002038B50446084D09214F
:103F1C0008480EF00BF80023D4F8B01028460A22FB
:103F2C000BF08CFB2846BDE838400BF06BBB00BF98
:103F3C00509200201C0F002000F63741C82210B50B
:103F4C0082B004469030019104F054FA0199A0B16A
:103F5C00034604F548701A46019004F0BDFA23217B
:103F6C00019804F079FD1E2105480DF0DFFF05488E
:103F7C0002B0BDE810400BF045BB23210248F4E72A
:103F8C00FC0E002050920020D80E002000000000F3
:103F9C002DE9F04F2DED068B9FEDC1AB9FEDC29B34
:103FAC0089B0DFF820930446DFF81C839FEDC08AAC
:103FBC0000F14005DFEDBF8A284605F091FD70BB8E
:103FCC0021230DF1130128468DF8133005F0A8FDBF
:103FDC0028B39DF813301F2B26D8DFE813F0850289
:103FEC007D02730269025F0255024D0245024002D6
:103FFC00370223020802C401B701AA019D018A01FC
:10400C0077014B0125002301BB0095006F002500B3
:10401C002500250025006B0058004500330009B031
:10402C00BDEC068BBDE8F08F494605A80BF0B4FC3F
:10403C00032205A904F17C0003F0A2FD05A80BF0F6
:10404C00E5FCB9E70122B4F8141305A884F81C2385
:10405C008DF814200CF0FEFA172140460DF066FF87
:10406C0095480BF0CFFAA7E700230122B4F81413FC
:10407C0005A884F81C338DF814300CF0EBFA1A21D7
:10408C008E480DF053FF8C480BF0BCFA94E794F873
:10409C00283C012B90D994F81C33002B8CD004F2C3
:1040AC001C6104F5487005F041FB0021284605F021
:1040BC001DFD81E72046FFF73FFF7DE704F5B46760
:1040CC0004F29C5A05AE04F523733A680692DAF8AA
:1040DC0000200592082296E8030083E8030030468E
:1040EC00B4F884120CF0B6FADAF8002004F28C73EF
:1040FC00212104F548701A6004F5F2633A681A60DD
:10410C00012204F09DFA57E704F5B36704F2945AC0
:10411C0005AE04F531733A680692DAF80020059280
:10412C00082296E8030083E803003046B4F8BC127A
:10413C000CF090FADAF8002004F2D473202104F584
:10414C0048701A6004F5FB633A681A60012204F0A7
:10415C0077FA31E704F5B06B04F27C5305AE04F248
:10416C008C51DBF8002004F59E7C029104F5B167BC
:10417C00069204F2845A1A68039304F5B26305920A
:10418C000822019396E803008CE80300B4F834117C
:10419C0030460CF05FFA3A6804F5AC7C0692DAF81B
:1041AC0000200592082296E803008CE80300B4F87E
:1041BC00501130460CF04EFA019B029904F5BA7C72
:1041CC001A6806920A680592082296E803008CE8A1
:1041DC0003003046B4F86C110CF03CFA039B0299C6
:1041EC0004F548701A6804F5D3631A6004F29C63F2
:1041FC00DBF800201A6004F2AC63DAF800201A60D5
:10420C0004F5D6633A681A6004F5D8630A681F216E
:10421C001A60019B1A6804F2C4631A60012204F04C
:10422C000FFAC9E60C2126480DF080FE22480BF04F
:10423C00E9F994F8283C012B3FF6BEAE2046FFF777
:10424C002DFDB0EE680A04F5B86002F025F90028DF
:10425C0040F0A78102460C2104F5487004F0F0F9F7
:10426C0004F1780002F07EF8002384F8303C84F8E6
:10427C00323CA1E604F5AF63B4F8201105A8042282
:10428C001B68C4F8283105930CF0E4F901221E21B7
:10429C0004F5487004F0D4F98EE600BFAFF300804B
:1042AC00D7A3703D0AD7EF3F0000000000FAC740CB
:1042BC0000007A43000000005092002028110020DA
:1042CC00CC1000205C1100204411002004F26C532F
:1042DC00B4F8F81005A804221B68C4F80031059343
:1042EC000CF0B8F901221D2104F5487004F0A8F96E
:1042FC0062E604F5AC63B4F8D01005A804221B6880
:10430C00C4F8D83005930CF0A5F901221C2104F552
:10431C00487004F095F94FE604F274530422B4F893
:10432C000C1105A81B68C4F8143105930CF092F914
:10433C0042E604F5AD630422B4F8E41005A81B684A
:10434C00C4F8EC3005930CF085F935E604F25C53B7
:10435C000422B4F8BC1005A81B68C4F8C43005933B
:10436C000CF078F928E61D2104F178079048002616
:10437C000DF0DCFD8F480BF045F9384602F060F883
:10438C001F218D4884F8316C84F8336C0DF0CEFD10
:10439C0088480BF037F9384684F8326C01F0E2FFAC
:1043AC00D4F8DC3584F8306CB34284F8326C80F28B
:1043BC00B1805B4204F26451032204F5487607EEA7
:1043CC00103A04F5AD63B8EEC77B27EE0A7B87EE97
:1043DC00096BB7EEC66B81ED006A83ED008A84F839
:1043EC00282C30460122142104F02AF9E4E5002699
:1043FC0004F17800019001F0B5FF019884F8306C5D
:10440C0084F8326C02F01CF81F216B4884F8316C74
:10441C0084F8336C0DF08AFD66480BF0F3F884F8E1
:10442C00326CC9E594F8283C002B67D12046FFF785
:10443C0035FC28B12046FFF7C7FC00287FF4BCAD43
:10444C005E4904F5487005F071F9B5E594F8303C17
:10445C00002B4DD004F5B86002F0FEF9ACE504F584
:10446C00B86002F0F5F9A7E594F8283C012B4BD87D
:10447C00072384F8283C9FE594F8283C012B5ED850
:10448C00062384F8283C97E594F8283C012B5CD94A
:10449C004B4904F5487005F049F98DE594F8283C32
:1044AC00012B70D9474904F5487005F03FF983E5B5
:1044BC0094F8283C012B5CD9434904F5487005F06D
:1044CC0035F979E594F8283C012B48D93F4904F596
:1044DC00487005F02BF96FE594F8283C012B5CD063
:1044EC00012384F8283C67E5002384F8283C63E525
:1044FC00374904F5487005F019F95DE5354904F5BF
:10450C00487005F013F957E5334904F5487005F088
:10451C000DF951E52B2104F5487630480DF006FDD8
:10452C0024480BF06FF80121304604F039F964206F
:10453C000BF0A2FD0121304604F032F951E7284975
:10454C0004F5487005F0F2F836E5052301221B212D
:10455C0004F5487084F8283C04F072F82CE502232A
:10456C000122182104F5487084F8283C04F068F8FE
:10457C0022E503230122192104F5487084F8283C14
:10458C0004F05EF818E5042301221A2104F54870A2
:10459C0084F8283C04F054F80EE5002384F8363CEB
:1045AC000AE501220C2104F5487004F049F857E69D
:1045BC00DC100020509200206C120020881000208B
:1045CC00FC0F0020DC0F0020B80F0020980F0020FB
:1045DC0068100020A410002044100020FC100020C3
:1045EC002410002010B5044682B000F548700190EC
:1045FC00FEF720FF0198FEF72FFE2046FFF7C8FCC0
:10460C002046FFF767F804F21C6001F041FE044BF2
:10461C0045F255514AF6AA2259805A8002B010BD73
:10462C0000800B4008B50BF047FE034B0021034AFA
:10463C00C3E9002108BD00BF08C50020F41C002000
:10464C002DE9F047474D0746474C40F2EE29DFF87D
:10465C0050812E68DFF84CA10DF0E6FC2378002B7E
:10466C0062D098F80030DB075ED52B68DAF80020B2
:10467C009B1A0E2B58D900224FF4E1313B480AF01B
:10468C0075FC0E213A480DF051FC072139480DF00C
:10469C004DFC012138480DF049FC0B2137480DF039
:1046AC0045FC012134480DF041FC082134480DF043
:1046BC003DFC34480AF0A6FF07F1900003F06AFEB7
:1046CC00002846D1304907F5487005F02FF8D7F887
:1046DC00B01007F17C0003F06DFD90BB2B4907F582
:1046EC00487005F023F807F21C64204600F0ECFB40
:1046FC00122127480DF01AFC22480AF083FF2046AD
:10470C0000F030FC0D2123480DF010FC1D480AF080
:10471C0079FF3846FFF7F8FB0C200BF005FB384609
:10472C00BDE8F047FFF716B82B6822789B1B2AB11F
:10473C00B3F5FA6F9FD80DF077FC8DE74B45FAD99E
:10474C0099E71A2114480DF0F1FB0E480AF05AFFB4
:10475C00C9E71E2111480DF0E9FB0A480AF052FF87
:10476C00B5E700BFECC4002038C5002060920020E3
:10477C00F816002008170020A013002010170020A6
:10478C001C170020509200202817002074170020BE
:10479C00AC170020C01700209017002054170020E1
:1047AC0037C50020FCC4002010B51A4C2378013307
:1047BC00DBB20A2B237004D10021174B012221708C
:1047CC001A70237803F0FF0153B12378012BD9B26F
:1047DC000DD02378022B10D02378032B14D010BDCE
:1047EC0025200BF0C7FC2378012BD9B2F1D1252061
:1047FC000BF0C0FC2378022BEED1002125200BF00E
:10480C00B9FC2378032BEAD101212520BDE8104007
:10481C000BF0B0BC33C50020439A0020F8B59D4D79
:10482C000446D0F81468C0F80458002E3AD07768C3
:10483C00013F7760002F35D13368974ADB6A93428A
:10484C0040F00381B06D10B111F076FBB765336D9C
:10485C00002B00F0F28006F1180009F041FCD4F8AE
:10486C001468FEB133688D4A5B68934240F01C813A
:10487C008B4BB06D336018B111F05EFB0023B36548
:10488C00336D06F11807002B00F0ED80384609F067
:10489C0027FC844B3846B36009F022FC5C2130467F
:1048AC000BF08CFFD4F8F465C4F8E455002E3AD024
:1048BC007768013F7760002F35D13368764ADB6A21
:1048CC00934240F0C580B06D10B111F035FBB76567
:1048DC00336D002B00F0A48006F1180009F000FCE9
:1048EC00D4F8F465FEB133686C4A5B68934240F0CF
:1048FC00CD806B4BB06D336018B111F01DFB0023F4
:10490C00B365336D06F11807002B00F0A78038460D
:10491C0009F0E6FB634B3846B36009F0E1FB5C2120
:10492C0030460BF04BFFD4F8BC65C4F8AC55002EE8
:10493C0038D07768013F7760002F33D13368564AFF
:10494C00DB6A934240F08780B06D10B111F0F4FA3D
:10495C00B765336D002B68D006F1180009F0C0FB69
:10496C00D4F8BC65F6B133684C4A5B68934240F0AE
:10497C008A804B4BB06D336018B111F0DDFA002317
:10498C00B365336D06F11807002B75D0384609F066
:10499C00A7FB444B3846B36009F0A2FB5C213046C0
:1049AC000BF00CFFD4F88C60E567002E36D07568E0
:1049BC00013D7560002D31D13368374ADB6A934273
:1049CC0040D1B06D10B111F0B7FAB565336D002B55
:1049DC002FD006F1180009F083FBD4F88C50EDB100
:1049EC002B682E4A5B6893424AD12D4BA86D2B60E5
:1049FC0018B111F0A1FA0023AB652B6D05F1180667
:104A0C00002B35D0304609F06BFB264B3046AB60A3
:104A1C0009F066FB5C2128460BF0D0FE2046F8BD61
:104A2C00736D002B7FF458AF5AE7736D002B93D145
:104A3C0096E7736D002BCCD1CFE7736D002B7FF411
:104A4C000AAF0CE730469847C7E73046984706E769
:104A5C003046984744E73046984781E7736D002B02
:104A6C007FF455AF56E7736D002B7FF40FAF10E753
:104A7C006B6D002BC6D1C8E7736D002B86D188E710
:104A8C0028469847CAE7304698478BE73046984700
:104A9C0049E700BF241C0020BD060000D10D00001A
:104AAC00741C0020201B002030469847FAE600BFFB
:104ABC000121252010B50BF099FB002125200BF0CE
:104ACC0059FB4D4BDFED4D6A0022D3ED007A9FED83
:104ADC004C7AF8EE677A67EEA67A67EE877AFCEE88
:104AEC00E77A17EE903AB3F5004F7AD301325B08B0
:104AFC00082AF8D148F2010C47F6FF734FF407620D
:104B0C004048414CB0F88C116FEA41416FEA514179
:104B1C0089B2A0F88C110821A0F88E11B0F8881178
:104B2C0089B241F08001A0F888114FF40051A0F82F
:104B3C0024110021A0F8262140F60802A0F822C179
:104B4C00A0F82A11A0F82E31A0F83211A0F83611D5
:104B5C00A0F83A11A0F83E11B0F8881189B20A43B6
:104B6C002A49A0F888212A4A23801160294B2A4A15
:104B7C00C3F8E4214FF480534FF0E02C4FF4007253
:104B8C002649A0F84431A0F84631CCF80C21244831
:104B9C000AF05AFB4FF40072224921480AF06EFBCE
:104BAC004FF40072204921480AF04EFB4FF400727A
:104BBC001F491E480AF062FB4FF400721D491E4843
:104BCC000AF042FB4FF400721C491B480AF056FBDA
:104BDC001B48FFF735FD4FF4FA70BDE810400BF0A1
:104BEC004BBA12019BB242F40062C3F1000C92B2B8
:104BFC001FFA8CFC84E700BFF89100200050C347DB
:104C0C00BD37063500C03D4014C50020E927000023
:104C1C0040940020009C00200D85000088A00020FE
:104C2C006092002088A2002088A4002020930020FD
:104C3C0088A6002088A80020C092002088AA002006
:104C4C0004B7002010B50848084CFFF7CBFC00E077
:104C5C0062B601200BF010FA72B62378002BF7D055
:104C6C000023237062B610BD04B70020439A0020C5
:104C7C0010B5064C0BF020FB2046FEF7A9FC204695
:104C8C00034A0449BDE810400DF024BB04B70020D2
:104C9C004C9400205D2800002DE9F04788467D49A2
:104CAC0000251746C0F880101E467B4A0023C0F82A
:104CBC0094100446C0F8A810DC3078494FF47A7A86
:104CCC0020F8545C00F8525C20F8405C00F83E5C24
:104CDC0020F82C5C00F82A5C20F8185C00F8165CB4
:104CEC0040F8783C40F8743C40F8703C40F86C3C20
:104CFC0040F8683C40F8643C40F8583C40F8503C64
:104D0C0040F8443C40F83C3C40F8303C40F8283CEF
:104D1C0040F81C3C40F8602C40F84C2C40F8382CE7
:104D2C0040F8242C40F8201C40F8143C40F8102C7F
:104D3C00602240F80C1C294640F8083C20F8045C22
:104D4C0000F8025C13F02CF84FF07C53DFF87091F4
:104D5C007822C4F8E83004F59E70514B4946C4F8EB
:104D6C00F830504BC4F8FC304F4BC4F810314F4B5B
:104D7C00C4F814314E4BC4F8E0304E4BC4F8E43058
:104D8C00152384F8EE304C4BC4F80031102384F812
:104D9C0006314A4BC4F818311B2384F81E310BF032
:104DAC0071FC09F1780C04F5DA7EDFF81891BCE897
:104DBC000F00AEE80F00BCE80F00AEE80F009CE857
:104DCC0003008EE803000B2104F50370C4F8F0A176
:104DDC0084F8F451C4F8F851C4E97A9505F0B4FAA2
:104DEC000C2104F50F7005F0AFFA0D2104F51B70C2
:104DFC0005F0AAFA4FF43A72294604F22230C4F8AC
:104E0C00BC5284F8C052C4F8C252C4F8C652C4F89A
:104E1C00CA52C4F8CE52C4F8D252C4F8D652C4F80E
:104E2C00DA52C4F8DE52C4F8E252C4F8E652C4F8BE
:104E3C00EA52C4F8EE52C4F8F252C4F8F652C4F86E
:104E4C00FA52C4F8FE52C4F80253C4F80653C4F81C
:104E5C000A53C4F80E53C4F81253C4F81653C4F8CA
:104E6C001A53C4F81E5312F09BFF089B2046C4F83B
:104E7C000062C4F8FC31099BA4F8DC51C4F804327C
:104E8C000A9B84F8DE51C4F80832C4E97887BDE87F
:104E9C00F08700BF0000C8C20000C84200C079C43F
:104EAC000000A041000040410000D04100009041B2
:104EBC00333373406666264060E5D03DE3C7983DCA
:104ECC00D8030020241C0020F8B500F51B750446FF
:104EDC00284605F055FAE0B104F50377384605F09D
:104EEC004FFA20B304F50F76304605F049FA60B35B
:104EFC0004F16401384605F09FFA04F1680130466C
:104F0C0005F09AFA04F16C012846BDE8F84005F06A
:104F1C0093BA2721114804F503770DF007F81048D0
:104F2C000AF070FB384605F02BFA0028DAD127215D
:104F3C000A4804F50F760CF0F9FF09480AF062FBF9
:104F4C00304605F01DFA0028D2D1272103480CF079
:104F5C00EDFF03480AF056FBCAE700BF200900200A
:104F6C0050920020D0F80832D3F8AC20C267D3F8A6
:104F7C00B020C0F88020D3F8C820C0F89020D3F817
:104F8C00CC20C0F89420D3F8E420C0F8A420D3F8A7
:104F9C00E820C0F8A820D3F85421C0F8E020D3F8BA
:104FAC005821C0F8E420D3F87021C0F8F820D3F8C9
:104FBC007421C0F8FC20D3F88C21C0F81021D3F850
:104FCC009021C0F81421D3F8A821C0F82821D3F8D7
:104FDC00AC21C0F82C21D3F8C421C0F84021D3F85F
:104FEC00C821C0F84421D3F8E021C0F85821D3F8E7
:104FFC00E421C0F85C21D3F8FC21C0F87021D3F86F
:10500C000022C0F87421D3F81822C0F88821D3F8F4
:10501C001C22C0F88C21D3F83422C0F8B821D3F864
:10502C003822C0F8BC21D3F85022C0F8CC21D3F8D8
:10503C005432C0F8D0317047F0B5944F85B0944ECF
:10504C000446944DD4F8E00104F04AFD00286BD1DD
:10505C0007230DF10301D4F8E0018DF8033004F0BF
:10506C005FFD002860D09DF80330062B00F2FF8016
:10507C00DFE813F0F300EB00DF00D80093005C00D6
:10508C00070094ED672AD4ED611A94ED5B1AD4ED08
:10509C00550A94ED4F0AD4F8040204F00FFC0A21CF
:1050AC0030460CF043FF94ED4F0A02212846B7EE30
:1050BC00C00A0AF0D9FA012177480CF037FF94EDB9
:1050CC00550A02212846B7EEC00A0AF0CDFA012192
:1050DC0071480CF02BFF94ED5B0A02212846B7EEC9
:1050EC00C00A0AF0C1FA01216B480CF01FFF94EDC5
:1050FC00610A02212846B7EEC00A0AF0B5FA01216E
:10510C0065480CF013FF94ED670AB7EEC00A022154
:10511C0028460AF0A9FA28460AF074FAD4F8E001F5
:10512C0004F0DEFC002893D005B0F0BDD4ED491A94
:10513C0094ED431AD4ED3D0A94ED370AD4F80402E9
:10514C0004F08EFB0A2155480CF0F0FE94ED370A62
:10515C0002212846B7EEC00A0AF086FA01214E4811
:10516C000CF0E4FE94ED3D0A02212846B7EEC00A8D
:10517C000AF07AFA012148480CF0D8FE94ED430A63
:10518C0002212846B7EEC00A0AF06EFA0121424805
:10519C000CF0CCFE94ED490AB7E794ED322AD4ED2D
:1051AC002D1A94ED281AD4ED230A94ED1E0AD4F886
:1051BC00040204F01FFB072139480CF0B7FE94EDF4
:1051CC001E0A02212846B7EEC00A0AF04DFA012148
:1051DC0031480CF0ABFE94ED230A02212846B7EEC1
:1051EC00C00A0AF041FA01212B480CF09FFE94ED05
:1051FC00280A02212846B7EEC00A0AF035FA012126
:10520C0025480CF093FE94ED2D0A02212846B7EEAA
:10521C00C00A0AF029FA01211F480CF087FE94ED10
:10522C00320A72E700220123A4F8DC2184F8DE3173
:10523C0008E7002294F8DE31A4F8DC21002B3FF4BF
:10524C0001AF002384F8DE31FCE6012294F8DE3154
:10525C00A4F8DC21002BF4D1F4E640F2011294F80E
:10526C00DE31A4F8DC21002B3FF4ECAEE9E7394643
:10527C0001A80AF091FB032201A904F5F47002F0D5
:10528C007FFC01A80AF0C2FBDCE600BF4808002046
:10529C003C08002050920020EC1800203008002020
:1052AC0028080020F2EE0C7A90ED3D7AB4EEE77A05
:1052BC00F1EE10FACCBF0120002070472DE9F0432D
:1052CC00704D04462B68DB072DED028B89B040F145
:1052DC00BA8000226C4D01266C4F1346DFF8CC913E
:1052EC00DFF8CC812A705A1E032A00F2C880DFE84E
:1052FC0002F05C59560294ED1D8A03EB83030022E5
:10530C0004EB8303D3ED1F7A83ED1E8AF4EEC87A87
:10531C0083F88820F1EE10FA4AD593F88960002EB4
:10532C0061D02B78B7EEC87A3A4664212046002625
:10533C008DED007B11F0BCFAB0EE480A022102A8F8
:10534C000AF0CCFB02A905A80AF044FB504905A8B9
:10535C000AF068FC01464F480AF02EFC05A80AF03A
:10536C0055FB02A80AF052FB2B780133DBB2042B5D
:10537C002B70B8D90023484F2B7047F23053474D50
:10538C003A6829680B44934269D3454941480AF06D
:10539C00C1FB304609B0BDEC028BBDE8F08394ED47
:1053AC001C8AAAE794ED1B8AA7E794ED1A8AA4E756
:1053BC00D3ED207AF4EEC87AF1EE10FA0EDD93F804
:1053CC008A6046B32B78B7EEC87A3A4664212046F9
:1053DC0000268DED007B11F06BFAADE783F8892088
:1053EC0083F88A20A8E7414605A80AF0D5FA0322DB
:1053FC0005A904F5F47002F0C3FB05A80AF006FB3E
:10540C002B78012103EB830204EB820282F88910D2
:10541C0082F88A6086E7494605A80AF0BDFA03229D
:10542C0005A904F5F47002F0ABFB05A80AF0EEFA3E
:10543C002B78012103EB830204EB820282F8896052
:10544C0082F88A10BFE7164912480AF0A5FA012320
:10545C00144A15490F482B600CF03CFF39E70D49F5
:10546C0005A80AF0B7FA022205A904F5F47002F0B7
:10547C0087FB05A80AF0CAFA3B682B6085E794ED18
:10548C00198A3AE764B1002027C50020F0080020F3
:10549C00EC180020BCB30020ECC40020B8B30020F2
:1054AC00B40900204C9400204DDA00000C090020B7
:1054BC00DC0800202DE9F043724D89B004462B68BE
:1054CC00DB0740F1A780704D2B7803EB430304EB13
:1054DC00C30393F8EE000AF0CFFB9FED6C7A80B219
:1054EC002B789FED6B6A07EE900A03EB4302F8EE04
:1054FC00676A04EBC202A2F8EC00C6EE877AD2ED22
:10550C003A6A92ED387A67EE867A87EEA60AB4EE9E
:10551C00C70A82ED370AF1EE10FA36DD92F8EF7019
:10552C0005AE002F00F08280B7EEC00A594A642104
:10553C00204600278DED000B11F0BAF92B7803EB08
:10554C00430304EBC30393ED370A022102A80AF0CC
:10555C00C5FA02A930460AF03DFA4F4930460AF026
:10556C0061FB01464D480AF027FB30460AF04EFA23
:10557C0002A80AF04BFA2B780133DBB2042B32D0A1
:10558C0038462B7009B0BDE8F083D2ED397AB4EE11
:10559C00E70AF1EE10FA1ED592F8F07005AE002F66
:1055AC00C2D13F4930460AF0F7F90322314604F5DF
:1055BC00F47002F0E5FA30460AF028FA2B78012153
:1055CC0003EB430204EBC20292ED370A82F8EF7050
:1055DC0082F8F010A8E70023012705AE82F8EF301F
:1055EC0082F8F030B1E74FF00009DFF8CC8047F2D9
:1055FC00305385F800902B4DD8F800102A681344CE
:10560C008B422DD3284925480AF084FA384609B034
:10561C00BDE8F083244921480AF0BEF90123234A4E
:10562C0023491E482B600CF055FE4CE721493046AF
:10563C000AF0B2F90322314604F5F47002F0A0FA34
:10564C0030460AF0E3F92B78012103EB430204EB1B
:10565C00C20292ED370A82F8EF1082F8F07063E71D
:10566C000E4930460AF0B6F94A46314604F5F47054
:10567C0002F086FA30460AF0C9F9D8F800302B60EF
:10568C00C0E700BF60B1002026C5002000F07F45B8
:10569C0048E14A40FC070020EC180020ACB3002085
:1056AC0018080020A8B30020B40900204C94002056
:1056BC004DDA0000EC070020ECC4002000000000D4
:1056CC002DE9F041A64C05462368DB072DED028B36
:1056DC0088B040F1E38064249FEDA28AA24E337817
:1056EC0003EB430305EBC30393F84E010AF0C4FA32
:1056FC0007EE900A013CF8EEE77A38EE278AEED1F5
:10570C00B7EEC88A33789FED905B03EB4300042B14
:10571C004FEA430188EE056B05EBC000BCEEC66B8F
:10572C0016EE102A92B207EE902AA0F84C21F8EE51
:10573C00677A00F09C809FED8D6AD0ED526A9FEDE8
:10574C008C5AC6EE265A9FED8B7ADFED8B6A87EE6C
:10575C00856AA5EE867A27EE260A80ED4F0ACA18CE
:10576C0005EBC202D2ED507AF4EEC07AF1EE10FAEB
:10577C0038D592F84F7105AC002F00F09B80B7EE36
:10578C00C00A7E4A6421284600278DED000B11F0DB
:10579C008FF8337803EB430305EBC30393ED4F0A08
:1057AC00022102A80AF09AF902A920460AF012F97D
:1057BC00734920460AF036FA014672480AF0FCF9A1
:1057CC0020460AF023F902A80AF020F933780133B5
:1057DC00DBB2052B34D03846337008B0BDEC028BED
:1057EC00BDE8F081D2ED517AF4EEC07AF1EE10FA08
:1057FC001EDD92F8507105AC002FC0D162492046D5
:10580C000AF0CAF80322214605F5F47002F0B8F943
:10581C0020460AF0FBF83378012103EB430205EB39
:10582C00C20292ED4F0A82F84F7182F85011A6E72E
:10583C000023012705AC82F84F3182F85031AFE7D5
:10584C000023DFF86481337047F230534F4ED8F8A1
:10585C00002031680B44934263D34D4949480AF008
:10586C0059F9384608B0BDEC028BBDE8F0819FEDCC
:10587C003F7ADFED3F4A67EE877A9FED356B87EE17
:10588C00A47A9FED355BB7EEC77A36EE476B86EEA2
:10589C00050BB7EEC00B85ED670A60E73C4939484C
:1058AC000AF07AF801233B4A3B49364823600CF056
:1058BC0011FD10E7394920460AF06EF80322214603
:1058CC0005F5F47002F05CF920460AF09FF80C2103
:1058DC0033480CF02BFB0A223B463178314809F057
:1058EC00ADFE304809F08EFE337802212D4803EBD3
:1058FC00430305EBC30393ED4F0AB7EEC00A09F05F
:10590C00B3FE284809F07EFE3378012103EB4302F5
:10591C0005EBC20292ED4F0A82F84F1182F85071DA
:10592C002DE7184920460AF055F80122214605F5C5
:10593C00F47002F025F920460AF068F8D8F8003027
:10594C0033608AE7AFF3008000000000000059408C
:10595C00666666666666FA3FBA490C022B87A63FF6
:10596C005CB100200000000025C5002048E14A4041
:10597C0000F07F4562BE3CB900C04146C007002024
:10598C00EC1800209CB30020DC07002098B300200A
:10599C00B40900204C9400204DDA0000A007002030
:1059AC00B007002050920020ECC4002030B589B024
:1059BC0004467A4902A809F0EFFF94F8DC514DB97E
:1059CC00012594F8DD31B3BB02A80AF01FF8284674
:1059DC0009B030BDD4F8000204F08AFA002864D073
:1059EC00D4F80022002394ED706AB2F91020D4EDA3
:1059FC006E6A07EE902A84F8C431F8EEE77A87EEE7
:105A0C00867AB4EEE67A84ED6D7AF1EE10FA70DDFA
:105A1C0094F8C551002D00F09780B7EEC77A604A14
:105A2C006421204600258DED007B10F041FF94F899
:105A3C00DD31002BC8D0D4F8FC0104F059FA58B36E
:105A4C00D4F8FC21002394ED756AB2F91020D4ED42
:105A5C00736A07EE902A84F8D831F8EEE77A87EE6D
:105A6C00867AB4EEE67A84ED727AF1EE10FA20DDE5
:105A7C0094F8D951002D7CD0B7EEC77A494A6421ED
:105A8C00204600258DED007B10F012FF02A809F0D6
:105A9C00BDFF284609B030BD012302A884F8D831D7
:105AAC0009F0B4FF284609B030BD012384F8C43195
:105ABC0087E7D4ED747AB4EEE77AF1EE10FA3ED5BE
:105ACC0094F8DA51002DD7D1374905A809F064FFB5
:105ADC00032205A904F5F47002F052F805A809F0A8
:105AEC0095FF012394ED727A84F8D95184F8DA3158
:105AFC00C2E7D4ED6F7AB4EEE77AF1EE10FA18D56E
:105B0C0094F8C651002D88D1284905A809F044FF06
:105B1C00032205A904F5F47002F032F805A809F087
:105B2C0075FF012394ED6D7A84F8C55184F8C63164
:105B3C0073E7054684F8C53184F8C63141E784F82B
:105B4C00D93184F8DA313FE7194905A809F024FF67
:105B5C00032205A904F5F47002F012F805A809F067
:105B6C0055FF012394ED6D7A84F8C65184F8C53144
:105B7C0053E7104905A809F00FFF032205A904F506
:105B8C00F47001F0FDFF05A809F040FF012394ED2E
:105B9C00727A84F8DA5184F8D9316DE7B4090020AF
:105BAC002007002068070020840700203C07002005
:105BBC000C0700205007002090F8DC3110B504468B
:105BCC0084B023B994F8DD31C3B904B010BDD0F85A
:105BDC00000200F08FFC0028F4D1134901A809F051
:105BEC00DBFE032201A904F5F47001F0C9FF01A842
:105BFC0009F00CFF94F8DD31002BE6D0D4F8FC0151
:105C0C00FDF75AFC0028E0D1084901A809F0C4FEB0
:105C1C00032201A904F5F47001F0B2FF01A809F008
:105C2C00F5FE04B010BD00BF98080020B808002095
:105C3C0090F8C421034610B452BBF2EE046A90ED06
:105C4C006D6ADFEDBF7A9FEDBF7AE6EE267AF4EE51
:105C5C00C77AF1EE10FA80F26F81F5EEC07AF1EEB0
:105C6C0010FA0AD9FCEEE77A17EE902A92B2B3F842
:105C7C00D612914238BFA3F8D62293F8D8120A292B
:105C8C0006D0481C03EB410183F8D802A1F8C222CC
:105C9C0093F8D82152BBF2EE046A93ED726ADFEDF1
:105CAC00A87A9FEDA87AE6EE267AF4EEC77AF1EEA2
:105CBC0010FA80F23281F5EEC07AF1EE10FA0AD9C0
:105CCC00FCEEE77A17EE902A92B2B3F8EE129142FC
:105CDC0038BFA3F8EE2293F8F0120A2906D0481C1C
:105CEC0003EB410183F8F002A1F8DA22B3F80623A2
:105CFC00B3F87C118A4293F8082338BFA3F8061333
:105D0C000A2A06D0501C03EB420283F80803A2F8BF
:105D1C00F212B3F81E23B3F894118A4293F820239D
:105D2C0038BFA3F81E130A2A06D0501C03EB4202FC
:105D3C0083F82003A2F80A1393F8882052BBF2EEE2
:105D4C00046A93ED1E6ADFED7E7A9FED7E7AE6EEB5
:105D5C00267AF4EEC77AF1EE10FA80F2E780F5EECF
:105D6C00C07AF1EE10FA0AD9FCEEE77A17EE902A17
:105D7C0092B2B3F89A13914238BFA3F89A2393F8CE
:105D8C009C133C2906D0481C03EB410183F89C036F
:105D9C00A1F8222393F89C2052BBF2EE046A93EDF7
:105DAC00236ADFED677A9FED677AE6EE267AF4EEEA
:105DBC00C77AF1EE10FA80F2BC80F5EEC07AF1EE03
:105DCC0010FA0AD9FCEEE77A17EE902A92B2B3F8E1
:105DDC001614914238BFA3F8162493F818143C29D2
:105DEC0006D0481C03EB410183F81804A1F89E234C
:105DFC0093F8B02052BBF2EE046A93ED286ADFED03
:105E0C00507A9FED507AE6EE267AF4EEC77AF1EEF0
:105E1C0010FA80F28580F5EEC07AF1EE10FA0AD90C
:105E2C00FCEEE77A17EE902A92B2B3F892149142F4
:105E3C0038BFA3F8922493F894143C2906D0481C3C
:105E4C0003EB410183F89404A1F81A2493F8C420BD
:105E5C004ABBF2EE046A93ED2D6ADFED397A9FEDC1
:105E6C00397AE6EE267AF4EEC77AF1EE10FA5ADABF
:105E7C00F5EEC07AF1EE10FA0AD9FCEEE77A17EEDD
:105E8C00902A92B2B3F80E15914238BFA3F80E25A2
:105E9C0093F810153C2906D0481C03EB410183F8FC
:105EAC001005A1F89624B3F88A25B3F84C118A4250
:105EBC0093F88C2538BFA3F88A153C2A06D0501CC1
:105ECC0003EB420283F88C05A2F81215B3F80626F0
:105EDC00B3F804118A4293F8082638BFA3F80616C3
:105EEC003C2A06D0501C03EB420283F80806A2F8A9
:105EFC008E15154942F21C52D3F8BC420868224454
:105F0C00824206D20A6801205DF8044BC3F8BC2219
:105F1C00704700205DF8044B70474FF6FF72D4E6D3
:105F2C004FF6FF7281E74FF6FF72ABE74FF6FF7249
:105F3C001FE74FF6FF724AE74FF6FF7297E600BF76
:105F4C000060EA4600FF7F47ECC400200000000020
:105F5C00F0B5002185B000F5277504460DF102035C
:105F6C00ADF802101D22294690F8C00203F084FB04
:105F7C0094F8C0120646C1EB411304EB830393F86B
:105F8C009C0368B3421E7C233E274FEA411CD2B2CD
:105F9C0003FB01439FEDBA7A17FB012704F222326F
:105FAC0003F5487302EB470233F8027F07EE907A51
:105FBC009342F8EEE77A37EE277AF5D107EE900A9E
:105FCC00ACEB010C0023F8EE676A04EB8C0C8CF83C
:105FDC009C33C7EE267AFCEEE77A17EE903A98B22D
:105FEC000DF102031D22294603F05CFB94F8C0322C
:105FFC0006401D22C3EB43132946F6B204EB830380
:10600C00B3F89A030DF1020303F04CFB94F8C03281
:10601C0000220640C3EB4311052B04EB8101A1F8D0
:10602C009A2301D00133DAB294F8D80284F8C02252
:10603C0008B3431E04F2C2229FED917ADBB202EB4D
:10604C00430204F5307333F8021F07EE901A9342A3
:10605C00F8EEE77A37EE277AF5D107EE900AF8EEEC
:10606C00677AC7EE276AFCEEE67A17EE903A98B29A
:10607C00002384F8D8320DF102031D22294603F0C7
:10608C0011FB06400DF102031D222946B4F8D6027D
:10609C0003F008FB064094F8F00208B3431E04F228
:1060AC00DA229FED777ADBB202EB430204F536730A
:1060BC0033F8021F07EE901A9A42F8EEE77A37EEA1
:1060CC00277AF5D107EE900AF8EE677AC7EE276AC1
:1060DC00FCEEE67A17EE903A98B2002384F8F03290
:1060EC000DF102031D22294603F0DCFA06400DF1E6
:1060FC0002031D222946B4F8EE0203F0D3FA06403F
:10610C0094F8080308B3431E04F2F2229FED5C7A64
:10611C00DBB202EB430204F53C7333F8021F07EECB
:10612C00901A9A42F8EEE77A37EE277AF5D107EE15
:10613C00900AF8EE677AC7EE276AFCEEE67A17EE5D
:10614C00903A98B2002384F808330DF102031D2213
:10615C00294603F0A7FA06400DF102031D22294639
:10616C00B4F8060303F09EFA064094F8200308B333
:10617C00431E04F20A329FED427ADBB202EB430279
:10618C0004F5427333F8021F07EE901A9A42F8EEA8
:10619C00E77A37EE277AF5D107EE900AF8EE677AB0
:1061AC00C7EE276AFCEEE67A17EE903A98B2002317
:1061BC0084F820330DF102031D22294603F072FAF4
:1061CC000DF1020306401D222946B4F81E0303F00C
:1061DC0069FA002306400DF10202A4F8D6321D2103
:1061EC00A4F8EE322846A4F80633A4F81E33D4F8EB
:1061FC00003293ED077A9FED206BB8EEC77B87EEEC
:10620C00060BB7EEC00B03F07FFAD4F8FC31064056
:10621C000DF1020293ED070A1D21284603F074FAD2
:10622C0020B11EB1BDF802301D2B0ED0154901A8AE
:10623C0009F0B2FB032201A904F5F47001F0A0FCF3
:10624C0001A809F0E3FB05B0F0BD1A462946D4F8C5
:10625C00040202F041F92221D4F8040202F0FCFB02
:10626C00152109480BF062FE084809F0CBF905B07E
:10627C00F0BD00BFAFF300800000000000FAC74083
:10628C00000000007C0800206408002050920020D0
:10629C0038B50446FEF7D0FE2046FFF70BF9204632
:1062AC00FFF70EFA94F8DE3105469BB394F8DC3117
:1062BC00BBB994F8DD31A3B935B304F1640104F52D
:1062CC00037004F0B9F804F1680104F50F7004F0E0
:1062DC00B3F804F16C0104F51B70BDE8384004F010
:1062EC00ABB82046FFF762FB034620461D40FFF784
:1062FC0063FC2046EDB2FFF79BFC0028DCD0204667
:10630C00FFF726FE002DD8D11D21D4F8E40103F0AF
:10631C00EDFBD2E72046FEF7D1FF2840C5B2C5E71A
:10632C0009F0CABF08B50121162009F023FF0A2085
:10633C0009F0A2FE01210E2009F01CFF0A2009F031
:10634C009BFE0121052009F015FF0A2009F094FE9F
:10635C002120012109F00EFF4FF47A70BDE80840AE
:10636C0009F08ABE10B500210E2009F003FF0021B0
:10637C00052009F0FFFE2120002109F0FBFE112071
:10638C0009F022FF28B100211620BDE8104009F0C9
:10639C00F1BE04460121112009F0ECFE2146062035
:1063AC0009F0E8FE00211620BDE8104009F0E2BE1D
:1063BC0010B501210446112009F018FF0121062017
:1063CC0009F014FF0121112009F0D4FE0021062050
:1063DC0009F0D0FE01210E2009F008FF0121052053
:1063EC0009F004FF2046FFF7BDFF0121162009F03C
:1063FC00FDFE0021162009F0BDFE0121212009F02F
:10640C00F5FE0021212009F0B5FE204610BD00BF8D
:10641C0010B504460E2009F0D7FE60B10021112002
:10642C0009F0A8FE642009F027FE01210620BDE832
:10643C00104009F09FBE2046FFF774FFEEE700BF47
:10644C000121112008B509F095FE00210620BDE8B8
:10645C00084009F08FBE00BF38B50A46012104463A
:10646C00002503F043FF4FF47A720A4B01210320FD
:10647C0084F8305063626563C4E90A5209F0B6FED1
:10648C000320012109F076FE00232046E5612362FA
:10649C0038BD00BF241C00209FED137BB7EEC00A53
:1064AC0070B520EE070B82B00646FDEEC07B17EEF2
:1064BC00901A17EE904A03F021FE054610B92846B3
:1064CC0002B070BD3046F46103F00AFE431CF6D0F6
:1064DC000023F0610246064906F12400009301F006
:1064EC00CBFEECE7AFF300800000000000FAC740E1
:1064FC00B419002010B582B0044603F0F1FD431C22
:10650C0002D1002002B010BD0023E0610246044914
:10651C0004F12400009301F0AFFE012002B010BD85
:10652C00B4190020F0B500F1240785B004462249C7
:10653C00384601F07DFE38B3002603AA1E493846C2
:10654C003346039601F0AEFE054638B9E66920469F
:10655C00314603F0D3FDF8B905B0F0BD039D2046DC
:10656C00294603F0CBFD0028F6D02046E56103F068
:10657C00B7FD411C0246EFD0E261334638460E4966
:10658C00009601F079FEE7E7E669054620463146BC
:10659C0003F0B4FD0028DFD02046E66103F0A0FD37
:1065AC00431C0246D8D0E2612B463846024900957E
:1065BC0001F062FED0E700BFB419002044F23E01A6
:1065CC0003F080BB00000000DFED557AB4EEE70A63
:1065DC0070B5F1EE10FA2DED048B63DCB5EEC00A4C
:1065EC00B0EE408AF1EE10FA5CD9DFED4E7AF4EEA3
:1065FC00E70AF1EE10FA4ADCF5EEC00AF1EE10FAF9
:10660C0045D9B7EEC19A9FED3E7BB4EEC79BF1EE38
:10661C0010FA52DCB5EEC01AF1EE10FA4DD9B7EE05
:10662C00E00A04469FED387B20EE070BB7EEC00B5B
:10663C0003F04AFE054620469FED350B29EE000B74
:10664C00B7EEC00B03F040FEB7EEC87A0646204604
:10665C009FED316B27EE067BFCEEC77B17EE901A95
:10666C0003F0F2FDA0B32946204603F005FE0028F6
:10667C003ED03146204603F0F3FD88B3204644F269
:10668C002C01BDEC048BBDE8704003F01BBB0B214F
:10669C0025480BF04BFC254808F0B4FF0020BDEC5E
:1066AC00048B70BD112122480BF040FC1F4808F0F0
:1066BC00A9FF0020BDEC048B70BD09211D480BF017
:1066CC0035FC1A4808F09EFF0020BDEC048B70BD11
:1066DC00182119480BF02AFC144808F093FFDDE749
:1066EC00152116480BF022FC104808F08BFFD5E75B
:1066FC00112113480BF01AFC0C4808F083FFCDE76E
:10670C0066666666666620407B14AE47E17AC43FD7
:10671C0079E9263108AC7C3F0000000000FAC74044
:10672C000000FA450000C843E019002050920020F8
:10673C00CC190020EC190020F8190020281A002090
:10674C00141A002000000000DFED3D7AB4EEE70AD9
:10675C00F1EE10FA4BDCB5EEC00A70B5F1EE10FAA2
:10676C002DED048BB0EE408A3DD9DFED367AF4EE98
:10677C00E70AF1EE10FA36DCF5EEC00AF1EE10FA8B
:10678C0031D9B7EEC19A9FED267BB4EEC79BF1EEE3
:10679C0010FA28DCB5EEC01AF1EE10FA23D9B7EED8
:1067AC00E00A04469FED207B20EE070BB7EEC00BF2
:1067BC0003F08AFD054620469FED1D0B29EE000BCC
:1067CC00B7EEC00B03F080FDB7EEC88A0646204634
:1067DC009FED197B27EE487BFDEEC77B17EE901AD9
:1067EC0003F032FD28B90020BDEC048B70BD0020F5
:1067FC0070472946204603F03FFD0028F3D0314670
:10680C00204603F02DFD0028EDD0204644F22C014B
:10681C00BDEC048BBDE8704003F054BAAFF30080BC
:10682C0066666666666620407B14AE47E17AC43FB6
:10683C0079E9263108AC7C3F0000000000FAC74023
:10684C000000FA450000C84344F2430103F03ABA91
:10685C0044F24F0103F036BA44F2540103F032BA59
:10686C0010B590F8363C84B0012B24D0022B20D0EC
:10687C000446A3B1154901A809F08EF801A9032219
:10688C0004F17C0001F07CF901A809F0BFF80121AA
:10689C0004F1400004B0BDE8104003F027B90E210C
:1068AC000B480BF043FB0B4808F0ACFE022384F8BA
:1068BC00363C04B010BD0D2107480BF037FB0548E2
:1068CC0004B0BDE8104008F09DBE00BF00140020CD
:1068DC00E013002050920020F013002010B590F827
:1068EC00363C84B00446012B14D0032B10D003B3D8
:1068FC001E4901A809F050F8032201A904F17C00FB
:10690C0001F03EF901A809F081F8002384F8363C27
:10691C0004B010BD0F2116480BF008FB154808F009
:10692C0071FE022104F14C0004B0BDE8104003F0EC
:10693C00DDB8102110480BF0F9FA0E4808F062FE91
:10694C002046FDF7C9FA2046FDF7BAFA032104F1F7
:10695C004C0003F0CBF80122082104F5487001F03B
:10696C006FFE032384F8363C04B010BD6016002083
:10697C0050160020509200203C1600200000000011
:10698C0070B590F8363C84B00446052B6BD8DFE824
:10699C0003F039516A6A10035B4DFDF731F8D4F8F6
:1069AC002C1C41F288322B685B1A93427DD804B0C0
:1069BC0070BD90F8323C00F5B866002B6ED104F235
:1069CC005C5304F5AB6594ED361A3046D3ED000AF2
:1069DC0095ED000AFFF7B8FE00287BD00D214B483F
:1069EC000BF0A4FA95ED000A02214948B7EEC00A53
:1069FC0008F03AFE464808F005FE052384F8363CBC
:106A0C0004B070BD00F21C60FEF74CFC00283FD0B7
:106A1C002046FDF743F998B394F8313C002B6BD129
:106A2C00012104F14C0003F061F8042384F8363C96
:106A3C0004B070BD00F5B8652846FFF7BFFD00280F
:106A4C0053D12046FDF73CFA022104F14C0003F02F
:106A5C004DF810212F480BF069FA2D4804B0BDE811
:106A6C00704008F0CFBD2C4901A808F095FF01A992
:106A7C00032204F17C0001F083F801A808F0C6FFA2
:106A8C00012104F1400004B0BDE8704003F02EB8C1
:106A9C00224904F5487002F049FEF1E73046FFF751
:106AAC00D3FE002384F8323C89E7D4F8DC3502218C
:106ABC00174807EE903A9FED120BB8EEE77B87EE86
:106ACC00000B08F0D1FD124808F09CFD2B68C4F8AF
:106ADC002C3C6CE704F54870114902F027FE0121AB
:106AEC0004F1400003F002F878E7322009F0C4FA10
:106AFC002846FFF7FFFCA4E72046FDF7EDF98FE7EA
:106B0C000000000000FAC740ECC40020B8160020BA
:106B1C0050920020C8160020DC1600207C160020A5
:106B2C009C1600200000000070B590F8363C84B034
:106B3C000446092B06D8DFE803F01A3305050505D2
:106B4C004A587B96864901A808F026FF01A9032222
:106B5C0004F17C0001F014F801A808F057FF0121A2
:106B6C0004F1400004B0BDE8704002F0BFBF10213A
:106B7C007C480BF0DBF97C4808F044FD04F21C6007
:106B8C00FEF790FB002800F0AE802046FDF786F85B
:106B9C00002800F0D980062384F8363C04B070BD80
:106BAC0000F5B8652846FFF709FD002840F0A180E4
:106BBC00022104F14C0002F099FF0F216B480BF0FD
:106BCC00B5F9694804B0BDE8704008F01BBDFDF78D
:106BDC00FBF8002800F08180002104F14C0002F049
:106BEC0085FF072384F8363CD8E700F5AD6300F247
:106BFC00645590ED401A00F5B860D3ED000A95EDA0
:106C0C00000AFFF7E1FC002861D00C2158480BF07A
:106C1C008DF995ED000A02215348B7EEC00A08F031
:106C2C0023FD514808F0EEFC082384F8363CB5E708
:106C3C00002200F5AD6300F5BF6093ED000A84F807
:106C4C00332C84F8342CFCF74FFC054670B301232D
:106C5C00642084F8323C84F8353C09F00DFA0923A1
:106C6C0084F8363C9AE7434DFCF784FF2046FCF74A
:106C7C00C7FE2B68D4F82C1C41F288325B1A934265
:106C8C008CD9D4F8DC350221374807EE903A9FEDC9
:106C9C00320BB8EEE77B87EE000B08F0E5FC3248D0
:106CAC0008F0B0FC2B68C4F82C3C77E704F5B8600E
:106CBC00FFF784FC304904F5487002F037FD0121E0
:106CCC0004F1400002F012FF84F8325C66E72B49B5
:106CDC0004F5487002F02AFD41E7294904F5487093
:106CEC0002F024FD3BE7274904F5487002F01EFD35
:106CFC0035E704F5BF66322009F0BEF92846FFF7E8
:106D0C00F9FB3046FCF7CCFB322009F0B5F93046E4
:106D1C00FCF7C6FB304603F001F994F8FA356BB971
:106D2C00222119480BF002F90F4808F06BFC2046A1
:106D3C00FDF7D2F82046FDF7C3F839E7002104F13E
:106D4C00400002F0D3FE33E7104904F5487002F01E
:106D5C00EDFC04E7AFF300800000000000FAC74030
:106D6C0020160020481500205092002010160020FC
:106D7C00C4150020ECC40020D4150020A815002058
:106D8C00901500205C150020EC15002078150020D3
:106D9C0030B590F8363C85B004460B2B07D8DFE8AD
:106DAC0003F076590606060606060606301B9E49B3
:106DBC0001A808F0F1FD01A9032204F17C0000F008
:106DCC00DFFE01A808F022FE012104F1400005B00D
:106DDC00BDE8304002F08ABEFCF780FE10B1012302
:106DEC0084F8343C914D2046FCF70AFED4F82C1C58
:106DFC002B6841F288325B1A934200F2988005B0FE
:106E0C0030BD00F2745300F5AE6590ED4A1A00F5F2
:106E1C00B860D3ED000A95ED000AFFF7D5FB00280A
:106E2C007FD0092182480BF081F895ED000A0221F0
:106E3C008048B7EEC00A08F017FC7E4808F0E2FB69
:106E4C0094F8343C002B00F0B2800B2384F8363CD1
:106E5C0005B030BD00F5B8652846FFF7AFFB00283C
:106E6C004CD12046FDF72CF82046FDF735F80121D2
:106E7C0004F1400002F03AFE0023022104F14C0020
:106E8C0084F8333C05B0BDE8304002F02FBE0D2134
:106E9C0069480BF04BF8674808F0B4FB04F21C602F
:106EAC00FEF700FA002836D02046FCF7F7FE002843
:106EBC0077D02046FCF788FF002800F0858094F8F6
:106ECC00303C002B48D094F8313C002B00F08280F1
:106EDC0094F8333C23B994F8343C002B00F08880B0
:106EEC0094F8323C002B40F09180002104F14C00CE
:106EFC0002F0FCFD0A2384F8363C80E704F5BF6001
:106F0C00FCF7CEFA0028ACD0322009F0B5F82846B0
:106F1C00FFF7F0FAB0E7494904F5487002F006FCB7
:106F2C0052E7474904F5487002F000FC4CE7D4F8EE
:106F3C00DC3502213F4807EE903A9FED390BB8EE55
:106F4C00E77B87EE000B08F08FFB3A4808F05AFB02
:106F5C002B68C4F82C3C52E704F54875394928468F
:106F6C0002F0E4FB282137480AF0E0FF314808F032
:106F7C0049FB94F8313C7BB394F8333C002B39D06B
:106F8C0094F8343C002B7FF41FAF28462E4902F0B6
:106F9C00CDFB2B212C480AF0C9FF264808F032FB08
:106FAC0012E72A4904F5487002F0C0FB0CE704F51F
:106FBC00BF60FCF779FA00287FF447AF244904F549
:106FCC00487002F0B3FBFFE6224904F5487002F06A
:106FDC00ADFBF9E604F5487528461F4902F0A6FBFF
:106FEC002D211D480AF0A2FF124808F00BFBC3E745
:106FFC0004F548752846194902F098FB30211748CA
:10700C000AF094FF0B4808F0FDFAB9E704F5B860F4
:10701C00FFF71AFC002384F8323C66E7AFF30080DC
:10702C000000000000FAC740C8130020ECC4002088
:10703C0098130020509200208C1200209C120020EB
:10704C0074130020B812002048130020781500207B
:10705C00A413002090150020E4120020141300202B
:10706C0070B590F8363C84B004460D2B08D8DFE898
:10707C0003F06A5207070707070707070707291CCA
:10708C005B4901A808F088FC01A9032204F17C00EB
:10709C0000F076FD01A808F0B9FC012104F14000D4
:1070AC0004B0BDE8704002F021BD524DFCF7A8FCC5
:1070BC00D4F82C1C41F288322B685B1A934279D895
:1070CC0004B070BD90F8323C00F5B866002B6AD164
:1070DC0004F5AD6304F2645594ED401A3046D3EDDB
:1070EC00000A95ED000AFFF76FFA002850D0142122
:1070FC0041480AF01BFF95ED000A02213F48B7EE0C
:10710C00C00A08F0B1FA3D4808F07CFA0D2384F867
:10711C00363C04B070BD00F5B8652846FFF74EFA52
:10712C0078BB2046FCF7CCFE022104F14C0002F0A7
:10713C00DDFC172132480AF0F9FE304804B0BDE8F6
:10714C00704008F05FBA00F21C60FEF7ABF890B12B
:10715C002046FCF7A3FD00289FD094F8313C002B6F
:10716C003DD1012104F14C0002F0C0FC0C2384F849
:10717C00363C04B070BD234904F5487002F0D6FAD1
:10718C008BE7322008F078FF2846FFF7B3F9C8E701
:10719C0004F548701C4902F0C9FA012104F14000C1
:1071AC0002F0A4FCA3E73046FFF74EFB002384F863
:1071BC00323C8DE7D4F8DC350221104807EE903ACA
:1071CC009FED090BB8EEE77B87EE000B08F04CFA4D
:1071DC000A4808F017FA2B68C4F82C3C70E72046D4
:1071EC00FCF77AFEBDE700BF0000000000FAC740C4
:1071FC0024150020ECC40020F41400205092002030
:10720C000C150020B0140020D414002010B590F8F8
:10721C00363C84B004460F2B09D8DFE803F0513C10
:10722C00080808080808080808080808271D404925
:10723C0001A808F0B1FB01A9032204F17C0000F0C5
:10724C009FFC01A808F0E2FB012104F1400004B00E
:10725C00BDE8104002F04ABCFCF740FC354B364A06
:10726C001B6812689A424CD304B010BD00F5BF6085
:10727C00FCF71EF900284CD02E48002147F2305361
:10728C002D4A006884F8341C0F21034484F8361C02
:10729C00136004B010BD01230F21284884F8333C3F
:1072AC000AF044FE264808F0ADF904F5B860FFF783
:1072BC0085F904F5BF6004B0BDE81040FCF7F0B8E8
:1072CC00102120480AF032FE1D4808F09BF904F208
:1072DC001C60FDF7E7FF70B12046FCF7DFFC90B1B6
:1072EC002046FCF771FD70B194F8323CBBB90E230B
:1072FC0084F8363CB8E7144904F5487002F016FAE5
:10730C00A2E70021A1E7114904F5487002F00EFA3A
:10731C009AE70F4904F5487002F008FA94E704F56F
:10732C00B860FFF791FA002384F8323CDFE700BF26
:10733C0094140020ECC40020C8B300208414002056
:10734C0050920020181400202C1400204814002007
:10735C007414002030B590F8363C85B00446132BDD
:10736C000BD8DFE803F01F3E0A0A0A0A0A0A0A0AC7
:10737C000A0A0A0A0A0A516675865A4901A808F0CF
:10738C000BFB01A9032204F17C0000F0F9FB01A81E
:10739C0008F03CFB012104F1400005B0BDE8304091
:1073AC0002F0A4BB122150480AF0C0FD4F4808F06F
:1073BC0029F904F21C60FDF775FF002870D02046F7
:1073CC00FCF76CFC002865D02046FCF7FDFC00287F
:1073DC0060D094F8323C002B7BD1102384F8363CDF
:1073EC0025E0FCF76DFD2046FCF776FD11214048A9
:1073FC000AF09CFD3D4808F005F904F5BF6005B0A6
:10740C00BDE83040FCF74CB800F5BF60FCF750F815
:10741C00002858D03748002147F23053364A0068CC
:10742C0084F8341C1121034484F8361C136005B015
:10743C0030BDFCF753FB2F4B2F4A1B6812689A4246
:10744C00F5D20122122384F8332C84F8363CEEE773
:10745C0000F5BF60FCF728F878B3264943F698236B
:10746C00254A1320096884F8360C0B44136005B0C8
:10747C0030BDFCF733FB0546C0B91E4B1E4A1B68DA
:10748C0012689A42D3D21D4904F5487002F04EF9A5
:10749C00294680E71A4904F5487002F047F979E764
:1074AC00184904F5487002F041F973E701230021F3
:1074BC0004F1400084F8343C6FE7134904F548703C
:1074CC0002F034F966E7114904F5487002F02EF920
:1074DC0060E704F5B860FFF7B7F9002384F8323C95
:1074EC007BE700BF90180020D0170020509200209E
:1074FC007C180020ECC40020CCB3002060180020C5
:10750C0004180020E41700204C180020301800202C
:10751C0008F0D2BE38B5054CA4F15005103C201D26
:10752C0008F074FAAC42F9D138BD00BF64B3002046
:10753C002DE9F04F99B0904605460A461F46AB49D7
:10754C0044F2022304A89DF88890BDF88CA006F0A4
:10755C00E1FE169B002B00F011815C20002609F047
:10756C002BF9059B04464660C36008A9069B18309E
:10757C00DFF89CB240F8083C9DF81C3000F8043C45
:10758C009B4B40F8183C9B4B40F8103C06F066FDBA
:10759C006368A66508A80133CDF810B06360964BFC
:1075AC00A36006F09DFD2E69002E00F0C08073686C
:1075BC00013B73600393002B37D132688F49D26A39
:1075CC008A4240F03881B06D18B10EF0B5FC039BC7
:1075DC00B365336D002B00F0F28006F1180006F055
:1075EC007FFD2E690EB33368854A5B68934240F089
:1075FC0034817F4BB06D336018B10EF09DFC0023CD
:10760C00B365336D002B00F01C8106F1180318468E
:10761C00039306F065FD039B1846C6F808B006F008
:10762C005FFD30465C2109F0C9F82C61002C00F09C
:10763C0088802368734A1B6B93427ED1236D002B89
:10764C0000F0B580B9F1000F7FD02C6923686E492A
:10765C00DB688B4240F0C480206D002800F09F80D6
:10766C0041463A4605F08EFB2E6984B2002E57D067
:10767C003368DFF88881DB6A434540F0CB80B06D1E
:10768C0018B10EF059FC0023B365336D002B00F0DC
:10769C00A28006F1180006F023FDD5F81090D9F859
:1076AC000460013EC9F80460002E37D1D9F80030CF
:1076BC00DB6A434540F0C280D9F8580018B10EF08F
:1076CC003BFCC9F85860D9F85030002B00F0AD8065
:1076DC0009F1180006F004FD2E69FEB13368484A22
:1076EC005B68934240F0C880414BB06D336018B179
:1076FC000EF022FC0023B365336D06F11808002B45
:10770C0000F0A680404606F0EBFC4046C6F808B0F8
:10771C0006F0E6FC5C21304609F050F800232B61A2
:10772C00381BB0FA80F0400919B0BDE8F08F23681F
:10773C00344A1B6B2C61934280D02046984700281A
:10774C0042D1002019B0BDE8F08F2C69002CE7D095
:10775C0023682E48196A002381425ED1236D002BC9
:10776C007ED05146184605F031F92C69002C7FF477
:10777C006DAF381BB0FA80F04009D5E7179C002C90
:10778C007FF4EBAEDFF888B008A8CDF810B006F0A7
:10779C00A7FC2E69002E7FF40AAF3046D2E7606D4D
:1077AC0000283FD041463A4603F01CFF5CE7636D6E
:1077BC00002BC6D0B9F1000F7FF447AFC5E7736D4E
:1077CC00002B7FF40AAF0CE7B9F1000FBDD02C6988
:1077DC00002CCED03AE7736D002B7FF45AAF5CE7E8
:1077EC00414620463A4698473EE700BF8CAC002005
:1077FC00741C0020D01C0020501C0020BD06000072
:10780C00D10D0000A9060000090C00000D0F0000AE
:10781C00201B0020304698473FE7204652460093F5
:10782C008847D4E72E69044622E7D9F85430002B58
:10783C007FF44EAF50E730469047D2E64846984723
:10784C004AE7736D002B7FF4E0AE06F11803E3E614
:10785C00736D002B7FF456AF57E730469847E4E63C
:10786C00606D00283FF4F2AE524602F0CFFF2C6957
:10787C00002C3FF47EAFE9E6304698474EE700BF58
:10788C002DE9F04F99B0174605460A469846A3498C
:10789C00002304A8BDF8889006F03CFD169B002B35
:1078AC0000F0F9805C20002608F086FF059B04465A
:1078BC004660C36008A9069B1830DFF884A240F824
:1078CC00083C9DF81C3000F8043C954B40F8183CE3
:1078DC00944B40F8103C06F0C1FBA665666808A8FE
:1078EC00914B0136CDF810A0A360666006F0F8FB52
:1078FC002E69002E00F0CD807368013B73600393FA
:10790C00002B35D132688949D26A8A4240F0F9801D
:10791C00B06D18B10EF010FB039BB365336D002BEB
:10792C0000F0D18006F1180006F0DAFB2E69FEB1EA
:10793C0033687F4A5B68934240F01081784BB06D9E
:10794C00336018B10EF0F8FA0023B365336D06F10D
:10795C00180B002B00F0FD80584606F0C1FB584672
:10796C00C6F808A006F0BCFB30465C2108F026FFE8
:10797C002C61002C00F0888023686E4A1B6B9342AC
:10798C007ED1236D002B00F09680286900287BD0D7
:10799C0002680023684C116AA14240F09980036D83
:1079AC00002B00F0A2804946184605F00FF8286914
:1079BC00002869D00368614A9B68934240F0A88014
:1079CC00036D002B00F0888042463946184604F0BF
:1079DC00B5FD86B22C69002C57D02368DFF84C819A
:1079EC00DB6A434540F0B280A06D18B10EF0A4FAEA
:1079FC000023A365236D002B7ED004F1180006F044
:107A0C006FFB2F697C68013C7C60002C32D13B6899
:107A1C00DB6A434540F0AA80B86D10B10EF08CFAC9
:107A2C00BC653B6D002B00F09C8007F1180006F044
:107A3C0057FB2C69F4B123683D4A5B68934240F0D4
:107A4C009880374BA06D236018B10EF075FA0023A7
:107A5C00A365236D04F11807002B73D0384606F08C
:107A6C003FFB3846C4F808A006F03AFB5C212046E0
:107A7C0008F0A4FE002330462B6119B0BDE8F08F4E
:107A8C0020469847002880D10026304619B0BDE822
:107A9C00F08F2C6170E7179C002C7FF403AFDFF89C
:107AAC00A0A008A8CDF810A006F01AFB2E69002E95
:107ABC007FF422AFE9E7636D002BE5D0286900283D
:107ACC007FF466AFE0E7736D002B7FF42BAF2DE7EF
:107ADC004A46009388476AE7406D00284CD04246DE
:107AEC00394602F0ADFD86B274E7416D61B14A468C
:107AFC00084602F08BFE5AE7636D002B7FF47DAFD6
:107B0C007FE73046904711E793680C4A9342E3D0E5
:107B1C004246394698472C6986B25CE78CAC00200B
:107B2C00741C0020D01C0020501C0020BD0600003E
:107B3C00D10D0000A90600000D0F00007D0B000008
:107B4C00201B0020636D002B88D18AE720469847C4
:107B5C0057E7736D002B7FF4FFAE00E73046984774
:107B6C0006E77B6D002B7FF460AF62E738469847E1
:107B7C005FE7204698477DE74FF6FF762AE700BF80
:107B8C00042A2DE9F04F9BB004D9002420461BB0E9
:107B9C00BDE8F08F05460E4606A85D491701144650
:107BAC0007F018FF5B4906A8DFF8948108F03AF853
:107BBC00014603A807F00EFF06A807F027FF391DA2
:107BCC0003A8414407F0F8FF08EB070303A8598802
:107BDC0008F014F8504903A807F0F2FF032C00F04A
:107BEC0062814E4B1C78002C00F08A80039A002A8C
:107BFC0000F0798144F20223494906A806F08AFB79
:107C0C00189B002B00F05D815C204FF0000908F000
:107C1C00D3FD079B0446C0F80490C3600AA9089BD7
:107C2C00183040F8083C9DF8243000F8043C3D4BDB
:107C3C0040F8183C3C4B40F8103C06F00FFA6368D7
:107C4C00C4F858900AA80133DFF8F8906360374BFA
:107C5C00CDF81890A36006F043FA2B69002B73D073
:107C6C005A68013A5A600092002A3FD1196830488C
:107C7C00C96A814240F06981986D28B101930EF078
:107C8C005BF9DDE900239A651A6D002A00F0398151
:107C9C0003F1180006F024FAD5F810A0BAF1000F81
:107CAC0024D0DAF80030234A5B68934240F03281EA
:107CBC001C4BDAF85800CAF8003020B10EF03CF931
:107CCC000023CAF85830DAF850300AF1180B002BA0
:107CDC0000F04181584606F003FA5846CAF808905D
:107CEC0006F0FEF950465C2108F068FD2C6164BB7F
:107CFC00162111480AF01AF91048002407F082FCEA
:107D0C0003A807F083FE20461BB0BDE8F08F00BF30
:107D1C0064B30020940A0020500B002022C50020E0
:107D2C008CAC0020741C0020D01C0020501C0020A7
:107D3C00BD060000D10D0000580B00205092002011
:107D4C0014B30020201B00202C612368874A1B6B76
:107D5C00934240F0E580236D002B00F0CB808449EA
:107D6C00304607F02DFF834BDFED837A022193ED34
:107D7C00000A06A8B8EE400A80EE270A07F0AEFE0D
:107D8C002C2106A807F02AFF314606A807F014FF9D
:107D9C00089A069994B2002900F0C8802E69002E2A
:107DAC0000F09F80336892B27448D3F80CA08245DF
:107DBC0040F0C880306D002800F0978004F0E2FF9E
:107DCC002E691FFA80FA002E50D03368DB6ADFF878
:107DDC00C0B15B4540F0B380B06D18B10EF0ACF89B
:107DEC000023B365336D002B00F0A28006F1180060
:107DFC0006F076F92B695E68013E5E60002E33D189
:107E0C001A68D26A5A4540F0A380986D20B100934D
:107E1C000EF092F8009B9E651A6D002A76D003F145
:107E2C00180006F05DF92E69F6B13368544A5B68A8
:107E3C00934272D1534BB06D336018B10EF07CF895
:107E4C000023B365336D06F1180B002B00F089800D
:107E5C00584606F045F95846C6F8089006F040F921
:107E6C0030465C2108F0AAFC00232B6118F807307F
:107E7C0008EB070201335178DBB2994208F807305E
:107E8C0005D1538801335380002308F80730A4EB45
:107E9C000A0406A807F0BAFD03A8B4FA84F464092E
:107EAC0007F0B4FD2FE73468002C46D0204610F0C4
:107EBC00C7FA014620460AF039F8334807F0A2FB0E
:107ECC008FE6199C002C7FF49FAEDFF8C8900AA8AF
:107EDC00CDF8189006F004F92B69002B7FF4C0AE96
:107EEC0006E7B246C2E7294A84E6706D38B103F062
:107EFC0079FB65E7636D002B7FF431AFF8E68246C2
:107F0C0064E75A6D002A7FF4C3AEC5E65A6D002AA9
:107F1C0085D188E750469847E8E630469847A3E76E
:107F2C002046984700283FF4E3AE18E7174935E799
:107F3C00736D002B7FF45AAF5CE7144CB6E73046F8
:107F4C00984757E73046D0473AE718468847A3E6A4
:107F5C001846904767E7DAF85430002B7FF4BAAE36
:107F6C00BBE6736D002B7FF473AF74E7A9060000BA
:107F7C00C4090020ECC4002000007A44090C000065
:107F8C00D10D0000741C002050920020D0900020D5
:107F9C00BD060000201B002070B57A4D8EB0D5F8C0
:107FAC008424002A73D06C4600231146764A20465E
:107FBC00009304F06FFA002875D0D5F88424002AB9
:107FCC0041D0002311462046704A009304F062FA17
:107FDC00002843D06E4E6F49304607F09BFD6E4B28
:107FEC000A222046196807F063FD2146304607F047
:107FFC00E3FD204607F00AFD3068684AD5F8843462
:10800C00002818BF0246002B67D0194600232046D3
:10801C00009304F03FFA002868D13068002800F083
:10802C00AC80D5F8841400296DD0002502460123BC
:10803C0001F589612046009504F034F9002870D0D0
:10804C0001200EB070BDD5F88814B1B113460C9256
:10805C0020464E4A02F098FE0028BBD1D5F8842465
:10806C00002A7BD0002002F589610123474A009049
:10807C00204604F017F90028ACD12121484809F01A
:10808C0055FF484807F0BEFA00200EB070BDD5F879
:10809C008814C1B16C4613460C9220463A4A02F041
:1080AC0073FE002889D1D5F88424002A47D00020FB
:1080BC0002F589610123344A0090204604F0F2F85D
:1080CC0000287FF47AAF2621374809F02FFF354876
:1080DC0007F098FA00200EB070BDD5F8881489B15D
:1080EC0020460C9302F050FE002896D025212F48F4
:1080FC0009F01CFF26492B4807F05EFA294807F0C7
:10810C0081FA9DE768B1D5F8881451B10025024673
:10811C00012301F5896120460C9503F0C9F800286C
:10812C008ED12421224809F001FF19491D4807F07E
:10813C0043FA1C4807F066FA00200EB070BDD5F863
:10814C0088140029BFD00C92012301F589610E4AD5
:10815C00204603F0ADF80028B5D02EE7D5F88814EA
:10816C0000298AD00C92012301F58961074A204627
:10817C0003F09EF8002880D02CE7D5F8841407482B
:10818C0051E700BF88AC00208C0A0020C00A0020F8
:10819C0064B30020F00A002010B30020D09000201F
:1081AC00CC0A002050920020980A0020280B0020B6
:1081BC00000B002070B5184E0546184A3378116034
:1081CC003BB12846FFF7E8FE044680B134782046E0
:1081DC0070BDFE21124806F02FFD044688B1012324
:1081EC0028463370FFF7D8FE04460028EED1222132
:1081FC000C4809F09BFE0C4807F004FA204634703A
:10820C0070BD1C21094809F091FE074807F0FAF9E6
:10821C002046347070BD00BF22C5002010B3002072
:10822C0088AC0020900B002050920020700B002096
:10823C000F4B187800B970470E4B10B5D3F8844427
:10824C008EB044B100230A4668462146009304F0E0
:10825C0021F90EB010BDD3F888040028F9D00A46D5
:10826C002346014668460C9402F08EFDF1E700BFF0
:10827C0022C5002088AC002030B512BA85B01C464F
:10828C00074B03921A78BDF8205032B103AA04238D
:10829C00CDE90045FFF74CF90246104605B030BD5C
:1082AC0022C5002030B5002485B003940A4C2478F4
:1082BC001CB90024204605B030BD0093154604239C
:1082CC0003AAFFF7DDFA0428F3D1039B20461BBA5F
:1082DC002B6005B030BD00BF22C5002038B51A4C4C
:1082EC004FF4C8451949204607F056FB2046184C58
:1082FC00184A194909F0EEFF2046184940F8045B6A
:10830C0007F04AFB164904F11400256107F044FB01
:10831C00144904F12400256207F03EFB4FF4A053EE
:10832C00114904F13400236307F036FB0F4904F1C3
:10833C004400256407F030FB064A0D490020BDE8D7
:10834C00384009F0C7BF00BF64B30020B409002057
:10835C0014B300204C9400204DDA00007804002067
:10836C008004002088040020900400209804002041
:10837C005555000010B4064C8181911C04600024FA
:10838C00C2810182C0E901445DF8044B704700BF13
:10839C00441B0020036870B505461B689847EE899E
:1083AC00304607F0ADFF0446701CE4B207F0A8FF9E
:1083BC00AB8960F30F24A4B2A3426C680FD00222E5
:1083CC00314605F10C0008F045F934B1236820461C
:1083DC005B689847A468002CF8D1002070BD34B1BC
:1083EC00236820461B689847A468002CF8D101200C
:1083FC0070BD00BFF8B5038A0F46C489191B8A42A9
:10840C0010DBA3420ED9064600252046013407F0A6
:10841C0077FF7855A4B2338A6A1CA34295B2F4D87C
:10842C002846F8BD00252846F8BD00BF03468A79CA
:10843C00008A41F2BC0C024462450DDC10B4DC89AC
:10844C0020445C6888801A8244B19A6801205DF8E7
:10845C00044B9160996070470020704701205DF8D3
:10846C00044BC3E90111704707F026BF09F0F4BCB7
:10847C0009F036BD09F0CEBC084609F041BD00BF7D
:10848C0070B584220E46002104460FF089FC84222C
:10849C0000250021A0180FF083FC2946862204F544
:1084AC009070C4E94255C4E94455C4E946550FF0EF
:1084BC0077FC8622294604F5D3700FF071FC204618
:1084CC00C4F82C5284F83052C4F8346270BD00BF2A
:1084DC00C0F83412704700BFC0F81C11A0F8182166
:1084EC00A0F81631704700BF2DE9F0411C4E044630
:1084FC000D4690461B4F33689D4209D9D4F834027F
:10850C0003681B69BB4221D109F0A6FC0028F2D0FC
:10851C00D4F83402144A03685B6993421DD109F004
:10852C00DFFC431C16D094F82F32C0B294F83022E2
:10853C000344A8EB0000DBB2B0FA80F01A44400907
:10854C0084F82F3284F83022BDE8F0819847002857
:10855C00D1D0DDE70020BDE8F0819847E1E700BF0E
:10856C00ECC40020AD640000B16400002DE9F041C2
:10857C0082B00B460421002401AE144A05460DEBD3
:10858C00010001940EF094F9DFF844803718D5F807
:10859C00342216F8014B136820461B68434511D151
:1085AC0009F0AEFC95F82F22B74295F830321444FE
:1085BC00E4B2234485F82F4285F83032E7D102B07B
:1085CC00BDE8F081104621469847EBE748090020AA
:1085DC00B96400002DE9F04182B000240B46164A24
:1085EC006E460546062168460094ADF804400EF030
:1085FC005FF9DFF848803718D5F8342216F8014BAC
:10860C00136820461B68434511D109F079FC95F895
:10861C002F22B74295F830321444E4B2234485F843
:10862C002F4285F83032E7D102B0BDE8F081104618
:10863C0021469847EBE700BF48090020B9640000C9
:10864C002DE9F04100230446D0F834020F4684F89B
:10865C002F32164684F830320368504D1B68AB42FB
:10866C0040F085803F2009F04BFC94F82F322046D7
:10867C0094F8302239463F33DBB284F82F3213445E
:10868C0084F83032FFF772FFD4F8340203681B68A9
:10869C00AB426FD12C2009F033FC94F82F3294F8B4
:1086AC0030222C33D4F83402DBB21A4484F82F3243
:1086BC0084F8302203681B687EB1AB4267D131204D
:1086CC0009F01EFC94F82F2294F830323132D2B2D9
:1086DC00134484F82F22DBB20EE0AB425AD1302087
:1086EC0009F00EFC94F82F2294F830323032D2B2CA
:1086FC00134484F82F22DBB2D4F8340284F83032DD
:10870C0003681B68AB423FD13B2009F0F9FB94F89E
:10871C002F12204694F830323B31C9B20B4484F806
:10872C002F12DBB243EA012184F83032FFF752FFFB
:10873C00D4F8340203681B68AB4222D13B2009F009
:10874C00DFFB94F82F3294F830223B33D4F8340208
:10875C00DBB21A4484F82F3284F8302203681B6889
:10876C00AB420AD10A20BDE8F04109F0C9BB3F2158
:10877C0098477AE72C2198478FE70A21BDE8F0410A
:10878C0018473B219847DCE73B219847BFE731214D
:10879C00984797E730219847A4E700BFB9640000D9
:1087AC002DE9F04100230446D0F834020D4684F83C
:1087BC002F3284F830320368444F1B68BB4278D1A7
:1087CC00232009F09DFB94F82F32294694F830228F
:1087DC0020462333DBB21A4484F82F3284F830223B
:1087EC00FFF7C4FE94F886301BB304F1870812E03F
:1087FC0009F086FB94F82F12863E94F830320D4423
:10880C0094F88620361BEDB2B2422B4484F82F52DA
:10881C0084F830320DDDD4F83422464618F8015F66
:10882C00136828461B68BB42E2D02946104698477D
:10883C00E0E7D4F8340203681B68BB4242D13B200A
:10884C0009F05EFB94F82F12204694F830323B313D
:10885C00C9B20B4484F82F12DBB243EA012184F82D
:10886C003032FFF7B7FED4F8340203681B68BB4202
:10887C0025D13B2009F044FB94F82F3294F8302298
:10888C003B33D4F83402DBB21A4484F82F3284F828
:10889C00302203681B68BB420ED10A2009F030FB62
:1088AC000023A4F8843084F8863084F88830BDE83E
:1088BC00F0812321984786E70A219847F0E73B216E
:1088CC009847D9E73B219847BCE700BFB964000043
:1088DC00F8B500230446D0F834020D4684F82F3244
:1088EC0084F8303203685B4F1B68BB4240F09E80BB
:1088FC00212009F005FB94F82F32204694F8302201
:10890C0029462133DBB21A4484F82F3284F8302202
:10891C00FFF72CFED4F8340203681B68BB4240F00E
:10892C0095802C2009F0ECFA94F82F32204694F81C
:10893C0030222C33B4F81611DBB21A4484F82F32DF
:10894C0084F83022FFF746FED4F8340203681B6823
:10895C00BB4278D13B2009F0D3FA94F82F3294F82B
:10896C0030223B33B4F81611DBB21A4484F82F32A0
:10897C0084F8302209B3002611E009F0C1FA94F80A
:10898C002F12013694F830320D44B4F81621EDB2A2
:10899C0096422B4484F82F5284F830320DDAD4F8F6
:1089AC003422D4F81C1113688D5D1B682846BB4219
:1089BC00E3D0294610469847E1E7D4F8340203681F
:1089CC001B68BB423CD13B2009F09AFA94F82F1259
:1089DC00204694F830323B31C9B20B4484F82F1244
:1089EC00DBB243EA012184F83032FFF7F3FDD4F80F
:1089FC00340203681B68BB421FD13B2009F080FA8C
:108A0C0094F82F3294F830223B33D4F83402DBB292
:108A1C001A4484F82F3284F8302203681B68BB4256
:108A2C0007D10A2009F06CFA0120F8BD21219847E2
:108A3C0061E70A2198470120F8BD3B219847DFE701
:108A4C003B219847C2E73B21984786E72C21984762
:108A5C006AE700BFB9640000D0F81C310BB1FFF716
:108A6C0037BF1846704700BF2DE9F0410446107817
:108A7C008846002800F0D58004F5D575012302E066
:108A8C00802B00F0CC8005F8010F9EB212F8010F7C
:108A9C0001330028F4D10023D4F83402624F84F857
:108AAC002F3284F830320368A4F8A8611B68BB42EB
:108ABC0040F0A280222009F023FA94F82F322046AD
:108ACC0094F8302241462233DBB21A4484F82F3218
:108ADC0084F83022FFF74AFDD4F8340203681B688F
:108AEC00BB4240F099802C2009F00AFA94F82F32FE
:108AFC00204694F830222C3394F8A811DBB21A4497
:108B0C0084F82F3284F83022FFF730FDD4F8340289
:108B1C0003681B68BB427CD13B2009F0F1F994F847
:108B2C002F3294F830223B33B4F8A811DBB21A443C
:108B3C0084F82F3284F8302229B304F5D57814E068
:108B4C0009F0DEF994F82F126FF4D47294F83032E5
:108B5C0016440D44B4F8A821EDB2361B2B44B24296
:108B6C0084F82F5284F830320DDDD4F83422464686
:108B7C0018F8015F136828461B68BB42E0D02946F1
:108B8C0010469847DEE7D4F8340203681B68BB42F2
:108B9C003CD13B2009F0B4F994F82F12204694F8FC
:108BAC0030323B31C9B20B4484F82F12DBB243EAAA
:108BBC00012184F83032FFF70DFDD4F8340203683C
:108BCC001B68BB421FD13B2009F09AF994F82F3255
:108BDC0094F830223B33D4F83402DBB21A4484F8D4
:108BEC002F3284F8302203681B68BB4207D10A205D
:108BFC00BDE8F04109F084B9222198475DE70A21CC
:108C0C00BDE8F04118473B219847DFE73B219847E7
:108C1C00C2E73B21984782E72C21984766E77F26DD
:108C2C0039E7064637E700BFB96400002DE9F0418B
:108C3C00002384B0DFF8BC8004462B4E0D462B4F2E
:108C4C00ADF80C30CDE9013333689D4221D9019B3D
:108C5C00042B1ED8D4F8340203689B69BB4226D17E
:108C6C0009F0D8F8431CEFD0C3B23B2B11D0D4F889
:108C7C00340203685B6943451BD109F031F9019B50
:108C8C005A1C10336B44019203F8080C33689D4254
:108C9C00DDD8D4F8340203685B69434521D109F06F
:108CAC001FF93B2807D0002004B0BDE8F08198479D
:108CBC00D8E79847E3E701AA0D4902A80EF06CFE2D
:108CCC000128F0D1019BB3F5803FECD2B4F82F0210
:108CDC0040BA80B2C01AB0FA80F0400904B0BDE8C6
:108CEC00F0819847DDE700BFECC40020B5640000BC
:108CFC0048090020B16400002DE9F041002382B046
:108D0C00524D8046524E0C46524FCDE900332B68E3
:108D1C009C4233D9019B022B30D8D8F8340203681B
:108D2C009B69B3423BD109F075F8431CEFD0C3B239
:108D3C002C2B23D03B2B21D0D8F8340203685B6951
:108D4C00BB422ED109F0CCF8421CE0D0019AC0B243
:108D5C0098F82F3202F1010C0832034498F83012C3
:108D6C006A44CDF804C0DBB202F8080C88F82F3244
:108D7C005A182B6888F830229C42CBD8D8F8340289
:108D8C0003689B69B3424FD109F044F8C0B22C2858
:108D9C0009D03B2807D0002002B0BDE8F0819847ED
:108DAC00C3E79847D0E701AA2B4968460EF0F4FDBB
:108DBC000128F0D1019BFF2BEDD8264E88F800300E
:108DCC002B689C42E7D9D8F8340203685B69B3423C
:108DDC0028D109F085F8C2B20130F1D098F82F32C1
:108DEC003B2A98F830121344DBB2194488F82F321E
:108DFC0088F830121AD02C2A04D198F8013001339B
:108E0C0088F8013098F80230591C434488F8021055
:108E1C001A712B689C42BED9D8F8340203685B697E
:108E2C00B342D6D09847D6E79847AFE798F80230C8
:108E3C0000222146404643441A7188F80220FFF76D
:108E4C00F5FE0346012088F80330A5E7ECC40020AA
:108E5C00B5640000B16400004809002000232DE92E
:108E6C00F043474F83B004461D460E46DFF8188189
:108E7C00DFF81891CDE900333B689E422FD9019B56
:108E8C00022B2CD8D4F8340203689B69434532D1A9
:108E9C0008F0C0FF421CEFD0C5B22C2D1FD0D4F867
:108EAC00340203685B694B4527D109F019F8411C62
:108EBC00E2D0C5B2019A94F82F32501C08322B44E0
:108ECC0094F830126A440190DBB202F8085C84F822
:108EDC002F325A183B6884F830229E42CFD82C226D
:108EEC0031462046FFF700FB804640B90025284656
:108EFC0003B0BDE8F0839847CCE79847D7E701AAC1
:108F0C00204968460EF048FD0128EFD1019BFF2B4C
:108F1C00ECD8DFF8789084F82C323B689E4215D957
:108F2C00D4F8340203685B694B4524D108F0D8FFB0
:108F3C00431CF2D094F82F32C5B294F830222B4453
:108F4C00DBB21A4484F82F3284F83022302D14D03E
:108F5C00312DCBD13B223146204684F82D82FFF7B0
:108F6C00C3FA05460028C1D031462046FFF75EFE05
:108F7C0084F82E02BBE79847DAE74FF00008E9E7E0
:108F8C00ECC4002048090020B5640000B164000066
:108F9C002DE9F041002384B0D0F810210093029306
:108FAC00ADF80C300193A0F80A3180F80831002A92
:108FBC0050D080460C467D4D7D4E7E4F2B689C429A
:108FCC0031D9019B022B2ED8D8F8340203689B6947
:108FDC00B34235D108F01EFF411CEFD0C3B22C2B8D
:108FEC0021D0D8F8340203685B69BB422AD108F05F
:108FFC0077FF431CE2D0019AC0B298F82F3202F1ED
:10900C00010C1032034498F830126A44CDF804C0B5
:10901C00DBB202F8100C88F82F325A182B6888F83B
:10902C0030229C42CDD82B689C420DD8D8F8340203
:10903C0000250368DB689847284604B0BDE8F0813A
:10904C009847C9E79847D4E72C2221464046FFF7BA
:10905C004BFA20B90025284604B0BDE8F08101AADE
:10906C00554968460EF098FC0128F3D1019BFF2B63
:10907C00F0D888F8083100234D4E4E4F01932B68E1
:10908C009C4232D9019B042B2FD8D8F834020368A8
:10909C009B69B34240F0838008F0BCFE431CEED0C9
:1090AC00C0B23B2821D0D8F8340203685B69BB42BC
:1090BC0077D108F015FF421CE1D0C0B298F82F32DE
:1090CC0098F830120344019ADBB288F82F320B4423
:1090DC0088F83032531C019302F110030DEB03029C
:1090EC002B689C4202F8080CCCD82B689C429DD96A
:1090FC003B2221464046FFF7F7F90028AAD001AAE7
:10910C002D4902A80EF048FC0128A3D1019BB3F510
:10911C00803F9FD29BB2B8F80C219A42A8F80A3132
:10912C0084D30023234E01932B689C4223D9B8F897
:10913C000A21019B9A421ED9D8F8340203685B6954
:10914C00B34230D108F0CCFEC2B20130ECD098F86A
:10915C002F3298F830121344DBB288F82F320B44BC
:10916C00D8F8101188F83032019B581C0190CA5461
:10917C002B689C42DBD82B689C427FF657AF3B2276
:10918C0021464046FFF7B0F9054600283FF462AF90
:10919C0021464046FFF74AFD88F80E015BE79847E9
:1091AC007CE7984787E79847CEE700BFECC40020E0
:1091BC00B5640000B1640000480900202DE9F041BD
:1091CC00002384B0844D8046844E0C46844F00931B
:1091DC000293ADF80C300193A0F8223180F82031C5
:1091EC002B689C4231D9019B022B2ED8D8F8340223
:1091FC0003689B69B34235D108F00CFE411CEFD0DB
:10920C00C3B22C2B21D0D8F8340203685B69BB4263
:10921C002AD108F065FE431CE2D0019AC0B298F83E
:10922C002F3202F1010C1032034498F830126A44C8
:10923C00CDF804C0DBB202F8100C88F82F325A18A3
:10924C002B6888F830229C42CDD82B689C420DD8D4
:10925C00D8F8340200250368DB689847284604B028
:10926C00BDE8F0819847C9E79847D4E72C222146FE
:10927C004046FFF739F9002800F0A38001AA5949AC
:10928C0068460EF089FB012840F09B80019BFF2B68
:10929C0000F2978088F820310023504E504F0193F4
:1092AC002B689C4232D9019B042B2FD8D8F834025E
:1092BC0003689B69B34240F0898008F0ABFD431C06
:1092CC00EED0C0B23B2821D0D8F8340203685B69D9
:1092DC00BB427DD108F004FE421CE1D0C0B298F82C
:1092EC002F3298F830120344019ADBB288F82F32EF
:1092FC000B4488F83032531C019302F110030DEB30
:10930C0003022B689C4202F8080CCCD82B689C42B8
:10931C009ED93B2221464046FFF7E6F8002850D064
:10932C0001AA304902A80EF037FB012849D1019B54
:10933C004FF6FE72934244D80022294EA8F82231EF
:10934C0001922B689C4225D9019BB8F822219A42A4
:10935C0020D97E2B1ED8D8F8340203685B69B3423F
:10936C0038D108F0BDFDC2B20130EAD098F82F32E6
:10937C0098F830121344DBB288F82F320B4488F87B
:10938C003032019B591C434483F825212B680191F1
:10939C009C42D9D82B689C427FF65AAF019B002186
:1093AC003B224046434483F825112146FFF79CF8A5
:1093BC00054630B121464046FFF738FC88F82401B9
:1093CC004CE70025284604B0BDE8F081984776E7C5
:1093DC00984781E79847C6E7ECC40020B5640000C5
:1093EC00B1640000480900202DE9F843002304462D
:1093FC00D0F834022380A37023710368384A1B69A8
:10940C00934249D108F028FD002842D0DFF8D880DB
:10941C000027D8F80050D8F8003005F1640984F81A
:10942C002F7284F83072994533D92E4ED4F8340209
:10943C0003685B69B34250D108F052FDC2B20130EF
:10944C0027D094F82F3294F830121344213ADBB21F
:10945C0084F82F320B4484F830321E2A11D8DFE8FE
:10946C0002F01D262E1010101010101010101010DD
:10947C0010101010101010101010101010101010E0
:10948C003400D8F8003084F82F72994584F8307283
:10949C00CCD80020BDE8F8839847B5E705F57A717C
:1094AC002046FFF775FD0028F3D00320F2E749466C
:1094BC002046FFF783FE8000C0B2BDE8F883494622
:1094CC002046BDE8F843FFF717BC49462046FFF796
:1094DC00C5FC4000C0B2BDE8F8839847AEE700BFBA
:1094EC00AD640000B1640000ECC4002010B5002392
:1094FC0086B090F802C0002204930593019200EB11
:10950C000C02CDE902330CF10103DBB2837012794A
:10951C002C2A18D10CF10F0C0C465FFA8CFC63450D
:10952C000CD802A9C21801331279DBB22C2A0DD047
:10953C0032B16345837001F8012BF3D918440279D9
:10954C002C2A03D012B1002006B010BD01AA054987
:10955C0002A80EF021FA0128F5D1019B236006B078
:10956C0010BD00BF5409002038B50B4690F886108A
:10957C0004468830C1F180050C4A0844EDB22946F6
:10958C000DF096F9A84207DA94F8862003460120DC
:10959C00134484F8863038BD00231846A4F8843070
:1095AC0084F8863084F8883038BD00BF500900201C
:1095BC0030B590F88630B7EEC00A83B00446C3F1DC
:1095CC00800588300E4AEDB2184429468DED000B0B
:1095DC000DF06EF9854208DD94F8862003460120D3
:1095EC00134484F8863003B030BD00231846A4F829
:1095FC00843084F8863084F8883003B030BD00BFE6
:10960C004C0900208446188800B500F1040E9645DC
:10961C002DD8184A1278CAB1421C1A8001F800C021
:10962C001A88501C18804FEA1C2088541A88501C29
:10963C0018804FEA1C404FEA1C6C88541A88501C46
:10964C001880012001F802C05DF804FB421C1A804E
:10965C004FEA1C620A541A88501C18804FEA1C40AE
:10966C0088541A88501C18804FEA1C20E5E700200B
:10967C005DF804FB2DC50020002B18BF0029844683
:10968C000CBF012000200BD010B5B3F800E00EF198
:10969C000104944203D801201C8001F80EC010BDB7
:1096AC0000207047002B18BF002910B586460CBF50
:1096BC000120002016D0B3F800C00CF10204944233
:1096CC000FD8104A12787AB90CF101021A804FEABD
:1096DC001E2201F80C201A88501C1880012001F859
:1096EC0002E010BD002010BD0CF101021A804FEAFF
:1096FC001E2201F80CE01C88601C188001200A5501
:10970C0010BD00BF2DC50020134630B12AB10A464A
:10971C00014610EE100AFFF775BF0020704700BF1E
:10972C0010B50446FEF7ACFE204610BD38B50C460D
:10973C00054608210A4808F0F9FB34B120460EF022
:10974C007FFE0146204608F0F1FB064805F05AFF63
:10975C00224628462421BDE83840FFF785B900BFD2
:10976C004C1A0020509200202DE9F84F0446154663
:10977C001E46BDF82870BDF82C80BDF83090BDF8A1
:10978C0034A0BDF838B0FFF7EFFE18B90025284615
:10979C00BDE8F88F29462046FFF7E6FE0028F5D0F5
:1097AC0031462046FFF7E0FE0028EFD03946204630
:1097BC00FFF7DAFE0028E9D041462046FFF7D4FE39
:1097CC000028E3D049462046FFF7CEFE0028DDD026
:1097DC0051462046FFF7C8FE0028D7D059462046F0
:1097EC00FFF7C2FE05460028D0D003212046FEF725
:1097FC00D7FFCCE738B52DED048B0446B0EE608A6C
:10980C00F0EE418AB0EE619AF0EE429AFFF7D0FE8C
:10981C0020B900252846BDEC048B38BDB0EE480AB3
:10982C002046FFF7C5FE0028F3D0B0EE680A2046AC
:10983C00FFF7BEFE0028ECD0B0EE490A2046FFF739
:10984C00B7FE0028E5D0B0EE690A2046FFF7B0FE5F
:10985C0005460028DDD004212046FEF7A1FFD9E7FC
:10986C0038B52DED048B0446B0EE608AF0EE418ADB
:10987C00B0EE619AFFF79CFE20B900252846BDEC9E
:10988C00048B38BDB0EE480A2046FFF791FE002845
:10989C00F3D0B0EE680A2046FFF78AFE0028ECD021
:1098AC00B0EE490A2046FFF783FE05460028E4D0B7
:1098BC0005212046FEF774FFE0E700BF38B52DED1B
:1098CC00048B0446B0EE608AF0EE418AB0EE619AE9
:1098DC00F0EE429AFFF76CFE20B900252846BDEC4D
:1098EC00048B38BDB0EE480A2046FFF761FE002815
:1098FC00F3D0B0EE680A2046FFF75AFE0028ECD0F1
:10990C00B0EE490A2046FFF753FE0028E5D0B0EE32
:10991C00690A2046FFF74CFE05460028DDD00621DB
:10992C002046FEF73DFFD9E7F0B587B00E46074657
:10993C00154669461C46FFF7D9FD10B9002007B043
:10994C00F0BD01A93846FFF7D1FD0028F6D002A9D9
:10995C003846FFF7CBFD0028F0D003A93846FFF7B7
:10996C00C5FD0028EAD004A93846FFF7BFFD002842
:10997C00E4D005A93846FFF7B9FD0028DED0009BDE
:10998C0002993360019B049A2B602160039B0C9914
:10999C000B600D99059B0A600E9A1360CFE700BF10
:1099AC0070B582B00E46044615466946FFF79EFD1B
:1099BC0010B9002002B070BD01A92046FFF796FD3A
:1099CC000028F6D0009A019B32602B6002B070BD6B
:1099DC0070B582B00E46044615466946FFF786FD03
:1099EC0010B9002002B070BD01A92046FFF77EFD22
:1099FC000028F6D0009A019B32602B6002B070BD3B
:109A0C0070B582B00E46044615466946FFF76EFDEA
:109A1C0010B9002002B070BD01A92046FFF766FD09
:109A2C000028F6D0009A019B32602B6002B070BD0A
:109A3C0070B582B00E46044615466946FFF756FDD2
:109A4C0010B9002002B070BD01A92046FFF74EFDF1
:109A5C000028F6D0009A019B32602B6002B070BDDA
:109A6C0070B582B00E46044615466946FFF73EFDBA
:109A7C0010B9002002B070BD01A92046FFF736FDD9
:109A8C000028F6D0009A019B32602B6002B070BDAA
:109A9C0070B582B00E46044615466946FFF726FDA2
:109AAC0010B9002002B070BD01A92046FFF71EFDC1
:109ABC000028F6D0009A019B32602B6002B070BD7A
:109ACC00FFF714BDFFF712BDFFF710BD10B4002453
:109ADC0081600280448044605DF8044B704700BF95
:109AEC004088B0FA80F04009704700BF03464088B8
:109AFC001A88904211D0DA88012010B59C68A154C4
:109B0C00DA88B3F800C002445988B2FBFCFE014469
:109B1C000CFB1E225980DA8010BD0020704700BF5C
:109B2C000346408890B19A88012010B59C68A25CCD
:109B3C000A709A88B3F800C002445988B2FBFCFE44
:109B4C0001390CFB1E2259809A8010BD704700BF52
:109B5C00F0B50D2283B00023077E8DF806208DF81A
:109B6C00073077B304460F251D4E60690368DB6828
:109B7C009847606903685B6998470028F9DA60695F
:109B8C0001220DF1060103685B689847022006F07C
:109B9C0073FA01220DF10701606905F017FE012827
:109BAC00F7D1002310229DF80710304605F046FD32
:109BBC00304605F027FD9DF807300D2B05D0013DF3
:109BCC00D3D10027384603B0F0BD1121054808F069
:109BDC00ADF9034805F016FD384603B0F0BD00BFE3
:109BEC00509200205809002010B50421837C86B0C7
:109BFC004FF0010C0222044623FA01F08B408DF841
:109C0C000BC00DF10C0C8DF80C2002AA8DF80A304B
:109C1C0000238DF808108DF8090001E012F8011FDF
:109C2C000B449445DBB2F9D1227E8DF80D303AB15C
:109C3C006069062202A903685B689847062802D06F
:109C4C00012006B010BD01220DF10701606905F07D
:109C5C00BDFD012006B010BD10B5044686B0042130
:109C6C002020A27C00238DF80C000DF10C0C22FAA4
:109C7C0001F08A408DF808108DF80A2002AA8DF8A0
:109C8C000B308DF8090001E012F8011F0B449445CC
:109C9C00DBB2F9D1227E8DF80D303AB16069062223
:109CAC0002A903685B689847062802D0012006B019
:109CBC0010BD01220DF10701606905F087FD01203F
:109CCC0006B010BD10B5062386B0742204468DF87C
:109CDC0008300DF10E0C837C8DF80E10090A8DF8EE
:109CEC000B2001228DF80D1019091B018DF80C2089
:109CFC000DF107028DF809108DF80A30002312F8C7
:109D0C00011F0B449445DBB2F9D1227E8DF80F3044
:109D1C0042B16069082203680DEB02015B68984749
:109D2C00082802D0012006B010BD01220DF1070158
:109D3C00606905F04BFD012006B010BDF0B51D4665
:109D4C0083B0037E089E23B30446406917462A4617
:109D5C0003685B689847854215D101220DF1070114
:109D6C00606905F033FDB8B19DF807304F2B0DD16C
:109D7C0032783946606905F029FD034678B1012037
:109D8C00337003B0F0BD6FF00900FAE76FF00B0011
:109D9C00F7E76FF00D00F4E76FF00A00F1E76FF0F2
:109DAC000C00EEE7981F30B5C5B2082D2DD892F8EF
:109DBC0000C00CF102049C4227D1A2F1020E104605
:109DCC000023A64401E010F801CF63447045DBB2D8
:109DDC00F9D1144414F8010C984219D153789078A5
:109DEC001B0143EA10130B70B2F803300D735BBA0E
:109DFC004B8045B104320331531912F8010F9A42CA
:109E0C0001F8010FF9D1012030BDA3F1640030BD80
:109E1C006FF0140030BD00BF70B54FF6FF7390B0FB
:109E2C0016460E220D468DF82810338008218DF829
:109E3C000F200446C27C0DF11F0C8DF8201011016F
:109E4C00837C12090AA88DF8252041F001028DF8B7
:109E5C0026202A0A8DF827201A091B018DF82120AB
:109E6C008DF82230B2238DF8233004238DF8243062
:109E7C0000231CF801EF73446045DBB2F9D18DF877
:109E8C0029300DF10F030CAA08A9009320460A23D0
:109E9C00FFF754FF012801D010B070BD9DF80F30B2
:109EAC000CAA04A92046FFF77DFF0128F4D1A37C5E
:109EBC00BDF8122043F454439A420FD19DF81C3044
:109ECC00042B11D1BDF814305BBA9BB2AB4208D154
:109EDC00BDF816305BBA338010B070BD6FF0030064
:109EEC00DAE76FF00500D7E76FF00400D4E700BFA6
:109EFC0030B583B000244FF40C7105460DF1060209
:109F0C00ADF80640FFF788FF012804D1BDF80630F4
:109F1C002B8203B030BD204603B030BD10B582B0EB
:109F2C004FF6FF7340F60E11044601AAADF804304B
:109F3C00ADF80630FFF770FF012802D0002002B008
:109F4C0010BD0DF1060240F60F112046FFF764FF1D
:109F5C000128F3D1BDF80630BDF80420D90BE380FD
:109F6C00A280C3F38013C2F380222170A3706270AD
:109F7C0002B010BD10B582B04FF6FF7340F60E1153
:109F8C0004466A46ADF80030ADF80230ADF8043046
:109F9C00ADF80630FFF740FF012802D0002002B0D8
:109FAC0010BD0DF1020240F60F112046FFF734FFF1
:109FBC000128F3D101AA40F25D312046FFF72CFFB6
:109FCC000128EBD10DF1060240F6FC012046FFF70B
:109FDC0023FF0128E2D1BDF800C0BDF80210BDF886
:109FEC000420BDF80630A4F808C06181A281E38189
:109FFC00D5E700BF70B54FF0FF3390B016460E2278
:10A00C000D468DF82810336008218DF80F2004467A
:10A01C00C27C0DF11F0C8DF820101101837C1209EC
:10A02C000AA88DF8252041F001028DF826202A0A75
:10A03C008DF827201A091B018DF821208DF822306C
:10A04C00B2238DF8233005238DF8243000231CF81F
:10A05C0001EF73448445DBB2F9D18DF829300DF151
:10A06C000F030CAA08A9009320460A23FFF766FEEB
:10A07C00012801D010B070BD9DF80F300CAA04A9B6
:10A08C002046FFF78FFE0128F4D1A37CBDF81220E7
:10A09C0043F455439A421AD19DF81C30062B1CD11F
:10A0AC00BDF814305BBA9BB2AB4213D19DF819309A
:10A0BC009DF818101B049DF8172043EA0163134305
:10A0CC009DF8162043EA0223336010B070BD6FF088
:10A0DC000300CFE76FF00500CCE76FF00400C9E791
:10A0EC0000B583B04FF0FF334FF40A7101AA01930E
:10A0FC00FFF780FF019803B05DF804FB10B54FF03B
:10A10C00080C86B0842204468DF80E1000238DF8BE
:10A11C000B2041FA0CF2807C8DF80D200A160914E4
:10A12C008DF808C08DF80F200DF107028DF8101076
:10A13C00010900018DF80C308DF809108DF80A001A
:10A14C0004A812F8011F0B449042DBB2F9D1227E15
:10A15C008DF811303AB160690A2202A903685B6874
:10A16C0098470A280BD04FF0FF3301AA4FF40A711D
:10A17C0020460193FFF73EFF012006B010BD0122DF
:10A18C000DF10301606905F021FBECE770B5144695
:10A19C008AB052BA837C0E464FEA112EADF80E20CF
:10A1AC00220E8DF80D1005468DF81020220C0DF1A5
:10A1BC00180C0DF122018DF811200A228DF81820AF
:10A1CC001A091B018DF8192003AA8DF81A30902357
:10A1DC008DF81B3005238DF81C3007AB01E012F80D
:10A1EC0001EF03F801EF8B42F9D10DF123020023AB
:10A1FC001CF801EB73449445DBB2F9D18DF8233094
:10A20C002B7E3BB1686906A90C2203685B689847F2
:10A21C000C280FD0002301AA314628460193FFF7E2
:10A22C00E9FE01280DD1019BA34218BF6FF003007A
:10A23C000AB070BD01220DF10301686905F0C6FA80
:10A24C00E8E76FF00200F3E70A4640F29E2108B5FA
:10A25C00FFF79CFFA0F10100B0FA80F0400908BDA7
:10A26C000A4640F2A22108B5FFF790FFA0F10100C9
:10A27C00B0FA80F0400908BD0A464FF4287108B5C1
:10A28C00FFF784FFA0F10100B0FA80F0400908BD8F
:10A29C00DFED0C7A4FF4287160EE277ABCEEC00A21
:10A2AC00FCEEE77A08B517EE903A9AB210EE103A37
:10A2BC0042EA0342FFF76AFFA0F10100B0FA80F016
:10A2CC00400908BD00008047DFED077A60EE277A71
:10A2DC00BCEEC00AFCEEE77A17EE903A98B210EE9C
:10A2EC00103A40EA034070470000804770B5012ADD
:10A2FC004FF000050446C27481740582C0E9005514
:10A30C00C0E9025510D0022A18D00D484FF48072C3
:10A31C004FF41651606104F029FE2A4663696421EA
:10A32C0020462276996070BD05484FF480724FF438
:10A33C001651606104F01AFE0122EFE70148F4E7C0
:10A34C0020930020C0920020002340F2EE22C9B2DC
:10A35C0010B50446037580F82730C0E90A3207F0BF
:10A36C00BFFF012204F11F01204608F03DF92046F1
:10A37C0008F032F9FA2005F07FFE204610BD00BF30
:10A38C0010B5044607211F3008F0D2F994F8263096
:10A39C00834201D1012010BD1121044807F0C6FDF4
:10A3AC00034805F02FF9002010BD00BF6C090020F8
:10A3BC005092002010B504460821163008F0B8F968
:10A3CC00A37F834201D1012010BD1C21034807F05B
:10A3DC00ADFD034805F016F9002010BD80090020E2
:10A3EC005092002070B5054607F094FF284605F101
:10A3FC00150408F0D3F80022BE21284605F11E06EC
:10A40C0008F098F8284608F0B9F804F8010FB4429F
:10A41C00F8D12846FFF7CEFF48B195F91720AB7D50
:10A42C0043EA022300EE103ABAEECE0A70BD9FED5D
:10A43C00010A70BD00C079C470B590F8273004468D
:10A44C00012B06D0022B25D073B1002380F82730C6
:10A45C0070BD1C4BD0E90A121B685B1A9342F7D3F0
:10A46C00022380F8273070BD012580F8275007F0B3
:10A47C0051FF204608F092F820462A46442108F065
:10A48C0059F8104B40F2EE201B68A362BDE87040F7
:10A49C0005F0F2BD0D460126FFF7A4FF204685ED21
:10A4AC00000A84F8276007F035FF204608F076F89C
:10A4BC0032464421204608F03DF8024B1B68A3624B
:10A4CC0070BD00BFECC40020704700BF034A4FF4BE
:10A4DC008051034BA2F844111B68184700C03D4043
:10A4EC004094002070B500F1240384B08C460446DF
:10A4FC0001AD164693E8070085E807004FEA4C12B9
:10A50C002946206A01F068FB012806D1324629460B
:10A51C00206A01F045FB04B070BD002004B070BD92
:10A52C0010B5044600F0BAFD002384F8313084F8ED
:10A53C00333010BD38B514460D46002200F124010D
:10A54C00006A01F02DFB034620B1428901202A80CC
:10A55C001B89238038BD00BF38B514460D46002238
:10A56C0000F12401006A01F01BFB034620B1C289F3
:10A57C0001202A809B89238038BD00BF38B50D4649
:10A58C0090F8311009B1002038BD382204460DF086
:10A59C0007FC012340222562184684F8333084F8E6
:10A5AC00312038BDF0B40D460978202903D115F8B7
:10A5BC00014F202CFBD0156095602C782F2C11D0DE
:10A5CC0084B16E1C3C2C1D4F35462AD8212C12D838
:10A5DC0004F1FF3CBCF11E0F16D80020F0BC7047F4
:10A5EC0015F8014F202CFBD02F2CF9D01D601146F3
:10A5FC00F0BC01F0C3B9A4F1220C5FFA8CFC27FA71
:10A60C000CFC1CF0010FE8D12E2C01D0202C0DD10C
:10A61C0016F8014B002CE5D02F2CE3D03C2C354602
:10A62C00D4D95C2CD9D003D97C2CD6D09660EFE74A
:10A63C003E3C012CFAD80020F0BC704701210005EB
:10A64C002DE9F04F90F8333083B00546DC0774D514
:10A65C0058060F46904640F1B080D5E90023D5E965
:10A66C00041018EB020443F10003A14270EB030346
:10A67C00C0F0A980B8F1000F5BD0464605F118096F
:10A68C00D5E90032D5F820A0DAF838441C40C4F3E0
:10A69C00080B002C70D1134370D195F831305A0649
:10A6AC004CBFDAF83424EA69AA619AF84504023AF4
:10A6BC00DAF82C14630A824001EB54211144BBF1EB
:10A6CC00000F45D1B6F5007F42D3DAF81C22914237
:10A6DC003ED0B6F5806F58D34FF0010B0BFA00FB50
:10A6EC00ABEB030B730A9B4528BF9B4691424FEA89
:10A6FC004B240AD801EB0B039A4206D20AF50470DC
:10A70C00019103F01BFE0199B8B1DAF814025B4613
:10A71C000268D2F814A03A46D04770B123462744B9
:10A72C00D5E900125B1842F10002361BC5E9003274
:10A73C00A8D1404603B0BDE8F08F95F832304FF009
:10A74C00FF3043F0020385F8323003B0BDE8F08FE0
:10A75C00CBF5007400220AF50470B44228BF3446CD
:10A76C0003F018FE0028E8D000EB0B012246384617
:10A77C0005F088FF2346D2E7AA6996E795F83330AF
:10A78C005B060ED5AA6901328EE7DAF814023A4656
:10A79C0003681B6998470028CFD04FF400731C4600
:10A7AC00BDE74A465046A96901F058FA0028C4DBB7
:10A7BC000CD0D5F820A0AA6977E795F831301907A5
:10A7CC007FF558AF49E7A1EB020853E795F8313014
:10A7DC0013F0500FB1D0A8EB06084046AAE700BF13
:10A7EC00F0B583B00122044685690DF10701D0E96B
:10A7FC000067FFF725FF0128A5610CBF9DF8070036
:10A80C004FF0FF30C4E9006703B0F0BD2DE9F04F05
:10A81C001F4690F8313083B00446D0F81880002BD6
:10A82C0051D01646D0E9001CBC4508BF91425CD003
:10A83C0056EA07024DD01D0704D5D0E90402B042F8
:10A84C00BA4140D394F83320751ED4F820A001925D
:10A85C0047F1FF309AF845240932D2B2C2F1200EEA
:10A86C00D540A2F1200900FA0EFB20FA09F045EAC6
:10A87C000B0505430198400633D4481E20FA02F21A
:10A88C004CF1FF3051EA0C0C00FA0EFE20FA09F0E4
:10A89C0042EA0E0242EA000201D0954229D25B063E
:10A8AC004CBFDAF83434E369A36104F1180906E00B
:10A8BC00A169013D206A01F0D1F9002803DD4A4667
:10A8CC00002DF5D107E00020C4F8188003B0BDE8D6
:10A8DC00F08F002383610120C4E9006703B0BDE859
:10A8EC00F08FE3692B44A361F5E7012003B0BDE8C9
:10A8FC00F08FAD1AD9E700BF2DE9F04F174690F84D
:10A90C0031208FB00546002A40F0D7808B4691F855
:10A91C00311011F0500F00F0D08003F003019A4673
:10A92C00032900F0CA80013103F0080041EA00035A
:10A93C000293002F00F0CB80396901F10E08B64963
:10A94C00A1FB0818DBE900104FEAD808014308F115
:10A95C0002085FFA88F805D000200021CBF81820F7
:10A96C00CBE900010024029B264643F040030393ED
:10A97C00202206A95846FFF763FE00B3202840F0BA
:10A98C009C809DF918209DF81830002AC0F2A280F6
:10A99C0034B9DBF80020A2F12009DBF81820019271
:10A9AC00444501D20134E4B2002B00F01381202283
:10A9BC0006A958460026FFF743FE0028DED11AF4FC
:10A9CC00007F7AD0029B9B0777D5002F75D044452A
:10A9DC0017D2DDF804A0202206A95846FFF730FE56
:10A9EC00631C002861D0202867D12CB9DBF800202B
:10A9FC00DBF818A0A2F12009DCB2A045EBD8CDF809
:10AA0C0004A03822002128469BF833400DF0C8F9E9
:10AA1C00DBF82030C4F38014019A2B620823002643
:10AA2C0085F82C4085F831303B68C5E909297B60F5
:10AA3C00BE81B8F1000F33D008F1FF39B346DFF80F
:10AA4C00DCA15FFA89F9012259462846FFF74AFD35
:10AA5C00044690B390F90020002A2EDB202200211E
:10AA6C000DF09EF9002E00F0BC80BBF1010F00F040
:10AA7C00D780C123A3461E3404F81E3CBB8938463C
:10AA8C001BB9D7E901239A4205D003F0C1FC2BF87E
:10AA9C00020FA345F2D101365FFA86FBD845D2D816
:10AAAC00284600F0FBFA06460DE05846DBF8186025
:10AABC0000F024FB002840F0918000231E4685F80E
:10AACC00313085F8333030460FB0BDE8F08F4FF0A1
:10AADC00030847E756BB444538BF0024852B7FF459
:10AAEC0047AF31463822284601260DF059F99DF81A
:10AAFC001C209DF8193085F8303002F03703D2064F
:10AB0C0058BF43F0080385F83130DBF80030DBF830
:10AB1C002020203B2A62DBF81820C5E909239BF88A
:10AB2C003330C3F3801385F82C3021E7C02B28D0A9
:10AB3C00C12B7FF43CAF3A4606A9284600F092FEA2
:10AB4C00E8B1BB89DBB9D7E901329A4217D11AF4C3
:10AB5C00006FB2D11AF4884F70D195F83330980742
:10AB6C006CD41AF4806FA8D11AF4804FABD028465D
:10AB7C00D5E90423FFF74AFE0028A4D19DE7064639
:10AB8C00F6E6029B85F833309DF819309B0702D509
:10AB9C00039B85F833300B9BEB61DDE90823C5E99A
:10ABAC000423DDE90C23C5E90223002FCFD04FF09D
:10ABBC0000033A69BB813B687B609DF81B309A426D
:10ABCC007FF4F5AEBE8ABDF81C30F61AB6FA86F6DE
:10ABDC007609CDE6002F7FF4F2AE6EE7CBF8186065
:10ABEC000BE78523237085F8309084F80190DAF810
:10ABFC000030002B46D00DF113020DF1160105A803
:10AC0C009847BDF814306381BDF8163023819DF848
:10AC1C00133023753FE700BF89888888F4B2002081
:10AC2C00C02384F801B02370029B63F07F0385F886
:10AC3C0033303B69E370BB8AA3802CE795F8313045
:10AC4C00D9063FF53AAF13F001017FF436AF1AF491
:10AC5C00806F89D095F8332092077FF52EAF002BAB
:10AC6C003FF42BAFD5E90032134304D0002200236C
:10AC7C00A961C5E90023284600F042FC00283FF4F6
:10AC8C001CAF20E745F621436381E381638202E731
:10AC9C002DE9F043002597B0994690F83130019298
:10ACAC001495ADF81450002B3ED191F831300F466D
:10ACBC0013F0500F38D01378044616462F2B37D08C
:10ACCC004FF0000801AB02AA31462046FFF76AFCA0
:10ACDC0050B3019E3378002B3ED0002302AA394694
:10ACEC002046FFF709FEF8B1A44608AD04F1300781
:10ACFC00DCF800000CF1100C5CF80C1CAE465CF897
:10AD0C00082C10355CF8043CBC45AEE80F00EFD1C4
:10AD1C00DCF8000008AF2860204600F0BFF984F88A
:10AD2C00318084F83380CDE7002017B0BDE8F08384
:10AD3C0016F8011F2F29FBD00196B1B938222046F5
:10AD4C003D6A0DF02DF8012340222562184684F847
:10AD5C00333084F83120E8E74B4602AA39462046C6
:10AD6C00FFF7CAFD17B0BDE8F0833822002108A810
:10AD7C003D6A0DF015F8012308AF10958DF853308E
:10AD8C0040238DF851309BE719B101F58961FFF72C
:10AD9C007FBF0846704700BF90F8313063B991F817
:10ADAC00313013F0500F07D00B6813F01F0C03D188
:10ADBC0013466246FFF7A0BD002070478169F8B5C5
:10ADCC000446006A01B10131012200F00DFE012898
:10ADDC00054632D901230146206A1A4600F064FE6A
:10ADEC00064650B3A3695BB394F83320510612D5D1
:10ADFC00591CA94218D022F04002E16984F8332092
:10AE0C0005E0206A00F04CFF3946B0B1A3694F1C35
:10AE1C0099423A46F5D34FF0FF322946206A00F0AA
:10AE2C003FFF50B1A16911B93046A561F8BD2A4662
:10AE3C00206A00F035FF0028F6D100263046F8BD18
:10AE4C0094F8333043F0400384F83330ECE700BF20
:10AE5C0090F833309A0736D5C16970B50546A1B95B
:10AE6C000024214607E0037803F07F03037095F874
:10AE7C0030308B4229D3013401222846FFF732FBB4
:10AE8C00E1B20028EFD1002070BD5B06006A34D51A
:10AE9C0090F84534D5E902240933013ADBB244F188
:10AEAC00FF34C3F1200CDA40203B04FA0CFC24FAEA
:10AEBC0003F342EA0C021A430023013200F0F4FDC2
:10AECC000028CDD1DFE70020704700232C6A85F8DD
:10AEDC003130204685F8333003F030FA0028D2D0D8
:10AEEC0004F5047003F02AFA0028CCD0D4F84004FE
:10AEFC000368BDE870401B6A184700F0F1FE00289B
:10AF0C00AED1C0E790F83130DB0601D40020704799
:10AF1C0010B5002288B000230446FFF777FC08E048
:10AF2C0020281BD19DF900309DF80020002B15DB4B
:10AF3C0032B1202269462046FFF782FB0028EFD170
:10AF4C0094F833300822204643F0020384F8312071
:10AF5C0084F83330FFF77CFF08B010BD002008B038
:10AF6C0010BD00BF2DE9F0414FF0000882B04A4FF0
:10AF7C0006464446414600223046FFF7B3FA0546E2
:10AF8C0030B10178C02969D0C1292BD0852909D0CD
:10AF9C0096F83230002043F0010386F8323002B0CC
:10AFAC00BDE8F08196F8313003F0370383803B68BD
:10AFBC0083B10DF103020DF1060101A89847BDF80C
:10AFCC000630AB812B82BDF80430EB816B829DF88F
:10AFDC0003306B75326A92F8103243F0010382F839
:10AFEC0010322978A1F185000022B0FA80F04009D6
:10AFFC0001E00422A95CE303012A02F1010243EA05
:10B00C00540311FA83F39CB201D10028F1D11F2A09
:10B01C00F0D908F1010896F830305FFA88F18B42CC
:10B02C00A9D2012206F12401306A00F0B9FD0028F2
:10B03C00AED0356A4480284603F080F90028A7D0AA
:10B04C0005F5047003F07AF90028A1D0D5F8400476
:10B05C0003681B6A98470028A1D199E796F833300A
:10B06C0013F0400F437814BF43F0020303F0FD03C9
:10B07C004370D6E90401D6E90732C5E90201D6E9E5
:10B08C0002016B61C5E9060192F8103243F001032D
:10B09C0082F810322978A5E7F4B2002038B590F880
:10B0AC00313043B390F93320044690F83330002A02
:10B0BC000CDB056A284603F041F978B994F8323074
:10B0CC00002043F0010384F8323038BD03F07F03D5
:10B0DC0080F83330BDE83840FFF744BF05F5047005
:10B0EC0003F02CF90028E9D0D5F8400403681B6A5A
:10B0FC0098470028E2D0012038BD00BF70B590F809
:10B10C00313005465A064CD480682B6AD3F83C344F
:10B11C001844B0F1806F01D3002070BD2846FFF7B2
:10B12C004DFE0028F8D0286A0024AE6990F845340A
:10B13C00023E9E40D0F82C341E443119052200F5F5
:10B14C000470013403F026F94FF40072002100283A
:10B15C00E2D00CF025FE286A012390F84524934098
:10B16C009C42EAD395F831305B0615D495F8332020
:10B17C0062F07F02D5E9023185F83320D0F83C2407
:10B18C009B1841F10000AB60D5E90431E8609B18D5
:10B19C0041F10001C5E904312846BDE87040FFF7D4
:10B1AC007DBF006A00F0A2FEAFE700BF70B5044699
:10B1BC0090F831009CB0002310F0180F0C931A93E8
:10B1CC0003D0206A0B6A984202D000201CB070BDDC
:10B1DC0040F601236846FFF75BFD0028F5D0A44636
:10B1EC0004F130060EADDCF800000CF1100C5CF82C
:10B1FC000C1CAE465CF8082C10355CF8043CB445CD
:10B20C00AEE80F00EFD1DCF8000009AA04F124032A
:10B21C0028609DF8305007CA83E8070094F8333053
:10B22C00204684F8305063F07F0384F83330FFF706
:10B23C0035FF0028C9D00021022208230EA8159141
:10B24C008DF86B208DF86930FFF702FEBEE700BF6A
:10B25C0038B591F8313013F0500F02D10025284643
:10B26C0038BD40F602230446FFF746FB0028F5D014
:10B27C001023204684F83130FFF740FF05460028A4
:10B28C00ECD0A169002200232046E161FFF7BEFA51
:10B29C00C12294F8313084F83320002BDFD04123C5
:10B2AC00204684F83330BDE83840FFF75BBE00BF62
:10B2BC00F0B5002597B01F4690F831300192ADF8EB
:10B2CC0014501495002B46D191F831300E4613F0E2
:10B2DC00500F40D01378044611462F2B3ED001ABB3
:10B2EC0002AA2046FFF75EF9002834D0019B1B7898
:10B2FC00002B41D0002302AA31462046FFF7FCFA6E
:10B30C0030B947B302AA31462046FFF7A1FF10B36C
:10B31C00A44608AD04F13006DCF800000CF1100C6A
:10B32C005CF80C1CAE465CF8082C10355CF8043C40
:10B33C00B445AEE80F00EFD1DCF8000008AE286091
:10B34C002046FFF7EDF8019901AB02AA2046FFF762
:10B35C0029F90028CAD1002017B0F0BD01310191A4
:10B36C000B782F2BFAD0316A08A8FFF707F90028C1
:10B37C00F1D0019908AEB2E702AA31462046FFF798
:10B38C0067FF17B0F0BD00BF2DE9F04F0E4690F8E7
:10B39C00311083B009079DF830B09DF834909DF8BA
:10B3AC0038809DF83C7040F18580A2F2BC7294B25A
:10B3BC007F2C7FD85A1E0B2A7CD80BF1FF321E2A09
:10B3CC0078D8B8F13B0F98BFB9F1170F8CBF4FF07D
:10B3DC00010A4FF0000A3B2F88BF4AF0010ABAF16C
:10B3EC00000F67D105460193FFF758FE002861D086
:10B3FC00019B51464BEA431B7B0817F001074BEAB4
:10B40C004424D34643EA481818BF6427A4B248EA38
:10B41C00C92806F001091FFA88F800222846FFF710
:10B42C0061F8002846D090F800C0BCF1850F45D0DB
:10B43C000CF14003DBB2012B3CD8ACF185010023AD
:10B44C00B1FA81F1490902E0042310F803C04FEA74
:10B45C00CB32012B03F1010342EA5B021CFA82F2AC
:10B46C001FFA82FB01D10029EED11F2BEDD90AF175
:10B47C00010A95F830305FFA8AF18B42CDD2012265
:10B48C0005F12401286A00F08BFB98B12C6AA0F816
:10B49C0002B0204602F052FF60B104F5047002F0D5
:10B4AC004DFF38B1D4F8400403681B6A03B0BDE803
:10B4BC00F04F1847002003B0BDE8F08F95F83130FD
:10B4CC002A6A03F03703838092F8103243F00103A9
:10B4DC0082F81032B9F1000F02D0A0F8108044822B
:10B4EC00B20703D50775A0F808804481730703D50C
:10B4FC004775A0F80C80C48190F800C09DE700BF90
:10B50C0090F833309A0762D570B5C56982B004469D
:10B51C00A5B313F0400634D0006AA26890F845C475
:10B52C00013AE1680CF1090C41F1FF315FFA8CFC36
:10B53C00CCF1200E22FA0CF2ACF1200C01FA0EFE2A
:10B54C0021FA0CFCA16942EA0E0242EA0C02013219
:10B55C0019B3013D6D1A01312A44019172BB63F09C
:10B56C007F03204694ED007B84F8333084ED027B1E
:10B57C0084ED047BFFF792FD02B070BD012002B098
:10B58C0070BD816961B90195C1612946206A00F0DD
:10B59C00A7FBC8B194F83330E1E70195E161DDE731
:10B5AC0001AA006A019600F059FB00280CDB10D1AF
:10B5BC00019D002DE9D194F83330D0E70023019997
:10B5CC0000F072FA0028E5D1002002B070BD002016
:10B5DC0070474FF0FF32A169206A00F061FB002830
:10B5EC00E6D1F1E72DE9F04390F8333083B004460F
:10B5FC009D0740F1A18091461A070E4600F19580F7
:10B60C00B9F1000F00F0288123684D46206AA1692A
:10B61C00D0F8382402EA0308C8F30807B8F1000F81
:10B62C0040F09480002900F0D48094F833305B060D
:10B63C0040F1EC8090F845C4D4E902320CF1090CCD
:10B64C00013B5FFA8CFC42F1FF32CCF1200E23FA65
:10B65C000CF3ACF1200C02FA0EFE22FA0CFCE2699F
:10B66C0043EA0E0343EA0C031344994280F0D5805D
:10B67C000131A16190F845240239D0F82C34914065
:10B68C001944B5F5007FC0F08A80B5F5806FC0F025
:10B69C00A680012393406A0AA3EB0803934228BFB8
:10B6AC001346D0F81C228A424FEA432809D35F186C
:10B6BC00BA4206D2002280F810224FF0FF32C0F8B6
:10B6CC001C22D0F8140232460768BF6AB84798B3F8
:10B6DC0043464644A5EB0805D4E90072D4E90401BD
:10B6EC00DB1942F1000298429141C4E9003207D2C1
:10B6FC0094F8331061F07F01C4E9043284F83310FC
:10B70C00002D83D1D4E9020198429141C0F096807A
:10B71C00534B1B68002B00F09D8094F83330484647
:10B72C0063F07F0384F833300DE0D0E90423FFF796
:10B73C006DF800287FF464AF94F83230002043F0A9
:10B74C00010384F8323003B0BDE8F08390F845244F
:10B75C0002394FEA5828D0F82C349140414419440E
:10B76C00002F8ED0C7F50078012200F50470A84593
:10B77C0028BFA84602F00EFE0028DDD0384447440E
:10B78C004246314604F07EFFB7F5007F206A9FD118
:10B79C0000F5047002F0D2FD002899D1CCE7626864
:10B7AC00636900920193226923689342DDE90023C7
:10B7BC009A4112D2012200F5047002F0EBFD002830
:10B7CC00BAD02A4631463844A84604F05BFF2B46D3
:10B7DC007FE7E16949B3A1614CE70522EBE7D0F8BB
:10B7EC001C328B4206D1002380F810324FF0FF330D
:10B7FC00C0F81C32D0F81402324603685B6A9847D2
:10B80C00002899D04FF40073984662E704F11802AF
:10B81C0000F024FA00288FDB04D12046FFF7CEFA83
:10B82C00002889D0A169206A24E72046FFF7C6FAD0
:10B83C00002881D0A169206AE1611BE794F83310DC
:10B84C004846C4E9023261F07F0384F8333003B018
:10B85C00BDE8F083484676E7D4E9003252E700BFF2
:10B86C00F4B200202DE9F0410C46154601F11E08FA
:10B87C00AB89284634F8027F1BB9D5E901239A42DB
:10B88C000ED002F0C5FD02F087FE0646384602F0E7
:10B89C0083FE864209D14445EAD10120BDE8F081FE
:10B8AC00B7FA87F04009BDE8F0810020BDE8F081CF
:10B8BC002DE9F04F90F8313083B08846002B4FD0F3
:10B8CC0090F830300746012B53D9013A0B464FF014
:10B8DC00020A00248E18DFF8A0B000225146384628
:10B8EC000193FEF7FFFD00283AD00278C12A37D128
:10B8FC00054600F11E09019B35F8020F24B300F533
:10B90C00105292B2B2F5806F2AD20BEA8424C0F3A3
:10B91C000900204300F580301946324602F09EFDA6
:10B92C000346E8B100244D45E6D10AF1010A97F827
:10B93C0030205FFA8AFA5245CFD2A3EB0800984622
:10B94C00002388F800300FE000F5205292B2B2F5D7
:10B95C00006F02D30028DFD1EFE7B2F5806F06D37A
:10B96C000023184688F8003003B0BDE8F08F044679
:10B97C00D9E70020E4E700BF00FC0F0070B50C46CF
:10B98C0000234FF6FF75226819461E46A3812361DA
:10B99C00626017E002F03CFDA84222D002F0FCFDF0
:10B9AC002369F203A189013342EA5602060A236194
:10B9BC0052FA80F083B2C0F34E0040EAC33016FA5C
:10B9CC0080F086B220460029E4D1D4E901239A42C2
:10B9DC00E0D12069A6820138FE288CBF002001200E
:10B9EC0070BD002070BD00BF2DE9F84F07468A4698
:10B9FC009146002942D0A1F10208D7F830344345D2
:10BA0C0042D908F007030125C8F3C80B9D40EDB2DD
:10BA1C0046464446D7F82C140022384601EB143124
:10BA2C0002F0B8FCE8B10BF1FF3B834400F2FF10CD
:10BA3C001BF8011F0AE04A452BD0A04510D0D7F8BF
:10BA4C003054A54214D913F0FF050CD0013429420F
:10BA5C004FEA4503A4EB0602EDD0A0452646EED1F5
:10BA6C000120BDE8F88F58454FF00105E0D101E009
:10BA7C000026344601254FF0000BCBE7D0F820848C
:10BA8C00D7F830344345BCD84FF000080125C346E5
:10BA9C00BEE7BAF1000F04D1B9F1010F08BFC7F826
:10BAAC002064B01CBDE8F88F2DE9F8438046881E51
:10BABC0015461E468318D8F83024934237D8CEBB8F
:10BACC00D8F82034834288BFC8F8200400F007035C
:10BADC000124D8F82C74C0F3C8099C4007EB103132
:10BAEC00E4B2012240468F1802F054FCF8B109F17F
:10BAFC00FF3E864400F2FF101EF801CF1CEA040F33
:10BB0C008CEA040C4FEA440414BF01220022B24216
:10BB1C000DD0013D8EF800C018D014F0FF04EDD10B
:10BB2C007045A1464FF00104E6D13946D9E7002013
:10BB3C00BDE8F883D8F820148B42C7D98142C5D30D
:10BB4C00934228BF0023C8F82034BFE70120BDE88A
:10BB5C00F88300BFF8B5D0F8303401338B4201D2F2
:10BB6C000020F8BD07460C4600F50476002505E0DC
:10BB7C00D7F8303401350133A342F1D3D7F824146C
:10BB8C000022304601EBD41102F004FCA400002882
:10BB9C00E6D0C4F308040459631CE9D1681CF8BD51
:10BBAC0038B50C460B6890F845C400F50470D0F815
:10BBBC002812023B656803FA0CF3294003EB51236E
:10BBCC00D0F81C12194402F0E5FB18B16368C3F3FA
:10BBDC000803184438BD00BF2DE9F8430C46D0F8D3
:10BBEC00383449680B4011446160134490F8451493
:10BBFC0001F10902D2B2D3402BB380465D1E00F591
:10BC0C00047905E02368013D03F1010323601AD395
:10BC1C00267A002EF6D1D8F83034324627684846BA
:10BC2C0001339F4212D8D8F8241401EBD71102F03B
:10BC3C00B1FBBF0050B1C7F30807C3595A1C09D058
:10BC4C00013D2360E4D20120BDE8F8834FF0FF30C2
:10BC5C00BDE8F8833046BDE8F88300BF38B5D0F8AE
:10BC6C00303401338B4202D24FF0FF3038BD0C46DA
:10BC7C00D0F82414154600F50470002201EBD41101
:10BC8C0002F088FB0028EFD0A400C4F30804035989
:10BC9C005A1C02D001202B6038BD002038BD00BFDB
:10BCAC0001291BD938B5D0F830340C4601338B42FE
:10BCBC0001D2002038BDD0F82414154600F50470CC
:10BCCC00012201EBD41102F065FB03460028F0D0F1
:10BCDC00A4000120C4F308041D5138BD0020704796
:10BCEC00D0F830340133994201D9002070472DE946
:10BCFC00F04F054683B00C4600F504790F464FF023
:10BD0C000008D5F82414002248464FEAD41B01EB56
:10BD1C00D41102F03FFB90B1A300C3F30803C25847
:10BD2C000193531C16BF16464FF0000A4FF0010A40
:10BD3C00012C04D9D5F830240132944203D90020C7
:10BD4C0003B0BDE8F08FD5F82414012248465944BD
:10BD5C0002F020FB0028F2D0019B40F80380BAF1DE
:10BD6C00000F12D00134B44208D00023E21B394634
:10BD7C002846FFF799FE0028E1D03746D5F8303435
:10BD8C000133B342DBD33446BBE7621C534639461E
:10BD9C002846D21B03B0BDE8F04FFFF785BE00BFAD
:10BDAC002DE9F84300250646D0F82C1400F504784C
:10BDBC002C46002240464F1C02F0ECFAA8B100F1D0
:10BDCC00FF3E04F58059D6F8300405E079B9083403
:10BDDC00844209D24C4516D01EF8011FFF29F5D11B
:10BDEC00083408358442F5D3401BBDE8F88308229B
:10BDFC00012319424FEA430C18BF0135013A5FFA8F
:10BE0C008CF3F6D1E3E73946D3E700BFF8B500234E
:10BE1C004FF0FF3600F504771546C0F84014044681
:10BE2C0041601A46C0F81412194680F84434037065
:10BE3C00C66080F81032C0F81C62384602F0AAFACC
:10BE4C00042D0DD8064658B1BDB16B1E00EB031383
:10BE5C0093F8BE2112F07F0202D193F8C2310BB9D4
:10BE6C000020F8BD00EB05163846D6F8B651294629
:10BE7C0002F090FA06460028F2D005221A49F01C6E
:10BE8C000BF0E0FF0028EBD196F86C30092BE7D1D2
:10BE9C00336D01462B44C4F82434736DC4F8283434
:10BEAC00B36D2B440125C4F82C34F36DC4F8303435
:10BEBC00336EC4F8343496F86D20C4F82004204650
:10BECC0002F1090384F8452405FA03F35A1EC4F859
:10BEDC003C34C4F838242A46FFF786FD4023284614
:10BEEC0084F84434F8BD00BF600A002010B5044645
:10BEFC00D0F83414FFF72EFE94F845340933DBB236
:10BF0C00984010BD70B590F9023082B00446002BF9
:10BF1C000DDBA56805F1280002F010FA00283BD1D2
:10BF2C006378002043F00103637002B070BD806839
:10BF3C000122A169283002F02DFA0028F0D0A58842
:10BF4C0005F00F056B0100EB4515C35CE52BE7D045
:10BF5C0023781B0701D5E369EB61236A15491A0C99
:10BF6C006B830E68AA8266B10DF103020DF1060116
:10BF7C0001A8B047BDF80430BDF806202B836B82B6
:10BF8C00EA82A378A56803F07F0305F12800A3706B
:10BF9C0002F0D4F90028C3D005F50E7002F0CEF9EA
:10BFAC000028BDD0286803681B6A98470028B7D0C2
:10BFBC00BBE700BFF4B20020024638B552F8105F60
:10BFCC0004468068294601F037FE50B155B123690B
:10BFDC000135AB42A37818BF03F0BF0363F07F03B6
:10BFEC00A37038BDA37843F04003F7E7F8B50478A5
:10BFFC0014F0200404D11A4B054642699A4202D32C
:10C00C0000273846F8BDFFF7D7FF07460028F7D0C2
:10C01C00A8682E698279023E416996400E440179E6
:10C02C00A9B1214606E00BF0BBFEA868E1B202798B
:10C03C008A420BD9314405222830013402F0AAF986
:10C04C004FF4007200210028EDD1D9E782794FF42A
:10C05C00007369693846934011FA83F36B61F8BD3C
:10C06C0000FE1F0010B5044680680A462830A169FE
:10C07C0002F090F920B1A38803F00F0300EB4310FA
:10C08C0010BD00BF10B5037804462BB1FFF73AFF83
:10C09C0000232370A37010BD002301202370A37014
:10C0AC0010BD00BF38B5037805460C4613B1FFF739
:10C0BC0029FFF0B1A8680022A969283002F06AF9BA
:10C0CC00B8B1AA8802F00F0200EB421352015D686E
:10C0DC0080589968DA6820606560A160E260186930
:10C0EC005D699969DA69206101206561A161E2618C
:10C0FC0038BD002038BD00BF30B589B00D461446A0
:10C10C006946FFF7CFFF28B1BDF81020BDF80E30FF
:10C11C002A80238009B030BD30B589B00D46144655
:10C12C006946FFF7BFFF28B1BDF81820BDF81630DF
:10C13C002A80238009B030BD0B7813F0700F01D129
:10C14C0000207047F0B540F6022389B00D46044636
:10C15C0001F0F0F838B1012210232046A2702370B0
:10C16C00FFF744FF10B9002009B0F0BD2269237815
:10C17C0022626BB1636933B1A378002223F02003F0
:10C18C00C4E90422A3702046FFF7BCFE0028EAD0C5
:10C19C00A0680122A169283002F0FCF80028E2D046
:10C1AC00B4F804C010220CF00F0C4FEA4C1300EB47
:10C1BC004C1C8CF80B20C058A768236A97F806E033
:10C1CC009E1EDCF80410DCF80820DCF80C3006FAB3
:10C1DC000EF6EE46AEE80F00DCF81000DCF814109A
:10C1EC00DCF81820DCF81C30AEE80F007B6907F196
:10C1FC0028000122F1184FF02033CDF80130CDF892
:10C20C000530ADF8093002F0C5F884460028AAD0F4
:10C21C002E27EE468DF800707646BEE80F00CCF85F
:10C22C000000CCF80410CCF80820CCF80C308DF8B9
:10C23C000170BEE80F00CCF81000CCF81410CCF84C
:10C24C001820CCF81C302B6A1A0CADF81A30ADF84B
:10C25C0014200FCECCF82000CCF82410CCF82820D9
:10C26C00CCF82C300FCECCF83000CCF83410CCF805
:10C27C003820CCF83C30A46804F1280002F05EF8B9
:10C28C0000283FF470AF04F50E7002F057F8002848
:10C29C003FF469AF206803681B6A09B0BDE8F04041
:10C2AC00184700BF2DE9F041002694B0984603785A
:10C2BC000192ADF814600B96002B41D10B780D4612
:10C2CC0013F0700F3CD01378044616462F2B3BD03E
:10C2DC00002728E0019E3678002E50D001F02AF875
:10C2EC00034602AA294620462BB9B8F1000F27D0E5
:10C2FC00FFF722FF20B3A6460DF12C0CBEE80F0071
:10C30C00ACE80F00BEE80F00ACE80F00DEF8005000
:10C31C0020462378CCF800500BB1FFF7F3FD019EBB
:10C32C000BAD2770A770314601AB02AA204601F075
:10C33C004DF9064602AA294600232046002EC9D1F3
:10C34C00002014B0BDE8F0810136019633782F2B14
:10C35C00FAD0AD68242200210BA80BF021FD0D951D
:10C36C00EB79102B03D0202B0FD00C2BE8D12023F2
:10C37C008DF82C3001230BAD8DF82E30A8E702AAD6
:10C38C00FFF7DAFE14B0BDE8F0814023F0E700BF00
:10C39C002DE9F041002594B098460378019202955E
:10C3AC00ADF83850002B37D10B780E4613F0700FC8
:10C3BC0032D01378044615462F2B31D000271EE0BF
:10C3CC00019D2D78002D40D000F0B4FFA6460DF154
:10C3DC00080C08B366462578BEE80F00ACE80F00E1
:10C3EC00BEE80F00ACE80F00DEF800302046CCF8B9
:10C3FC0000300DB1FFF786FD019D2770A77029460F
:10C40C0001AB0BAA204601F0E1F805460BAA314618
:10C41C0000232046002DD3D1002014B0BDE8F081BC
:10C42C000135019529782F29FAD0A9B9B5682422AC
:10C43C0020460BF0B5FCA560EB79102B03D0202B1C
:10C44C0022D00C2BE8D120221FE043460BAA00F08F
:10C45C0071FF14B0BDE8F081B6682422002102A857
:10C46C000BF09EFC0496F379102B03D0202B03D0F9
:10C47C000C2BD1D1202300E040238DF80830012370
:10C48C0002AE8DF80A3099E740220123227018463B
:10C49C00A370C2E719B101F58961FFF779BF0846AE
:10C4AC00704700BFCB6870B50D46044693B906784B
:10C4BC000EB1184670BD8D68242231460BF070FC0D
:10C4CC00A560EB79102B18D0202B10D00C2B14D08E
:10C4DC00304670BD242200210BF062FC0120102399
:10C4EC00A0702370D5E90223A260236270BD4022A4
:10C4FC00012322701846A37070BD2022F8E700BFFC
:10C50C0070B505780DB1002070BD0E46044624228E
:10C51C0029460BF045FCA660F379102B0BD0202B91
:10C52C0003D00C2B07D0284670BD4022012322706B
:10C53C001846A37070BD2022F8E700BF2DE9F04F1C
:10C54C002DED028B837883B00546DF0740F18C809C
:10C55C008846017892460E0700F191808C0608D52A
:10C56C0083685A894369C3EB42139BB29A4528BF2F
:10C57C009A46BAF1000F00F0AF806A6905F110031A
:10C58C00880656464FF0000908EE103AAF68C2F321
:10C59C00080B3DD5396A01EB5221BBF1000F51D18B
:10C5AC00B6F5007F4ED37A6B91424BD0B6F5806FC7
:10C5BC00C0F082802878730A800605D43879A0EB05
:10C5CC000900834228BF034691424FEA43240CD80A
:10C5DC00C818824209D207F12800CDE9001301F0F6
:10C5EC00ADFEDDE9001300283ED0F86A02685769F9
:10C5FC004246B847002837D06A69361BA04422440B
:10C60C006A6169D02978C2F3080BAF688806C1D477
:10C61C0097F8059009EA5229BBF1000F36D1B9F110
:10C62C00000F33D1002A33D14A064CBF3A6A2A6A2A
:10C63C002A61023AB8797969824049441144BBF1C4
:10C64C00000FADD0CBF50074002207F12800B442E6
:10C65C0028BF344601F09EFE30B100EB0B012246A0
:10C66C00404604F00FF8C7E76B784FF0FF3043F00B
:10C67C0002036B7003B0BDEC028BBDE8F08FC36995
:10C68C0042699B1A9A4528BF9A4672E72A69D0E7F5
:10C69C000B0705D5AA78540602D52A690132C7E7DB
:10C6AC0018EE102A3846296901F014FB0028DBDB50
:10C6BC000CD0AF682A69BCE7F86A424603681B696C
:10C6CC0098470028D0D04FF4007495E72B7813F0DE
:10C6DC00700FC9D0AAEB060A504603B0BDEC028B12
:10C6EC00BDE8F08F70B582B0012204460DF1070150
:10C6FC00D0E90456FFF722FF01280CBF9DF8070074
:10C70C004FF0FF30C4E9045602B070BD436913F416
:10C71C00F07F30B5044683B0C3F3431509D001292B
:10C72C0007D120334361A068383000EB451003B0CB
:10C73C0030BD01220DF107012046FFF7FFFE40B28C
:10C74C00012803D163691F336361ECE70020EEE736
:10C75C002DE9F04103789AB0002613F0180F0896D3
:10C76C00119606D0174683688A6804460D469A428D
:10C77C0003D000201AB0BDE8F081FFF7C3FBA6463A
:10C78C000DF1440CBEE80F00ACE80F00BEE80F0042
:10C79C00ACE80F00DEF800303246A169CCF800306E
:10C7AC00A36803F1280001F0F5FD0028E1D0A28870
:10C7BC00EC4694F8008002F00F0200EB421E52018E
:10C7CC00DEF804108058DEF80C30DEF80820ACE8F7
:10C7DC000F00DEF81410DEF81820DEF81C30DEF83E
:10C7EC001000ACE80F0018F008033A46294640F058
:10C7FC009B8008A8FFF756FD0028BAD0109EBDF804
:10C80C00243000250E990122A3809DF82330A068C6
:10C81C00E3700B9B2830A161E3608DF820508DF8FC
:10C82C00225001F0B7FD0028A3D0A38803F00F031A
:10C83C0000EB4310DDF80D30C0F80D30DDF8113091
:10C84C00C0F81130DDF81530C0F81530DDF81930AE
:10C85C00C0F81930BDF81D30A0F81D309DF81F3000
:10C86C00C3779DF80B30C372002E3BD0A068B31E6B
:10C87C002A46817928308B4050F8141C194401F059
:10C88C0089FD054600283FF474AF006A6F46696A5B
:10C89C00AA6AEB6A0FC7286B696BAA6BEB6B0FC7A5
:10C8AC003146A06801F038FA00283FF462AFA06866
:10C8BC00236A82792830023B50F8141C93400122E1
:10C8CC00194401F067FD064600283FF452AF6D464F
:10C8DC000FCD30627162B262F3620FCD306371635F
:10C8EC00B263F36300210222082311A819918DF879
:10C8FC0046208DF8443000F0D3FE00283FF439AFC9
:10C90C00A46804F1280001F019FD00283FF431AFB0
:10C91C0004F50E7001F012FD00283FF42AAF2068D8
:10C92C0003681B6A984725E740F601236046FFF72A
:10C93C002FFD00287FF463AF1BE700BF0378DA06F6
:10C94C0001D400207047436930B5044683B033B13D
:10C95C008378002223F02003C0E904228370002393
:10C96C000FE06361A3686A0138339A5C03EB4513EB
:10C97C00EAB1E52A04D02E2A02D0DB7A1B0722D595
:10C98C00636913F4F07FC3F3431503F12003E8D17B
:10C99C0001220DF107012046FFF7D0FD40B201281E
:10C9AC0003D163691F336361DCE763785BB9A378F8
:10C9BC000822204643F002032270A37003B0BDE8A6
:10C9CC00304000F06DBE002003B030BD2DE9F041C9
:10C9DC00037804460769002B39D00D464169A942FA
:10C9EC0042D0002D37D018072AD5E269AA422ED39F
:10C9FC00D4F808C06E1EA2789CF8060012F0400F06
:10CA0C0000F10900C0B226FA00F630D14A1EC2402D
:10CA1C0009B196422FD25B064CBFDCF82030236A5A
:10CA2C00236104F1100806E02169013EA06801F0C1
:10CA3C0051F900280BDD4246002EF5D1A2780CE00E
:10CA4C009A06D5D5A3685B89B5EB431FF6D90020B0
:10CA5C002761BDE8F0818278056122F02002012077
:10CA6C006561A270BDE8F0810120BDE8F081236A08
:10CA7C0033442361F1E7B61AD3E700BF2DE9F04147
:10CA8C000E46154600212422044698469DF818703F
:10CA9C000BF086F9B068336A00F13802A58005F016
:10CAAC000F0502EB4512C4E90203D17A0B0711D42E
:10CABC0001F017012170D37A13F0180F02D141F055
:10CACC000801217008F00303E770012B38D0022B0A
:10CADC0006D0F3B1002318462370A370BDE8F08193
:10CAEC0003232178CD06F5D4CE07F3D408F0080142
:10CAFC0018F4806F43EA0103A370416B958AA1611E
:10CB0C00518B41EA054112D019BB63F07F03A3702E
:10CB1C0010E018F4806FDDD108F0080343F0010336
:10CB2C00A370416B938AA161518B41EA034121624D
:10CB3C00D369E36118F4804F04D10120BDE8F08182
:10CB4C000223CEE7E1692046FFF740FF0028F4D12D
:10CB5C00C0E701F0E1F80028BCD0A378D5E700BF0E
:10CB6C000378002B45D12DE9F0470B7884B00C46A7
:10CB7C0013F0700F30D04B6913F01F052CD1064603
:10CB8C009046A94601220DF10F012046C3F3431A2A
:10CB9C005F09FFF7D3FC40B24FEA4A1201281BD1C0
:10CBAC006369A1681F3301F1380C63611CF8022022
:10CBBC000CEB4A1C82B12E2A12D0A2F1E500B0FA7D
:10CBCC0080F0400960B99CF80B1011F0080E12D0DF
:10CBDC000F2907D00546D5E7002004B0BDE8F08743
:10CBEC000025CFE75106CDD502F01F059CF80D901E
:10CBFC00C8E70020704785B10CF10A0101E01CF870
:10CC0C00012F4FEACE13614543EA5E0352FA83F3D8
:10CC1C005FFA83FEF3D1CE45DED14346BAB221464C
:10CC2C0030460095FFF72AFFD7E700BF03780BB11A
:10CC3C00FFF768B9012070472DE9F0470E460178DF
:10CC4C0082B009079DF828709DF82C909DF830A0B3
:10CC5C009DF8348018D5A2F2BC7294B27F2C13D8F4
:10CC6C005A1E01930B2A0FD87A1E1E2A0CD8BAF121
:10CC7C003B0F98BFB9F1170F06D8B8F13B0F03D88B
:10CC8C000546FFF73FF918B9002002B0BDE8F08760
:10CC9C00A8680122A969283001F07CFB0028F3D098
:10CCAC00019B4FEA5802A98847EA4313F70701F0A2
:10CCBC000F0142EA4A1243EA442300EB41109BB2B3
:10CCCC0042EAC92248BF4382B40792B208D518F091
:10CCDC0001080382C28118BF4FF0640880F80D80F0
:10CCEC00710701D50383C282AC6804F1280001F0FE
:10CCFC0025FB0028C8D004F50E7001F01FFB00289E
:10CD0C00C2D0206803681B6A02B0BDE8F047184720
:10CD1C0083789B0727D5036A10B5044682B0ABB164
:10CD2C00016911BB019301621946A06800F0F4FF80
:10CD3C00B0B1A378616963F07F032278E161A370DD
:10CD4C0022B12046FFF7DEF802B010BD012002B080
:10CD5C0010BD6FF070422169A06800F0CDFF68B97A
:10CD6C00002002B010BD00207047002301AA80688B
:10CD7C00019300F0AFFF0028F2DBEAD1019B002BFE
:10CD8C00D7D0D1E72DE9F047837805469C0777D5B6
:10CD9C0088461907914600F1B5806B6913EB0902BF
:10CDAC006ED2B9F1000F40D04F464FF0000AA86880
:10CDBC00C3F308062969447914EA53243FD1002EA1
:10CDCC003DD100296ED0AA78520676D5EA699A42EE
:10CDDC0073D901312961023982794369914019442F
:10CDEC00B7F5007F53D3B7F5806F70D303797A0A08
:10CDFC001B1B934228BF1346426B8A424FEA4324C3
:10CE0C0007D35E18B24204D24FF0FF3280F828A04C
:10CE1C004263C06A42460668B66AB04780B36B6923
:10CE2C003F1BA04423446B61C1D1EA699A4276D27C
:10CE3C00AA784846EB6162F07F03AB7025E08279FB
:10CE4C0002394369914019442144002EC8D0C6F5DB
:10CE5C0000740122BC4228BF3C46283001F09AFAEB
:10CE6C0070B1304426442246414603F00BFCB6F523
:10CE7C00007FA868D3D1283001F060FA0028CED109
:10CE8C006B78002043F001036B70BDE8F087C6F5AA
:10CE9C0000746A69EB69BC4228BF3C469A4205D3D0
:10CEAC000522DAE7296A21B3296194E7AB7813F0FC
:10CEBC00200F14BF05220122CFE705F1100200F06C
:10CECC0009FF0028DCDB24D0A868296983E7436BC1
:10CEDC008B4204D14FF0FF3380F828A04363C06A23
:10CEEC00424603685B6A98470028C9D04FF4007427
:10CEFC0095E72846FFF760F80028C1D02969A86893
:10CF0C00296268E7C169FFF761FD00287FF445AF2E
:10CF1C00B6E72846FFF750F80028D5D1B0E7054B07
:10CF2C001B682BB1AB78484663F07F03AB70ACE762
:10CF3C004846AAE7F4B200202DE9F04F84468DB0A4
:10CF4C001446156898460646894603AF01934FF080
:10CF5C00000EBCE80F000FC7BCE80F000FC7DCF8D1
:10CF6C00003065603B604346A4F80CE0002B3FD0DA
:10CF7C004FF0010AA9EB0A0103A889B24901FFF796
:10CF8C0025FD50B3002103A8FFF7C0FB074620B3D3
:10CF9C0000250DE001F03CFA8046584601F0FCFA01
:10CFAC008346404601F0F8FA834516D10D2D18D072
:10CFBC00EAB239463046013500F0FAFBA3898346C4
:10CFCC002046002BE6D1D4E901329342E2D1BBFAE0
:10CFDC008BF040090DB0BDE8F08F00200DB0BDE81E
:10CFEC00F08F0AF1010A019B5FFA8AFA5345C1D20C
:10CFFC000120EFE72DE9F04F07468DB016469A4613
:10D00C000DF10C0C02F1150402F1200501914FF009
:10D01C0000090FCFACE80F000FCFACE80F003B6856
:10D02C00CCF800304FEAC91314F8012F43EA590326
:10D03C00A54252FA83F35FFA83F9F3D133684FF0C8
:10D04C0000087360A6F80C80BAF1000F4ED00127CF
:10D05C00019B03A8D91B89B24901FFF7B7FC002833
:10D06C0055D0002103A8FFF751FB00284FD0059A9B
:10D07C00574500F1010B4FF0010492F828304FF0A6
:10D08C00000543F0010382F828304FF00F030CBF6A
:10D09C0047F040023A46C3724FF00003027003732C
:10D0AC004FF0000380F80D90438306E0ABF80000CE
:10D0BC00013401350BF1020BE4B2B08918B9D6E991
:10D0CC0001239A4216D0304601F0A2F9042DEBB29E
:10D0DC00ECD90A2B02D8ABF80300E9E70D2CABF81E
:10D0EC000500E5D10137FFB2BA45B1D201200DB030
:10D0FC00BDE8F08FB8F1000F06D008F101084FF62B
:10D10C00FF705FFA88F8E1E74FF00108DEE70020D6
:10D11C000DB0BDE8F08F00BF02464FF0203152F841
:10D12C00163B2DE9F043C0F8161086468468516012
:10D13C00C2F807101A782E2A14BF0120002003D140
:10D14C0013F8012F2E2AFBD0611E99420BD90A46E7
:10D15C0002E09342114606D01146013A91F800C004
:10D16C00BCF12E0FF5D19C424FF0000540F28680A9
:10D17C0007260827A946A84606E001330A264FF0E1
:10D18C00080910279C425BD91A782E2A08BF9942AD
:10D19C00F3D0222A0DD07C2A0BD0A2F15B0CBCF16F
:10D1AC00020F06D9A2F12A0CBCF1050F21D82D2AA9
:10D1BC001FD002F0C002802A5DD04E452FD299427A
:10D1CC002CBF002001200A2E08BF40F001000028CF
:10D1DC0047D09EF81630202B40D09EF814300120FA
:10D1EC007E21312273448EF815009975DA75BDE8ED
:10D1FC00F083A2F13A0CBCF1050FDAD9A2F1210CA3
:10D20C00BCF15D0FD5D84E45D9D3A2F1610CBCF160
:10D21C00190F28D8203A3D43D2B2EDB201E00020DC
:10D22C005F2209F1010CF144013389F816205FFAF1
:10D23C008CF2062A914698BF8EF814209C42A3D8F3
:10D24C009EF81630202B09D00028C6D018EA050FFE
:10D25C0018BF02258EF81550BDE8F0830020BDE8FC
:10D26C00F0830B468EE7A2F1410CBCF1190F98BF6D
:10D27C0047EA0808D5E70133002083E7A846DFE733
:10D28C002DE9F84F4FF0620900250F460446DFF8F0
:10D29C00A0B04FF07E0A91F8148001F11606B8F197
:10D2AC00030FDBF8003028BF4FF003082B449DB26E
:10D2BC0008F10403DBB205F00F02581E2D09092AF0
:10D2CC0002F1370198BF02F13001FA18C3B291751F
:10D2DC009845F0D107EB08030021204683F816A0EF
:10D2EC00FFF774FB01212046FFF710FA03460B22CF
:10D2FC0030469BB193F800C01946BCF1000F13D017
:10D30C00DB7A1B07EED40AF09FFC0028EAD109F166
:10D31C00FF3919F0FF09C2D1484603E06078B0FA32
:10D32C0080F04009BDE8F88F0120BDE8F88F00BF00
:10D33C00ECC400202DE9F04F2DED028B8BB0CDE924
:10D34C0002038B6807930B7813F0700F53D0029B7A
:10D35C001B78002B4FD1136990469A4A0E460C331A
:10D36C00A2FB0323C3F3870298F8153098070492A5
:10D37C0000F0A780571CFFB20023304619461C460C
:10D38C000693FFF723FB08F11603A346A146A2461A
:10D39C0008EE103A0594756900213046FFF7B6F98E
:10D3AC00C5F34F15034620B30278E52A29D042B3C2
:10D3BC00BC4238BF00242E2A2BD090F80BC0BCF1F5
:10D3CC000F0F54D01CF0080C23D1B9F1000F40F012
:10D3DC00D5800B2218EE101A0AF036FC0028DAD190
:10D3EC0098F8153013F0010300F0E4800123059345
:10D3FC00D1E7737883B100200BB0BDEC028BBDE894
:10D40C00F08F002C08BFAA46BC4201D20134E4B212
:10D41C0012B14FF00009BEE7039B9A05EBD503F060
:10D42C000303013B012BE6D8002C08BFAA46BC42E3
:10D43C0003D348E0DCB2A74245D000213046FFF7C9
:10D44C0065F9631C0028F5D17378002BD3D1A74262
:10D45C0039D9079D05E02B7904EB0314E4B2A742FC
:10D46C0031D93046FEF7C2FD0028F4D1C3E7B9F13B
:10D47C00000F19D102F01F0B049959458BD112F0F2
:10D48C00400988D0437B89460693BBF1010F82D1BA
:10D49C00691C4B464246304689B2FFF74DFD0028C9
:10D4AC0008BF4FF0000976E70BF1FF3B5FFA8BFBEF
:10D4BC005A45AED1437B069A9342E6D04FF0000911
:10D4CC0069E7012758E7059B2BB141463046FFF72A
:10D4DC00D7FE00288FD0013F42463046FBB20AEB04
:10D4EC0003051F46ADB22946FFF784FD002882D004
:10D4FC0069013046FFF76AFA00283FF47CAF00213F
:10D50C003046FFF703F9044600283FF474AF20229D
:10D51C0000210AF045FCD8F81620D8F81A30226001
:10D52C00636098F82030B8F81E20A372228198F816
:10D53C00153003F018032373234B1B68002B3BD0CF
:10D54C000DF123020DF1260109A89847BDF82430EE
:10D55C002382BDF82630E3819DF823306373079A4C
:10D56C0092F8283043F0010382F82830039B2A46B6
:10D57C00314602980097FFF781FA3DE7BBF1010FA6
:10D58C007FF439AF0A3001E013F8012F4FEACC11C8
:10D59C00984241EA5C0152FA81F25FFA82FCF3D1C3
:10D5AC00069B63457FF427AF4F46039B19053FF558
:10D5BC0022AFDBE71F46F8E745F62143238223839E
:10D5CC006382CCE74FECC44EF4B200202DE9F0415D
:10D5DC001F460B7882B00C46202B154603D114F84D
:10D5EC00013F202BFBD02C60237863B32F2B2AD048
:10D5FC004FF00008294E211D204601AA00F080FFA3
:10D60C00044670B1019BB3F5803F40D27F2B08F1EB
:10D61C00010831D83C2BD9B229D8212905D81F298A
:10D62C0009D8002002B0BDE8F0812239C9B226FA2F
:10D63C0001F1CA07F5D42E2B01D0202B1CD1237855
:10D64C000BB12F2BD7D12B69013BFE2BE9D82378BB
:10D65C00202B03D114F8013F202BFBD02F2BF9D01A
:10D66C0028463C6002B0BDE8F041FFF755BD5C298F
:10D67C00D7D005D97C29D4D0C5F81080AC60DEE7B2
:10D68C003E390129F8D8002002B0BDE8F08108F13C
:10D69C000208AC60C5F81080D1E700BF012100057D
:10D6AC00F0B500238BB0019383789A0724D5016AD7
:10D6BC00054619B1806800F02FFBE8B1012128461E
:10D6CC00FEF7D0FCC0B1421E00F10A0C0024E301AD
:10D6DC0012F8011F43EA5403944551FA83F3DCB268
:10D6EC00F5D1E52600230670AF682B7007F12800F2
:10D6FC00AB7000F023FE10B900200BB0F0BD07F5A5
:10D70C000E7000F01BFE0028F6D0386803681B6A08
:10D71C0098470028F0D0EB78002BEED0294601A8D2
:10D72C00FEF7C0FE0028E7D0EB78002BE4D00127F1
:10D73C0021E001A8FEF7EAFF7B1CF9B20028DBD040
:10D74C00C27A0F2AD8D102785FFA83FC9FB202F01A
:10D75C001F038B42D0D1437BA342CDD10670A96865
:10D76C0091F8283043F0010381F8283053060DD48A
:10D77C00EB786345C0D3A98801A8C91B89B24901BC
:10D78C00FFF724F900210028D3D1B5E7AC6804F1E8
:10D79C00280000F0D3FD0028AED004F50E7000F088
:10D7AC00CDFD0028A8D0206803681B6A9847A4E721
:10D7BC00042A04D801EB4202B2F8010070470A2A8D
:10D7CC0003D801EB4202908870470C2A03D801EB76
:10D7DC004201C88870470020704700BFF8B5047834
:10D7EC000E467CB114F06004174607D0012A09D903
:10D7FC002F22002301200A704B70F8BD2146FEF742
:10D80C0031FC18B9002318463370F8BD0346A44602
:10D81C00082111E0027B114203D00EF1200E5FFAB9
:10D82C008EFE651CBD42EDD20CF1010C06F804E035
:10D83C00ECB2BCF10C0F10D0BCF1080F11D013F8E6
:10D84C0001EBAEF14102192AE4D9BEF1200FE8D167
:10D85C000CF1010CBCF10C0FEED10023204633551A
:10D86C00F8BD1A78202AF8D010214FF02E0ED8E7E8
:10D87C002DE9F04F00248BB0037889460194002BDE
:10D88C0055D0C3780646002B58D0014601A89046C7
:10D89C00FEF708FE00284AD0F078002843D008F1A3
:10D8AC00FF38CB464FF0010AC844B18801A8A1EB60
:10D8BC000A0189B24901FFF789F8C0B3002101A818
:10D8CC00FEF724FF98B3C37A0F2B30D103785FFA9D
:10D8DC008AF103F01F038B4229D1471C0025042D2C
:10D8EC00EBB23FD83B8874BB03F5205189B2B1F53C
:10D8FC00006F3ED3A3B118465946424600F0AEFD28
:10D90C008346A0B10024013502370D2DE7D10AF171
:10D91C00010AF1785FFA8AF31FFA8AFA9942C4D2A3
:10D92C00ABEB0900D946002389F8003003E0002353
:10D93C00184689F800300BB0BDE8F08FFFF74EFFAA
:10D94C000BB0BDE8F08F03F5105189B2B1F5806FC3
:10D95C00EDD20A4AC3F3090302EA8420184300F506
:10D96C008030C9E70A2B94BFB7F80330B7F80530FD
:10D97C00B9E7B1F5806FDAD21C46C4E700FC0F00A2
:10D98C00FFF776BF2DE9F843DDE90887C3B181467F
:10D99C000C4615465E1802E0C047B44210D0D9F8C8
:10D9AC00003021462A4648461B69984703463A46AA
:10D9BC00204629460134002BEED11846BDE8F883E9
:10D9CC0001231846BDE8F88310B41468B4F5807FC1
:10D9DC00A44628BF4FF4807C01EB4C00814207D257
:10D9EC0031F8023B13B95368013353608842F7D8BE
:10D9FC00A4EB0C0414605DF8044B704710B414686D
:10DA0C00802CA44628BF4FF0800C01EB8C00814287
:10DA1C0007D251F8043B13B9536801335360884261
:10DA2C00F7D8A4EB0C0414605DF8044B704700BFEE
:10DA3C002DE9F843C37904460D461746202B59D0DF
:10DA4C00102B30D00C2B51D1027AC1F34E018369CB
:10DA5C0000F50E7911FA85F1A2F1020248468EB258
:10DA6C00B2FA82F2C1F34621520901EB03085200CB
:10DA7C00414600F08FFC002838D0C6F30806731C12
:10DA8C00865DB3F5007F23D018440378EA07E2697A
:10DA9C0046EA03234CBF1B09C3F30B039A4240D243
:10DAAC000020BDE8F883027AC1F30721836900F5F1
:10DABC000E70A2F102021944B2FA82F2520952001B
:10DACC0000F068FC90B16D0005F4FF75435B25E038
:10DADC00227A08F101014846A2F10202B2FA82F25E
:10DAEC005209520000F056FC0028CED14FF0FF3006
:10DAFC00BDE8F883027A816900F50E70A2F102028A
:10DB0C0001EBD511B2FA82F25209520000F042FC3C
:10DB1C000028EBD0AD0005F4FE754359E2699A423A
:10DB2C00BED301203B60BDE8F88300BF2DE9F8436C
:10DB3C00C37905460C461646202B48D0102B2DD009
:10DB4C000C2B41D1C1F34E01836900F50E7911FA0A
:10DB5C0084F11FFA81F8C1F34621CF18037A4846A5
:10DB6C00022B394614BF0122032200F013FC58B3D8
:10DB7C0014F00104C8F308033FD0C25C02F00F029A
:10DB8C0042EA0612C2540133B3F5007F3AD0C6F311
:10DB9C000712034401201A70BDE8F883027AC1F31E
:10DBAC000721836900F50E70022A194414BF012263
:10DBBC00032200F0EFFB034630B16400012004F4B3
:10DBCC00FF741E53BDE8F8830020BDE8F883037A88
:10DBDC00816900F50E70022B01EBD41114BF0122E8
:10DBEC00032200F0D7FB03460028EDD0A40001204F
:10DBFC0004F4FE741E51BDE8F883C6540133B3F52A
:10DC0C00007F15D12B7A791C4846022B14BF0122B8
:10DC1C00032200F0BFFB03460028D5D0C6F3071241
:10DC2C00002CB7D1197821F00F0141EA1212B1E79B
:10DC3C00C6F307120344F5E72DE9F041C46882B03E
:10DC4C0005460E468C42904640D301270134EB69C1
:10DC5C0001AA2846A34205D29FBBEC6801273C448D
:10DC6C00A3422ED3A64218BF012C214629D9FFF777
:10DC7C00DFFE002825DBE9D0019B002BE6D107B1A4
:10DC8C00EC60EB69A3421CD36FF07042214628462E
:10DC9C00FFF74CFF0746A0B13EB96B6A002B01DBC6
:10DCAC00013B6B62C8F800400CE0012E09D0EB6917
:10DCBC009E4206D8314622462846FFF737FF0028F9
:10DCCC00EBD10027384602B0BDE8F0810C460027A6
:10DCDC00BCE700BF01290CD910B4C4698C4203D332
:10DCEC005DF8044BFFF7A4BE4FF0FF305DF8044B1A
:10DCFC0070474FF0FF30704701290BD910B4C4693D
:10DD0C008C4203D35DF8044BFFF710BF00205DF885
:10DD1C00044B70470020704770B5054682B00C4626
:10DD2C001DE0EB699C421FD8FFF782FE0646214698
:10DD3C000022002E284617DBEB699C4214D8FFF713
:10DD4C00F5FE621E80B16B6A002B03F10103A8BFC4
:10DD5C006B62EB68A342019C88BFEA602EB1012C78
:10DD6C00214601AA2846DCD8002002B070BD00BFB5
:10DD7C002DE9F0470646406A84B000281BDAF27998
:10DD8C000C2A1BD1F7697B1C022B40F2CD8002249C
:10DD9C000025214602AA3046FFF74AFE002804F16E
:10DDAC00010306DB57D1A7421C465CD0F2699342B3
:10DDBC00EFD94FF0FF3004B0BDE8F087F1690020D7
:10DDCC0096F8383201313469DB07CDE9021000F1E5
:10DDDC00858000214FF0FF33202A06F5127786F854
:10DDEC003812C6F8443242D0D6F800804F4BD8F8DF
:10DDFC000020D6F818A095699D4278D1002C00F02F
:10DE0C0082800AEB0409136951463A46404698470A
:10DE1C000028CED00299B1F5807F8E4628BF4FF4F2
:10DE2C00807E07EB4E0CBC450BD9039D3B46002274
:10DE3C0033F8024B0CB9013502469C45F8D802B1B7
:10DE4C0003950AF1010AA1EB0E01D14502915AD0BA
:10DE5C00D8F80020D7E7029A002AA4D1A74205F1EE
:10DE6C0001051C46A2D1284604B0BDE8F087D6F8BF
:10DE7C0000A02E4BDAF80020D6F8189095699D4238
:10DE8C0046D1002C3FD009EB0408136949463A46A9
:10DE9C005046984700288CD0DDF808C0BCF1800FA4
:10DEAC00E64628BF4FF0800E07EB8E02BA420BD924
:10DEBC00039D3B46002153F8044B0CB90135014638
:10DECC009A42F8D801B1039509F10109ACEB0E03A4
:10DEDC00C845029317D0DAF80020D6E706F50E7085
:10DEEC0000F02CFA00283FF464AFF27971E7234676
:10DEFC0002AC3A465146019440460D4C0094A8475A
:10DF0C0000283FF456AF0398706204B0BDE8F08768
:10DF1C00234602AC3A46494601945046054C0094BF
:10DF2C00A8470028EFD144E7002044E7C5B900001A
:10DF3C0009BA00003DBA000070B50023044615462E
:10DF4C0001204FF0FF3204F128062160E371E060FC
:10DF5C00E162C4F83C1284F8283084F838326263E9
:10DF6C00C4F84422CDB1042D01D9002070BD1A464D
:10DF7C001946304600F00EFA6FF0704300F5DF7270
:10DF8C002B441D0102EB03130028EED01979002954
:10DF9C00EBD0525D5206E8D19D68002229463046EE
:10DFAC0000F0F8F90028E0D0B0F80B30B3F5007FA2
:10DFBC00DBD1037C5A1E2372012AD6D8417B4B1E1F
:10DFCC000129217163714FF00003A37144D0012228
:10DFDC0052000133D2B2DBB2914204D0082BF7D1FC
:10DFEC000020A37170BD1E46A371C18A216109B9BD
:10DFFC00416A2161C289B0F811302A4463815B0106
:10E00C00A26190F810C003F2FF1301FB0C2202EB8B
:10E01C0053232262B0F81320636102B9026AED1A2D
:10E02C00AB18F3405A1CE2614FF0FF32626240F6CB
:10E03C00F47293420CD94FF6F47293420AD9C26A25
:10E04C00202322620120E3712163C4F8401270BDC9
:10E05C000C23F7E71023F5E71E46C6E7F8B50026B4
:10E06C008F6B0D460446C0E90E669FB10146242015
:10E07C0000F0DCF8068086708446AD6BA0630FCD93
:10E08C00ACE80F000FCDACE80F002B68CCF80030DB
:10E09C002046F8BDCB6B002BFAD00146382000F09F
:10E0AC00C5F880F8317047860246EB6BE06303F1EC
:10E0BC0030071E68103353F80C5C103253F8080C00
:10E0CC0053F8041CBB4242F8106C42F80C5C42F84A
:10E0DC00080C42F8041CECD11B6820461360F8BDF8
:10E0EC0010B50446806B10B1FDF7CCFF30B9E06B76
:10E0FC0010B1FCF715FA20B9002010BD0023A36362
:10E10C0010BD0023E36310BD002952D02DE9F0416E
:10E11C000446806B0D4617461E4610B1FDF7B2FF44
:10E12C00A0BBE06B10B1FCF7FBF9B8BBD5F8808451
:10E13C00B8F1000F11D02146242000F077F83346B7
:10E14C0000263A4606808670A063D5F88014FEF748
:10E15C00A1F958BBA063BDE8F081D5F8843493B124
:10E16C002146382000F062F8334680F831803A4678
:10E17C00A0F83280E063D5F88414FCF705FEA8B94A
:10E18C00E063BDE8F0810020BDE8F0810023D5F804
:10E19C008084A363B8F1000FCDD1DEE70023D5F85E
:10E1AC008084E363B8F1000FC5D1D6E70120BDE848
:10E1BC00F0810020704700BFF8B50446806B0D4617
:10E1CC00174610B1FDF75EFF38BBE06B10B1FCF7E2
:10E1DC00A7F938BBAE6B76B12146242000F026F8A7
:10E1EC0000213A4601808170A063A96BFEF7B8FC50
:10E1FC0088B9A063F8BDE86B0028FBD02146382015
:10E20C0000F014F83A4680F831604686E063E96B1A
:10E21C00FCF7C2FD20B10120F8BD0023A363D9E7B0
:10E22C00E063F8BD0023E363D4E700BF0846704702
:10E23C002DE9F041002604469846C0F88814C0F831
:10E24C00806401464FF490601746FFF7EFFF42469B
:10E25C0080F84464054680F87964A0F87A64C4F8C0
:10E26C008404D4F88814FDF7D1FDA0BB0026214608
:10E27C0040F26C40C4F88464FFF7D8FF0223C671E7
:10E28C004246A0F84864054680F84A640372C4F814
:10E29C008004D4F88814FFF74FFE38B900231A4ACB
:10E2AC0018461360C4F88034BDE8F08105F5896622
:10E2BC003046FDF7E7FE29463046FEF721F90028E7
:10E2CC00ECD0124B1A68AAB91D600F4BAFB10120EC
:10E2DC001C60BDE8F08105F589663046FCF720F935
:10E2EC0029463046FCF74AF90028BFD0084B1A687B
:10E2FC00002AE9D0044B002FE9D11A68002AE6D095
:10E30C000120BDE8F08100BF90B3002094B3002041
:10E31C00FCB2002070B500254FF47A7604464560B7
:10E32C0005738660C0E91255034D40F8105BFFF78A
:10E33C00EBFE204670BD00BF501C002030B50378AA
:10E34C0083B0DC071DD50446406804F11002036855
:10E35C00E16801925B6A9847019A0546A8B1237857
:10E36C00990708D56068D4E90231194403685B6ADF
:10E37C00984750B1237823F001032846237003B04B
:10E38C0030BD0125284603B030BD0025284603B01A
:10E39C0030BD00BFF8B543680BB3C36804460F46E5
:10E3AC0015468B4206D110F8103B05F003052B43A4
:10E3BC002370F8BDFFF7C2FF88B16B0705D504F1D8
:10E3CC00100630460023E760EFE7606804F11006A2
:10E3DC003946036832461B6998470028F1D1002062
:10E3EC00F8BD00BF4FF0000C024B82F800C01B6858
:10E3FC00184700BFF8B20020024A0349034B1160D2
:10E40C0018607047F4B2002025C40000F8B2002058
:10E41C0010B50446808982B018B10023A38102B0E4
:10E42C0010BDD4E901318B42F9D201AA184600F093
:10E43C0067F880B1019B6060B3F5803F01D298B260
:10E44C00EDE7980AC3F30903A0F52150A3F5105387
:10E45C0080B2A381E3E74FF6FF70E0E77F28A2EBE1
:10E46C00010205D812B10A4602F8010B104670479A
:10E47C00B0F5006F0FD2012A40D94FEA901C00F082
:10E48C003F030A466CF03F0063F07F0302F8020B77
:10E49C0010464B707047B0F5803F16D2022A2DD92A
:10E4AC00C0F3851C00F03F03CA1C63F07F0300B56A
:10E4BC004FEA103E6CF07F008B706EF01F0E4870B0
:10E4CC00104681F800E05DF804FB032A16D94FEAE8
:10E4DC00904CC0F30532C0F3851300F03F0062F09E
:10E4EC007F026CF00F0C63F07F0360F07F004A70CA
:10E4FC000A1DC87081F800C08B70B7E70022B5E721
:10E50C0088423DD2034610B490F900001C780028D4
:10E51C002DDA04F0E000C02834D004F0F000E0283C
:10E52C0034D004F0F800F02826D104F007040420BD
:10E53C001844884220D8013313F8011B01F0C00C99
:10E54C0001F03F01BCF1800F41EA841414D18342E5
:10E55C00F2D1A4F180010F4B99420DD8A4F5584388
:10E56C00B3F5006F08D314605DF8044B7047581C6A
:10E57C0014605DF8044B704700205DF8044B704745
:10E58C000020704704F01F040220D1E704F00F04B0
:10E59C000320CDE77FFF10007E283ED94FF0350CCD
:10E5AC00002330B4284C04E034F82120824220D8D7
:10E5BC000B46ACEB0302012A03EB5201F4D89BB2DD
:10E5CC0034F82320904216D24B2400231F4D04E034
:10E5DC0035F8212082421ED80B46E21A012A03EBA1
:10E5EC005201F5D89BB235F8232082421FD030BCA3
:10E5FC0070478C46DDE704EB8304821AE3789A4279
:10E60C00E2DA94F90230012B16D0D3B19BB2034459
:10E61C0030BC98B270470C46DFE7A0F16103192BB0
:10E62C008CBF00230123A0EB431398B2704705EB7A
:10E63C008305688830BC704702F00102831A98B2D7
:10E64C00D5E74EF2A033E2E72C060020A004002010
:10E65C00704700BF30B583B005460C4602F050FB46
:10E66C001C4B984204D800232B80238003B030BD70
:10E67C00694601F0E5F89DF805309DF80620013358
:10E68C009DF80410503ADBB292B21F2998BF0C2BA4
:10E69C0001D87F2A18D900219DF802209DF801305D
:10E6AC002980172A98BF3B2B9DF8001001D83B29D5
:10E6BC0003D90023238003B030BD5B0143EAC2239E
:10E6CC0043EA51039BB2F5E741EA431141EA422187
:10E6DC0089B2E1E7FFA5CE12012BF0B5054695B046
:10E6EC003DD0022B40F2022001F104010CBF034685
:10E6FC0000236846FFF70EFE129B002B38D05C20DF
:10E70C00002602F059F8214B04AF0446C0E900364C
:10E71C00019B3946183040F80C3C1D4B40F8103C1E
:10E72C00029B40F8083C9DF80C3000F8043CFFF7C5
:10E73C0095FC184B4FF47A72A665A360164B6E606D
:10E74C002B6063682E730133AA602C616360134BDA
:10E75C0038460093FFF7C4FC284615B0F0BD44F2D0
:10E76C00022304316846FFF7D5FD129B002BC6D15E
:10E77C00139B002BC3D14FF47A71074A04AF2B7350
:10E78C002A602B61C5E90131E1E700BF741C002050
:10E79C00D01C0020501C0020241C0020201B00201A
:10E7AC0010B5D0F884448EB00A4644B100232146FB
:10E7BC0068460093FDF76EFE80B90EB010BDD0F820
:10E7CC00881441B1234668460C94FCF7DDFA50B925
:10E7DC0000200EB010BD08460EB010BD6846FEF706
:10E7EC00ADF80EB010BD6846FCF78CFB0028EFD0DE
:10E7FC00E3E700BF70B5D0F884548EB016465DB117
:10E80C0005F5896500230A46684629460093FDF7FD
:10E81C00BFFD90B90EB070BDD0F888040028F9D0B7
:10E82C0000F589640A462B46684621460C95FCF790
:10E83C002FFA48B900200EB070BD32462946684602
:10E84C00FDF786FF0EB070BD324621466846FCF7D8
:10E85C00ADFC0028EED0DDE710B5D0F884448EB0C6
:10E86C000A464CB100200123214600906846FDF772
:10E87C0011FE80B90EB010BDD0F8881441B101233F
:10E88C0068460C94FCF780FA50B900200EB010BD0D
:10E89C0008460EB010BD6846FEF702FF0EB010BD64
:10E8AC006846FCF7D5FA0028EFD0E3E730B5D0F88E
:10E8BC0084448FB00A464CB10025012304F58961CC
:10E8CC0068460095FDF7EEFC0FB030BDD0F888041B
:10E8DC000028F9D000F58961012368460C94FCF7F7
:10E8EC00E7FC0FB030BD00BF10B5D0F884448EB03B
:10E8FC000A463CB10023214668460093FDF7CAFD49
:10E90C000EB010BDD0F8881431B1234668460C9473
:10E91C00FCF73AFA0EB010BD08460EB010BD00BFA1
:10E92C00F8B5054690F8D00408B90146F8BDD5F8FD
:10E93C008434002B4CD0DC69D5F89004013C0028C1
:10E94C0054D00368DB6B9847E0B1D5F8900478B3EA
:10E95C0003681B6C9847A8B9D5F8900440B30368BA
:10E96C0001215B6C9847074610B3D5F8840458BB5B
:10E97C00D5F8886433466EB9D5F8900490B9002068
:10E98C000146D3E7D5F88404E8B9D5F88834002BD0
:10E99C00F5D007461846FDF703FA06463FB1D5F801
:10E9AC00900428B1036800215B6C984700B1A41B4C
:10E9BC00D5F88434FBB19B794FF40071994089B23E
:10E9CC00A1FB0401F8BD0027FFF7D2F90646E5E7E5
:10E9DC00D5F88834D5F89004B3B1D3F83044002876
:10E9EC00AFD11846FDF7DCF90646E0E71846FFF70D
:10E9FC00BFF90646DBE7D5F88864002EBFD0D6F801
:10EA0C003C14A1FB0401F8BD0028B8D01C4698E7C3
:10EA1C0090F8D03463B1D0F8843463B19A794FF460
:10EA2C000070D9699040013980B2A0FB0101704798
:10EA3C00184601467047D0F888040028F9D0D0F861
:10EA4C003C14D0F83004A1FB000170472DE9F043D1
:10EA5C00D0F890548DB04DB198462B68044628469A
:10EA6C00DB699847B0F5405F064604D8002630466F
:10EA7C000DB0BDE8F0834FF4007007F055FA07466F
:10EA8C000028F3D00DF10409B6F1806F024643461D
:10EA9C00294648462ED903F027FF0646384607F08C
:10EAAC004BFA002EE2D02B682846271D1B6A98478C
:10EABC0094F8C034FF2B21D0D4F8C43404F59465F9
:10EACC0002932846D4F8C8340393B4F8C034ADF894
:10EADC00043099E80E0005F039FB94F8B134C4F811
:10EAEC009054002BC3D10123294638461A46FFF710
:10EAFC009FFBBCE704F01EFC0646CFE704F29445EE
:10EB0C0094F8CC14284606F069F92846C4F89054B9
:10EB1C0005F0C6FB0028AAD10123D4F8901438467E
:10EB2C001A46FFF785FBA2E7F0B5D0F8906485B0E4
:10EB3C000446002E42D090F8D05490F8D13485B1D0
:10EB4C00FE2B63D094F8D20436283DD9336869463D
:10EB5C0030469B6C98470546284684F8D05405B03F
:10EB6C00F0BDFE2B26D090F8D204362849D994F863
:10EB7C00C034271DFF2B2DD0D4F8C43404F5946673
:10EB8C00D4F8C82401933046B4F8C0340292ADF8DE
:10EB9C0000306B460ECB05F0D9FA94F8B134C4F8BA
:10EBAC00906463B90123314638461A46FFF740FB9F
:10EBBC00054604E01F4B9B689B03D8D400252846D0
:10EBCC0084F8D05405B0F0BD01F0FEFA051E18BF54
:10EBDC000125F4E704F2944694F8CC14304606F080
:10EBEC00FDF83046C4F8906405F05AFB0028E6D1D5
:10EBFC000123D4F8901438461A46FFF719FB054642
:10EC0C00DDE701F0E1FA0028B1D1D7E733683046EF
:10EC1C005B6D9847421C034694D00028CFD194F8E2
:10EC2C00D124FE2ACAD103212E201D4601F0DEFA82
:10EC3C00C5E700BF00800042F0B50D46044685B024
:10EC4C003048FFF7D9FBFE2D84F8D15426D0362D51
:10EC5C0002D9002005B0F0BD00262B4B04F59467BB
:10EC6C008DF80450C4F8C4348DF80560384684F827
:10EC7C00C05484F8C164C4F8C864CDE9023604AB4E
:10EC8C0013E90E0005F062FA94F8B134C4F89074EC
:10EC9C0083B3304684F8D00405B0F0BD04F294453B
:10ECAC000023FF221946284684F8CC3484F8C0246B
:10ECBC0006F094F82846C4F8905405F0F1FA70B9AF
:10ECCC000123D4F89014201D1A46FFF7B1FA30B185
:10ECDC0001222E2384F8D02484F8D234BAE72E20D3
:10ECEC000025032184F8D20484F8D05401F07EFA74
:10ECFC002846AFE701233946201D1A46FFF798FA3C
:10ED0C00C8E700BF95C6000040787D0118484FF059
:10ED1C00290C184A0023184910B4C0F8942407226F
:10ED2C0080F8B1C44FF0FF0CC0F8A8144FF47F4129
:10ED3C00124CC0F8AC24124AA0F8D014A0F89C34A1
:10ED4C0080F8B53480F8CC3480F8D2C40460C0F8B4
:10ED5C00A0240C490C4A5DF8044BC0F88434C0F86C
:10ED6C008834C0F8903480F8BC3403F0B3BA00BFD8
:10ED7C0088AC0020341D002000093D00041D00203B
:10ED8C005C1B002091C600004C94002001207047B1
:10ED9C00B0F84630B0F848209BB292B2934202D2FF
:10EDAC00013AD01A7047416B01390A44D01A7047A6
:10EDBC00016972B6B0F84A20B0F84C3092B29BB2EE
:10EDCC009A423CBF806B1218C86AD31A62B6C0F361
:10EDDC0002601844704700BFB0F84A100246B0F801
:10EDEC004C3089B29BB2994210B4046914D00133EF
:10EDFC00906B116B984298BF0023994206D85B1A0E
:10EE0C00526AD05CC0B25DF8044B7047126A5DF870
:10EE1C00044BD05CC0B2704772B6B0F84A0080B2F6
:10EE2C00814201D062B6E2E7E36A13F0E06F03D1EE
:10EE3C004FF0FF3062B6E6E7E36901200024116A67
:10EE4C00A2F84A00C3F30900DBB2A2F84C404B70A5
:10EE5C00F0E700BFB0F84A100246B0F84C3089B267
:10EE6C009BB2994230B4046925D00133946B9C4217
:10EE7C0016D9106B1FFA83FC984217D9106AC05C24
:10EE8C00C0B2956DA2F84CC045B199421CD3CB1AB7
:10EE9C00D16B994202D3D36DC5F8883030BC704722
:10EEAC004FF0000C106B63469842E7D8181A556A5D
:10EEBC00285CC0B2E5E7084672B6B2F84A1089B2CF
:10EECC00884204D062B6D0E70C44E31AE0E7E36A68
:10EEDC0013F0E06F03D14FF0FF3062B6DEE7E0696C
:10EEEC00C0F30900F9E700BF90F8443043B110B506
:10EEFC00044603F099F894F84430002BF9D110BD76
:10EF0C00704700BF38B5D0E90453D3E90312096840
:10EF1C00114228D090F84420044632B103F084F812
:10EF2C0094F84430002BF9D1636900210E4AA96191
:10EF3C00207E03EB0010007D02EB001045680520DD
:10EF4C002860657E03EB051393F8343002EB031253
:10EF5C00A36D52681060A4F84A10A4F84C1013B1B9
:10EF6C00E26DC3F8842038BD108C002007EE901A97
:10EF7C009FED9A7A0421B6EE005AF8EE677A9FED6F
:10EF8C00986A41F6FF7CC7EE275A2DE9F0478E466A
:10EF9C000569012407EE901AF8EEE77A85EEA77A58
:10EFAC0077EE057AFDEEE77A17EE903A6345A8BF47
:10EFBC006346012BB8BF012307EE903AF8EEE76ADF
:10EFCC0076EEC76AC6EE877AF5EEC07AF1EE10FAE5
:10EFDC0048BFF1EE677AF4EEC67AF1EE10FA03D878
:10EFEC00B0EE676A8E461C4601312129D2D1002130
:10EFFC00436902F40076A0F84A10B3F85AC08E4266
:10F00C00A0F84C10B3F85860A0F84610A0F84810BF
:10F01C0080F84410816BDF68A1EB0606A1EB0C01B4
:10F02C00C0E90F6139681E6941EA0601396014BFF5
:10F03C0001210021817640F0AC80017E694E03EB0A
:10F04C000118DFF8C09198F81470D8F81CA006EBE2
:10F05C000717B968C1F800907968D8F818700F6074
:10F06C00BAF1000F03D0D8F82010CAF80010477E70
:10F07C00D92103EB071898F834C006EB0C1CDCF80C
:10F08C0008703960DCF80410D8F838700F60417ED5
:10F09C0003EB0111CF6B0FB1096C39600EF1FF312D
:10F0AC00BEF1080F4FEA0161CCBF4FF0000E4FF0DC
:10F0BC00010E01F0F85144EA4E4421435C68296189
:10F0CC00597801F110030021E960474941F82340C8
:10F0DC0041694FF0010E454C02F0030C4F7891F84A
:10F0EC005610434B39554FF002174469617803EBC6
:10F0FC00511301F01F019B000EFA01F11960EF6230
:10F10C00AB6A43F08803AB6253073ED44CF47013E4
:10F11C0002F00F01042908BF43F0804397062ED557
:10F12C00817E43F0805300293AD11607AB6103D599
:10F13C002B6943F000532B616B69D10623F080538C
:10F14C0048BF43F080536B61D30503D52B6943F45F
:10F15C0000532B61A36883B1264E3478002C3AD02F
:10F16C00611E254DC9B22B1F05EB810101E09942AF
:10F17C0025D053F8042F9042F9D1BDE8F087817E59
:10F18C000029D2D043F0A003CFE71C4B4CEA030379
:10F19C00BEE7477E4FF2D901124E03EB07186AE720
:10F1AC00417E43F0A00304EB011191F8341006EBFF
:10F1BC000116B668316821F440413160B5E7631C33
:10F1CC00DBB20F4A3370137845F8240043F0020386
:10F1DC001370BDE8F0870123074DF2E7001BB74B16
:10F1EC00EC78AD60108C0020009C002000E400E066
:10F1FC004038003823C5002070B3002010003C00BC
:10F20C003BC5002038F00100EFF31380B8B9EFF3E1
:10F21C0010834BB9EFF305823AB94FF48073EFF3D7
:10F22C00118050B1984208D270470F2AF7D9054B7C
:10F23C009B5CEFF311800028F4D1184670474FF017
:10F24C00FF30F1E7F0E300E010B4416299B1036BD9
:10F25C001A44446900218263B4F85830B4F85A4017
:10F26C00D31AA0F84A10121BA0F84C105DF8044BEE
:10F27C00C0E90F327047026BEBE700BF816241B10E
:10F28C00C36A1A4400234263A0F84630A0F8483001
:10F29C007047C26AF6E700BF036D2DE9F0410446E2
:10F2AC000F46066913B1426DC3F88420A37E2BB1BF
:10F2BC0072B6B36943F00053B36162B6B4F846500A
:10F2CC00636BADB20135AB424CD84FF000084546EC
:10F2DC00B4F848309BB29D4219D028E073691B02E8
:10F2EC0010D5B4F84830626B9BB201339A4236D9D0
:10F2FC009AB2E16A99422DD9E169CB5CDBB2F36138
:10F30C00A4F84820B4F848309BB2AB420FD1FFF7B9
:10F31C007BFF6369B3F856308342DFDAFF28F1DDF7
:10F32C0002F082FEB4F848309BB2AB42EFD0E36AF5
:10F33C00AB421AD9FFB2E3695F5572B6012084F86B
:10F34C004400A4F84680B36943F40003B36162B689
:10F35C00BDE8F0815B1AA16ACB5CDBB2CFE700227F
:10F36C001346C6E71FFA85F8B2E7ED1AFFB2A36A97
:10F37C005F55E2E7FFF790BF0269536913F4401F32
:10F38C0070B543D0D36A13F0E06FC3F3026E3AD07A
:10F39C00B0F84A50B0F84C60ADB2B6B207E0016AB2
:10F3AC0001F803C00EF1FF3313F0FF0E1DD0D1692D
:10F3BC006B1C846BB0F84CC0C1F309019C4298BF24
:10F3CC0000231FFA8CFC9C45ECD0046B5FFA81FC8B
:10F3DC001D469C42A3EB0404E1D8436A03F804C025
:10F3EC000EF1FF3313F0FF0EE1D1ABB2A0F84A30AF
:10F3FC00836D43B1B54254D3AD1B016CA94202D805
:10F40C00C16DC3F884105369D90245D4966933028F
:10F41C0028D553691D0225D5B0F84650B0F84830B0
:10F42C00ADB29BB206E0C169C95CC9B2D161D16A07
:10F43C004C0512D4AB4238D0446B0133C16A9C42A8
:10F44C0098BF00239942A3EB0104ECD8816A095DB3
:10F45C00C9B2D161D16A4C05ECD599B2AB42A0F8D6
:10F46C00481025D0710216D553695B0213D50021C3
:10F47C00036D80F8441013B1416DC3F88810837E7E
:10F48C002BB172B6936923F00053936162B6936902
:10F49C0023F48003936170BD536943F4801353616B
:10F4AC00B4E7816B891B0D44A7E79BB2A0F84830E9
:10F4BC00936923F400039361936943F4800393618C
:10F4CC00D0E700BF0148FFF757BF00BF6092002094
:10F4DC000148FFF751BF00BFC09200200148FFF761
:10F4EC004BBF00BF20930020012A70B508BF0A2231
:10F4FC008AB091B34FF0210E01E05FFA86FE0EF157
:10F50C00FF36B1FBF2F502FB15145FFA84FC092CF3
:10F51C000CF137040CF1300C98BF5FFA8CF40EF13F
:10F52C00280C88BFE4B29142EC4429460CF8244CD8
:10F53C00E3D24BB10EF1FF3E2D225FFA8EFE0EF19F
:10F54C0028036B4403F8242C036801A9CEF1220292
:10F55C005B68714498470AB070BD30224FF0210EA1
:10F56C008DF82520E5E700BF2DE9F0410C46D1B11F
:10F57C00EAB180468E1800250E4F04E002F0C0FC64
:10F58C00B44205440CD0D8F8003014F8010B1B68B9
:10F59C00BB42F3D0014640469847B4420544F2D1F1
:10F5AC002846BDE8F0810D462846BDE8F081154699
:10F5BC00F6E700BFB96400002DE9F0418C688AB011
:10F5CC00DCB10025884606462F462B46212201A990
:10F5DC00404600F035FB202C2246336828BF202201
:10F5EC0001A930465B68A41A154498470744002CBF
:10F5FC00EBD138460AB0BDE8F081274638460AB050
:10F60C00BDE8F08100B5036883B040F60D2C0222F2
:10F61C0001A95B68ADF804C0984703B05DF804FB22
:10F62C00054B022888BF034610B41C681846636853
:10F63C005DF8044B184700BF509200205AB903687C
:10F64C00C9B2074A1B68934200B506D108465DF85B
:10F65C0004EB02F055BCFFF747BF5DF804EB18470D
:10F66C00B964000000000000B4EE400B70B5F1EE80
:10F67C0010FA05462DED028B86B07CD6B0EEC07B21
:10F68C009FED476BB4EE467BF1EE10FA6BDC9FED11
:10F69C00467BB4EEC70BF1EE10FA5ADC9FED447BBF
:10F6AC00B4EEC70BF1EE10FA53D4B5EEC00B0C460A
:10F6BC00F1EE10FA5BD40023B6EE007B002C5ED08A
:10F6CC004FF0000C9FED3C6B0CF1010C27EE067B10
:10F6DC005FFA8CF2A242F7D330EE070B0A222846CF
:10F6EC00FCEEC07BB8EE678B17EE901A30EE488BB1
:10F6FC00FFF7FAFE0F2C4FF02E03B2EE046B06460A
:10F70C0028BF0F248DF808300DF1090302AA611EE1
:10F71C0053FA81F128EE060BFCEEC07BCDED017A9D
:10F72C009DF8043007EE903A3033B8EEE78B02F8D0
:10F73C00013F914230EE488BECD12B68013402A989
:10F74C0028465B68E2B29847304606B0BDEC028BA7
:10F75C0070BD2B6803221A495B6806B0BDEC028BA6
:10F76C00BDE870401847036803221649F4E7B1EE70
:10F77C00400B0123A0E7036803221349ECE730EEAA
:10F78C00070B0A222846FCEEC07B17EE901A06B037
:10F79C00BDEC028BBDE87040FFF7A6BEAFF3008056
:10F7AC00FFFFFFFFFFFFEF7F000000E0FFFFEF41D7
:10F7BC00000000E0FFFFEFC19A9999999999B93F20
:10F7CC00481A0020441A0020401A00202DE9F04766
:10F7DC00884651B3914662B382460027164C174EA9
:10F7EC0025680BE002F07CFB002810DA02F01CFC10
:10F7FC002368DAF808205B1B934210D2DAF8003049
:10F80C005B69B342EED0504698470028EEDB0137D7
:10F81C0008F8010BB945E3D13846BDE8F087012360
:10F82C0038468AF80C30BDE8F0870F463846BDE8FC
:10F83C00F0871746F0E700BFECC40020B16400006D
:10F84C004D4A2DE9F047A2FB004340F26D1A4B4F95
:10F85C005B09DFF83881DFF83891A2FB0342C3EB78
:10F86C0003145209A0EB8400454CC2EB021508703E
:10F87C00A3EB8503A4FB025424094B70414B251DBB
:10F88C0004EB4400A2EBC002A3FB050300208A702A
:10F89C00EA1A03EB520302469B08C3EBC303ED1AAF
:10F8AC00CD705FFA80FE40F26D1C0EF2B27313F055
:10F8BC00030507FB03F608D1B8EBB60F4FF4B77C82
:10F8CC0003D3B9EB361F38BFD4466244013094429F
:10F8DC00E7D20EF1460E2C4E81F806E0A6FB03068D
:10F8EC0085B377094FF0640C4FF4C870F6090CFB24
:10F8FC00173700FB163640F26D10A41A00230122B4
:10F90C00DFF890E020440AE013F80E4084420ED851
:10F91C000C2AA0EB04000BD001320133D2B2012B24
:10F92C005FFA83FCF0D145B9CFB11D2406E06246E5
:10F93C0001304A710871BDE8F0871C24A04218D32D
:10F94C00001BE9E764207709F60900FB17374FF431
:10F95C00C87000FB16363FB14FF4B770CDE7002EE0
:10F96C0014BF1C241D24E9E7002EC4D14FF4B7703A
:10F97C00C3E70122DCE700BF89888888295C8FC235
:10F98C00ABAAAAAA254992241F85EB51285C8F02A9
:10F99C000AD7A30000070020F8B500260446C0E9EA
:10F9AC000066866029B108460D4608F049FD0746F9
:10F9BC0008B92046F8BD013006F0B6FA0028F8D098
:10F9CC00294606702060C4E9017708F0A7FC2046A0
:10F9DC00F8BD00BFF8B588424FF0000504468560BD
:10F9EC00C0E9005502D08E680F680EB92046F8BDEC
:10F9FC00701C06F099FA0028F8D039460570206082
:10FA0C00C4E9016608F08AFC2046F8BD10B504462E
:10FA1C00006806F091FA204610BD00BFF8B5044608
:10FA2C00154632B9036803B11A7000232046A3604F
:10FA3C00F8BD43680E469A421CD9511C006806F06A
:10FA4C003FFD074660B1A368C4E900050BB903701C
:10FA5C00276831463846A56008F060FC2046F8BDA2
:10FA6C00206810B106F068FA276000232046C4E92C
:10FA7C000133F8BD07683146A560384608F04EFCE6
:10FA8C00ECE700BF10B500238AB00446084601A974
:10FA9C00A360C4E9003306F031FA01A808F0D0FCE9
:10FAAC0001A902462046FFF7B9FF20460AB010BD57
:10FABC0010B500238AB00446084601A9A360C4E926
:10FACC00003300F07DFE01A808F0BAFC01A9024643
:10FADC002046FFF7A3FF20460AB010BD30B5002327
:10FAEC0004468BB0881CA3606A46C4E9003300F05E
:10FAFC00A9FE054648B108F0A3FC2946024620465B
:10FB0C00FFF78CFF20460BB030BDA06020460BB039
:10FB1C0030BD00BF38B505460C4649B1084608F063
:10FB2C008FFC214602462846FFF778FF284638BD51
:10FB3C002846A96038BD00BF2DE9F843044600688B
:10FB4C000D4616468842A36809D8C218914206D2BF
:10FB5C000F1A4FF0010936B92046BDE8F8834FF073
:10FB6C000009002EF8D003EB0608626890450CD90A
:10FB7C0008F1010106F0A4FC0028EDD0A368C4E94B
:10FB8C00000813B903702068A368B9F1000F08D1FD
:10FB9C002946184408F0C2FB2046C4F80880BDE88A
:10FBAC00F8833246C119184400F06CFD236800221A
:10FBBC0003F80820F0E700BF8A680968FFF7BCBFAC
:10FBCC0038B5054641B10C46084608F039FC0246EA
:10FBDC0021462846FFF7B0FF284638BD10B582B045
:10FBEC000023044601228DF8041001A98DF805307C
:10FBFC00FFF7A2FF204602B010BD00BF10B50B46A8
:10FC0C0084B004460A2201A9184600F00BFE01A894
:10FC1C0008F016FC01A902462046FFF78DFF20468E
:10FC2C0004B010BD38B5054641B10C46084608F085
:10FC3C0007FC024621462846FFF77EFF284638BDC2
:10FC4C00C2B170B5B1FA81F60C46760919B1856866
:10FC5C009D4201D80E7070BDED1A02F1FF3C016897
:10FC6C0020466545194428BF65462A4608F030F9F8
:10FC7C00665570BD704700BF2A2849D8F8B5254F86
:10FC8C0004463B78E3B9244B1B5DFF2B29D0234A58
:10FC9C0002EB041291680A6802F44050B0F5805FE0
:10FCAC0030D01C061FD41E4C2360236AD80704D402
:10FCBC0002F0BAF9236AD907FAD5194B586AF8BD7C
:10FCCC00174D184E01E002F0AFF9AB6C1B06FAD4DD
:10FCDC00B36C13F08003F6D13B700F4B1B5DFF2B05
:10FCEC00D5D10020F8BD0F4C03F07F032360236AAD
:10FCFC00DA0704D402F098F9236ADB07FAD5094B2A
:10FD0C00586AF8BD22F480521C060A60EBD4CAE78C
:10FD1C00002070472CC50020BC8F0020108C0020C8
:10FD2C0000400C4000800C40082830B422D00A2837
:10FD3C000CBF4FF405714FF44671104C104D636CB1
:10FD4C00626C2B400F4802F003021A43636C03F001
:10FD5C00E00313430B436364436C426C2B4002F08F
:10FD6C0003021A43436C03F0E0031343194330BC02
:10FD7C00416470474FF44071DFE700BF00400C4016
:10FD8C0000FCFFFF00800C40A249A34B88422DE9E8
:10FD9C00F047A24C5E699A69D4F80C801BD9A04B31
:10FDAC00984240F20281C31A9E491B0AA1FB03131D
:10FDBC0040F22761DB0903EB830303EB830303F2BC
:10FDCC00E2438B4228BF0B46A3F54877964BA3FB27
:10FDDC000737FF0804E0954FB8428CBF0E27062763
:10FDEC008D4908F01F09D1F88030B94543F0C003A4
:10FDFC00C1F880300CD228F01F08A1F5F82148EA90
:10FE0C000708C1F80C800B68002BFCDA08F01F09FE
:10FE1C0016F0007324D186490C698649A14300F081
:10FE2C00EA8082F4805134464FF4805514F0605FC0
:10FE3C0004D026F060561E43774B5E6111F4405F90
:10FE4C0007D022F4405274492A438A618B6C1A07FA
:10FE5C00FCD446F00076704A5661936C9B06FCD439
:10FE6C00754CA04200F2CE804FF0010C0146634667
:10FE7C0003FB011203F1010E0CF10105A24218D88B
:10FE8C00BEF1080F4FF0010340F08D80BCF1040F60
:10FE9C0000F291800A18A24200F2A48005FB00F146
:10FEAC00AC4603F1010E03FB01120CF10105A24259
:10FEBC00E6D90CF1FF318C0286EA81215F481044AF
:10FECC005F4A90427FD9DFF8A4A16C225D48584D5F
:10FEDC00B0FBFEF0D5F800E0B0FBFCF0DFF890C111
:10FEEC000EEA0C0CD44509D042F400524FF4805C5D
:10FEFC00C5F800C02A602A68002AFCDA464A15694F
:10FF0C0005F007059D4203D01361936CDD03FCD40F
:10FF1C0011F4E05F09D026F4E05604F4E0543E4AB4
:10FF2C0026435661936C9907FCD44749474A0144D0
:10FF3C0091423CD8464BC909A3FB0131090B4B1E1E
:10FF4C001B0286EA030212F4407F06D026F44076A8
:10FF5C0003F44073304A334353612F4A536923F0FF
:10FF6C0000735361936C9B06FCD43A4B4F45A3FB37
:10FF7C0000234FF0FF324FEA9343B0FBF1F1B2FB99
:10FF8C00F3F3354A1060354A1160354A136008D2D4
:10FF9C0028F01F08214A48EA0707D7601368002B8E
:10FFAC00FCDABDE8F087734662E7122718E74FF4D6
:10FFBC0040730421C5E70CF1FF31204807238C0264
:10FFCC00104486EA8121274ADFF8A8A0A2FB002072
:10FFDC00020D2548362A38BF362202FB00F042EAD1
:10FFEC000A0A74E74FEA8C24002386EA8C214FF02E
:04FFFC00010EAC4600
:02000004600199
:1000000062E71D4686F0C05411464FF0C05313E717
:1000100000244FF0010C024631462346E64653E7E2
:1000200000A4781F00C00F40000008400046C32312
:1000300023B24C001F85EB5100366E0100800D404D
:1000400040300080FFB19F26808D5B00FF7EF64D23
:1000500000643F4D7FD1F0087F17B42C9F10E5005E
:1000600083DE1B43FC910020F891002064C4002033
:10007000819F5E16001BB7006C2000807F300180DE
:100080000020008000B970472DE9F84F012181461A
:10009000214C224D224E54E8003F2A68306844E843
:1000A0000013002BF7D11F494B684FF47A7BDFF820
:1000B00078A01B1A01270BFB02F8DAF80020A3FB3B
:1000C00002325A4594BF9044D84454E8003F2A680D
:1000D000306844E80073002BF7D14B68DAF800C0B1
:1000E0001B1A0BFB02F2A3FB0C3CBCF57A7F94BFFE
:1000F000624402F57A72A2EB0802B2F57A7F06D367
:10010000B9F1010908F57A78DFD1BDE8F88F01F07F
:1001100091FF0449D9E700BFF0C40020ECC40020DF
:10012000E8C40020001000E064C4002030B40F4B8D
:100130004FF0010C0E4D0F4C53E8002F286821683A
:1001400043E800C2002AF7D10B4B5B680B4A5B1AED
:100150004FF47A71126801FB00F0A3FB023230BC4D
:100160008A4294BF80184018704700BFF0C4002036
:10017000ECC40020E8C40020001000E064C40020AB
:10018000362816D80201104B03EB00109B5810B410
:10019000C2685C68144205D061B95DF8044BC3F8CD
:1001A00088207047836851B1084A5DF8044B1A6093
:1001B000704770475DF8044BC3F884207047044AC9
:1001C0005DF8044B1A607047108C002038F0010075
:1001D0003830010036280BD8064B020103EB001023
:1001E0009A58C36892681A4214BF012000207047D1
:1001F00000207047108C0020362829D8164B0201A9
:10020000012903EB00109A5810B45368C4680ED04B
:1002100004290CD023EA040353608368A9B102299E
:1002200017D003290CBF0D4A0D4A1A6007E023437B
:1002300001295360836808D040F638021A60436889
:1002400015225DF8044B1A60704738221A60F6E7F1
:100250007047044A1A60F2E7108C00203830010021
:100260003800010038F0010030B4124A0020124B6F
:100270000121124D124CC2F8F032C2F8F402C2F859
:10028000B810C2F8A000C2F8A450C2F8B010536968
:10029000DB07FCD551612378DB07F0D413680549EF
:1002A00043F0010313600B68DB07FCD462B630BC7B
:1002B000704700BF00802A400504012401000F00A0
:1002C00000812A4070B50E4C4FF6FF7E0D4E04F1B2
:1002D0007E05A6F58053002102E0B34281B204D22C
:1002E0001A88481C02337245F7D124F8021FAC4229
:1002F00006F58056EDD1044B01221A7070BD00BF87
:1003000066C4002000107C602FC5002041F2BB03B2
:1003100098422FD8184B10B51B7804463BB3A00861
:10032000164B04F00301164CA3FB0023C21A03EB87
:100330005203144A5B09C3EB831E9C46A0EB0E03D9
:1003400041EA8C01FF2034F813C01A444FEA4C0CE8
:1003500013030CEB023CBCEB023F07D91A880233B3
:10036000D4B28C4208BF100A9C45F7D810BDFFF7E5
:10037000A9FFD4E7FF2070472FC5002005411004D6
:1003800068C40020C0070600F8B50F46164672B6CE
:10039000344B40F20641344A9A610222DA6100226B
:1003A000C3F8A020C3F8F012C3F8F422C3F8F8226F
:1003B000C3F8FC224FF47022C3F8A4200122C3F832
:1003C000B02020F01F038219BFF34F8F4FF0E024BD
:1003D000C4F85C3F20339A42FAD8BFF34F8FBFF383
:1003E0006F8F204D6B69DA07FCD501231F49B2B22C
:1003F00020F07F406B6142F47022C5F8F01242F2A7
:100400000121184CC5F8F412C5F8BC30C5F8A0009D
:10041000C5F8A420C5F8B030154D01E05B0609D43D
:10042000636913F00100F9D041236361BDE8F8402E
:10043000FFF71ABF082E0AD836B13246394637447C
:100440000646284600F024F940236361E8E7A6F158
:10045000080008263946324637440646284600F04A
:1004600017F9F1E700802A40F05AF05A32041808D0
:1004700080812A4010B472B6284B0221284C0022F9
:100480009C614FF47024D96140F20641C3F8F01228
:100490000121C3F8F422C3F8F822C3F8FC22C3F800
:1004A000A020A2F58052C3F8A4400240C3F8B010C7
:1004B000BFF34F8F02F5805102F120034FF0E02C83
:1004C000994234BF0121802102EB41118B42CCF8CB
:1004D0005C2F1A4603F12003F8D1BFF34F8FBFF30F
:1004E0006F8F0E4A5369D907FCD501240D490E4B75
:1004F00054610340C2F8F0124FF470200749C2F86B
:10050000A030C2F8A400C2F8B0404B69DB07FCD5AC
:1005100001235DF8044B4B61FFF7A6BE00802A4023
:10052000F05AF05A2004180800F0FF0041F2BB0313
:10053000984200F28980464B2DE9F0471B78C2B003
:1005400005468946002B7CD0AB08424E05F00305DA
:10055000414FA6FB03269A1B06EB5206760945EA95
:100560008605C6EB86169E1B3C4B37F81640334477
:1005700060004FEA033800EB0330B0EB033F64D96F
:1005800043464FF0FF0C1A880233D1B2A94208BF8C
:100590004FEA122C9842F6D8E14541D0B4F5006FED
:1005A00041D302AC4FF48072FF21204607F0FEFBDE
:1005B00008F5805008F102034246984234BF0120FA
:1005C0004FF4006008EB4000134602321B88824261
:1005D000D9B24FEA13236354F6D104F805900DF114
:1005E00007090DF2071A00254C464046FFF742FF67
:1005F00014F801CF08EB450002220DF10601631E3D
:10060000BCF1FF0FA3EB090306D043EA0C2301352D
:10061000ADF80630FFF7B8FEA245E9D127F816502D
:1006200042B0BDE8F08745EA092502A9022201345B
:10063000ADF80850FFF7A8FE27F8164042B0BDE815
:10064000F087FFF73FFE7FE770474FF0FF0CA3E70F
:100650002FC500200541100468C40020C007060013
:1006600062B170B505460C468E182046013415F867
:10067000011BFFF75BFFB442F7D170BD704700BFAD
:1006800008B5F4F71BFAF4F7E3FA01F0D3FCFAE744
:10069000844641EA000313F003036DD1403A41D38D
:1006A00051F8043B40F8043B51F8043B40F8043B4C
:1006B00051F8043B40F8043B51F8043B40F8043B3C
:1006C00051F8043B40F8043B51F8043B40F8043B2C
:1006D00051F8043B40F8043B51F8043B40F8043B1C
:1006E00051F8043B40F8043B51F8043B40F8043B0C
:1006F00051F8043B40F8043B51F8043B40F8043BFC
:1007000051F8043B40F8043B51F8043B40F8043BEB
:1007100051F8043B40F8043B51F8043B40F8043BDB
:10072000403ABDD2303211D351F8043B40F8043B7B
:1007300051F8043B40F8043B51F8043B40F8043BBB
:1007400051F8043B40F8043B103AEDD20C3205D38B
:1007500051F8043B40F8043B043AF9D2043208D083
:10076000D2071CBF11F8013B00F8013B01D30B88F5
:1007700003806046704700BF082A13D38B078DD0D3
:1007800010F003038AD0C3F10403D21ADB071CBFA5
:1007900011F8013B00F8013B80D331F8023B20F80F
:1007A000023B7BE7043AD9D3013A11F8013B00F848
:1007B000013BF9D20B7803704B7843708B788370D0
:1007C0006046704705F0B6BB05F0BCBB01F1FF3CCD
:1007D00070B56646002400E00134B0FBF2F502FB80
:1007E0001503092B03F1370E03F130035FFA8EFE78
:1007F00098BF5FFA83FE9042284606F801EFEBD2DD
:10080000631C0022C818CA547CB162461CF8015F00
:1008100010F8016DA1EB0C0302328CF80060013B73
:10082000521A057023449A42EFDB084670BD00BFA0
:10083000031E01DBFFF7CABF4FF02D0C584210B565
:100840000C4601F801CBFFF7C1FF204610BD00BFE9
:10085000B4EE400A2DE9F04FF1EE10FA164680EAA8
:10086000E07207462DED028BA2EBE072B0EE408AFB
:1008700085B080F14881F0EEC07A9FEDC57AF4EE44
:10088000477AF1EE10FA29DDB5EEC00AF1EE10FA62
:1008900000F1ED80032A40F391800323002FA2EBA7
:1008A0000302C0F28580B5EEC08AF1EE10FA00F1C5
:1008B0006A8149214E234620F41C3170B070737058
:1008C00022B120462021144407F070FA002320466C
:1008D000237005B0BDEC028BBDE8F08F89460D4654
:1008E00002AA01A9484607F075FBDDF804A00446FA
:1008F00059EA0A0372D101230278A64C9A46019361
:10090000A54BD046342A88BF1C46029B002B7DD0C5
:1009100008F10108A7EB080B06EB0805BBF1000F77
:1009200040F3A1805A46202130465D4407F03EFA4C
:1009300006EB0B032D2203F8012BBAF1000F77D140
:10094000B9F1000F06D01A46302102F8021B2E2101
:1009500059701346AB421FD2A44619461CF8012B0E
:1009600001F8012BA94218D0019C2E20013C0BE07C
:1009700058700233013CAB4219460DD21CF8012BD2
:1009800001F8012BA94208D00194002CF0D00B46AD
:10099000013CAB421946F1D31D46002F6BDB3446B8
:1009A000002320462B7005B0BDEC028BBDE8F08F14
:1009B00022B130462021164407F0F8F9B5EEC08A7E
:1009C000F1EE10FA40F1BD802D2149224E23462040
:1009D000341D3170F0707270B37077E7CAF10003A4
:1009E000994557DA4FF00108C9F1000A694CC24530
:1009F0004046CDF804A0B8BF08F10108BAF1000FD5
:100A000052D1029B08F10108002B81D1A7EB080B02
:100A100006EB0805BBF1000F27DD5A4620213046C2
:100A20005D4407F0C3F906EB0B03BAF1000F87D062
:100A3000BAF1000F8EDAB9F1000F8BD018462E22D2
:100A4000302100F8021B5A7002465346013302F867
:100A5000011BFBD1BAF1000F0193CAF10003A8BF3B
:100A60000123034476E7334664E7334665E7042A07
:100A7000AADD042312E7B844B8F1000F6FEA0802B8
:100A80008DDA22EAE272202128460132154407F06D
:100A90008DF984E707F0DAFC8046C245B8BF08F15B
:100AA0000108BAF1000FACD0BAF1000FBFF62DAFBC
:100AB000B9F1000F3FF429AF0AEB090309F102086D
:100AC0008342BFF422AFB9F1000F05DDF2EE047AE4
:100AD000013D28EE278AFBD102AAB0EE480A28463B
:100AE00003A907F077FADDF804A0039B09F10102DE
:100AF0000446A3EB0A0393427FF407AF0AF1010A0D
:100B0000CDF804A001E7B5EEC00AF1EE10FA4CBF33
:100B100004230323934222DA0028A2EB030218DB0A
:100B200010EE103A002B02DA2D2306F8013B4E237B
:100B30004121F41C33707170B370002A7FF4C1AE90
:100B4000C4E649214E224623F41C31707270B37002
:100B5000BCE622B130462021164407F027F918EEF2
:100B6000103A002B4FF04E0305DB4122F41C33708A
:100B70007270B370AAE62D214122341D737031705A
:100B8000B270F370A2E62D2306F8013B91E600BF98
:100B9000FFFF7F7F808F0020848F002000230F22A3
:100BA00048F2B82C194610B54FF470444FF4806EDB
:100BB000A0F88C414FF46044A0F88E210A46A0F8BA
:100BC0009031B0F888319BB243F0F003A0F888313F
:100BD00001EB4103013100EB431304299C80A3F88E
:100BE00006E05A841A865A805A81A3F80EC05A82A7
:100BF000DA825A83DA83EBD1B0F888319BB243F0C2
:100C00000F03A0F88831B0F888319BB243F47063C9
:100C1000A0F8883110BD00BF374B384A996F38486B
:100C200041F47F0170B5996741F20106D3F8801055
:100C300045F6C05543F226040A43C3F88020FFF767
:100C4000ADFF00F58040FFF7A9FF00F58040FFF7FA
:100C5000A5FF00F58040FFF7A1FF0022A0F50310DB
:100C60004FF00F0E114600EB42134FEA421C0132C7
:100C70009981042A5981A3F80EE09E82DD8020F834
:100C80000C1019829C81EED100221E484FF00F0EED
:100C900041F20106114645F6C05543F2260400EB29
:100CA00042134FEA421C01329981042A5981A3F868
:100CB0000EE09E82DD8020F80C1019829C81EED11E
:100CC000002211480F2641F20105114645F6C05495
:100CD00043F2260E00EB42134FEA421C0132998187
:100CE000042A5981DE819D82DC8020F80C10198253
:100CF000A3F80CE0EED170BD00C00F40000003FC73
:100D000000C03D4000001E4000401E40074A506A9F
:100D1000936A19468446506A936A9942F9D1844588
:100D2000F7D1DB0B43EA4040704700BF00400D4065
:100D300072B6EFF30583524CC4F884301EF0040FF2
:100D40000CBFEFF30882EFF309824FF0E0234D4E22
:100D50004D4DD3F8280DD3F82C1DC4E92201D3F84A
:100D6000341DD3F8383DC4E924139369C4F898308E
:100D7000D369C4F89C3000F0D3F884ED280AFFF75B
:100D8000C5FF0B214FF0FF32C4F8A4000B46C4F896
:100D900080103E49301D5A40202402F00103013CDE
:100DA00001FB03F383EA5202F7D1A84202D0736831
:100DB0000646EFE7324BC3F8A820BFF34F8F4FF042
:100DC000E0233049324AC3F8701FC3F8702FBFF3D5
:100DD0004F8FBFF36F8F2F4A02252F48D36E2F49B5
:100DE00043F44053D3660560D3692D4823F07F0355
:100DF00043F04003D3610B6883423DD8264D002168
:100E00004FF0E0234FF0FF3229600126C5F80811AA
:100E10002449C5F80011C5F80861C3F88021C3F85A
:100E20008421C3F88821C3F88C21C3F8902101E004
:100E300000F068F9D5F80C31002BF9D00134C5F871
:100E40000C614F2CF4D9184B022018494FF0004286
:100E5000C1F840015A63D5F80C313BB91448154923
:100E60000D4A0163D2F80C31002BFAD04FF0E02389
:100E7000114AC3F80C2DFEE7FEF78CFFBEE700BF5A
:100E800000FF272080FF2720A8FF27202083B8ED20
:100E9000A0FF272000C00F4000400840FC91002028
:100EA000803DCD0B009F240000900D4000002E409F
:100EB00000800F40F100AD0B0400FA050A490A68F2
:100EC00038B108B513180948834204D810460B609E
:100ED00008BD1046704707F0ABF80C234FF0FF3207
:100EE0000360104608BD00BF489400200000282081
:100EF000002070474FF0FF30704700BF4FF40053A1
:100F000000204B60704700BF012070474FF0FF305A
:100F1000704700BF30BFFDE730BFFDE7FFF708BFF8
:100F2000124AD2F880305B07FBD5D2F880301048E7
:100F3000C3F30B230F4990ED007A07EE903A91ED41
:100F4000006AB8EE477A0C4AF8EEE77A0B4BD2ED1E
:100F5000006A77EEC77A93ED007AB8EE477A67EECB
:100F6000867A87EEA60A37EE400A704700810D4068
:100F700054C400205CC4002060C4002058C4002079
:100F8000836BF0B41BB1536843F40043536072B6F3
:100F9000446B3CB31A4B2260D3F8B0410C421DD1D4
:100FA000184E776804E07468E41BB4F5166F0BD232
:100FB000D3F8404144F48044C3F84041D3F8B851D9
:100FC000D3F840416404EED50D4007D10C4CC0E984
:100FD0000225D4F8B0310B43C4F8B031426362B695
:100FE000F0BC7047064DC0E90224D5F8B0310B4380
:100FF000C5F8B0310263426362B6F0BC704700BF0F
:1010000000002E40001000E070B5056B9DB1064653
:101010002A46002403E012680134012A0CD05368E8
:1010200013F08003F7D032632CB12846B36B2D68E0
:101030009847013CF9D170BDC6E90C33F4E700BF15
:1010400030B4D9B91F4C204B0021204A01254FF064
:10105000011099601D60C4E9023180245C60C2F80F
:10106000BC01D2F8B0311A482B43C2F8B03101604C
:10107000D2F8B031002BFBD130BC70470904154BBE
:10108000104C012541F080019860104A596000F52C
:1010900080511D60D96000F50051A364196100F50D
:1010A000405100F58040596100219861E164D2F817
:1010B000B03143F48033C2F8B031D2F8B031002BF4
:1010C000FBD1C0E700000020C09E002000002E40A1
:1010D000E8B60020E09E0020084901220B7802FAC1
:1010E00000F023EA0000087030B9054AD2F8483110
:1010F00023F08003C2F84831704700BF32C500209A
:1011000000002E402DE9F04F974C83B0D4F8447185
:10111000FB07C4F8447153D5D4F8AC21002A4AD057
:10112000924EDFF860A2DFF87492DFF874B2DFF855
:101130007482C4F8AC21D6E90A20D4F8403143F4D3
:101140000053C4F84031D4F840319D04F5D5D4F8AB
:10115000403123F40053C4F840314FF00113C4F878
:10116000B431D4F8B45115F00115FAD193B28446D4
:10117000CAF80050B3F5086F00F0CF8100F2DB80B1
:1011800040F202318B4200F0E78100F29A80822B1C
:1011900000F0CB81B3F5817F40F08A8010F0780FAA
:1011A00083B200F003824FF00113C4F8C031D4F8C9
:1011B000AC21002ABDD16C4AD2F8BC31002B42D1FF
:1011C0007E0616D5684BD3F8AC21C3F8AC21D3F812
:1011D000BC21C3F8BC21D3F8B041002CFBD14FF0A7
:1011E000FF32C3F8B421D3F8843100F027FD604BFF
:1011F0001C60FC0103D55F4B1B6803B19847B80125
:1012000003D55D4B1B6803B19847790708D5564B4A
:10121000D3F8843113F4007347D0584B01221A706D
:10122000514BD3F848311A060AD53B0608D5544A23
:1012300013782BB1013BDBB21370002B00F07282EC
:1012400003B0BDE8F08F4F49C2F8BC3108680342D3
:1012500040F0D181464A14681C40B1D05FEA14487E
:1012600010D0424E4FF0010998FAA8F5B5FA85F56D
:1012700006EBC51009FA05F54030FFF7C5FE38EA60
:101280000508F1D1A4B2002C9AD0384E4FF00108D5
:1012900094FAA4F5B5FA85F506EBC51008FA05F53C
:1012A000FFF7B2FEAC43F3D18AE7344A1370B7E7D5
:1012B000802B7FF478AF344802210580FFF7C0FE11
:1012C00075E7B3F5A06F00F00B81A3F5D063012B98
:1012D0003FF669AF2D4B5D68002D3FF464AF1FFAF8
:1012E0008CFC4FEA124E04E01D690C33002D3FF4D4
:1012F0005AAF1A887245F7D15A886245F4D14FEA3D
:101300001E22032A00F0A5811A89000C824228BF00
:101310000246BEF5007F40F0A181184B1C491878A9
:101320001C4B0192002818BF19461B48FFF7B0F963
:10133000194D019AE1E142F221218B427CD033D94F
:1013400042F221318B4200F081804FF6C0018B4286
:101350007FF429AF10F47F4F83B27FF424AF43F4BE
:101360006E4363F30F0CB5E700002E400000002031
:10137000ECB6002000C5002004C5002039C50020BF
:101380003AC50020E8B600201CC400202C900020A4
:10139000D81E00603C1F006000002020E0B6002046
:1013A0005DCFC6B8C0012E40B3F5106F66D042F2D3
:1013B00021018B427FF4F7AE030C072B7FF4F3AED1
:1013C000B24BB349F560D960B249B360C3F8089035
:1013D000C1E9002001221A60AF4A5A60AF4A1A617F
:1013E000D4F8B01141F00101C4F8B01102F58051F8
:1013F00002F5005259619A61D4F8B031002BFBD14B
:10140000A74AF36493600123B264136048F2800337
:1014100053604FF00113C4F8BC31D4F8B03143F439
:101420008033C4F8B0314FF48033CAF80030D4F8B8
:10143000B031002BFBD1BAE680B238B9994BC2F378
:1014400007421968984B1960984B1A70944B002208
:101450009A60F2640122B3641A6080225A604FF0ED
:101460000113C4F8BC31D4F8B03143F48033C4F86C
:10147000B031D4F8B031002BFBD198E6C2F307426B
:101480008B4B1A708B4BC4F8C8318B4BC4F8CC31E2
:101490008A4BC4F8D03100F0D3FB8022294688481B
:1014A00006F084FC874B8022C6F8A0B0C6F8E03076
:1014B0007B4BF5645A600122B3649D601A604FF063
:1014C0000113C4F8BC31D4F8B03143F48033C4F80C
:1014D000B031CAF80050D4F8B031002BFBD166E629
:1014E0006F4B0121F564196080219D60B3645960E0
:1014F0004FF00113C4F8BC31D4F8B03143F4803359
:10150000C4F8B031D4F8B031002BFBD1130C5B061A
:1015100043F08073C4F8543149E6654B01216A48B1
:101520001B780370FFF78CFD41E683B210F0780062
:101530007FF439AE03F07F0258F82210624A10801F
:10154000180600F19E80CB0701D5012313700221FC
:101550005D48FFF775FD2AE610F0780F83B27FF43F
:1015600022AE03F07F0213F0800F58F8223014BF30
:1015700043F4803343F0010348F822300022484B03
:10158000F2649A600122B3641A6080225A604FF0BC
:101590000113C4F8BC31D4F8B03143F48033C4F83B
:1015A000B031D4F8B031002BFBD100E603F07F025C
:1015B00013F0800F58F8223014BF23F4803323F047
:1015C000010348F822300022354BF2649A60012270
:1015D000B3641A6080225A604FF00113C4F8BC3122
:1015E000D4F8B03143F48033C4F8B031D4F8B0311A
:1015F000002BFBD1DBE50020086026490C884868F9
:1016000042F221018C427FF425AE80B200287FF4A3
:1016100021AE2E492E4C03C9A18086284FEA1141E4
:101620002060A1717FF416AE72B62A48017841F0AD
:1016300008010170D2F848110D0605D4802001433D
:10164000C2F84401C2F8481162B6234A5021117011
:1016500000E6000C2A78824228BF0246BEF5E06F01
:1016600044D11E4B1E4D18781E491F4B0192002875
:1016700018BF19462846FFF70BF807236B70019A2D
:101680003BE0C9033FF561AF61E700BFE09E00208A
:10169000E0C6002080A0002080000700E0D60020E7
:1016A000C09E0020ECC40020FCC4002037C50020F0
:1016B00038C500200200CC00C80002000200C800AB
:1016C000800000201993D5741CC40020E0B60020CF
:1016D000F4C4002032C500203AC5002039C50020DE
:1016E000000020203C1F0060D81E00602946104DDD
:1016F00001922846FEF7CCFF019A25F01F031544FE
:10170000BFF34F8F4FF0E021C1F8703F20339D426F
:10171000FAD8BFF34F8FBFF36F8F05481146FFF71D
:101720008FFC44E50320FFF7D7FC0FF02BF900BF37
:10173000000020202DE9F0471F46831E022B01D90F
:10174000BDE8F087DFF84C9015460C463C2209EBCB
:10175000C01806464FEAC01A002108F1040024040C
:1017600006F024FBB5FA85F20123520944EA4274DB
:1017700049F80A40C8F83870C8F80830002FDFD0A0
:10178000034AB34011680B431360BDE8F08700BF04
:10179000ECB60020000000202DE9F0470D46811E28
:1017A000022901D9BDE8F087C701DFF84C909246C5
:1017B000044640373C2200211E4609EB07082D0451
:1017C00008F1040006F0F2FABAFA8AF2520945EA80
:1017D000427249F807200122C8F83860C8F808208A
:1017E000002EDFD0034B10341968A2400A431A6060
:1017F000BDE8F087ECB600200000002012048160F4
:10180000C36101F5405342F0800210B401244260EC
:1018100001F50052046001F5805401F58041C46077
:1018200081615DF8044BC0E904237047831E0A46BA
:10183000022B00D97047064B00F110014FF0010C4C
:1018400003EBC0100CFA01F14030FFF799BB00BF69
:1018500000000020831E0A46022B00D97047012198
:10186000024B814003EBC010FFF78ABB0000002051
:1018700040687047124A134BD2F8200220F07F4094
:10188000984210B584B002D200EB800040000E4CAC
:1018900001A90A22FEF79AFF01A90023204611F8A8
:1018A000012B01333AB10A2B20F8022FF7D116236E
:1018B000237004B010BD5B00DBB2237004B010BD18
:1018C00000441F40809698002C9A002000F0D6BA61
:1018D00000F066BB00F03CBB0846114600F02CBB94
:1018E000F8B5144C4FF0E025134E4FF4003204EBE2
:1018F0004024124F06EB40160346C5F88C212146C2
:101900003A883046FFF77AFF3B882344BFF34F8F76
:10191000C5F85C4F2034A342FAD8BFF34F8FBFF312
:101920006F8F03203146FFF795FF4FF40033C5F862
:101930000C31F8BD80002020009F002016C500203B
:10194000244B2DE9F0411C884368C569C3F30E435D
:10195000E41A002C24DD204920480A780078D3B20C
:101960001F4E82421F4807D010F8038036F81870C7
:10197000C7F50072944218D90133002226F81540A9
:10198000082B194E88BF134626F8152098BFDAB2E7
:10199000C554164B0A701A6814441C60BDE8F081E7
:1019A0002846BDE8F041FFF79BBF07EB48201049F0
:1019B00022462744084401EB4521FEF769FE0B4A05
:1019C000284626F8187013682344BDE8F0411360D8
:1019D000FFF786BF16C5002030C5002031C50020A6
:1019E00028C4002048C4002038C4002024C400209B
:1019F000800020201D4B1A78002A36D102F0FF0308
:101A00001B4A12788AB32DE9F0411A4D2A8852B345
:101A1000194EC2F50068194F3278194C07EB42177E
:101A200004EBC224424638462146FFF7E7FE04EBAA
:101A30000802BFF34F8F4FF0E023C3F8704F2034FC
:101A4000A242FAD8BFF34F8FBFF36F8F04203946FD
:101A5000FFF7ECFE33780133DBB2032B88BF0023A2
:101A6000337000232B80BDE8F081704736C500201D
:101A700038C5002018C5002035C5002000A0002072
:101A8000801020202DE9F04F85B0CDE9011000290C
:101A900000F0BF800023604CDFF89881DFF898A148
:101AA0005E4F009301235E4A23705E4B1978B8F8AD
:101AB000003002EB4119002B40F0A7801E461D4666
:101AC0009B464846FFF7D4FE10F0800000F08C8063
:101AD000BFF34F8F9AF8003084F800B005B93E6824
:101AE000002B7DD13B689B1B782B00F287804E4BEF
:101AF0001B78002B74D000F09DFA0122B8F800305A
:101B000015462270002BDCD0464AC3F500601178E0
:101B10001A4600EBC120454DC9022844019D95425B
:101B200017D20393DDE901512A46FEF7B1FD039B6D
:101B30004FF040425B1BA8F800303D4BC3F88420B7
:101B4000BFF34F8F009800232844237005B0BDE8F1
:101B5000F08F364BCD180299FEF79AFD00234FF413
:101B6000006229464846FFF749FEBFF34F8F05F153
:101B7000200205F50063934234BF012340234FF058
:101B8000E02205EB4313C2F8705F2035AB42FAD177
:101B9000BFF34F8FBFF36F8F04204946FFF746FE18
:101BA000204A13780133DBB2032B84BF00231D4A84
:101BB0001370B8F80030019AD11A009A1A440191B2
:101BC0000092029A1A4400230292194AA8F800309F
:101BD000C2F88430BFF34F8F237000297FF462AFC7
:101BE000009805B0BDE8F08F4FF400620D4B8AF805
:101BF000000019781346A8F800208AE7012300980E
:101C00008AF8003005B0BDE8F08F1A46C3F50060D1
:101C10007FE70198E5E700BF36C50020ECC400204F
:101C200000A0002035C5002038C5002080102020ED
:101C300000002E4018C5002034C50020704700BFAA
:101C40002D4B002180222D4870B51B7800242C4D8F
:101C50008B422C4E0CBF40234FF400732B803380FB
:101C600006F0A4F8284A2146284B14704FF48072DD
:101C700027481C8006F09AF8264A1021264B02209D
:101C8000C2E90044C2E90244244AC3E90044147092
:101C9000234AC3E90244234B1C70234614602246A6
:101CA000FFF77AFD2246318803201F4BFFF742FDE4
:101CB0002346012229880420FFF76EFD20460134C7
:101CC000FFF70EFE082CF9D1184B00214A221848C4
:101CD000184C0460C3F88410C3F88020D3F848215E
:101CE000154942F08072C3F8482121B1134A137894
:101CF00043F00103137070BD39C5002000A000201F
:101D00001AC5002016C5002035C5002018C50020C2
:101D1000009F002028C4002038C4002030C50020C7
:101D200024C4002031C5002075F9000000002E40B9
:101D300000C5002029FA0000000000003BC500207B
:101D40002DE9F04F4FF0E0234FF40032DFF8C8A048
:101D500083B0C3F88C218B469AF8004000294FD0FD
:101D60008046E4B20027DFF8B490264BABEB0702C5
:101D700025491B78A34204F101043FD0092C234BD1
:101D8000404628BF00241E5D39F816C00CEB4623E0
:101D900019441F4B33F81650A5EB0C05AA421CD270
:101DA0000CEB462C18491B4C61440192FEF770FC69
:101DB000216839F816505846019AA1EB0B012A44C4
:101DC000394429F8162021604FF0E0234FF4003207
:101DD000C3F80C2103B0BDE8F08F2A462F44FEF76C
:101DE00057FC0C49E3B230460A68A844521B0A600B
:101DF0008AF80030FFF774FDBB45B6D83846E3E7F4
:101E00000846E1E730C500208000202048C40020BB
:101E100028C4002024C4002031C5002038C400207C
:101E20000B4B0C4A12781978D3B28A420DD0013389
:101E300009480A4A092B0A4928BF0023C35C31F824
:101E4000131002EB4323585C70474FF0FF3070478C
:101E500030C5002031C5002048C40020800020206B
:101E600038C40020044B10B51C680CB1204610BDCE
:101E700000F0E0F8204610BD24C400202DE9F84F02
:101E8000144E154D33782A78934221D0DCB2DFF816
:101E90005090DFF850B0DFF85080104F0134082C1C
:101EA0005FFA84FA01D90024A24619F80400DBF88D
:101EB000003038F8102037F81010521A9B1ACBF85F
:101EC0000030FFF70DFD86F800A02B78A342E5D186
:101ED000BDE8F88F31C5002030C5002038C400208F
:101EE00048C4002024C4002028C4002000B583B0CA
:101EF00001210DF10700FFF723FF20B19DF8070036
:101F000003B05DF804FB4FF0FF30F9E7094B00B573
:101F100083B01B788DF807003BB101210DF107005C
:101F2000FFF7B0FD03B05DF804FB03F0FF0003B062
:101F30005DF804FB38C50020044B1B7803F0FF025A
:101F40000BB1FFF79FBD1046704700BF38C500209A
:101F50002DE9F0410024DFF8448001230D4D274690
:101F60000D4E88F80030337828462035A34204F11E
:101F7000010405D0FFF77CFC030658BF07F5006796
:101F8000042CF0D1BFF34F8F0023384688F800307F
:101F9000BDE8F08100A0002035C5002036C5002036
:101FA0002DE9F8431D4B1B7813B11D4D2A880AB942
:101FB000BDE8F8831B4EC2F500691B4933784A46D9
:101FC0001A4C01EB43181A4F04EBC324012340467B
:101FD0003B7021460023FFF711FC04EB0902BFF31D
:101FE0004F8F4FF0E023C3F8704F2034A242FAD84D
:101FF000BFF34F8FBFF36F8F04204146FFF716FCEE
:1020000033780133DBB2032B88BF00233370002306
:102010002B80BFF34F8F3B70BDE8F88338C500209D
:1020200018C5002035C5002000A000208010202009
:1020300036C500202DE9F8432D4B1E7866B12D4F93
:102040003B784BB90123F1073B7043D4B20726D448
:1020500000233B70730701D4BDE8F883264B1A6850
:10206000002AF9D0EFF30582002AF5D1EFF31085AD
:1020700072B61868002834D0204C2178002930D15D
:102080000122227042691A60002A2ED0916105B99E
:1020900062B600258368457798472570DCE7DFF84E
:1020A000648098F80030002BD2D00025DFF85890DB
:1020B0002B4659F823400135236820461B69984771
:1020C00010B163699B68984798F80020EBB29A4278
:1020D000EFD8BDE7FFF7C6FE0028B7D0AFF300800A
:1020E000B4E7002DB8D162B6B6E7054B1A60CEE76B
:1020F0003BC5002024C5002000B3002021C50020DE
:102100000CB3002023C5002070B30020EFF3108231
:1021100072B6437F5BB9017F012930B40BD003292C
:1021200013D00123437702B962B630BC70470AB9B5
:1021300062B670477047124C2168B1B111494361D2
:102140000B68086083615861EBE70F4D0F492C68FD
:102150008CB143610B68836158614FF0E0234FF00D
:1021600080540860C3F8044DDBE7064B206018601C
:10217000C0E90511D5E7C0E905442860EDE700BFD7
:1021800000B300200CB3002008B3002004B30020EB
:1021900090F81CC04160BCF1020FC26001D183689D
:1021A0001847FFF7B3BF00BF70B5EFF3108272B6E8
:1021B0000C4C206880B10C4E00254369236073B13C
:1021C0009D6102B962B6836845779847EFF3108244
:1021D00072B620680028F0D102B962B670BD3360D3
:1021E000EFE700BF08B3002004B30020FFF7DCBF17
:1021F0000449054A4968054B1960136801331360A7
:10220000704700BF001000E0ECC40020E8C40020CC
:1022100008B5D0E900325BB1BAB10F4BA3FB021392
:10222000DB0803EB4303B2EB83030AD1012008BDB3
:10223000094BA3FB0213DB0803EB4303B2EB83035D
:1022400001D0D21A4260F02AF0D805F0F1FE1C222B
:10225000034600201A6008BDABAAAAAA70B50446BE
:1022600038B319B1B2FA82F67609A2B9206800B380
:102270006268F2B1184B194902FB03F3B1EBB30FDB
:1022800017D3A368E3B90022012322606260A26031
:10229000E260184670BD1D46049BC0E90012C36091
:1022A000FFF7B6FF03460028F3D06DB901231846A7
:1022B00070BD05F0BDFE162200230260184670BDF9
:1022C000002105F073FDDEE7626831462068A560F5
:1022D00005F06CFD0123DCE7ABAAAAAA55555515FC
:1022E00003460846194605F059BE00BF38B50D46ED
:1022F000044600212846FDF77FFF084B2A0103EB27
:10230000051599580023EA68A360E3732382A37438
:10231000C4F80B30C4E9002138BD00BF108C002088
:10232000F0B5D0E9005C72B6DCF80430EF4323EA84
:102330000503CCF8043062B67C20DFF8C0E02D49FC
:102340002D4E4C68DEF80020A6FB0232920C5200A3
:102350004B681B1B9A42FBD8DCF808302B4204D197
:10236000431E13F0FF00ECD1F0BD72B6CCF88850DC
:10237000DCF804302B43CCF8043062B61E4B4868BE
:10238000DEF800201B49A3FB0232920CC2EB0212C2
:1023900052014B681B1A9A42FBD872B6DCF8043023
:1023A0001F40154BCCF804704868DEF80020114936
:1023B000A3FB02324623920C03FB02F24B681B1A6A
:1023C0009A42FBD8DCF808302B420CBF01200020D9
:1023D00062B6094B4C684FF4CD71DEF80020A3FBC8
:1023E0000232920C01FB02F202494B681B1B9A421B
:1023F000FBD8F0BD001000E083DE1B43FC91002001
:10240000CB0770B4D0E9004028D572B6C0F8884038
:102410004368254D234325494360254B6E680A6870
:10242000A3FB0232920C02EB820252006B689B1BF0
:102430009A42FBD8C0F8844062B61D4B68680A68AF
:102440001949A3FB0232920CC2EBC203C2EBC302D6
:102450004B681B1A9A42FBD870BC704772B6C0F822
:1024600088404368104D234310494360104B6E6809
:102470000A68A3FB0232920C02EB82126B689B1B70
:102480009A42FBD8C0F8844062B6094B68680A6873
:102490000549A3FB0232920C02EB82024B681B1A25
:1024A0009A42FBD870BC7047001000E0FC910020FD
:1024B00083DE1B4370B4D0E9004172B64B681D48FF
:1024C00023431D4D4B60C1F888401C4B46682A6869
:1024D000A3FB0232920C02EB420243689B1B9A421E
:1024E000FBD84B68134E23EA04034B60134B406840
:1024F0002A68A3FB0232920C02EB8202520073683C
:102500001B1A9A42FBD88B68234214BF012000207B
:1025100062B60A4B352174682A68A3FB0232920C1A
:1025200001FB02F203494B681B1B9A42FBD870BCAB
:10253000704700BF001000E0FC91002083DE1B43C9
:102540002DE9F041082506460F4690460124274212
:1025500030464FEA440414BF01210021FFF750FF29
:10256000013DE4B2F3D1B8F1000F0AD172B6D6E959
:1025700000135A6822EA01025A603268C3F88820C0
:1025800062B6BDE8F08100BFF8B508240027012538
:1025900006463046FFF78EFF6B0000B12F43013C2B
:1025A000DDB2F6D13846F8BD70B5082501240646DF
:1025B00014F0CC0F30464FEA440414BF012100212F
:1025C000FFF71EFF013DE4B2F2D172B6D6E9001367
:1025D0005A6822EA01025A603268C3F8882062B65B
:1025E00070BD00BF00238360C37303828374C0F88F
:1025F0000B307047837C2DE9F04704462BB1002354
:1026000018462382A374BDE8F08789461546FFF774
:1026100087FE0028F3D00826002D45D0012515F0AF
:10262000F00F20464FEA450514BF01210021FFF7B6
:10263000E7FE013EEDB2F2D172B6D4E900135A685A
:1026400022EA01025A602268C3F8882062B6012695
:102650004FF000083746C2462046FFF72BFF0546DD
:102660002046FFF727FF012D01D1012847D08542E1
:102670002ED0012D04EB080325D01A7A22EA060297
:102680001A727600294620460137FFF7B9FE16F088
:10269000FF06FFB2E0D108F101085FFA88F8B8F14F
:1026A000080F2CD00126D7E7012515F0EC0F2046A6
:1026B0004FEA450514BF01210021FFF7A1FE013EAD
:1026C000EDB2F2D1B8E71A7A012532431A72D8E78F
:1026D000237CBB420DD904EB08031A7A164214BFBF
:1026E00001250025002DEED1082F24D8BA466774A5
:1026F000C3E70CBF0125002504EB0803F2E7402FD8
:102700007FF67DAF84F810A0BAF1000F01D101234C
:10271000A374227A002A3FF472AF09F1FF33083420
:1027200009F1070901E014F8012F03F8012F4B45C7
:10273000F9D1012067E7BA469FE700BF81B100EBFE
:10274000010C084B002110F8012B5140604501F0AD
:102750000F0203EB11119A5C097C81EA0201F2D1AC
:1027600008467047AC1F006069B170B50546084661
:102770000C4605F06BFE2B680246214628465B6836
:10278000BDE87040184770478368C3F3080383B1FE
:10279000002110B40269D1540133B3F5007FF9D19F
:1027A0000168D0E903321C681846636A5DF8044B7F
:1027B00018470120704700BF82680346006940F255
:1027C000FF1CC2F3080281546245586801EB700196
:1027D000986800F10100C3E9011001D001207047A1
:1027E000D868196810B404684A1C646A1A601A69C7
:1027F00023465DF8044B184738B58368CAB20D46C6
:102800000169C3F3080340F2FF1C0446CA54634540
:10281000416802EB71024260826802F1010282604B
:1028200005D0290A2046BDE83840FFF7C5BF01683A
:10283000C0684A1C03685B6A2260226998470028C6
:10284000EFD138BDF8B50023064601601D46C0E94A
:102850000133A8B2FBF7A6FEA842044607D0C1B2D6
:102860003046FFF7A9FF00283BD10020F8BD6C1CC3
:10287000B4F5803F04D12AE00134B4F5803F04D0A0
:10288000A0B2FBF78FFEA042F6D0671BB7F5007F22
:102890001DD34FF6FF713046FFF7AEFF0028E4D09E
:1028A000B9B23046FFF7A8FF0028DED02546B5F5BF
:1028B000803FCED13046BDE8F840FFF765BFC5F395
:1028C000072130460135FFF777FF0028CDD0A5421C
:1028D000E9B23046EBD2FFF76FFF0028EFD10020BE
:1028E000F8BDC4F307213046FFF766FF0028BCD0CF
:1028F0000135DCE72DE9F04F1F4689B00B680D4626
:1029000004901446C16002610846DB699847B0F53F
:10291000801F0090C0F0D88000230122009E013368
:102920005200DBB201D09642F9D81C2B009640F23F
:10293000B780A3F10B08012248FA02F1C8F3470857
:102940008A4002910792013301225B109A4006925D
:1029500004229A400392022202FA03F30193009A9E
:102960000021039B2046029E4FF0010AD31A4FF428
:1029700000724AF6552BF34003FA06F90593019EBF
:1029800005F014FAFF2384F8BFA184F8C0A1B14474
:1029900084F8C431224684F8C53107230021284633
:1029A00084F8C231FE23C4F8C66184F8C3312B68B1
:1029B000C4F8CA915B6AA4F8FEB19847002863D0B6
:1029C0004FF400720021204605F0F0F9009B84F8D6
:1029D0006D804FF000086366F421059B04F17800D8
:1029E000069AE3652023266423726372A372EB23A5
:1029F000A665464623707623C4F8489063709023FA
:102A000084F86EA0A3704523E370582323714623F6
:102A100063714123A3715423E371042323664FF4AC
:102A20008073A4F86830092384F86C308023C4E9EB
:102A3000142284F86F304FF4C37205F0B7F9A4F88C
:102A4000FEB1A8F16A03012B06D9B8F1700F03D0CB
:102A500014F8083003EB760608F10108B8F5007F9A
:102A6000EFD12B682246DDF8049028465B6A494680
:102A7000984748B12B684946224628465B6A0C3184
:102A8000CDF80490984740BB2FB13B680F22B8495E
:102A900038465B6898470026304609B0BDE8F08F9D
:102AA0001A2B4FF0080800F2A6814FF48043CDF8AE
:102AB000088001934FF4004303934FF4807307930E
:102AC0004FF4005306934AE7002FE4D03B681522E9
:102AD000A84938465B689847D7E742460021204618
:102AE00009F1010A05F062F94AF6552309F10902D4
:102AF00004F2FF19A4F8FE3100239346A04601E03A
:102B000018F8013FC14503EB7606F9D12B68224640
:102B1000514628465B6A98470028B5D02B68224664
:102B20000AF10C0128465B6A98470028ACD00AF1EC
:102B300001039B4502D09A462378DFE74FF40072E9
:102B4000002120469B4605F031F900220AF1030AD4
:102B50001146234601E013F8011F984501EB760664
:102B6000F9D12B682246594628465B6A98470028C7
:102B70008AD02B6822460BF10C0128465B6A9847E5
:102B8000002881D00BF101018A456AD1231F04F589
:102B9000FE7243F8046F9A42FBD12B682246284606
:102BA0005B6A984700283FF46FAF2B680BF10D016B
:102BB000224628465B6A984700283FF465AF2FB14C
:102BC0003B680C226C4938465B689847069A00219E
:102BD000019B2046002613444FF400729946059B42
:102BE0004FEA830805F0E2F823464FF0FF3208F27F
:102BF0000728F821B7F1000B4FEA582A03F8011B08
:102C00004FEA9838C4F8012018BF4FF0010BDA6082
:102C10005A609A60C3F80F2002E00136B24523D013
:102C2000B6FBF8F308FB136343B9BBF1000F05D003
:102C30003B680122514938465B6898472B6809EB8D
:102C40000601224628465B6A984700283FF41CAFDD
:102C5000002EE2D131464FF40072204605F0A6F86E
:102C6000DBE78B46217874E7002F34D03B680222E3
:102C7000434938465B689847059E079A0736F60829
:102C800006F2FF13B2EB532F4FEA5329FFF4FDAEC8
:102C90004FF400720021204605F088F807232370C6
:102CA000B9F1000F00F08A804FF0000808E0B8F199
:102CB000000F01D184F8008008F10108C1457BD9DB
:102CC000039A28462B6802EB080122465B6A984764
:102CD0000028ECD1D8E6059E079A0736F60806F2DA
:102CE000FF13B2EB532F4FEA5329FFF4D4AE4FF446
:102CF00000723946204605F059F807232370B9F1D0
:102D0000000FD1D1039B079A04989918FFF79AFDF9
:102D100000283FF4C0AE029A4FF400739340049A27
:102D200092689A423FF6B7AE4FF00208029B4FF40A
:102D30000072002108FA03F9039B2046994405F02C
:102D400035F881220323049909F1FF3984F8202002
:102D50008222237084F84020C4E90D864A684FF02F
:102D60000108636562648B68A3650023E3650EE078
:102D7000500A0020EC090020040A0020140A002058
:102D80002C0A0020079B98453BD208F101082B68CC
:102D900009EB0801224628465B6A98470646002848
:102DA0003FF472AEB8F1010FECD14FF40072002184
:102DB000204604F0FBFFE8E7002FA3D03B68162273
:102DC000144938465B689847039B079A04989918FA
:102DD000FFF738FD00283FF458AE029A4FF4007315
:102DE0009340049A92689A423FF64FAE0A49384699
:102DF000FFF7BAFC98E74FF48072CDF8088007928D
:102E0000A1E5002F3FF448AE04493846FFF7ACFC7B
:102E100042E600BF180A0020300A0020400A0020C5
:102E20002DE9F843DDF82090A2B105460C469846FE
:102E3000571801E0BC420DD02B68204649465E6A17
:102E4000C0472146024628460134B0470028F1D148
:102E5000BDE8F8830120BDE8F88300BF486810B5DD
:102E60000C4630B10B894A8901339BB29A420B81DF
:102E700001D9206810BD0368012203495B689847A7
:102E800000232068238110BD140A00202DE9F04F93
:102E9000054687B08846924600214FF40072406A8A
:102EA00004F084FF286A28B103680C223A495B6861
:102EB0009847286A6B6A4FF00009EE690AF1FF3201
:102EC000DFF8E0C0E968ADF814904C1CCDE90330A0
:102ED0004FEA5A13ADF816303368DF6A674526D1DA
:102EE0006AB301EB0A07DFF8C0A00AE02146039AA3
:102EF00030460134D84700283FD0A7421ED033685F
:102F00000498D3F824B00028F0D0BDF81430BDF8F0
:102F1000162001339BB29A42ADF81430E6D803680C
:102F2000514601225B689847ADF81490DEE703AB89
:102F3000214630460093194BB847F0B1286A20B1BA
:102F40000368022216495B689847B8F1100F4FF0EA
:102F5000F8016A6A4FF001030CBF04200C201170C5
:102F6000FF216A6AD15401339842FAD1E8696A6A4A
:102F70000368E9685B6A984718B9002007B0BDE8A4
:102F8000F08FD5E90231E86919446A6A03685B6A1F
:102F9000984707B0BDE8F08F040A0020910E0100A9
:102FA0002C0A0020550E0100140A002038B5436A8F
:102FB0004FF40075044600212A46184604F0F6FE38
:102FC0004FF02031EB22A0F80B50C0F8031003465D
:102FD000C0F8071090210270762099700222587074
:102FE00094F82B1059734AF65521208D1A74F82243
:102FF000D8815A752269DA61A269A3F8FE111A62B2
:1030000038BD00BF70B504464FF400720021406A1D
:1030100004F0CCFE656A2269216805F2BF1002F057
:10302000C5FBA369226905F2C31021681A44013A5D
:1030300002F0BCFB94F82A204AF6552385F8C221F9
:103040002269E069C5F8C621626AA169A5F8FE3166
:103050000368C5F8CA1100215B6ABDE870401847D3
:1030600070B546694FF4807390F82BE00446A6F5DE
:103070008072456A4360B2FBFEF202F2011C4FEA25
:103080001C214FEA410C81600CF1A10098420ED93D
:103090008033F21AB2FBFEF202F20111090A4FEA82
:1030A000410C0CF1A1008342F2D3C4E901311B1A97
:1030B000A2F6F57103F18000B1F5704F20614FD297
:1030C0000CF1210C8133204602FB0EC2E360B2F505
:1030D000803FA26134BF0423062384F82A300123F1
:1030E0002385FFF78FFF08B9002070BD2046FFF74A
:1030F0005DFF2922A1684FF0203385F82620462263
:10310000C5F82F30802085F836205422C5F82B30A2
:10311000C5F83230312385F838203622E982412142
:1031200085F8393085F837104FF4007185F82400A0
:1031300085F83A200F4BE069C5F827300368A5F8F9
:103140001110626A21695B6A98470028CCD06268D6
:103150002046E3681021D21ABDE87040FFF796BE02
:10316000206A0028C0D00368132203495B6898478F
:10317000002070BD87D61200D8090020F8B5466936
:103180004FF4005390F82BC04FF48042A6F58041D5
:10319000036142F2090E0446456A4260B1FBFCF14C
:1031A00001F18103DB0983600EEB4300904240F2A2
:1031B000B68002F50052B11AB1FBFCF101F18103B6
:1031C000DB090EEB43005F008242F2D3C4E9012326
:1031D0004FF6F473994240F2978001FB0C2CA2F554
:1031E00000522046D21B92B202F5005322854D4A6E
:1031F000E360ACF50053944594BF4FF00B0C4FF0D7
:103200000C0CA36184F82AC0FFF7FCFE08B900206B
:10321000F8BD2046FFF7CAFEA16829224FF02033EF
:103220008020696285F8422054214622C5F84B303F
:1032300085F840004120C5F84730C5F84E300223DC
:1032400085F85220332285F85410322185F8552014
:1032500085F8530085F85610EB62E069324B334A2B
:103260002B630368C5F843205B6A626A216998474B
:103270000028CCD0E069216903680631626A5B6A84
:1032800098470028C3D04FF400720021606A04F010
:103290008DFDE069264A0368C5F8FC2121695B6A57
:1032A0000231626A98470028B1D0E0692169036859
:1032B0000831626A5B6A98470028A8D04FF0FF3354
:1032C000E0691C4AC5E97A331B4B2A60C5F8E43132
:1032D00003682169626A5B6A01319847002896D0C9
:1032E000E06921690368626A07315B6A98470028D0
:1032F0008DD0A268204694F82B30202103EB4202A7
:10330000BDE8F840FFF7C2BD206A00283FF47FAF58
:103310000368132209495B6898470020F8BD5F00E5
:1033200056E700BF0004FB000100060087D612002C
:10333000000055AA5252614172724161D8090020C1
:1033400038B504460D68C16108466262EA692362C5
:10335000904700F2FF736061DB0A062B236024D9DB
:10336000102B13D80223B0F5800F84F82B302046A1
:103370002ED2FFF775FE0546206A05B320B103681B
:103380000D2219495B689847284638BD202B23D960
:10339000402B23D9802B23D9B3F5806F22D9B3F5E5
:1033A000004F8CBF80234023DDE7206A20B10368F3
:1033B00014220E495B6898470025284638BD00282E
:1033C000FAD003680F220A495B689847284638BD3F
:1033D000FFF7D4FE0546CFE70423C4E70823C2E77E
:1033E0001023C0E72023BEE7B8090020A009002071
:1033F000C80900204FF0FF30704700BF407C704785
:10340000007D7047407D704701207047007F704706
:103410002DE9F0471E46C37C05460C46022B91461B
:10342000089F28D02B68214628461B6E984798B1E4
:10343000AC61B9F1000F12D004EB090801E0A0451E
:103440000DD039462046B0472B6801462846DB6D33
:10345000013498470028F2D10020BDE8F087AB691D
:10346000287F4B44AB610028F7D12B6828465B6E60
:10347000BDE8F047184783698B42D3D1D9E700BF35
:10348000704700BF043002F03DB900BF10B50446DC
:103490002021FDF799F9204610BD00BF2DE9F0412C
:1034A0001F46C37C05460E46022B144624D02B68CB
:1034B000314628461B6E984778B1AE6187B1002629
:1034C00001E0B7420CD02A68214628460136D26D69
:1034D00004F5007490470028F3D10020BDE8F08186
:1034E000AB69287F3B44AB610028F7D12B682846A5
:1034F0005B6EBDE8F041184783698B42D7D1DDE7A9
:103500002DE9F041204E074600F10408356805F525
:103510001675ADB203E03368EB1A1B0410D44046B5
:1035200002F0F4F8FF280446F5D1FD21404602F0F0
:103530000BF9BB7CCBB900230120FB74BDE8F08103
:103540001E23B87C7B740028F8D0387C012102F05F
:1035500009F8FF21404602F0F7F8404602F0AAF8C9
:1035600000231846BB74BDE8F0810121387C01F0CE
:10357000F9FF2146404602F0E7F8404602F09AF88B
:103580000023BB74D7E700BFECC400202DE9F04155
:10359000C37C012B35D0867C04464EB1043002F04A
:1035A000B5F8B0F1FF0518BF01252846BDE8F08148
:1035B000071D4FF00108384602F05EF83146207CC6
:1035C00001F0D0FFFF21384602F0BEF8384684F8FB
:1035D000128002F09BF8A37CB0F1FF0518BF012513
:1035E000002BE2D04146207C01F0BCFFFF21384691
:1035F00002F0AAF8384602F05DF82846A674BDE845
:10360000F08100252846BDE8F08100BF2DE9F84390
:10361000204F0446884691463D68061D05F596757F
:10362000ADB203E03B68EB1A1B040DD4304602F048
:103630006DF8FF282075F5D0FE281AD01823A07C3D
:10364000637430B9BDE8F8831D23A07C637400283F
:10365000F8D0207C012101F085FFFF21304602F0E7
:1036600073F8304602F026F800231846A374BDE82C
:10367000F8834A464146304602F054F8207538B97E
:10368000304602F043F8304602F040F80120D9E716
:103690002523D4E7ECC40020F0B5002783B00C212B
:1036A00004463A46C77400F05BF8B0B9A67C1EB970
:1036B0000126304603B0F0BD05460121207C01F013
:1036C00051FF201DFF21019002F03EF8019801F00A
:1036D000F1FF3046A57403B0F0BD0923A67C6374E6
:1036E000002EE6D0251D207C01213E4601F03AFF48
:1036F000FF21284602F028F8284601F0DBFF30467B
:10370000A77403B0F0BD00BFC27C022A03D0012A17
:1037100004D00120704703685B6E1847FFF7BCBFF9
:1037200038B503680D460D4904461A6A8A420CD121
:10373000C27C022A04D0012A0BD00120257738BD93
:103740005B6E98470028F8D138BD90470028FBD021
:10375000F3E7FFF7A1FF0028F6D0EEE73D170100E1
:103760002DE9F041036882B00F46354901920646C3
:103770001A6A8A425ED1C27C022A41D0012A5BD0F9
:10378000B47C002C47D0351D0C2F11D0DFF8B4804D
:10379000D8F8004004F59674A4B204E0D8F80030DC
:1037A000E31A1A0434D4284601F0B0FFFF28F5D1FB
:1037B0000DF1040802AC47F04001284601F0C4FFB7
:1037C00014F8011D284601F0BFFFA045F8D1002FD5
:1037D00028464FF00A040CBF9521872101F0B4FF61
:1037E000284601F093FF2846013C01F08FFF0306B5
:1037F000A4B2307501D5002CF5D102B0BDE8F0813E
:103800005B6E98470028BBD1FF2002B0BDE8F08175
:10381000002FCDD0F8E7351D284601F02DFF2146B9
:10382000307C01F09FFEFF21284601F08DFF01232F
:10383000B374A9E79047E5E7FFF72EFFE2E700BF83
:103840003D170100ECC400202DE9F04788B0054683
:103850004FF00008174601AC2E1D85F8128085F840
:10386000118085F8158084E80E009DF80400287406
:1038700001F074FE0121287C01F074FE6C490723DD
:10388000C5E9021394E8070005AB83E8070030465A
:103890000ECB01F0FBFEAC7C85F81380002C67D0CA
:1038A0000A240121287C01F05DFEFF21304601F051
:1038B0004BFF611E11F0FF04F7D121460A24287C3A
:1038C00001F050FE002228461146FFF749FF01286B
:1038D00004F1FF3304460AD013F0FF04F2D10123B0
:1038E000A87C6B74002851D108B0BDE8F0874FF474
:1038F000D57208212846FFF733FF420757D56C756C
:103900002B68DFF830A19B6D534561D1687DA0F134
:103910000204DFF82491B4FA84F4D9F80030640981
:1039200003F5FA68A4071FFA88F805E0D9F8003013
:10393000A8EB03031B0449D4372100222846FFF7D4
:103940000FFF224629212846FFF70AFF0028EDD164
:103950002B689B6D534565D1687D022849D0AB7CAF
:10396000CBBB07230120C5E9027308B0BDE8F0878F
:10397000304601F081FE2146287C01F0F3FDFF2155
:10398000304601F0E1FE0123AB7489E7287C012178
:1039900001F0E8FDFF21304601F0D6FE304601F08F
:1039A00089FE00231846AB7408B0BDE8F0870223F7
:1039B00004246B75304601F0A9FE631E287513F0D0
:1039C000FF04F7D1AA289BD0062389E7172387E7AE
:1039D000284698479BE70121287C01F0C3FDFF2181
:1039E000304601F0B1FE304601F064FE0023AB74B6
:1039F000B7E700223A212846FFF7B2FEA8B93046C1
:103A000001F084FE00F0C000C02801D103236B75D3
:103A1000304601F07BFE304601F078FE304601F082
:103A200075FE9CE72846984797E7122358E700BFA2
:103A3000801A060039140100ECC40020F8B50022F9
:103A40000D463A210646FFF78BFEE0B9371D2C1DC7
:103A5000384601F05BFE04F8010DA542F8D1B47CB4
:103A600014B901242046F8BD307C012101F07AFD13
:103A7000FF21384601F068FE384601F01BFE0023A6
:103A80002046B374F8BD1223B47C7374002CE9D0C3
:103A9000341D307C012101F065FDFF21204601F03D
:103AA00053FE204601F006FE00231C46B374204658
:103AB000F8BD00BF70B5164682B000220446FFF77D
:103AC0004FFEB0B11B236374A07C08B902B070BD77
:103AD000251D207C012101F045FDFF21284601F034
:103AE00033FE284601F0E6FD00231846A37402B019
:103AF00070BD0546102231462046FFF787FD00289D
:103B0000E2D0A67C002EE1D0207C012101F02AFD2C
:103B1000201DFF21019001F017FE019801F0CAFD60
:103B20003046A57402B070BD0368254ADB6C934231
:103B300000B585B00FD16A460921FFF7BBFF38B148
:103B40009DF8003013F0C00308D0402B27D0002090
:103B500005B05DF804FB69469847F0E79DF8093029
:103B60009DF80A2003F003039DF806109DF8070056
:103B70005B0001F0030180009DF808C043EAD21306
:103B80009DF8052040EA812002F00F0240EA9C10D7
:103B900013440130073B984005B05DF804FB9DF8E5
:103BA00009009DF8073001309DF8082003F03F031D
:103BB00000EB034000EB0220800205B05DF804FB3F
:103BC000191F010003680A4630B59B6D83B0164D7E
:103BD0000446AB4224D1407D03284FF01201204619
:103BE00018BF5202FFF7BCFD20B901231846E37449
:103BF00003B030BD0C23A07C63740028F8D0251DD1
:103C0000207C012101F0AEFCFF21284601F09CFD43
:103C1000284601F04FFD00231846A37403B030BDC1
:103C200001919847019AD7E739140100F8B5144675
:103C3000C27C06460D46012A1F4602D183698B428B
:103C400005D029463046FFF7BDFF80B1B56187B189
:103C5000002501E0AF420CD021464FF400723046FF
:103C6000013504F50074FFF7D1FC0028F2D10020E3
:103C7000F8BDB369307F3B44B3610028F8D13046CA
:103C8000BDE8F840FFF708BD2DE9F84F9B46C37C1F
:103C900006460C46012B1546DDF82890DDF82C80F1
:103CA00002D183698B4205D021463046FFF78AFF57
:103CB000B0B1B461BBF1000F15D004EB0B0A02E008
:103CC000C847A2450FD04FF4007229463046FFF78F
:103CD0009DFC07464246204629460134002FEFD17D
:103CE0000020BDE8F88FB369307F5B44B3610028E2
:103CF000F7D13046BDE8F84FFFF7CEBC03682DE999
:103D0000F0415F69164B9F421FD1C37C04460D46AC
:103D10001646012B02D18369994205D029462046D7
:103D2000FFF750FF70B1A5614FF400723146204695
:103D3000FFF76CFC30B1A369207F0133A36148B168
:103D4000BDE8F0810020BDE8F081BC460123BDE85C
:103D5000F04160472046BDE8F041FFF79DBC00BF41
:103D6000611C010003680A4630B59B6D83B0164D97
:103D70000446AB4224D1407D03284FF01901204670
:103D800018BF5202FFF7ECFC20B902230120E374B4
:103D900003B030BD0E23A07C63740028F8D0251D2D
:103DA000207C012101F0DEFBFF21284601F0CCFC44
:103DB000284601F07FFC00231846A37403B030BDF1
:103DC00001919847019AD7E73914010003682DE95A
:103DD000F043DB6C1746414A85B004460E469342D9
:103DE00045D16A460921FFF765FE0546B5B19DF844
:103DF0000A305A0618D5637D032B01D076027F0264
:103E0000324620212046FFF7ABFC28B93A46212153
:103E10002046FFF7A5FC70B326236374A57C9DB9EB
:103E2000284605B0BDE8F08303F03F039DF80B2062
:103E30005B0043EAD2137A1C32431342DBD02723C0
:103E4000A57C6374002DEBD0251D207C012101F0A1
:103E500089FBFF21284601F077FC284601F02AFC67
:103E600000231D46A374284605B0BDE8F0836946CB
:103E700098470546BAE7024626212046FFF770FC20
:103E80000028C9D1DFF8588042F2107704F1040904
:103E9000D8F800301F44BFB204E0D8F80030FB1A55
:103EA0001B0417D4484601F031FCFF280646F4D124
:103EB000A37C002BB4D00121207C1D4601F052FBD5
:103EC0003146484601F040FC484601F0F3FB002330
:103ED000A374A5E728236374A0E700BF191F01009E
:103EE000ECC4002070B5002282B00E4609210446C1
:103EF000FFF736FCB0B11B236374A07C08B902B095
:103F000070BD251D207C012101F02CFBFF212846DE
:103F100001F01AFC284601F0CDFB00231846A374DB
:103F200002B070BD0546102231462046FFF76EFBF9
:103F30000028E2D0A67C002EE1D0207C012101F0F7
:103F400011FB201DFF21019001F0FEFB019801F003
:103F5000B1FB3046A57402B070BD00BF70B5002241
:103F600082B00E460A210446FFF7FAFBB0B11B23CC
:103F70006374A07C08B902B070BD251D207C0121AE
:103F800001F0F0FAFF21284601F0DEFB284601F09F
:103F900091FB00231846A37402B070BD05461022A1
:103FA00031462046FFF732FB0028E2D0A67C002EE7
:103FB000E1D0207C012101F0D5FA201DFF210190E4
:103FC00001F0C2FB019801F075FB3046A57402B008
:103FD00070BD00BF70B5051D16460446284601F0A9
:103FE000B3FB4FF400723146284601F0B7FBFF21C6
:103FF000284601F0A9FBFF21284601F0A5FB284631
:1040000001F084FB00F01F032075052B04D0202352
:10401000A07C637410B970BD012070BD207C0121AB
:1040200001F0A0FAFF21284601F08EFB284601F09E
:1040300041FB00231846A37470BD00BF2DE9F04179
:10404000174D06460F4600F104082C6804F5167457
:10405000A4B203E02B68E31A1B040CD4404601F021
:1040600055FBFF28F6D13A46FC213046FFF7B2FF58
:1040700018B1BDE8F08124237374B07C0028F8D017
:10408000307C012101F06EFAFF21404601F05CFB1B
:10409000404601F00FFB00231846B374BDE8F081E1
:1040A000ECC40020036870B59B6D1646224A82B0AE
:1040B00004460D4693423CD1407D03284FF0180141
:1040C000204618BF6D022A46FFF74AFB0546B0B1ED
:1040D0000D236374A07C08B902B070BD251D207C3F
:1040E000012101F03FFAFF21284601F02DFB28466F
:1040F00001F0E0FA00231846A37402B070BD324606
:10410000FE212046FFF766FF0028E3D0A67C002EA4
:10411000E2D0207C012101F025FA201DFF21019031
:1041200001F012FB019801F0C5FA3046A57402B007
:1041300070BD9847C1E700BF3914010010B4047F77
:1041400034B104680123A46AA4465DF8044B6047B7
:104150005DF8044BFFF7A6BF10B584B004460DF11F
:10416000040C8CE80E009CE80E00FFF76DFB20B1FC
:104170009DF8053003F00103237704B010BD00BFA4
:10418000002070470020704700207047704700BF34
:10419000084B0021084A094810B499631C6B14604D
:1041A00012685DF8044B1A639A6C22F081029A64DB
:1041B0000170704700002C40F0B2002020C50020A4
:1041C000034B586A80F08070C0F30060704700BFF6
:1041D00000002C40014B1878704700BF20C500201C
:1041E0002B4A2C4B526AD3F800312B49C2F3C2221E
:1041F00003F03F03013270B5284C4FF47A75A4FBED
:10420000034305FB00F09B08B1FBF3FEBEFBF2FE8F
:10421000B0EB1E1F35D201231E465B001A01BEFB08
:10422000F2F2824201D9FF2BF6D9BEFBF3F236023D
:1042300090422AD24FEA430C012200E0A4461546E0
:1042400003EB0C040132BEFBFCF1814217D9102AAA
:10425000F4D1F0254FF47A731149124A03FB0CFC98
:10426000BEFBFCF30B60104BD16A0B402B43334376
:1042700043F46023D362536A1B07FCD570BD2D0144
:10428000E8E7724600260123D2E79C460025E1E7D5
:1042900000C00F4000800D4000EC695EABAAAAAAE6
:1042A00068B1002000002C400F00F0FF014B18788F
:1042B000704700BF429A0020014B1868704700BF4A
:1042C000F0B2002010B4074C8C460FCCCCF80000A4
:1042D0000120CCF80410CCF80820CCF80C305DF8A4
:1042E000044B7047C4B2002010B4074C8C460FCC6E
:1042F000CCF800000120CCF80410CCF80820CCF851
:104300000C305DF8044B7047D4B20020024B012002
:104310001B680B60704700BFE4B20020704700BF0D
:1043200010B504460C21FCF74FFA204610BD00BF23
:10433000044B1B7823B1044B18780230C0B270478D
:10434000012070471DC500201EC50020184B1A789B
:1043500012F0C0020FD0402A01D000207047587AD6
:10436000DA79197A013002F03F0300EB034000EBE9
:104370000120800270475A7A9979D87902F00302B5
:1043800093F808C001F003018000520040EA812048
:1043900000B593F80AE040EA9C105B7942EADE122D
:1043A000013003F00F031344073B98405DF804FB12
:1043B000D4B20020404A0520404938B5D2F8004127
:1043C0003F4B44F080043F4DC2F80041D2F8004119
:1043D00024F03F04C2F80041D2F8004144F0180430
:1043E000C2F80041D2F8004124F08004C2F8004134
:1043F000D3F8802042F00C02C3F880205A6A22F4DD
:1044000060525A62DA6942F48032DA615A6A42F4DE
:1044100000625A62C1F8CC01C1F8D001C1F8BC01F8
:10442000C1F8C001C1F8C401C1F8C801AA6C264B8B
:1044300042F00042AA64EA6A1343EB62EC6A14F0A9
:104440008074FBD14FF4C870FFF7CAFE1B4B47F2D4
:10445000B80241F2B801C3F8CC411C48C3F8D041BE
:10446000C3F8BC41C3F8C041C3F8C441C3F8C84154
:10447000C3F8BC23C3F8C023C3F8AC23C3F8B013FC
:10448000C3F8B4231249C3F8B823124B6863C1F8C8
:10449000F8314FF0E0234FF480420F49602081F85B
:1044A0006E00C3F80C21EB6A064A43F00063EB622E
:1044B000D36A1B01FCD438BD00800D4000801F4032
:1044C00000C00F4000002C40008000010B007F1155
:1044D000009C0020C521010000E400E02DE9F0412E
:1044E000FBF724FE174E184D0746DFF8748004E0F2
:1044F000FBF71CFEC01B40451BD8346B2C40F7D08B
:10450000124A0021124B1170326B1A601968114A5D
:1045100031631B68134209D00F491F240F4B40F22F
:104520007A2200200C701A60BDE8F0810120BDE8FD
:10453000F081064A064B1470326B1A601B683363B5
:10454000EAE700BF00002C4002007F111FC50020D9
:10455000F0B2002000007F11429A0020BCB200207F
:1045600040420F002DE9F843264C0F462378002BDC
:1045700038D1254B5A6AD2052BD5234DDFF89480CC
:10458000AB6A43F48033AB62FBF7D0FD064604E030
:10459000FBF7CCFD801B40452AD86B6A13F4806979
:1045A000F6D007F13C0C184807F50F77436A5B0516
:1045B000FCD5ACF1400353F8042F9C450262FAD1BC
:1045C0000CF1400CBC45F1D1012318462370BDE825
:1045D000F8839A6A22F480329A629A6A42F400322C
:1045E0009A62CAE7FFF77AFF0028C2D1BDE8F883D4
:1045F00006492124064B4FF47E7248460C701A601F
:10460000BDE8F8831FC5002000002C40429A00201E
:10461000BCB2002040420F002DE9F0410746884619
:104620001F4CFBF783FD1F4E054604E0FBF77EFDA4
:10463000431BB34224D8636AD907F7D4BB02C4F83A
:10464000088020D427F0FF03154C174EE360FBF7DA
:104650006DFD144F054604E0FBF768FD401BB842B2
:104660000ED8236B3342F7D0226B104B1A601A68B6
:1046700022631A68D20703D51B6813F4702F0BD07E
:104680000020BDE8F081A26CFBB222F0FF02A26420
:10469000A26C1343A364D5E70120BDE8F08100BFFD
:1046A00000002C4040420F0001000F00F0B200203B
:1046B000154B30B50D4685B01968FFF7ADFF08B34F
:1046C000124B05F10F041A69009259690191996919
:1046D0000291DB690393002301E05EF8102C03F0E4
:1046E000030C01334FEACC0C23F0030E0F2B22FAFC
:1046F0000CF20EF1100104F8012D0DEB010EECD1BE
:104700000023EB7305B030BDE8B2002000002C4060
:1047100010B5037ADB0705D5154B1B68B3B1BDE8AF
:1047200010401847134B1B783BB9134B5C6A84F05D
:104730008074C4F30064204610BD0F4B0F4C1B6BFC
:104740001C40B4FA84F46409204610BD0C4B1C785C
:10475000002CF0D00B4B0C481968FFF75DFF0028C8
:10476000E9D0054B1C6984F48074C4F30024E2E7AB
:10477000ECB200201FC5002000002C4002007F1179
:104780001CC50020E8B2002000001A0D08B5044B3B
:1047900004481968FFF740FF08B1034B186908BDCA
:1047A000E8B2002000001A0D00002C4008B5074BAD
:1047B00007481968FFF730FF30B1064B186980F4DD
:1047C0008070C0F3002008BD012008BDE8B20020C1
:1047D00000001A0D00002C402DE9F047294B8946B6
:1047E000DFF8C0A0284ECAF80030FBF79FFC274D29
:1047F0000446DFF8B480264F06E0FBF797FC001B69
:10480000B84229D8FDF716FC31682846FFF704FFA7
:104810000028F2D0D8F81030DB05EED500234FF495
:104820000072CAF80030D8F8283023F48033C8F872
:104830002830184BC8F804201B78CBB149461648DD
:10484000FFF7EAFE30B915490E24154B40F25742E6
:104850000C701A60BDE8F087104A0A210020104B46
:10486000117040F24B42CAF800001A60BDE8F087B0
:104870004FEA492908484946FFF7CEFE0028E9D10A
:10488000E1E700BFE1270100E8B2002000001A0DB7
:1048900040420F001EC5002020003A19429A002015
:1048A000BCB20020ECB2002000002C402DE9F04109
:1048B000254C00212548A36A23F48033A362FFF727
:1048C000ABFE054648B922490920224B40F23D2261
:1048D00008701A602846BDE8F0811F4BDFF8808021
:1048E000C8F80030FBF722FC636A0646D80118D4EA
:1048F0001A4F04E0FDF79EFB636AD90111D4FBF760
:1049000015FC831BBB42F5D9114A0A210025114B26
:1049100011704FF410722846C8F800501A60BDE8B4
:10492000F0810022084BC8F800205A6A9207D1D5BE
:10493000586B9A6AD96A22F4803241F08061D96258
:1049400058639A62C6E700BF00002C400000DB0CF1
:10495000429A0020BCB20020F521010040420F0025
:10496000ECB200202DE9F04782468946364EFBF72F
:10497000DDFB364D0446DFF80081354F04E0FBF7E0
:10498000D5FB031BBB4227D831682846FFF744FEFE
:104990000028F4D0D8F81030DA05F0D501232D4DD9
:1049A0002D4F51462B7000232C483B602C4BC8F8F0
:1049B0000090C8F804302B4BC8F83830FFF72CFEB5
:1049C0000446A0B928490420284B40F29F120870E1
:1049D00020461A60BDE8F08723490A20234B4FF494
:1049E000CC72002408701A602046BDE8F087204B86
:1049F000DFF88890C9F80030FBF798FB2B78064663
:104A0000BBB1DFF84C8003E0FDF714FB2B7883B1DA
:104A1000FBF78CFB831B4345F6D90023C9F8003014
:104A200011492520114B4FF4D172002408701A60EF
:104A3000DAE73B6800229B07C9F80020F0D53A6806
:104A40000C4B1A42D0D0EBE7E8B2002000001A0D60
:104A500040420F0020C50020F0B2002011003A06AD
:104A60004000010002007F11429A0020BCB20020E9
:104A70000922010000007F1100002C40ECB2002050
:104A80002DE9F041324D1446AB7A13F0400012D1BB
:104A900003F03F03EA7A5B0043EAD213621C0A4345
:104AA000134208D02B4927242B4B40F202320C70C2
:104AB0001A60BDE8F081294B1B780BB949026402EA
:104AC0002748FFF7A9FD40B922490F24224B40F2A5
:104AD0000A320C701A60BDE8F08121462148FFF7C8
:104AE0009BFD40B91B4910241B4B40F20D320C704A
:104AF0001A60BDE8F08100211B48FFF78DFD38B931
:104B000014491124144B4FF444720C701A60E2E7FC
:104B1000FBF70CFB154E164D0446DFF85C80154F75
:104B200031682846FFF778FD18B1D8F81030DB055A
:104B3000D1D4FBF7FBFA001BB842F1D90549282470
:104B4000054B40F2133200200C701A60C3E700BF1F
:104B5000D4B20020429A0020BCB200201EC5002022
:104B600000001A2000001A2100001B26E8B20020D5
:104B700000001A0D40420F0000002C402DE9F04FBC
:104B800012F0030483B018BF012401900093002B9E
:104B900008BF44F001045CB140492520404B40F27D
:104BA000F512002408701A60204603B0BDE8F08FAB
:104BB0003C4B15463C4A0E46DFF80C911360FBF760
:104BC000B5FADFF808810746DFF804B1DFF8F0A096
:104BD00006E0FBF7ABFAC01B504544D8FDF72AFAB4
:104BE000D9F800104046FFF717FD0028F1D0DBF898
:104BF0001030DA05EDD5009A2C4B2B4903EA02431D
:104C000000222B4F0A6043F400730121DFF8C480B7
:104C10003970C8F80020CBF80050CBF80430254B91
:104C2000CBF83830244B1B7843B331460198FFF75B
:104C3000F3FC81460028B7D0204B1B4A1360FBF7DA
:104C400075FA3B780546DBB11D4E03E0FDF7F2F93E
:104C50003B78ABB1FBF76AFA401BB042F6D90023B0
:104C6000114A1360A0E70D4B0A2200210E481A706A
:104C70004FF4FC720A4B01601A6095E77602D4E7A4
:104C80000023094A1360D8F800309B078CD5D8F868
:104C900000200C4B1A4208BF4C4685E7429A002080
:104CA000BCB20020E1270100ECB200200000FF1F91
:104CB00020C5002002007F111EC50020092201002E
:104CC00040420F0000007F11E8B2002000001A0DE2
:104CD00000002C40F0B20020F8B50646007A0C46E1
:104CE0001546C0071F4613D483B10F4401E0BC42F0
:104CF0000CD033682A46214630461B69013405F53D
:104D0000007598470028F2D10020F8BD0120F8BDB9
:104D1000900712D0002BF9D00F4401E0BC42F5D02F
:104D200033682A46214630461B69013405F5007573
:104D300098470028F2D10020E7E70648FFF71EFF5A
:104D40000028E3D104490C24044B40F2A1320C703A
:104D50001A60F8BD37003A12429A0020BCB2002017
:104D6000F8B50646007A0C461546C0071F4613D410
:104D700083B10F4401E0BC420CD033682A4621467F
:104D800030465B6A013405F5007598470028F2D17A
:104D90000020F8BD0120F8BD900712D0002BF9D0FB
:104DA0000F4401E0BC42F5D033682A462146304624
:104DB0005B6A013405F5007598470028F2D10020A0
:104DC000E7E70648FFF7DAFE0028E3D104490E249E
:104DD000044B40F23D420C701A60F8BD27003A19AE
:104DE000429A0020BCB200202DE9F04F0025DFF8E8
:104DF000C0929B4C91B0DFF8BC829A4E0172457212
:104E000089F80050257088F800503570FFF7D2FA05
:104E100029462846FFF700FC50B90121924B40F289
:104E20008E22054621701A60284611B0BDE8F08F29
:104E300003258E4F4FF4D5713846FFF7EDFB002860
:104E40004ED1013DF6D13378002B3DD0DFF868B26A
:104E5000FBF76CF9864E0546DFF860A2854F00210E
:104E60003046FFF7D9FB50B9002517217E4B4FF490
:104E70002A72284621701A6011B0BDE8F08F594699
:104E80005046FFF7C9FB0028EED0FBF74FF9401B57
:104E9000794BB842E8D81A69002AE0DA1969774AEA
:104EA00011601B695A0002D5012388F800300021E7
:104EB0007348FFF7B1FB054610BB02216A4B40F275
:104EC000B12221701A60AFE7FFF774FA294628462D
:104ED000FFF7A2FB3378002BB8D14FF4401BB7E7A4
:104EE000654B1B69B3F5D57F07D006215E4B4FF4A8
:104EF0002572002521701A6096E701233370A5E71B
:104F000000216048FFF788FB054630B90321564B66
:104F10004FF42D7221701A6086E7574E5A4B326952
:104F20005A4F13405A495B483B60FFF7C1FB0546A7
:104F300030B907214C4B40F2B92221701A6073E757
:104F400055495648FFF7B4FB054630B90821464B92
:104F50004FF42F7221701A6066E739685048FFF7E6
:104F60005BFB054630B905213F4B40F2BF22217063
:104F70001A6059E739683E48FFF74EFB38B91421EB
:104F8000394B40F2C322002521701A604CE7022100
:104F90004448FFF741FB05460028F0D0B36A694654
:104FA0006FF07F4023F00603B362B36A43F002035D
:104FB000B3624FF010137364FFF7D4FC9DF80D300B
:104FC0009B0743D5002841D0274E6946364894F8C0
:104FD00000803768FFF7C6FC9DF8103003F00F0320
:104FE000012B36D1A8B34CF25030304C0523C4F815
:104FF000CC31C4F8D031C4F8BC31C4F8C031C4F8E5
:10500000C431C4F8C831FFF7EBF8002347F2B80207
:10501000C4F8CC31C4F8D031C4F8BC31C4F8C031C4
:10502000C4F8C431C4F8C83141F2B803C4F8BC2391
:10503000C4F8C023C4F8AC23C4F8B0330123C4F8C7
:10504000B423C4F8B82389F80030EDE646F2A8107E
:10505000CBE746F2A81084F800803760C5E700BFB0
:10506000429A00201DC50020BCB2002000001A0892
:1050700000001A3740420F0000002C40E4B200202C
:105080000000090200001A030000FFFFE8B2002040
:10509000D4B2002000000909C4B200200000090AAF
:1050A00000001B0700001A06F1FFFF8000801F4070
:1050B0001CC500201EC50020000030400000022951
:1050C000374B5A6A92052DE9F0410F460DD49A6A82
:1050D00022F480329A6272B69A6A42F400329A627C
:1050E0009A6A42F480329A6262B6FBF71FF82C4E3D
:1050F000DFF8C480054604E0FBF718F8431B43457E
:1051000037D8746A14F40064F6D007F13C0C2448D4
:1051100007F50F77436A1B05FCD5ACF14003026A23
:1051200043F8042F9C45FAD10CF1400C6745F1D1AE
:10513000FAF7FCFF1A4F1B4D0646DFF87C8004E0AF
:10514000FAF7F4FF831B43451DD83C6B2C40F7D086
:105150003B6B154A136013683B63136813F002033B
:105160001BD01268114B1A420CBF01200020BDE871
:10517000F0810F491A250F4B40F2563220460D7030
:105180001A60BDE8F0810A491D250A4B40F26132E0
:1051900020460D701A60BDE8F0811846BDE8F08128
:1051A00000002C4002007F11F0B2002000007F11AF
:1051B000429A0020BCB2002040420F002DE9F04787
:1051C000294B8946DFF8C0A0284ECAF80030FAF70C
:1051D000ADFF274D0446DFF8B480264F06E0FAF70E
:1051E000A5FF001BB84229D8FCF724FF31682846E8
:1051F000FFF712FA0028F2D0D8F81030DB05EED510
:1052000000234FF40072CAF80030D8F8283043F475
:105210008033C8F82830184BC8F804201B78CBB16D
:1052200049461648FFF7F8F930B915490C24154BD3
:1052300040F2BD320C701A60BDE8F087104A0A21B6
:105240000020104B117040F2B132CAF800001A6011
:10525000BDE8F0874FEA492908484946FFF7DCF9DD
:105260000028E9D1E1E700BFE1270100E8B2002012
:1052700000001A0D40420F001EC5002030003A12F7
:10528000429A0020BCB20020ECB2002000002C406A
:105290002DE9F04100221D4C0D4642721146A36AD1
:1052A0001B4823F48033A362FFF7B6F940B91949CC
:1052B0000924194B40F2D3320C701A60BDE8F0811A
:1052C000002DFBD0154B164E3360FAF72FFF636AA3
:1052D0000746DA0116D4DFF84C8004E0FCF7AAFE9A
:1052E000636ADB010ED4FAF721FFC01B4045F5D9F4
:1052F000084A0A210020084B117040F2D732306072
:105300001A60DBE7002328463360D7E700002C4013
:105310000000DB0C429A0020BCB20020F521010005
:10532000ECB2002040420F000A4B1B7810B5044637
:105330001BB9637A43B9012010BDFFF7CFF80028ED
:10534000FAD0637A002BF6D020460121BDE8104048
:10535000FFF79EBF1FC500202DE9F0410446007AEB
:10536000ADF5007D164610F0010513D093073CD033
:10537000012338486A46FFF701FC00283AD04FF471
:10538000007269463046FBF783F928460DF5007D2B
:10539000BDE8F081DFF8CC800F4698F80030002B94
:1053A00035D1637A012B39D022682B49126A8A429F
:1053B0004AD198F80020002A34D1002B39D139463F
:1053C0002046FFF7FBFEE8B10123676063723146B8
:1053D0002046FFF775FEA8B16368054601332846ED
:1053E00063600DF5007DBDE8F08101231948FFF7EA
:1053F000C5FB38B919490B20194B4FF45D720025D4
:1054000008701A6028460DF5007DBDE8F081FFF7B1
:1054100065F80028F6D0637A012BC5D16268BA42DC
:10542000C2D1D4E7FFF75AF80028EBD0637A002BFB
:10543000C5D001212046FFF72BFF0028BFD1284609
:105440000DF5007DBDE8F081204690470028F6D09C
:10545000B5E700BF11003A115D330100429A002008
:10546000BCB200201FC500202DE9F041047AADF543
:10547000007D0F46904614F001041DD012F0030F7A
:1054800006D0684611464FF400728046FBF700F9DB
:105490000123424639462C48FFF770FB044630B9D9
:1054A0002A490D202A4B40F2114208701A6020460A
:1054B0000DF5007DBDE8F081264D06462B782BBB0F
:1054C000737A022B29D032682349126A8A4236D174
:1054D0002A7832BB002B2BD13368394630461B6EFD
:1054E00098470028E3D002237760737233684146FF
:1054F0003046DB6D98470028D9D0736804460133E5
:10550000204673600DF5007DBDE8F081FEF7E6FFF3
:105510000028CCD0737A022BD5D17268BA42D2D18E
:10552000E4E7FEF7DBFF0028C1D0737A002BD3D06D
:1055300001213046FFF7ACFE0028B8D0CCE730465A
:1055400090470028B3D0C7E701003A18429A0020DC
:10555000BCB200201FC500205D3301000121FAF715
:105560004BBE00BFFAF70CBE30B482B00C4602ABA3
:1055700003E90600C37C002B30D072B6C37CDA0787
:1055800008D54FF0E0214569D1F880212A40826298
:10559000C1F880219D0708D54FF0E0218569D1F839
:1055A00084212A40C262C1F88421590708D54FF0EE
:1055B000E021C569D1F888212A400263C1F8882119
:1055C0001A0708D54FF0E021056AD1F88C212A404E
:1055D0004263C1F88C21DB062FD462B683689C42FB
:1055E00035D0224B84609B69214AC3F30111C3F378
:1055F000826352F821100133B1FBF3F2CCB1944233
:1056000027D8B2FBF4F3B2FBF3F294422CD3B3F5F8
:10561000817F20D3174CC4600368032200200199C6
:1056200018615A6201221C6419661A6102B030BC0A
:1056300070479942EFD3531CE9E74FF0E022416AEB
:10564000D2F890310B408363C2F89031C5E7C4684B
:10565000E2E70024DFE7022BFBD9023B5A081402E1
:1056600044EA02441C43D6E71A46E4E700C00F4070
:105670009C1D0020FF7F7F0008B5034653F8040BF4
:1056800093E80600FFF770FF08BD00BF84B00DF17E
:10569000100C0CE90E00024623B11846136004B04A
:1056A00000F072B9024B1846136004B000F06CB9F8
:1056B000009200200268D37C13B3D80704D5906A07
:1056C0004FF0E021C1F80001990704D5D06A4FF0EE
:1056D000E021C1F80401580704D5106B4FF0E02118
:1056E000C1F80801190704D5506B4FF0E021C1F84B
:1056F0000C01DB0604D5926B4FF0E023C3F81021B8
:10570000704700BF006800F05DBA00BF0268FF2369
:1057100012685366D36D13F4F81FFBD0506FC0B2FC
:10572000704700BF30B50C4683B00546FF212046C8
:10573000019202F03BFB2868019B2246214600F0C3
:105740003DFA002003B030BD03681A685166D36D7E
:1057500013F4F81FFBD0536F704700BF531EB3F50F
:10576000007F30B51446ADF5017D054611D36AB111
:105770000368481E1968821810F8013F4B66CB6D0C
:1057800013F4F81FFBD090424B6FF5D10DF5017D5E
:1057900030BD6846FAF77CFF6A4623462868114602
:1057A00000F00CFA0DF5017D30BD00BFB1F5807F32
:1057B00021D810292ED840234FF0200CB2FBF3F152
:1057C000B1F5806F20D203FB112300B5B2FBFCFEC4
:1057D000B3FBFCF30CFB1E224FEA910CDBB201324F
:1057E0002CF03F0CC9B2037042EA0C028170D2B2B5
:1057F00042705DF804FB3F239C46802910D9B1F527
:10580000FC7F0FD81B01D9E7FF21FE2341700370F5
:1058100081707047202916D880234FF0200CCDE7E7
:10582000DB00CBE7B1F57C7F04D9B1F5FC6F03D881
:105830009B01C3E75B01C1E7B1F57C6F94BFDB015E
:10584000C3EB0323BAE720239C46D6E7F0B40468F1
:1058500040F201251E462561A3B121B311F8015B79
:10586000013B6566256FAF0707D41546013E676F9C
:105870001AB105F8017B2A4604686569ED07F1D580
:10588000002BEAD16EB10368196F8907FAD411466B
:10589000013E5B6F002AF5D001F8013B0A46002E5D
:1058A000F1D1F0BC704790F83C50D9E7324B334906
:1058B00030B5D3E911542079C8771A6C95F804C033
:1058C00081F81CC0087752B1B2F5004F23D32C49A0
:1058D00011442A4A1964D07682F81BC030BD196879
:1058E0000F24D86C8C6540F20134CA610C614FF40E
:1058F0007C544C6103210468246883F83D10214BDB
:105900009C4226D1037F4260022BC26026D183686D
:10591000BDE8304018472D68E98B090422D492B2C3
:10592000EA832168EC8BA4B2EC82CC8B240405D5ED
:10593000CC8BC2F3080204F47E442243CA83CA8B90
:1059400092B2CA8200210D4A1964D07682F81BC037
:1059500030BD23461146BDE830401847BDE8304011
:10596000FCF7D4BBE98BC2F3080E92B201F47E417E
:1059700041EA0E01E983D4E70092002000800E4046
:105980000180FFFFC501010043682DE9F04FD3E915
:105990000041814D4FF0B80A22684FF0020822EA18
:1059A00001027E492260AA6911407D4A0A43AA6128
:1059B00090F810E07B4A03EB0E0603EB8E0E317C71
:1059C00002EB01118968C1F800A090F811C003EB47
:1059D0000C050CF10A0C95F8241002EB01118968F2
:1059E000C1F800A0817C03EB010903EB810199F868
:1059F00038B002EB0B1BDBF808B0CBF800A0D4F8F2
:105A000000A05F684AEA070AC4F800A0347CDEF808
:105A100014E002EB04146468C4F800E095F8244034
:105A200053F82CC002EB04146468C4F800C0C96BBE
:105A300099F8384002EB0412526811609A6C99F898
:105A4000441011601A6A317F5B6B116095F8302049
:105A50001A600F220368C3F810809A65C27C002A7E
:105A600031D072B6C37CDC0708D54FF0E021446921
:105A7000D1F8802122408262C1F88021990708D59F
:105A80004FF0E0218469D1F884212240C262C1F83C
:105A900084215A0708D54FF0E021C469D1F8882144
:105AA00022400263C1F888211F0708D54FF0E0218A
:105AB000046AD1F88C2122404263C1F88C21DE06B1
:105AC00055D462B60368384C8268A24259D0324A33
:105AD000846092693549C2F30116C2F38262344D83
:105AE00051F826100132B1FBF2F2AA4231D800225D
:105AF000C260002403211C610724596201211A6439
:105B00001C661961C37C13B3DD0704D5816A4FF0AD
:105B1000E022C2F800119C0704D5C16A4FF0E022D0
:105B2000C2F80411590704D5016B4FF0E022C2F806
:105B300008111A0704D5416B4FF0E022C2F80C118E
:105B4000DB0604D5826B4FF0E023C3F81021BDE8DB
:105B5000F08F1849A1FB0251090DB2FBF1F2A242EC
:105B600088BF0131B1F5817F0DD3134AC0E74FF0F3
:105B7000E022416AD2F890310B408363C2F8903141
:105B80009FE7C268B5E70229B1D902394C08220261
:105B900042EA04420A43ABE700C00F40CFFFFFE3F5
:105BA00010000008108C002000093D009C1D002002
:105BB000FF083D0083DE1B43FF7F7F000BB1FFF733
:105BC00045BE70474368D3E900120968114200D10D
:105BD000704710B502680446002005211061227C40
:105BE0001344187CFAF708FB627C636805211344B0
:105BF00093F82400FAF700FB6368A27C05211344A4
:105C0000BDE8104093F83800FAF7F6BA53B94AB92C
:105C1000002908BF00281CBF4FF0FF314FF0FF30B4
:105C200000F070B9ADF1080C6DE904CE00F006F893
:105C3000DDF804E0DDE9022304B070472DE9F04708
:105C4000089E0D4604460F46002B4AD18A429446D0
:105C500065D9B2FA82F343B102FA03FCC3F1200220
:105C60009F4020FA02F217439C404FEA1C4E1FFA55
:105C70008CF5B7FBFEF1220C0EFB117742EA0742CE
:105C800001FB05F090420AD91CEB020201F1FF373B
:105C900080F01C81904240F2198102396244121A4C
:105CA000A4B2B2FBFEF00EFB102244EA024400FB59
:105CB00005F5A5420AD91CEB040400F1FF3280F07F
:105CC0000781A54240F204816444023840EA014061
:105CD000641B00211EB1DC400023C6E90043BDE87F
:105CE000F0878B4208D9002E00F0ED800021C6E934
:105CF00000050846BDE8F087B3FA83F1002949D1D1
:105D0000AB4202D3824200F2F880841A65EB0302B0
:105D100001201746002EE2D0C6E90047DFE702B9AE
:105D2000FFDEB2FA82F3002B40F090808A1A4FEA2D
:105D30001C471FFA8CFE0121B2FBF7F507FB15206B
:105D4000220C42EA00420EFB05F0904208D91CEBFF
:105D5000020205F1FF3802D2904200F2CB804546A4
:105D6000121AA4B2B2FBF7F007FB102244EA024475
:105D70000EFB00FEA64508D91CEB040400F1FF321F
:105D800002D2A64500F2BB801046A4EB0E0440EA06
:105D900005409FE7C1F120078B4022FA07FC4CEA3F
:105DA000030C05FA01F420FA07F3FD404FEA1C4901
:105DB0002343B5FBF9F81FFA8CFE09FB18551C0CA0
:105DC00044EA054408FB0EF5A54202FA01F200FA86
:105DD00001F00BD91CEB040408F1FF3A80F0888035
:105DE000A54240F28580A8F102086444641B9DB27C
:105DF000B4FBF9F309FB134445EA044403FB0EFE2C
:105E0000A64508D91CEB040403F1FF356CD2A64566
:105E10006AD9023B644443EA0843A3FB0295A4EB1E
:105E20000E04AC42C846AE4656D353D056B1B0EB82
:105E3000080264EB0E0404FA07F7CA40CC4017438B
:105E4000C6E9007418460021BDE8F087C3F12001BF
:105E500002FA03FC20FA01F225FA01F19D402A43DF
:105E60004FEA1C471FFA8CFEB1FBF7F007FB101539
:105E7000110C41EA054100FB0EF58D4204FA03F4D2
:105E800008D91CEB010100F1FF382FD28D422DD92A
:105E900002386144491B92B2B1FBF7F507FB1511BB
:105EA00042EA014205FB0EF1914208D91CEB0202C5
:105EB00005F1FF3816D2914214D9023D6244521ABC
:105EC00045EA004138E73146304608E73946E6E61C
:105ED0001046FBE64845A9D2B9EB020865EB0C0E6B
:105EE000013BA3E74546EAE72B4694E74046D1E766
:105EF000D0467BE7023D624432E708460AE7644445
:105F0000023842E7704700BF931E222B10B50C46A3
:105F10000CD80A2A03D001F0F7FC204610BD002857
:105F2000F9DA2D2301F8013B4042F4E700230B701E
:105F3000184610BD024B0146186800F00BB800BFB0
:105F4000D8990020024B0146186802F091BB00BFAF
:105F5000D89900202DE9F04F01F10B06162E83B0E1
:105F6000044624D8102900F2BA8000F0A3FA1026C3
:105F700018220220B54F3A44A2F1080153688B421F
:105F800000F0BA805A68D96822F003021A449D686A
:105F9000E9608D60516841F001012046516003F1D4
:105FA000080500F08DFA284603B0BDE8F08F36F002
:105FB000070600F19480B14200F2918000F07AFA75
:105FC000B6F5FC7FC0F09A81730A00F08F80042B35
:105FD00000F26F81B30903F1390003F1380CC300FB
:105FE0009A4F3B44A3F108055B689D4206D10CE043
:105FF000002980F22781DB689D4206D05A6822F092
:106000000302911B0F29F3DD60463D69DFF850C2A2
:1060100065457CD06A6822F00302931B0F2B00F3C6
:106020007B81002BC7E904CC80F26C81B2F5007F44
:1060300080F01A81D308796801334FEA521E012299
:1060400002FA0EF20A4357F833E0C5F808E007EB0E
:10605000C3010839E9607A6047F83350CEF80C5034
:10606000831001219940914257D8114206D120F066
:1060700003004900114200F10400FAD007EBC00907
:106080004D468646D5F80C80454508D11DE1002BCC
:1060900080F22481D8F80C80454500F01681D8F8AC
:1060A000042022F00302931B0F2BF0DD2046D8E9D9
:1060B000025408EB060146F00106C8F80460EC60E3
:1060C000A56043F00104C7E90411C1E902CC4C60AA
:1060D00048F8023000F0F4F908F1080502E00C235A
:1060E00023600025284603B0BDE8F08F4FF400730D
:1060F00040204FF03F0C73E7D3689A4208BF02304C
:106100007FF440AF3D69DFF858C1654582D17A68B8
:106110008310012199409142A7D9BD686B6823F093
:1061200003094E4503D8A9EB06030F2B7ADCDFF8F1
:1061300034B1474BDBF800201B680132334405EBD8
:10614000090A00F0338103F580530F3323F47F688D
:1061500028F00F084146204601F042FF411C02464C
:1061600000F0F380824500F2EE803A4B196841441A
:106170001960084600F04E81DBF8001001930131F0
:106180001BBFA2EB0A010918CBF80020196012F01E
:10619000070B00F01781CBF108010A44CBF58051C1
:1061A00090440831A1EB0801C1F30B0A5146204687
:1061B000009201F015FF421CDDE9002300F04F8141
:1061C000801A00EB0A081968BA6048F001005144CF
:1061D000BD425060196000F02981B9F10F0F40F203
:1061E00027816868A9F10C0C2CF0070C00F0010065
:1061F00040EA0C0068604FF0050E05EB0C00BCF1A6
:106200000F0FC0E901EE00F2328150681546124BC3
:106210001A688A4238BF1960104B1A688A4238BF20
:10622000196094E0AA1943F0010346F001066E607C
:106230002046BA60536000F043F90835284603B0A1
:10624000BDE8F08FD9681A44A1E600BFBC950020D4
:10625000A0B5002070B5002098B500209CB50020A6
:10626000C4950020C4990020B2F5206F4FEA522354
:1062700063D3142B00F2B78003F15C01C9005B33D8
:1062800007EB010E7958AEF1080E8E4500F09180B3
:106290004B6823F00303934202D989688E45F7D1F6
:1062A000D1F80CE07A68C5E9021ECEF80850CD603E
:1062B000D6E6142B59D9542B00F29D80330B03F1F1
:1062C0006F0003F16E0CC3008AE60EF1010E1EF0A2
:1062D000030F05F108057FF4D5AE51E04244454671
:1062E0005368D8F80C1043F00103536055F8083F89
:1062F0002046D9608B6000F0E3F8F3E6F00806F181
:10630000080237E62A442046536843F001035360ED
:10631000083500F0D5F8E5E6A919204646F0010653
:1063200043F001046E60C7E90411C1E902CC4C607E
:10633000AB5000F0C5F80835D4E6930903F13901F4
:10634000C90038339CE7BD425FD0BD68686820F063
:1063500003084645A8EB060302D80F2B3FF762AFB0
:10636000204600F0ADF80025BCE603F15C0003F127
:106370005B0CC30034E659F808394B4540F0968071
:1063800010F0030F00F1FF30F5D17B6823EA010321
:106390007B60490099423FF6C0AE19B9BDE649009D
:1063A0000EF1040E1942FAD0704667E603F11008A8
:1063B000D0E69A104FF001087B6808FA02F21A43FF
:1063C0007A6070E702EB08014942C1F30B0A5146BB
:1063D0002046009201F004FE431CDDE900237FF417
:1063E000EFAEDA46EFE6542B25D8130B03F16F011D
:1063F000C9006E3344E7B3F5AA7F25D8F30B03F148
:10640000780003F1770CC300EAE5294B1868404493
:106410001860B1E6CAF30B0CBCF1000F7FF4ACAE10
:10642000BD68C84448F001006860F0E61546EEE635
:106430000123536094E7B3F5AA7F23D8D30B03F16C
:106440007801C90077331BE740F25452934223D8B6
:10645000B30C03F17D0003F17C0CC300C0E5ABF18C
:10646000080BD844A8EB02084FF0000AABE605F190
:1064700008012046009302F0FBF8BD68009B6868A5
:106480001968C4E640F254518B420BD8930C03F1C7
:106490007D01C9007C33F3E64FF47E737F204FF01B
:1064A0007E0C9DE54FF47E717E23E9E67B6870E704
:1064B00070B50020014801F0BDBF00BF68B50020E5
:1064C000014801F0B9BF00BF68B5002010B4044C0A
:1064D00003460A4620685DF8044B194600F002B8EE
:1064E000D89900202DE9F84F1746002900F0988030
:1064F0000C4607F10B058046FFF7DCFF162D54F81C
:10650000041C5BD810252A46AF425CD821F0030654
:106510009642A4F1080962DABC4BD3F808C009EB33
:106520000600844500F09780D0F804C02CF00103E9
:1065300003445B68DB0768D42CF0030C06EB0C0308
:10654000934247DACB0710D454F8083CA9EB030A6E
:10655000DAF8043023F003018C44B444944580F20B
:1065600011817318934280F2E88039464046FFF764
:10657000F1FC0746E0B154F8043C23F001034B441E
:10658000A0F10802934200F0D280321F242A00F2C8
:10659000F580132A00F2AC80034622461168196088
:1065A0005168596092689A602146404602F060F84E
:1065B0004046FFF785FF3846BDE8F88F25F0070510
:1065C000002D2A46A0DA0C23C8F8003000273846F0
:1065D000BDE8F88F1E46D0E90223D3609A60731B92
:1065E0000F2B22D8D9F8043003F0010333434E4473
:1065F000C9F80430736843F00103736040462746CE
:10660000FFF75EFF3846BDE8F88FC907ADD454F8F0
:10661000083CA9EB030ADAF8041021F00301A0E713
:10662000BDE8F84F1146FFF795BCD9F8042009EBF7
:10663000050102F001024E4443F001032A43C9F868
:1066400004204B60736843F00103083173604046D7
:1066500002F00EF8D2E7DCF8040020F0030B06EBA2
:106660000B0C05F1100084454DDAC9073FF57DAFED
:1066700054F8081CA9EB010ADAF8041021F0030110
:106680008B44B34458453FF76CAF5746DAF80C10CB
:1066900057F8080F321F242AC160886000F2DB809F
:1066A000132A40F2D6802168CAF808106168CAF837
:1066B0000C101B2A00F2DF8008340AF11002216856
:1066C000116061685160A16891600AEB0501ABEB54
:1066D000050242F0010299604A60DAF8043003F0E2
:1066E00001032B434046CAF80430FFF7E9FE6EE78A
:1066F00023680360636843601B2A68D804F10802BA
:1067000000F108034AE709EB05029A60ACEB0503C8
:1067100043F00103536054F8043C03F001032B439E
:10672000404644F8043CFFF7CBFE27464FE750F8BD
:10673000043C23F003031E4451E75746DAF80C10DB
:1067400057F8080F321F242AC16088604CD8132ADA
:1067500048D92168CAF808106168CAF80C101B2AC9
:1067600056D808340AF110021E4623681360636885
:106770005360A3689360D1463C4630E7214601F060
:1067800099FA11E7D0E902135746CB60996057F8A0
:10679000081FDAF80C30CB60321F242A99602DD8FC
:1067A000132A29D92368CAF808306368CAF80C305C
:1067B0001B2A42D808340AF1100322681A60626862
:1067C0005A60A2689A606646D1463C4607E7A368CD
:1067D0008360E368C360242A26D004F1100200F12C
:1067E0001003DBE63A46BFE7214638461E46D1464F
:1067F00001F060FA3C46F2E63B46DEE721463846C9
:106800006646D14601F056FA3C46E8E6BC950020C3
:10681000A168CAF81010E168CAF81410242A20D020
:1068200010340AF118029FE723690361616941612D
:1068300004F1180200F11803B0E6A368CAF810309A
:10684000E368CAF81430242A21D010340AF118035E
:10685000B3E73A4633E72146384601F02BFA164BA8
:1068600033E72269CAF818206269CAF81C20183474
:106870000AF1200278E7A168CAF81010E168CAF8A6
:106880001410242A0DD010340AF1180217E72369D6
:10689000CAF818306369CAF81C3018340AF12003AA
:1068A0008BE72269CAF818206269CAF81C201834DC
:1068B0000AF1200203E700BFBC9500200CB410B51C
:1068C0001F4B00291C689CB035DB4FF40273ADF8F8
:1068D0001430029006901FAB18D001394FF6FF72AA
:1068E00004910791ADF8162002A91E9A0193204643
:1068F00002F0ECFB421C01DA8B232360029B002296
:106900001A701CB0BDE8104002B070474FF6FF721D
:1069100004910791ADF8162002A91E9A0193204612
:1069200002F0D4FB431C01DA8B2323601CB0BDE8CA
:10693000104002B070478B2323604FF0FF30F5E723
:10694000D89900202DE9F04F2DED108B97B08A4695
:1069500000210792129100220021CDE90412804605
:10696000514611910F4611F8012B2D2A5ED801A036
:1069700050F822F0494B0100614A0100614A0100D0
:10698000614A0100614A0100614A0100614A010057
:10699000614A0100614A01009749010097490100DD
:1069A000974901009749010097490100614A010098
:1069B000614A0100614A0100614A0100614A010027
:1069C000614A0100614A0100614A0100614A010017
:1069D000614A0100614A0100614A0100614A010007
:1069E000614A0100614A0100614A0100614A0100F7
:1069F000614A010097490100614A0100614A0100B2
:106A0000614A0100614A0100614A0100614A0100D6
:106A1000614A0100614A0100614A0100614A0100C6
:106A200083510100614A01006F5101000021099169
:106A3000302A7DD0002308932F2A144640F2CD84BB
:106A40004FF0000938464E464D4612E00130082D01
:106A50001190C8BF09EB89090478C6BF02EB49024F
:106A6000A2F13009A3F130062F2C05F101052246D1
:106A70006FDD06EB8603392C02EB4303E6DD9F490D
:106A8000012201F0E5F9002837D1119B1A460133A4
:106A900011935478002D40F04385302C40F024852C
:106AA000C3F101029818013311931C78302CF9D0EE
:106AB000A4F13103082B00F20183119F431CA4F1C0
:106AC000300B0B930125BC464FF0000E06EB8606FB
:106AD0000BEB460600200CF1010311939CF80140DA
:106AE000A4F13001092900F2BB8201308B46002954
:106AF00040F04F84DDF844C0EDE70020652CAE4641
:106B00000B90844601D0452C30D1002D6BD1089BD1
:106B1000034367D1079B9FED778B13B1079BC3F8A6
:106B200000A0B0EE480B17B0BDEC108BBDE8F08FA5
:106B30007A7802F0DF02582A00F00C8401371197AE
:106B40003A78302AFAD0002A00F0B780012308935F
:106B500072E76A49012201F07BF9002800F0C08049
:106B6000AE464FF0000CCDF82CC060464FF0000B45
:106B7000002D7ED007EE906A0B9BB8EE677BABEBE7
:106B80000303BEF1000F08BFAE46102D0A932B463B
:106B9000A8BF1023092D8DED047B0CDD584A02EBB4
:106BA000C30212ED125B06EE909AB8EE666BA7EE8A
:106BB000056B8DED046B0F2D00F3A8800A9A002A57
:106BC00000F0E4830A9A40F33C83162A40F3988449
:106BD0000A99C5F125028A4280F2A6840A9AEB1A24
:106BE000134499E00025DDF844A00AF10103119354
:106BF0009AF801402B2C00F05E822D2C00F0F781DA
:106C000000230A93A4F13003092B00F2EB81302C0E
:106C100005D1119B013311931C78302CFAD0A4F1CB
:106C20003103082BA2D8119A0C92531C1193A4F192
:106C3000300B54782F2C07DCDEE3013311934C78B2
:106C40002F2CA2F1300B06DD0BEB8B02392C1946F1
:106C500004EB4202F1DD0C9A9B1A082B40F3CC8323
:106C600044F61F6B0A9B002B82D0CBF1000B002D4A
:106C700080D1089B034320D1BCF1000F7FF44AAFC1
:106C8000692C00F0CF8300F3F382492C00F0CA8313
:106C90004E2C7FF43FAF1B4911A802F00BF90028DE
:106CA0003FF438AF119B1B78282B00F0F284164874
:106CB00001F080FCB0EE408B01E09FED0E8B079A57
:106CC0000AB1119B1360099B002B3FF42AAFB1EE70
:106CD000488BB0EE480B17B0BDEC108BBDE8F08FC1
:106CE000119B0B905A1C11925C78AE46F8E600BFDF
:106CF000AFF300800000000000000000140A002034
:106D0000A802002098210020B40900200A9AEB1A5A
:106D10001344002B40F3B08213F00F010AD0C34A92
:106D200002EBC1029DED046B92ED007B27EE067B2A
:106D30008DED047B33F00F0240F03882002308937E
:106D400000962B4672463946404605F00BFC8146BC
:106D5000002800F0E1820B9BA3EB0B0B0A9B9FED3D
:106D6000A9EB002B9FEDA9CB9FEDAADB9FEDABBB61
:106D7000B4BF5A4600224FF0000A23EAE3730B9295
:106D80000C935446D9F80410404605F069FB0646BA
:106D9000002800F00E81D9F810209DED048B0232FE
:106DA000920009F10C010C30F9F772FCB0EE480BBF
:106DB00014AA13A9404605F091FF1290002800F094
:106DC000E4800121404605F075FC0446002800F0EF
:106DD000F080139A002AC0F2DE800B9B0C9F02EB1E
:106DE000030B089B149DD21A2A44914B013A9A42F4
:106DF000C5F1360580F29880991A1F29A5EB010587
:106E000000F3E380012202FA01F30D9300230E93B5
:106E10002F44089B5D44AB455A461F44A8BF2A46F1
:106E2000BA42A8BF3A46002A03DDAD1ABF1AABEB3F
:106E3000020B0B9B002B00F38880002D00F39C803D
:106E40000A9B002B00F3B780002F00F3A980BBF151
:106E5000000F08DD21465A46404605F067FD04460E
:106E6000002800F0A68012993246404605F0F8FD51
:106E70008246002800F09D800023C568C36021463B
:106E800005F0CCFD0028C0F2C78300F061832146E5
:106E9000504605F08DFFB0EE007BB4EEC70BF1EE6F
:106EA00010FA46D8002D00F0CB80B7EE009B059875
:106EB000604B00226049DFF884C100EA01076745A2
:106EC00000F0D480089959B1B7F1D46F08D8B4EE66
:106ED000CB9BF1EE10FA40F2568103F1D661CB1B49
:106EE000B0EE480B43EC1A2B05F064FEAAEE008BC3
:106EF0008DED048B18EE903A089A22B94E4A1A404A
:106F0000974200F0E4801299404605F0CFFA3146EE
:106F1000404605F0CBFA2146404605F0C7FA5146F7
:106F2000404605F0C3FA2DE701230021CDE90D31DC
:106F30006EE7B6EE009B20EE099B002D5FD1B1EE0F
:106F4000497B059853EC172BB4E721461A46404677
:106F500005F08CFC044660B30146129A404605F0E9
:106F6000D7FB30B30F901299404605F09FFA0F9A65
:106F70001292002D7FF764AF12992A46404605F021
:106F8000D5FC129000287FF45BAF22239FED258B68
:106F9000C8F80030BCE00C9BDDF82CB09F1A20E74D
:106FA00031463A46404605F0C1FC064600287FF4CB
:106FB0004EAF1298E9E731460C9A404605F056FC70
:106FC000064600287FF440AFF3E7C2F17F4202F5A6
:106FD0007F0202F57B420121E23201FA02F3CDE9A0
:106FE0000D1315E7CDF844A04FF0000BC0E50123C9
:106FF0000A930AF1020311939AF8024002E6B0EEF6
:10700000497B9EE79535A094FFFFCF3F9535A0942F
:10701000FFFFDF3F35E5AF350000E03F0000C0FF78
:10702000FFFFDF41000000000000F07FA802002009
:1070300002FCFFFF0000F03F0000F07F0000E07F57
:10704000DDE90412002900F08580DDE90412012940
:1070500000F0D8811046B74BB7EE009B002229E71D
:10706000652C4FF0010C3FF4BEAD4CE543EC1A2B00
:10707000A0F1547305939DED04FBB0EE4F0B05F0AA
:1070800099FDAD49AAEE00FB1FEE903AAB4A1940BC
:1070900091428DED04FB72D9A94B18EE902A9A42C9
:1070A00003D118EE103A013383D0A54A4FF0FF33D5
:1070B000CDE9043227E700230A939AE7652C00F014
:1070C000D080452C00F0CD804FF0010CD1E551EC83
:1070D000190B0D9309F01EFC09F0EEFB049B1D43F8
:1070E0000D9B41EC170BC3F313031D4339EE479B74
:1070F00000F0A080B4EECC9BF1EE10FA05D4B4EE13
:10710000CD9BF1EE10FA7FF7FEAE9DED048B129849
:107110000146404605F0CAF93146404605F0C6F939
:107120002146404605F0C2F94946404605F0BEF901
:107130005146404605F0BAF9C1E501220992791C91
:1071400011917A78002A3FF4E5AC0F4670E40022F2
:107150000992F4E7C2F313031046002B7FF47BAFD0
:10716000B7EE007BB4EEC70BF1EE10FA00F1D3815D
:10717000B6EE009B20EE099BB1EE497BE2E603F1FF
:1071800054730593B8E6BCEEC99B19EE103A012B77
:1071900038BF012309EE103AB8EE499B002D40F0AC
:1071A0003E81B1EE497B53EC172B96E6B2F59A7F00
:1071B00000F3B280102A4FEA221340F38682614C1A
:1071C0009DED047B00202246014613F0010F01F1E2
:1071D00001014FEA630304D092ED006B012027EE1A
:1071E000067B012B02F10802EFD108B18DED047B83
:1071F000059BA3F15473059304EBC1049DED046B4F
:1072000094ED007B4C4B27EE067B17EE902A4E49FF
:1072100013408B428DED047B7ED8A1F580118B420B
:1072200040F2D681464C4FF0FF33CDE904340023C1
:10723000089385E5B4EECE9BF1EE10FA7FF563AED0
:1072400063E71632FFF662AD0B9BA3EB0B0B3F4BD4
:1072500003EBCB0393ED007B9DED046B86EE078B78
:107260002DE54FF0000ECDF82CE04FF0010C4EE470
:107270006E2C3FF410AD4DE43FF460AD5B4213F073
:107280000F010AD0314A02EBC1029DED046B92ED71
:10729000007B86EE077B8DED047B1B113FF44EAD2A
:1072A0001F2B33DC13F0100218BF6A229DED047B04
:1072B0000892274A0021D80704D592ED006B0121DE
:1072C00027EE067B5B1002F10802F4D109B18DEDC7
:1072D000047B089B93B1DDE90401C1F30A52C2F1BA
:1072E0006B03002B0ADD1F2B40F32F820020342B71
:1072F000049040F340824FF05C7305939DED047B56
:10730000B5EE407BF1EE10FA7FF41AAD22239FED2B
:10731000058BC8F80030D2E422239FED048BC8F817
:107320000030CCE40000000000000000000000007D
:107330000000F07F0000F0BF0000F07FFFFF9F7CA7
:10734000FFFFEF7F800200200000A07CA802002049
:10735000700300200293099B019312AB0093A74A8C
:1073600013AB11A9404601F0DBFA10F00F050446FB
:107370003FF4A3AC062D74D1079B9FED9A8B013788
:10738000002B3FF4CEAB1F60FFF7CBBB9DED048B12
:1073900095E40B9BDDF844C003440B93012805F1F1
:1073A00001031A4614D02844441E03E046009C42C0
:1073B0000DD001332A46082A1D4606EB8600F5D972
:1073C000102BDCBF09EB89094FEA4909EFE70232CC
:1073D000082D3CDC1546FFF779BB89490122384668
:1073E00000F036FD002800F082804FF0000EF146DC
:1073F00076467546FFF7B5BB44F61F639B45A8BFAD
:107400009B462FE4DDE904231846002B7FF423AECE
:1074100022239FED748B1298C8F8003078E6B0EE06
:10742000497BC0E6774911A801F044FD00283FF4EC
:1074300071AB119B7449013B11A8119301F03AFD06
:1074400010B9119B013311939FED688B37E4102A1B
:10745000DCBF09EB890901EB490915460020FFF75C
:107460003ABB129A3AB1352114A805F0D3FC12990F
:10747000404605F01BF8013D139B042D00F28F815F
:10748000DFE805F0032D2A1F0300149A049203F28B
:107490003342159B23F4801343EA02530593E50519
:1074A00002D543F000430593584A1A409DED048BE2
:1074B000002A7FF404AC00F0BBFD22230360FFF739
:1074C000FEBB4FF0FF336FF00046CDE90436E30515
:1074D0007FF55CAF059BE4E74C4B0593F7E7149B06
:1074E0000493159B0593DAE70020FFF7E1BA119B9F
:1074F0001A4601331193547806468146FFF7CDBAF8
:10750000434B03EBC20393ED008B9DED047B28EE10
:10751000078BFFF7D4BBBEEE007BB6EE009B11E5F8
:10752000AE460B90FFF7DCBA394BC5F10F054A1B8D
:1075300003EBC50503EBC20395ED008B93ED007BD8
:107540009DED046B28EE068B28EE078BFFF7B7BB8B
:10755000002D00F09580DDE904BC2E4BCCF3130127
:107560009942624600F0D2800E9B002B00F0A5806D
:10757000DDE90412134217461AD0B0EE480B002D75
:1075800000F0A68005F016FB089B7BB1C7F30A53F9
:10759000C3F16B03002B09DD1B0503F17F510020B4
:1075A00001F5401141EC170B20EE070B38EE008B74
:1075B000089B5BB19FED0F7B144B28EE078B18EEF9
:1075C000902A134013B92223C8F8003012989FE57F
:1075D00002F15473059300230893FFF7B1BB00BF7A
:1075E000AFF3008000000000000000000000000079
:1075F0000000F07F0000000000005039888F00205C
:10760000140A00208C210020902100200000F07F2F
:10761000A8020020FFFF0F00DDE904120D43C7D1CF
:10762000C2F313031746002BC2D122F000431B0DF7
:107630001B05B3F1D66FBBD9DAF814301BB9DAF8F1
:107640001030012BB4DD51460122404605F06EF9A1
:107650002146824605F0E2F90028A9DD089B002BAF
:107660007ED1504B3B40A3F580136FEA13536FEA72
:10767000035305934FF0FF3304939DED048B97E77D
:10768000DDE90412C2F313030B4317467FF46CAF1A
:10769000E4E7454911A814AA01F028FC05287FF465
:1076A00006AB159B43F0FF4343F4E0030593149BA3
:1076B00004939DED048BFFF702BBDDE904010D9BF4
:1076C00003423FF475AF0F4657E7384C00218FE572
:1076D00005F070FA089B002B55D0C7F30A53C3F18D
:1076E0006B03002B09DD1B0503F17F5101F54011F0
:1076F000284641EC170B20EE070B38EE408BB5EE19
:10770000408BF1EE10FA7FF455AF81E6089B0499A7
:107710001BB3244B1340B3F1D46F1ED81B0DC3F120
:107720006B034FF0FF3000FA03F399427FF41CAF74
:107730001F4B9A4230D01B4B134003F58013059327
:10774000002304939DED048B32E74FF0FF3202FAE1
:1077500003F3049A1A400492D0E54FF0FF33E4E7B4
:10776000104B3B40B3F1D66F3FF77DAFB3F15C7F79
:107770003FF720AF4CE6C2F14B024FF0FF3393408E
:107780000B400593BAE538EE408BB5EE408BF1EE39
:1077900010FA7FF41BAF3BE60131CCD109E40023A2
:1077A0007DE600BF0000F07F9C8F0020800200205B
:1077B000FFFFEF7F014BFFF7C5B800BF50940020DB
:1077C000012B2DE9F84F40D0242B98463DD84C4D45
:1077D0008E4676461EF801BB15F80B4014F00804DF
:1077E000F7D1BBF12D0F72D0BBF12B0F08BF9EF864
:1077F00000B06FF0004908BF06F1020E002B42D026
:10780000102B57D0B9FBF8F700252E4608FB179A26
:1078100005E033D008FB06C601251EF801BBABF11D
:10782000300CBCF1090F06D9ABF1410CBCF1190FBA
:1078300012D8ABF1370C634517DDB5F1FF3FECD043
:10784000B742E6D24FF0FF35E7E700F0F1FB162331
:1078500003600020BDE8F88FABF1610CBCF1190F9B
:1078600003D8ABF1570C6345E7DC6B1C27D08CB910
:107870000AB1A5BB11603046BDE8F88FE245C9DA10
:107880004FF0FF35C9E7BBF1300F05D04FF00A08C4
:107890004346B7E77642EBE79EF8003003F0DF039C
:1078A000582B21D14FF010089EF801B043460EF13D
:1078B000020EA7E7BBF1300F1AD09846A2E72223A9
:1078C000036072B10EF1FF314E461160D3E79EF8AE
:1078D00000B04FF0004906F1020E01248EE7B146D8
:1078E000F0E74E463046C7E74FF00808434689E7C1
:1078F0009EF8005005F0DF05582DD3D0984681E75B
:1079000001200020FFF75CBFF0B5254FA2F1020E69
:10791000164605460C460FCF8BB0EC46ACE80F0080
:107920000FCFACE80F0097E803004CF8040BBEF152
:10793000220F8CF800102ED804F1FF3E70464FF055
:10794000000CB5FBF6F206FB125328336B4461467C
:1079500013F828CC00F801CF2B469E4201F1010C10
:107960001546EED9002304F80C3089B1A4447246C0
:107970001EF8010F1CF8015D8EF80050A4EB0E03F9
:107980000232013B121B0B449A428CF80000EEDBE2
:1079900020460BB0F0BD0023184623700BB0F0BD9D
:1079A000D81F00200EB410B59FB021AC4FF4017168
:1079B00054F8042B0192ADF81C100490089000F0CC
:1079C00045FD059009900B480B490C9100234FF69B
:1079D000FF7C10931593019A0068ADF81EC02346F2
:1079E00004A9039403F014F91FB0BDE8104003B0DC
:1079F000704700BFD8990020555A010010B50C46B9
:107A0000B1F90E1000F0D0FA002803DB236D034417
:107A1000236510BDA38923F48053A38110BD00BF4B
:107A2000002070472DE9F0410C46B1F90C101F46BB
:107A3000CB05054616460BD421F48051A1813B4667
:107A4000B4F90E1032462846BDE8F04100F0DABA2B
:107A5000B4F90E100223002200F08AFAB4F90C10D7
:107A6000EAE700BF10B50C46B1F90E1000F080FA3D
:107A7000A389421C0EBF23F4805343F48053206536
:107A8000A38110BDB1F90E1000F060BA024A03499B
:107A9000034800F0BBB800BFCC99002009AF01003B
:107AA000D89000200C4B4168994210B5044601D093
:107AB00005F010FAA168094B994202D0204605F062
:107AC00009FAE168064B994204D02046BDE810400F
:107AD00005F000BA10BD00BFA4B500200CB6002010
:107AE00074B600202DE9F8432A4C2B4B2B48DFF8C5
:107AF000C090DFF8C0802A4F1860002504230822B8
:107B0000294604F15C00274E6566C4E90253C4E9C6
:107B10000055C4E90455A56100F048F9224B63679C
:107B20000822294604F1C400C4E90749C4E90987C9
:107B3000C4E91A55C4E91E55C4F8CC502567C4F8E9
:107B40008050E66200F032F9184BC4F8DC30294668
:107B500004F16803082204F59670C4F88430C4E97F
:107B60002298C4E92476C4E93455C4E93855C4F8E8
:107B70003451C4F8D850C4F8E85000F017F904F1B3
:107B8000D003C4E93C98C4E93E76C4F8EC30BDE8C3
:107B9000F88300BFA4B50020DCB60020C15A010064
:107BA000995A0100B95A01000900010012000200AF
:107BB000315A0100595A010010B504460A4800F034
:107BC00039FC636B23B9094B094A1B68626323B113
:107BD000BDE81040044800F02FBCFFF783FFBDE86C
:107BE0001040014800F028BC6CB50020DCB6002035
:107BF000D95A0100014800F01DBC00BF6CB500203F
:107C0000014800F019BC00BF6CB500202DE9F84315
:107C100080460F4616464FF00009D6E90154013D53
:107C200011D4A389012B05F1FF3508D9B4F90E3021
:107C30000133214603D04046B84749EA00096B1C8E
:107C400004F16804EDD13668002EE6D14846BDE85F
:107C5000F88300BF032A70B514D940EA01039B07DB
:107C600022D104460B46194620460E680568B542E7
:107C700004F1040403F1040316D1043A032A204654
:107C80001946F0D8541E9AB1421E013901E0C318BA
:107C90000CD012F801EF11F801CFE645A4EB020376
:107CA000F5D0AEEB0C0070BD541EEDE7184670BD6C
:107CB000104670BD88420DD98B1883420AD900EB5B
:107CC000020CBAB1624613F801CD02F801CD994217
:107CD000F9D170470F2A0ED8034602F1FF3C4AB192
:107CE0000CF1010C013B8C4411F8012B03F8012F1E
:107CF0006145F9D1704740EA01039B0750D1A2F1D9
:107D0000100370B501F1200C23F00F0501F1100EE6
:107D100000F11004AC441B095EF8105C44F8105CE0
:107D20005EF80C5C44F80C5C5EF8085C44F8085C97
:107D30005EF8045C44F8045C0EF1100EE64504F1B4
:107D40001004E9D1013312F00C0F01EB031102F022
:107D50000F0400EB031327D0043C24F003064FEA82
:107D6000940C1E441C1F8E465EF8045B44F8045FAE
:107D7000B442F9D10CF1010402F0030203EB8403D5
:107D800001EB840102F1FF3C4AB10CF1010C013B13
:107D90008C4411F8012B03F8012F6145F9D170BD16
:107DA00002F1FF3C03469BE72246EBE7830730B531
:107DB00048D0541E002A3FD0CAB2034601E0013C1D
:107DC0003AD303F8012B9D07F9D1032C2DD9CDB25D
:107DD00045EA05250F2C45EA054536D9A4F11002E0
:107DE00022F00F0C03F1200EE6444FEA121C03F1BF
:107DF000100242E9045542E9025510327245F8D1A9
:107E00000CF1010214F00C0F03EB021204F00F0C42
:107E100013D0ACF1040323F003030433134442F8FA
:107E2000045B9342FBD10CF003042CB1C9B21C4497
:107E300003F8011B9C42FBD130BD64461346002C65
:107E4000F4D1F9E703461446BFE71A46A446E0E733
:107E5000002A3ED040EA01039B0730B584462FD16B
:107E6000032A2DD90B4608E0043A8446194625D04A
:107E70001EF0803F22D1032A22D90468194653F804
:107E8000045BA4F1013EAC4284462EEA040E00F1EC
:107E90000400E9D09CF800000C78A0421BD1E64613
:107EA00068B11EF8010F11F8014FA2EB0E03A042BA
:107EB00003F1FF330FD11CEB0303F1D1002030BDE0
:107EC0009CF800000C78844205D1012AF6D0E646E1
:107ED000E6E710467047001B30BD00BF40EA0103D3
:107EE0009B0730B501D1032A0FD8844601F1FF3E2C
:107EF00007E01EF8011F03F8011B541EC1B19C4688
:107F000022466346002AF4D130BD0B46844619460A
:107F100053F8045BA5F1013424EA050414F0803F12
:107F2000E4D1043A032A4CF8045B1946EFD8DDE7A4
:107F30009444002CE8D003F8011B6345FBD130BD0D
:107F4000014B93F8280170475094002038B5074D35
:107F50000022044608462A60F8F7CCFF431C00D0F4
:107F600038BD2B68002BFBD0236038BDF0B6002055
:107F700038B50C46084D8446114620461A46002363
:107F80002B606446F8F7C2FF431C00D038BD2B6855
:107F9000002BFBD0236038BDF0B6002013460A4604
:107FA0000146022000F0C0BA38B50C46084D8446A0
:107FB000114620461A4600232B606446F8F798FFC6
:107FC000431C00D038BD2B68002BFBD0236038BD8C
:107FD000F0B60020B7EEC00A002305F0EBB900BFF1
:107FE00038B5074D0022044608462A60F8F766FFB8
:107FF000431C00D038BD2B68002BFBD0236038BD5C
:10800000F0B6002038B50C46084D8446114620468F
:108010001A4600232B606446F7F708FB431C00D088
:1080200038BD2B68002BFBD0236038BDF0B6002094
:10803000014B1868704700BFD8990020000000006D
:10804000000000000000000000000000A2EB0300A0
:10805000704700BF02780B78012A28BF9A42F5D1F9
:108060006DE9044540EA0104CDE902676FF0000CB8
:108070004FEA447212B380EA010414F0070F6AD188
:1080800000F0070420F0070004F0030521F00701C9
:108090004FEAC505F0E8042314F0040FF1E8046783
:1080A0000CFA05F462EA040266EA04060AD063EAFE
:1080B0000403624667EA0407664603E0F0E8042327
:1080C000F1E8046782FA4CF582EA0604A4FA8CF41B
:1080D0006CBB83FA4CF583EA0705A5FA8CF595B9D4
:1080E00050E9022351E9026782FA4CF582EA06045C
:1080F000A4FA8CF483FA4CF583EA0705A5FA8CF50B
:108100002543DBD09CB92DBAB5FA85F424F00704D9
:1081100027FA04F1DDE9026723FA04F303F0FF0014
:1081200001F0FF01FDE80445A0EB0100704724BA0F
:10813000B4FA84F424F0070426FA04F1DDE90267B6
:1081400022FA04F202F0FF0001F0FF01FDE804450D
:10815000A0EB0100704714F0030F3CD110F00304B2
:1081600028D150F8082B51F8083B82FA4CF582EAE6
:108170000305A5FA8CF55DB950F8042C51F8043CC0
:1081800082FA4CF582EA0305A5FA8CF5002DE8D0B9
:108190002DBAB5FA85F424F0070423FA04F122FA83
:1081A00004F202F0FF0001F0FF01FDE80445A0EB3E
:1081B000010070474FEAC40420F0030050F8082B78
:1081C00021F0030151F8083B0CFA04F462EA0402BE
:1081D00063EA0403C9E710F003041AD0A1EB040119
:1081E00020F00300E40750F8042B06D00FD28B7860
:1081F0005FFAA2F4E41A06D12BB1CB785FFAB2F49D
:10820000E41A00D11BB920465DF8104B704701F10C
:10821000040150F8042BCC0721F0030151F8043B72
:1082200048D824D222F07F4482FA4CF594EA1325F0
:10823000A5FA8CF50AD165B951F8043B84EA020429
:10824000B4EB036F0ED150F8042BEBE74FEA132386
:1082500055E035F07F454DD10878FDE80445C0F183
:10826000000070474FEA126203F0FF0347E002EAA2
:108270001C4482FA4CF594EA1345A5FA8CF50AD110
:1082800065B951F8043B84EA0204B4EB034F0CD106
:1082900050F8042BEBE74FEA134330E015EA1C4596
:1082A00028D10B884FEA124229E04FEA124203EA32
:1082B0001C4324E002F0FF0482FA4CF594EA1365B3
:1082C000A5FA8CF50AD165B951F8043B84EA020499
:1082D000B4EB032F09D150F8042BEBE74FEA1363FB
:1082E0000DE015F0FF0F05D10B684FEA122223F0C5
:1082F0007F4304E04FF00000FDE80445704712BAE8
:108300001BBA82FA4CF482EA0304A4FA8CF5B5FA9B
:1083100085F402FA04F203FA04F34FEA1260FDE86E
:108320000445A0EB1360704780EA0102844612F016
:10833000030F4FD111F0030F32D14DF8044D11F05E
:10834000040F51F8043B0BD0A3F101329A4312F011
:10835000803F04BF4CF8043B51F8043B16D100BFEA
:1083600051F8044BA3F101329A4312F0803FA4F17B
:1083700001320BD14CF8043BA24312F0803F04BF02
:1083800051F8043B4CF8044BEAD023460CF8013B6F
:1083900013F0FF0F4FEA3323F8D15DF8044B704719
:1083A00011F0010F06D011F8012B0CF8012B002A57
:1083B00008BF704711F0020FBFD031F8022B12F046
:1083C000FF0F16BF2CF8022B8CF8002012F47F4F01
:1083D000B3D1704711F8012B0CF8012B002AF9D109
:1083E000704700BF70B50D4E0D4D761BB61006D010
:1083F000002455F8043B01349847A642F9D1094EB0
:10840000094D761B08F0C2FAB61006D0002455F8C4
:10841000043B01349847A642F9D170BD801E00602C
:10842000801E0060A41E0060801E0060704700BFB8
:10843000704700BF704700BF704700BF00000000DA
:1084400000000000000000000000000090F800F0B4
:108450006DE9024520F007016FF0000C10F00704F1
:1084600091F820F040F049804FF000046FF00700D1
:10847000D1E9002391F840F000F1080082FA4CF2B3
:10848000A4FA8CF283FA4CF3A2FA8CF34BBBD1E939
:10849000022382FA4CF200F10800A4FA8CF283FA6B
:1084A0004CF3A2FA8CF3E3B9D1E9042382FA4CF23B
:1084B00000F10800A4FA8CF283FA4CF3A2FA8CF3D0
:1084C0007BB9D1E9062301F1200182FA4CF200F1D7
:1084D0000800A4FA8CF283FA4CF3A2FA8CF3002B76
:1084E000C6D0002A04BF04301A4612BAB2FA82F289
:1084F000FDE8024500EBD2007047D1E9002304F00B
:108500000305C4F100004FEAC50514F0040F91F80B
:1085100040F00CFA05F562EA05021CBF63EA0503A8
:1085200062464FF00004A9E72DE9F047DFF87CA090
:108530000646DAF8000098460F469146FFF77AFFA4
:10854000184B1C6824B365681F2D24DC5EB96B1CB6
:108550000235DAF80000636044F82570FFF76CFF1D
:108560000020BDE8F08704EB85010123C1F8889065
:10857000D4F88821AB401A43022EC4F88821C1F8F0
:108580000881E4D1D4F88C211A43C4F88C21DEE7A9
:10859000054C1C60D7E7DAF80000FFF74DFF4FF0FD
:1085A000FF30DEE7D0B30020D4B300204494002095
:1085B000000000009FED010B704700BF00000000AD
:1085C0000000F87F9FED010A704700BF0000C07FE8
:1085D000F8B5244F0C460646FDF76CFFBB685D6896
:1085E000C4F57E610F3125F003054B1923F47F6339
:1085F00023F00F03A3F58054B4F5805F07DB00215F
:108600003046FFF7EDFCBB682B44984204D030465F
:10861000FDF756FF0020F8BD61423046FFF7E0FC51
:1086200001300DD0104ABB682D1B45F001055D607F
:10863000136830461B1B1360FDF742FF0120F8BD95
:1086400000213046FFF7CCFCBA68831A0F2BDEDD21
:1086500043F001035360054B03491B68C01A0860CF
:10866000D5E700BFBC95002070B50020C49900205C
:10867000002961D0F8B50C460646FDF71BFF54F8FB
:10868000042C7B4FA4F1080522F0010105EB010C3D
:10869000B868DCF80430604523F0030300F08B80F9
:1086A000D207CCF8043032D454F8082CAD1A114457
:1086B000AA6807F1080082426AD00CEB0304D4F8E0
:1086C00004E0EC68D4601EF0010FA26000F0978017
:1086D00041F001036B60CCF80010B1F5007F35D29A
:1086E0007868CB080122490901338A40024357F8D0
:1086F00033107A6007EBC302083AC5E9021247F863
:108700003350CD603046BDE8F840FDF7D9BE0CEBE4
:1087100003025268D00710D4194407F10800DCF8AE
:108720000830834273D0DCF80C20DA60936041F0AB
:1087300001036B606950D0E7704741F00103B1F568
:10874000007F44F8043CCCF80010C9D3B1F5206F89
:108750004FEA512348D28B0903F1390003F1380263
:10876000C300F818FB580838984259D05A6822F0CC
:1087700003028A4202D99B689842F7D1D868C5E9BA
:1087800002308560DD603046BDE8F840FDF798BEF8
:108790000CEB03025268D20763D40B44DCE90212EB
:1087A000CA60916043F001026A603046EB50BDE858
:1087B000F840FDF785BE0B44D10707D454F8082CC8
:1087C000AD1A1344D5E90212CA60916043F0010268
:1087D0006A60284ABD6012689A4293D8264B304698
:1087E0001968FFF7F5FE8DE7142B0AD9542B1FD813
:1087F0000B0B03F16F0003F16E02C300B1E71944E4
:108800008DE703F15C0003F15B02C300A9E741F0CF
:108810000103C7E90455C5E902006B60695071E7BF
:1088200079689210012404FA02F20A437A60A6E7FA
:10883000B3F5AA7F06D8CB0B03F1780003F17702DA
:10884000C3008EE740F25452934206D88B0C03F1DA
:108850007D0003F17C02C30083E74FF47E737E2228
:108860007FE741F001036B60CCF800104AE700BFDE
:10887000BC950020C8990020A0B500202DE9F0414A
:108880000469B4EB611F2FDD00F1140E4E1111F0DD
:108890001F0C0EEB84050EEB86032BD05EF8261022
:1088A00004339D4221FA0CF1CCF1200818D9774607
:1088B0001A6802FA08F20A4347F8042B53F8041B1B
:1088C0009D4221FA0CF1F3D8A31B9B00053B9B08AA
:1088D00001330EEB83044EF82310C9B1043417E0C2
:1088E000416174460029F9D10023036100234361EB
:1088F000BDE8F0819D4288BF00F11002F4D953F821
:10890000041B42F8041F9D42F9D8A41B0EEB8404FB
:10891000A4EB0E039B1074450361E7D0BDE8F08122
:108920002DE9F04F2DED028B0C688B46A17885B0B8
:10893000302908EE100A9246029340F0CE816FF083
:108940000100001BE21C8318144612F8011B302999
:10895000F9D0DFF8008318F80120002A00F0E58044
:108960002278002718F802203D4626462AB116F83C
:10897000012F18F80220002AF9D1B54901930122EC
:108980003046FFF765FA019B814600284DD0002D47
:108990004ED13278A94602F0DF02502A354650D037
:1089A000CBF80060002F69D12B1B013B072B394608
:1089B00004DD5B10072B01F10101FADC18EE100A4F
:1089C00003F04EFD8346002800F0668200F1140695
:1089D000AC42019680F0D2810027CDF80C909C49E2
:1089E000A1463C460CE0202F19D0384604372A789F
:1089F00018F8022002F00F02824014434D4547D080
:108A000015F8012D2E2AEED14D45ECD30122284632
:108A1000FFF71EFA8E490028F0D0202FE5D1002064
:108A200046F8044B04270446E1E7002D00F042819C
:108A3000327802F0DF02AD1B502A4FEA8509354635
:108A4000AED16A782B2A00F025812D2A00F0A5806E
:108A50006E1C002018F802104A1E182A00F29B8093
:108A6000727818F8022010390136002A5AD100B164
:108A700049428944CBF80060002F95D0002B14BFE9
:108A800000250625284605B0BDEC028BBDE8F08F19
:108A9000DDF80C90234646F8043B1846019BF61A75
:108AA000B610CBF8106003F0B5FD7601DAF800409F
:108AB000301AA04275DCC0F2EF800027DAF80830E7
:108AC0004B45C0F25181DAF804304B454ADDA3EB47
:108AD00009094C4500F38280DAF80C20022A00F0E4
:108AE0006581032A00F08181012A00F06F8118EE70
:108AF000100A594603F0DAFC5025109A0023284644
:108B0000136005B0BDEC028BBDE8F08F01EB810175
:108B100002EB4102A2F1100116F8012F18F8022011
:108B2000002AA4D0192AF1DDA1E7494901930122C5
:108B30002046FFF78DF9019B00286DD1617818F868
:108B40000120651C002A69D030292C4605D114F873
:108B5000013F302BFBD018F80320B2FA82F77F09CF
:108B6000012302E7012557B1DAF80C30022B5DD062
:108B7000032B5FD0012B00F0848045F01005109B83
:108B8000C3F800B0029B2846C3F8009005B0BDECC6
:108B9000028BBDE8F08F2E4602E70120AA78AE1CBA
:108BA00058E7061B3146584604F062F9074678B18B
:108BB000721E53110199012751F8231002F01F036F
:108BC00007FA03F30B4203D0BA4200F3E280022714
:108BD00031465846B144FFF751FE6FE709F1FF35C2
:108BE000002F40F0CE80002D40F0CD806B11019A17
:108BF00005F01F0552F823200123AB4013424946DC
:108C0000584618BF47F00207A4EB0904FFF736FEE9
:108C10000225DAF80490A6E72178254601F0DF0165
:108C2000502900F0BF80CBF8005027E7119BC3F11B
:108C300001031193119B002B9FD0DBF81070DDF81E
:108C40000480BA004346019208EB8700002107E048
:108C5000140A00206C1E0020984243F8041C3FD9DF
:108C60001E4653F8042BB2F1FF3FF5D00132022D1E
:108C7000326000F0BF8014F01F0440F0E78021252F
:108C80007DE7BA077FF579AF019B1B681F43FB07A0
:108C9000D3D472E7002081E7221A594618EE100A51
:108CA000A9EB020903F042FE00F11403834601938D
:108CB000002703E7727818F80200711C002800F002
:108CC000A0800D4611F8012F18F802000028F8D1F5
:108CD000751B4FEA85090E465DE60234002338E62F
:108CE000DBF808309F4280F28E803B460BEB83021C
:108CF00001210133022DCBF8103051617AD09F420F
:108D0000B9DA002B40F39B80DBF8142008EB8303D7
:108D10000BF1180083424FEA520240F2B180444600
:108D2000016842EAC17244F8042B50F8042B8342D4
:108D30004FEA5202F4D8A3EB0B03193B9B08013313
:108D400048F8232008EB8303002A40F09D80A3EB22
:108D5000080292104345CBF8102073D0DAF808309F
:108D600009F101094B458ADA18EE100A594603F059
:108D70009DFB109A00231360A32583E6019E002328
:108D800089E6012732E72946584604F071F807467C
:108D90002CE7B11E584604F06BF800283FF417AFDB
:108DA000032715E74FF0000901274AE6119A002A28
:108DB0007FF49DAE02990B60019B0122CBF810203D
:108DC0001A60109B6225C3F800B05BE64C457FF447
:108DD0008EAE012CEED0611E584604F049F80028F2
:108DE0003FF485AEDAF80430E4E7119A002A3FF444
:108DF0007EAEDFE7DAF80030013BA34234D0222513
:108E0000BDE60E46C7E5DBF8041018EE100A013186
:108E100003F026FB0646C8B3DBF8103002339A0095
:108E20000BF10C010C30F7F733FC594618EE100A21
:108E300003F03CFB06F114083369B34656E7002300
:108E4000CBF810300023CBF8143087E7019B434464
:108E5000C4F1200453F8040C03F0DCFBA042BFF67D
:108E60000EAFDBF810304CE7631104F01F0458F824
:108E700023200123A34013420CBF222521257EE697
:108E8000C8F8002043466AB1043360E7074B08483E
:108E90003246842104F06AFD044B05485A46E42119
:108EA00004F064FDCBF81020CCE700BFEC1D0020DF
:108EB000001E002010B4046809E014F8013FA3F17B
:108EC000410CBCF1190F98BF2033934209D111F81E
:108ED000012B002AF1D10134046001205DF8044B1C
:108EE000704700205DF8044B704700BF2DE9F04F3C
:108EF000096885B04B1111F01F01029002EB83034A
:108F0000039140F08F801D1F0193029B01991C6803
:108F1000002341F8043C61780134002900F0988076
:108F2000DFF87491A846AC469A461E460EE020290A
:108F300000F28C80564506DDC44501D2072B5BDD6F
:108F4000624551D3082314F8011FA1B119F801009B
:108F50000028ECD00133082B06F101063ADCDCF8DE
:108F60000010090100F00F000843CCF8000014F8CD
:108F7000011F0029EAD1002E6AD0C44501D2072B77
:108F800074DD624552D2111F634653F8040B41F859
:108F9000040FAB42F9D9A5EB0C0323F00303691CC2
:108FA00004330CF1010C614538BF04231344002144
:108FB00043F8041BAB42FBD9019B53F8043C2BB98B
:108FC000AA4249D055F8043D002BF9D0052005B040
:108FD000BDE8F08F6245B6D200234CF8043C194638
:108FE000ACF1040C0123BDE70023ACF104084CF8FC
:108FF000043CB246C446A6E7C3F10801DCF80030E1
:109000008900C1F1200E60469B46476807FA0EF3BF
:1090100043EA0B0327FA01FB036040F804BF404515
:10902000F3D38DE7191D01911D466EE7039B002BBD
:10903000C2D0039B0198C3F120014FF0FF33CB4016
:1090400050F8041C0B4040F8043CB8E7292909D02B
:10905000042005B0BDE8F08F012305202B6005B08A
:10906000BDE8F08F029901340C6084E7DCF8001051
:10907000C3F108039B00C3F12007644608466668F5
:1090800006FA07F1014326FA03F0216044F8040FC1
:109090004445F4D375E700BF6C1E002082B049B18F
:1090A0005AB16BB113780B601278101E18BF0120F3
:1090B00002B0704701A9002AF3D1104602B07047F0
:1090C0006FF00100F4E700BF000000002DE9F04F51
:1090D0002DED088BD1B00C460BEE101A904608937C
:1090E000834604F063F9036812931846FFF7AEF95C
:1090F00020AF1090082200213846FEF757FEA389C2
:109100001B0603D52369002B00F0558700239FED34
:10911000838B9FED849BCDE92533CDE91333CDE9D6
:10912000153327AA0E932492924611930493444632
:10913000A1467E4BD3F8E450FEF702FF4A460346B1
:109140001CA900975846A847002800F0B080C0F23C
:10915000A6801C9A252A034601D09944E9E7B9EB79
:109160000405064640F0A78000234FF0FF328DF83B
:1091700067309846069309F1010999F80030039287
:109180002B25202609F10109A3F120025A2A00F219
:10919000CF80DFE812F0E802CD00CD00E302CD0081
:1091A000CD00CD006A00CD00CD0005028402CD00C7
:1091B0001002C902CD00BD025B005B005B005B00DA
:1091C0005B005B005B005B005B00CD00CD00CD0071
:1091D000CD00CD00CD00CD005301CD0083011A029A
:1091E000530153015301CD00CD00CD00CD00150238
:1091F000CD00CD009602CD00CD00CD00AB01CD005D
:10920000AA02CD00CD00E306CD00CD00CD00CD00FB
:10921000CD00CD00CD00CD005301CD008301DE0196
:109220005301530153017702DE017F00CD00890213
:10923000CD005F02E0062F027F00CD00AB017C0075
:10924000B806CD00CD00BD06CD007C00A3F13002F4
:10925000002119F8013B01EB810102EB4101A3F16F
:109260003002092AF5D906918EE7584604F09EF897
:10927000436815931846FFF7E9F81690584604F02E
:1092800095F883681393169B002B40F02D8699F870
:10929000003077E799F8003048F0200872E708229C
:1092A00000213846FEF782FD0123994441E7B9EBDE
:1092B0000405064611D0269B2B442693259B01339B
:1092C000072BCAE9004525931CDC0AF1080A049B18
:1092D0002B440493002E7FF447AF269B002B41F0D4
:1092E0000B821BEE103AB3F90C3013F0400F049BC5
:1092F00018BF4FF0FF330493049851B0BDEC088BB6
:10930000BDE8F08F1BEE101A24AA584605F0A4FB06
:109310000028E6D10DF19C0AD9E700BF000000004B
:1093200000000000FFFFFFFFFFFFEF7F50940020D1
:109330000B93002BD1D00021CDE90C118DF8DC303E
:1093400001238DF8671002930791059303910F9104
:1093500037AC18F00203099302D0029B0233029348
:1093600018F084030A9305D1069B029A9D1A002DDA
:1093700000F36983269A89B125990DF167000131BF
:109380000132CAF8000007294FF00100269225910A
:10939000CAF8040000F3A2830AF1080A099B83B10A
:1093A000259B1AA901330232CAF80010072B4FF08F
:1093B000020126922593CAF8041000F3A3830AF150
:1093C000080A0A9B802B00F06C82039B05995D1AAA
:1093D000002D00F3A58218F4807F40F00D82059BDC
:1093E000CAF804301A44259BCAF800400133072B01
:1093F0002692259300F31B830AF1080A18F0040F44
:1094000005D0069B02995C1A002C00F38883049B0C
:10941000069902988142ACBF5B181B180493002A7E
:1094200040F0B08200232593079B1BB10799584653
:10943000FFF71EF90DF19C0A4C4679E60B93089B49
:10944000073323F00703B3EC028BB0EEC87BB4EE16
:10945000497BF1EE10FA089340F3E984B5EEC08B36
:10946000F1EE10FA01F159809DF86710AB4CAC4B4E
:1094700028F080080B9A472AC8BF1C460023CDE974
:109480000C33032207930292059203930F93002952
:109490003FF45FAF029B013302935AE7432B0B93D8
:1094A00003D018F0100F00F05D85089D0822002100
:1094B00022A837ACFEF77AFC22AB55F8042B2146E4
:1094C000584604F0CDF903460133059001F0EE82D1
:1094D000059B089523EAE37302930021CDE90C1163
:1094E0008DF86710079103910F9132E70B93089B5A
:1094F0001A4600238DF86730134653F8044B08933F
:10950000002C00F048850B9B532B00F0EC8618F0E4
:1095100010030C9340F0E786039B5D1C01F0E5808F
:109520000C991A46204604F021F90790002801F012
:109530002883079B1A1B05920C9B039322EAE27275
:109540000F930D93079373239DF8671002920B936B
:109550009DE718F0200F0B93089B3DD0073323F0B5
:1095600007031A4611465B6851F8082B0891194603
:10957000002BC0F20C84039B013300F09E8228F084
:10958000800052EA0103029040F09982039B002B75
:1095900040F09A82804600230393059350AC06E185
:1095A000089B53F8042B0692002A80F21984069A2D
:1095B00008935242069299F8003048F00408E1E519
:1095C00099F8003048F00808DCE548F0100818F079
:1095D000200F0B93089BC1D118F0100F40F00B84A3
:1095E00018F0400F00F0038433F9042B0893D117CF
:1095F0000B46BDE7089B48F00202029253F8042B89
:10960000089347F63003ADF868307820454B119346
:10961000002102230B900020039C8DF86700601C42
:1096200000F0AD80029820F0800852EA010040F07E
:10963000A480002C40F0AE86002BACD1029B13F02E
:109640000103059300F0D18330238DF83F310DF2F3
:109650003F14ACE018F0200F40F0D48318F0100F46
:1096600040F09F8618F0400F40F0978718F4007F75
:1096700000F09786089B049953F8042B0893117007
:109680004C4655E599F80030682B03BF99F8013036
:1096900048F4007809F1010948F0400872E599F8AA
:1096A00000308DF867506DE599F800306C2B03BFE2
:1096B00099F8013048F0200809F1010948F0100834
:1096C00060E50B9348F0100818F0200100F051837A
:1096D000089B073323F00703596853F8082B0893B6
:1096E00028F480630293002395E70B9348F010035E
:1096F0000293029B13F0200100F02983089B07339B
:1097000023F00703596853F8082B0893012382E7D5
:1097100099F8003048F0800834E500BF9C21002013
:10972000441A0020A4210020494611F8013B2A2BAD
:1097300001F04982A3F13002092A894698BF00212D
:1097400001F2448119F8013B01EB810102EB410177
:10975000A3F13002092AF5D9039115E599F80030F3
:1097600048F001080EE59DF86730002B7FF48FADBF
:1097700099F800308DF8676004E5CDF80880012B7A
:1097800000F09D81022B50AC20D1119802F00F0304
:109790001209C35C04F8013D42EA0172090952EA68
:1097A0000103F3D150AB1B1BDDF808800593059A2C
:1097B00003989DF8671082424FF00003B8BF02463D
:1097C000CDE90C33079302920F9360E602F0070392
:1097D000D20842EA4172C908303352EA01052046F4
:1097E00004F8013DF2D1029AD10700F14D8250AB4D
:1097F0001B1B90460593DAE70B9B652B40F3D48047
:10980000B5EE408BF1EE10FA40F0C181259BBA49CC
:10981000CAF80010013301320121072B269225934B
:10982000CAF8041000F351850AF1080A1B9B0E992F
:109830008B4280F2D082109B12991A44CAE900131D
:10984000259B26920133072B259300F397830AF17A
:10985000080A0E9B5C1E002C7FF7D0AD102C259BB8
:1098600040F36E851BEE106A102505E00AF1080A28
:10987000103C102C40F364850133A0491032072BB3
:10988000CAE90015CDE92532F0DD24AA3146584653
:1098900005F0E2F800287ED1DDE925320DF19C0AC1
:1098A000E6E7069B02995D1A002D7FF78EAD102D1D
:1098B000259B21DD099410261BEE104A04E0103D83
:1098C000102D0AF1080A16DD01338C491032072BDE
:1098D000CAE90016CDE92532F1DD24AA2146584611
:1098E0000DF19C0A05F0B8F8002854D1103D102D58
:1098F000DDE92532E8DC099C8049CAF804500133CF
:109900002A44072BCDE92532CAF8001000F326853A
:10991000039B05995D1A002D0AF1080A7FF75BADDC
:10992000102D259B1FDD514610261BEE10AA04E0CA
:10993000103D102D01F1080114DD01336F48103284
:10994000072BC1E90006CDE92532F1DD24AA5146F5
:10995000584605F081F8F0B9103D102DDDE92532AB
:1099600027A9EADC8A4601336449CAF804502A442C
:10997000072BCDE92532CAF8001000F3DA810AF18D
:10998000080A28E51BEE101A24AA584605F064F8C8
:1099900000283FF447AD079B002B3FF4A2AC07998A
:1099A0005846FEF765FE9CE40E9B012B40F37A813E
:1099B000259BCAF80040013301320121072B269272
:1099C0002593CAF8041000F3F8810AF1080A1099E7
:1099D000129801330A44072BCAE90001CDE9253268
:1099E00000F3DD810AF1080AB5EE408BF1EE10FAC2
:1099F00000F077810E990133013901340A44072BB5
:109A0000CAF800402593CAF80410269200F35B813F
:109A10000AF1080A1499CAF8041001330A44072B02
:109A20001EA9CDE92532CAF800107FF7E5AC1BEE80
:109A3000101A24AA584605F00FF80028ABD1269A30
:109A40000DF19C0ADAE4102DDDE925122C4E24DDFF
:109A5000179410231BEE104A084604E0103D102D09
:109A60000AF1080A17DD013010320728CAE900633D
:109A7000CDE92502F2DD24AA214658460DF19C0AC3
:109A800004F0EAFF002886D1103D102DDDE9250203
:109A90004FF01003E7DC179C014601312A440729E7
:109AA000CDE92512CAF80060CAF8045000F3BD835E
:109AB0009DF867100AF1080A5DE4CDF808800A2ACB
:109AC00071F1000380F0458330320123DDF8088016
:109AD0008DF83F2105930DF23F1468E61BEE101A36
:109AE00024AA584604F0B8FF00287FF454AF269A01
:109AF0000DF19C0A52E400BF808F0020B09000203E
:109B00004C3C00201BEE101A24AA584604F0A4FF77
:109B100000287FF440AF269A0DF19C0A51E4102CE6
:109B2000259BBE4E1FDD1BEE108A102504E0103C65
:109B3000102C0AF1080A16DD01331032072BCAE98E
:109B40000065CDE92532F2DD24AA414658460DF1E3
:109B50009C0A04F081FF00287FF41DAF103C102CFC
:109B6000DDE92532E8DC01332244072BCAE9006431
:109B7000CDE925327FF74BAC1BEE101A24AA5846CC
:109B800004F06AFF00287FF406AF269A3FE41B9991
:109B9000002940F35A830C9E0E9B9E42A8BF1E468E
:109BA000002E0BDD259B01333244072BCAE900460A
:109BB0002692259300F389860AF1080A0C9D002E4F
:109BC000A8BFAD1B002D00F303820C9B18F4806F1F
:109BD0002344059340F01F821B9B0E998B4203DBAD
:109BE00018F0010F00F0CF84109912980A44CAE9C6
:109BF00000012599269201310729259100F3A586B8
:109C00000AF1080A0E996518CC1A059BED1AA542AF
:109C1000A8BF2546002D0DDDCAF80030259BCAF8E7
:109C2000045001332A44072B2692259300F3BB8668
:109C30000AF1080A002DA8BF641B002C7FF7DEABD9
:109C4000102C259B40F37C831BEE106A102505E049
:109C50000AF1080A103C102C40F37283013370495A
:109C60001032072BCAE90015CDE92532F0DD24AA10
:109C70003146584604F0F0FE00287FF48CAEDDE952
:109C800025320DF19C0AE5E7302B3FF48BAD3023F4
:109C9000023804F8013C50AB1B1ADDF8088005932C
:109CA000044684E518F0010F7FF482AE259BCAF8C4
:109CB0000040013301320121072B26922593CAF877
:109CC00004107FF7A5AE1BEE101A24AA584604F024
:109CD000C3FE00287FF45FAEDDE925320DF19C0A5A
:109CE00098E60E994C1E002C7FF794AE102C40F392
:109CF00061831BEE106A102505E00AF1080A103C8A
:109D0000102C40F35783013345491032072BCAE921
:109D10000015CDE92532F0DD24AA3146584604F07D
:109D20009BFE00287FF437AEDDE925320DF19C0A59
:109D3000E5E71BEE101A24AA584604F08DFE002811
:109D40007FF429AE269A0DF19C0AFFF744BB029BD3
:109D500013F0100340F0C180029A12F0400200F0AC
:109D60007A83089850F8042B0890194692B2012380
:109D700051E418F0100355D118F0400200F05D8353
:109D8000089850F8042B0890194692B2A8E4524261
:109D900061EB4101CDF808802D2001233CE41BEE4E
:109DA000101A24AA584604F057FE00287FF4F3AD99
:109DB000DDE925320DF19C0A16E61BEE101A24AAE5
:109DC000584604F049FE00287FF4E5ADDDE9253270
:109DD0000DF19C0AFBE518F0010F3FF40FAB2AE5EB
:109DE000089399F80030FFF7CDB950ACDFE418F4D0
:109DF000007F40F0DB8353F8042B0893D1170B4608
:109E0000FFF7B6BB089B049853F8041B0893C217CE
:109E1000C1E900024C46FFF78BB900BF4C3C002063
:109E2000B0900020089B53F8042B089358E4B4EE3C
:109E3000488BF1EE10FA80F194860B9B612B00F0B9
:109E40005285412B00F0C085039B01330B9B23F00F
:109E5000200500F08084472D04D1039B002B08BF10
:109E60000123039318EE903A002B48F48072464683
:109E7000C0F21886B0EE48AB0023904609930793D2
:109E80000B9B413B252B00F29883DFE813F06F0416
:109E900096039603960368046C0496039603960350
:109EA00096039603960396039603960396039603EA
:109EB00096039603960396039603960396039603DA
:109EC00096039603960396039603960396039603CA
:109ED00096039603960368046C04089B53F8042BBE
:109EE00008930123FFF797BB139B002B3FF4CFA9E7
:109EF000139B1B78002B3FF4CAA999F8003048F453
:109F00008068FFF73FB90B93CDF80880FFF7F1BBEE
:109F10000B939A4B119318F0200100F00581089BD8
:109F2000073323F00703596853F8082B089318F0F8
:109F3000010F0AD052EA010307D00B9B8DF869305C
:109F4000302348F002088DF8683028F480630293CB
:109F50000223FFF760BB0B93FFF7B6BB0B93884B55
:109F60001193D8E7089B012153F8042B02918DF837
:109F7000DC200893059137ACFFF7AFBA1BEE101A3F
:109F800024AA584604F068FD00287FF404AD269A00
:109F90000DF19C0A5DE4039B0794062B224628BF23
:109FA000062303942146CDE90C22764C02930593B7
:109FB0000F92FFF76CBA40215846FBF7CBFF2060A9
:109FC0002061002800F00F8640236361FFF79EB8F0
:109FD000102D259B40F35D82514610261BEE10AAE2
:109FE00004E00831103D102D40F3528201336648E1
:109FF0001032072BC1E90006CDE92532F1DD24AA94
:10A000005146584604F028FD00287FF4C4ACDDE931
:10A01000253227A9E6E70E9BCDF82490E318039399
:10A020000D9BCDF82880139E059DDDF85890DDF836
:10A030003C800B941BEE101A5046002B34D0B8F124
:10A04000000F35D10D9B013B013E0D93159BC0E9DF
:10A050000039259B01334A44072B269225936CDC5B
:10A060000830039B96F800C05B1B6345A8BF63469E
:10A07000002B9A460CDD259C01341A44072CC0E9BC
:10A0800000532692259400F3778196F800C008309B
:10A09000BAF1000FACBFACEB0A046446002C0ADC3A
:10A0A00065440D9B002BCAD1B8F1000F00F0AC83C2
:10A0B00008F1FF38CAE7102CDDF894C024DD0595BF
:10A0C0004FF0100A63460D4604E0103C102C00F1DE
:10A0D000080016DD01332C491032072BC0E9001AA5
:10A0E000CDE92532F1DD24AA2946584604F0B4FC16
:10A0F00000287FF450AC103C102CDDE9253227A855
:10A10000E8DC2946059D9C460CF10103224444608D
:10A11000072B1D4C0460CDE9253200F3C68396F869
:10A1200000C008306544BCE718F0100300F0C2809E
:10A13000089B53F8042B0893F9E624AA5846059186
:10A1400004F08AFC00287FF426AC269A059927A8FB
:10A1500087E70298CDF81CA050AC00F48060002581
:10A160000AEE10BA094BDDF84CA0CDF81490A346C6
:10A170004FF00508AC46044610E000BFA4210020C3
:10A18000B8210020CC210020B0900020CDCCCCCC38
:10A190000A2A71F1000136D34A463146501840F17F
:10A1A0000000A3FB005626F0030505EB9605401BB7
:10A1B000151A4FF0CC3661F1000E06FB05F6A5FB33
:10A1C000039503FB0E6609F0010E2E44AEFB085EFC
:10A1D0002D184FEA590930350BF8015C49EAC67968
:10A1E0000CF1010C0BF1FF3B7608002CD0D09AF853
:10A1F00000008445CCD1BCF1FF0FC9D00A2A71F10F
:10A20000000180F08F815C4650AB1B1BDDF8149081
:10A21000CDF84CA01AEE10BADDF81CA0DDF80880CD
:10A22000CDF838C00593FFF7C2BA1BEE101A24AA66
:10A23000584604F011FC00287FF4ADAB9DF8671080
:10A24000269A0DF19C0AFFF796B8259BBE48CAF8DE
:10A250000000013301320120072B26922593CAF812
:10A26000040000F377810AF1080A002940F0AF806A
:10A270000E9908F001030B433FF4C0A8109B1299FC
:10A280001A44CAE90013259B26920133072B259314
:10A2900000F352820AF1080A0E99CAF8004001330D
:10A2A0000A44072BCDE92532CAF804107FF7A4A889
:10A2B000FFF7BDBB18F0400200F0DD80089850F8B1
:10A2C000042B0890194692B231E61BEE101A24AA0C
:10A2D000584604F0C1FB00287FF45DAB269A0DF1CF
:10A2E0009C0AFFF7A3BA22AE0822002130461D9433
:10A2F000FDF75CFD039B5A1C00F0DB800025CDF8C8
:10A300000890CDF81C809946A8460CE037A958461D
:10A3100003F0A6FA431C404400F0C883484508DC1B
:10A3200000F0188480461D9A525933460435002A9D
:10A33000ECD1CDF81480DDF80890DDF81C80C5E084
:10A3400001338249CAF804402244072BCAF800109E
:10A35000CDE925327FF750A8FFF769BB1BEE101A35
:10A3600024AA584604F078FB00287FF414AB269A00
:10A370000DF19C0AFFF729B824AA5846059104F06C
:10A380006BFB00287FF407AB96F800C0269A05996E
:10A3900027A87DE6012BCDF808807FF4F3A9FFF70D
:10A3A00093BB089B049953F8042B4C461160089307
:10A3B000FEF7BEBE01336549CAF804402244072BAC
:10A3C000CDE92532CAF800107FF722AB7BE4109B61
:10A3D00012981A44CAE90003259B26920133072BE1
:10A3E000259300F3A9810AF1080A0029BFF654AFAA
:10A3F0004D42103180F20F831BEE101A102605E03B
:10A400000AF1080A103D102D40F3058301334F482F
:10A410001032072BCAE90006CDE92532F0DD24AA67
:10A420005846039104F018FB00287FF4B4AADDE934
:10A43000253203990DF19C0AE4E7089B18F400719A
:10A440001ABF114653F8042B53F8042B089318BF76
:10A45000D2B2FFF745B9029B13F40071089B1ABFF3
:10A46000114653F8042B53F8042B089318BFD2B2AB
:10A470000123FFF7D0B8089B18F400711ABF1146EA
:10A4800053F8042B53F8042B089318BFD2B24EE5AF
:10A490008A4601332D49CAF804502A44072BCDE9D6
:10A4A0002532CAF8001000F339810AF1080AFFF7D3
:10A4B0008CBB0023194600961DAA584603F0F6F9F6
:10A4C00003460133059000F0F1821D94059B002B9B
:10A4D0004ED0632B00F318810023079337AC08227A
:10A4E00000213046FDF762FC059D00962B461DAA13
:10A4F0002146584603F0DAF9854240F07C83059AFC
:10A500000023A35422EAE272CDE90C339DF86710D0
:10A51000039302920F93FEF7BABF2D218DF86710B7
:10A52000FEF7A4BF169B1599ABEB030B1A465846D2
:10A53000FDF7D4FC9AF80120054B0AB10AF1010A93
:10A540004FF0000C28E600BF808F0020B090002064
:10A55000CDCCCCCC1BEE101A24AA584604F07CFAC1
:10A5600000287FF418AA1B99269A0DF19C0A7CE614
:10A57000059B9DF867100F93CDE90233CDE90C33AD
:10A580000793FEF784BF0E99059865182D1ACC1A0B
:10A59000A542A8BF2546FFF74DBB089B049953F879
:10A5A000042B089311804C46FEF7C2BD13F9042B0F
:10A5B0000893D1170B46FEF7DBBF039A022122ABAB
:10A5C00001931DAB009358461BABB0EE4A0B0292B1
:10A5D00003F088FB472D029A044600F06181462D66
:10A5E000104405D12378302B00F06F821B9A104461
:10A5F000B5EE40ABF1EE10FA40F0468103461B1B6E
:10A600000E93472D00F01081462D00F0B5811B9B65
:10A610000C930C9B412D03F1FF331B9300F0E5815C
:10A620009DF82C200021002BB8BF0C9B8DF87820C2
:10A63000BABFC3F101032D222B22092B8DF87920FB
:10A6400040F3DA810DF18F05DFF81CC42A4610466D
:10A650008CFB0321DA17C2EBA10202EB8201A3EB10
:10A660004101303100F8011C19466329134600F1FD
:10A67000FF32ECDC3033D9B2831E9D4202F8011C5C
:10A6800040F28B8213460DF17A0201E013F8011BB0
:10A6900002F8011B9D42F9D10DF191030DF17A02EF
:10A6A0001B1A13441EAA9B1A14930E9B149A012B77
:10A6B0001A44059240F30382059B109A13440593B4
:10A6C00026F48063059A43F480780023CDE90C33A7
:10A6D00022EAE2720F930292099B002B40F0B180B4
:10A6E0009DF867100393FEF7D2BE2046FDF7AEFE3D
:10A6F00002460590FEF720BF1BEE101A24AA58460A
:10A7000004F0AAF9FEF7EDBD591C5846FBF722FCF0
:10A710000446002800F0CA810790E0E61BEE101AFC
:10A7200024AA584604F098F900287FF434A9269A00
:10A730000DF19C0AFFF749BA1BEE101A24AA5846DD
:10A7400004F08AF900287FF426A9DDE925321B9957
:10A750000DF19C0A49E606230393FFF783BB039B95
:10A7600002215A1C2BE7039A032128E71BA8B0EE0D
:10A770004A0B03F0BFF8B4EE007B20EE070BB5EEFA
:10A78000400BF1EE10FA01D101231B93B348039B58
:10A79000B3EE005B013B224604E0B5EE400BF1EE68
:10A7A00010FA13D020EE050BFDEEC07BB3F1FF3F96
:10A7B00017EE901A415CB8EEE76B944630EE460B0C
:10A7C00002F8011B194603F1FF33E6D1B6EE006B28
:10A7D000B4EEC60BF1EE10FA00F34881B4EE460B6E
:10A7E000F1EE10FA04D117EE903ADB0700F13E814A
:10A7F000002906DB4B1C1344302102F8011B934255
:10A80000FBD1131B0E93FCE60B9C0E9BDDF82490F2
:10A81000DDF828801396E3189D42294628BF194683
:10A8200082460591FFF7D8B91B9B0C93DA1C02DB1B
:10A83000039A93420CDD0B9B023B0B9323F0200504
:10A84000E7E62D2100238DF867100393FEF722BE63
:10A850000C9B0E9A9342C0F2BD80F0070C9B40F116
:10A860003281109A13440593710503D50C9B002B7C
:10A8700000F33581059B23EAE373029367230B936F
:10A8800000230F930D9327E7229B8342BFF4B7AEBB
:10A8900030215A1C22921970229B9842F9D8AEE6B8
:10A8A000F30700F1A780229BA9E624AA5846059148
:10A8B00004F0D2F800287FF46EA896F800C0269A1B
:10A8C000059927A86544FFF7ECBB1BEE101A24AAD4
:10A8D000584604F0C1F800287FF45DA8269A0DF1CF
:10A8E0009C0AFFF76BB978238DF8693030238DF817
:10A8F0006830039B632B48F0020600F3A680002318
:10A90000079337AC18EE903A002B48F481782BDB94
:10A91000B0EE48AB0B9B23F02005002309930B9B63
:10A92000612B7FF4ADAAB0EE4A0B1BA802F0E2FF48
:10A93000B4EE007B20EE070BB5EE400BF1EE10FA03
:10A9400001D101231B93464821E71BEE101A24AACC
:10A95000584604F081F800287FF41DA81B9B269A16
:10A960000DF19C0AFFF74EB90B9B23F020052D2318
:10A970000993B1EE48ABD2E71B9A0C92002A06F07D
:10A98000010340F30D8103990B4340F0CF800C9BF2
:10A99000059366230B93720500F1A380059B23EAC0
:10A9A000E37302936CE71BEE101A24AA584604F0D6
:10A9B00053F800287EF4EFAF1B9C0E9B269A1C1BBD
:10A9C0000DF19C0AFFF736B958238DE70022039258
:10A9D000FEF7DABB0E9B109A9A180C9B0592002B7F
:10A9E00040F3AB8067230B93D5E70B9A0F32D2B2BB
:10A9F000012118E6A018FBE5002940F0A8803022CC
:10AA00008DF87A200DF17B02303302F8013B1EAB4A
:10AA1000D31A149349E601331249CAF804502A4460
:10AA2000072BCDE92532CAF800107FF733AC1BEEB7
:10AA3000101A24AA584604F00FF800287EF4ABAF91
:10AA4000DDE925320DF19C0A26E4591C5846FBF736
:10AA500081FA044650B3079054E700BFB8210020A4
:10AA6000A4210020B090002067666666CDF888C0FB
:10AA700012F8011C90F80FC0614513460AD14FF03F
:10AA8000300E03F801EC229B591E229113F8011C91
:10AA90008C45F6D0392916BF0131817AC9B203F845
:10AAA000011CAEE600239046079360E71BEE102AD8
:10AAB000B2F90C3043F040039381FEF716BCF50762
:10AAC0007FF5FEADF8E50593CEE6B5EE40ABF1EED1
:10AAD00010FA3FF48BADC2F101021B9287E56723A8
:10AAE0000B9313990B78FF2B79D000250C9A2846ED
:10AAF00003E001300131FF2B08D0934206DAD21A6D
:10AB00004B78002BF5D10B780135F4E70C921391BB
:10AB10000D900F950F9A0D9B16991344059A01FB02
:10AB20000323059323EAE3730293D5E5109BD3181F
:10AB30001944662305910B932DE7C3F101031A44D1
:10AB400022EAE2730293672305920B9398E60DF1D4
:10AB50007A0259E7039BDDF80890DDF81C80059325
:10AB6000B4E418EE903A002BB4BF2D219DF8671085
:10AB7000254C264BB8BF8DF8671028F08008FEF7EB
:10AB800079BC039B0293059373239DF86710039090
:10AB90000F900D900B93FEF77ABC0223149384E57B
:10ABA000039A134305D10123662202930B92059366
:10ABB00066E6109B01331A4422EAE273029366238D
:10ABC00005920B935CE6089A99F80130894652F891
:10ABD000041B089241EAE1710391FEF7D3BA002306
:10ABE0000F930D9396E70C23CBF800304FF0FF3313
:10ABF0000493FEF781BB1BEE102A938943F04003B8
:10AC00009381FEF7C8BE00BFA0210020401A00209B
:10AC10002DE9F04F2DED028BADF5377D8B46B1F967
:10AC20000C1002AF8C048146FA643B6309D4DBF854
:10AC3000643041F4005123F40053ABF80C10CBF80E
:10AC4000643000231C460822194607F15800FB62B5
:10AC5000A246FDF7ABF83C647C62BC637C64834B2A
:10AC6000D3F8E440FDF76CF907F15802034600926F
:10AC700007F15401FA6C4846A047051EFB6C33DB14
:10AC80002B44FB647B6D2E46002B00F0B680012D1B
:10AC900038D0252B40D0002DE1D0FB6C9E1BDBF87B
:10ACA0000430741E002B40F39880DBF8001094F8F9
:10ACB00001C091F800E0A31C0AEB0300E64501F196
:10ACC0000101A3EB060204F10104A0EB060040F031
:10ACD0009480DBF80430CBF80010013BAA42CBF89B
:10ACE0000430DFDB8246BAE70133FB6408224FF60B
:10ACF000FD73002107F158007B65FDF757F87B6D68
:10AD0000002B7AD05A4EF25C100700F11C85252BDF
:10AD100040F0868001252E46F86C00240278A0467B
:10AD2000A2F12503411C552B67D8DFE813F00A0771
:10AD30006600660066006600010766006600660041
:10AD4000660066000C060C060C060C060C060C06CB
:10AD50000C060C060C060C06660066006600660013
:10AD6000660066006600180666008E04C9041806B0
:10AD70001806180666006600660066008200660017
:10AD80006600BF0466006600660089006600660013
:10AD9000660066006B0666006600DD0666006600FB
:10ADA000660066006600180666009004CB0418066C
:10ADB00018061806BE06D20682006600E706F306ED
:10ADC000AC06C104DA06660066008B007D00CA0688
:10ADD000660066006B0666007D005946484603F033
:10ADE000FBFE00283FF461AF7B6C002B01F052802A
:10ADF000BBF80C305A0601F14D803B6C43B13B6C03
:10AE0000D3F80080B8F1000F02D04046FBF79AF863
:10AE1000786C07F53577BD46BDEC028BBDE8F08F49
:10AE2000FB6C01255E1E3AE72307E6D1427808460F
:10AE300076E72207E1D1427844F0020408466FE742
:10AE400044F00104F9640225DBF80430002B40F3E0
:10AE50000884600640F10F846B1E032B01F2EB8027
:10AE6000DFE813F07B02F1014B0108005094002051
:10AE700001200020484602F099FA03683B6208F17D
:10AE8000FF33B3F5AE7F40F25A856FF4AE7508EB31
:10AE900005033B6140F25D18002607F5B87308EE24
:10AEA000109AC7E90566FE637E63FE61BE6444F4E2
:10AEB000F064BB621D464646DBF800100A78A2F13A
:10AEC0002B034E2B50D8DFE813F07E034F007E0398
:10AED0004F004F00A300A600A600A600A600A600F3
:10AEE000A600A600A600A6004F004F004F004F008E
:10AEF0004F004F004F0074030B030B030B039E0323
:10AF000094034F004F0084034F004F004F004F0049
:10AF10005D034F003A034F004F004F0033034F00D3
:10AF20004F004F001E036D034F004F004F004F00B6
:10AF30004F004F004F0074030B030B030B039E03E2
:10AF400094034F004F0084034F004F004F004F0009
:10AF50005D034F003A034F004F004F0033034F0093
:10AF60004F004F001E036D03A0056FD5386A0378AC
:10AF700093426BD1C7E902457E60814618EE106AA4
:10AF80004FF000085C4607E0216091F800E099F876
:10AF9000000086451CD1DA4619F8010F45460AF132
:10AFA000010B013108F10108002800F06486606897
:10AFB000013800286060E7DC2146304603F00CFED3
:10AFC00030B9216899F8000091F800E08645E2D098
:10AFD000A3463A6ABC683D612B46B146BE6CFD682B
:10AFE000BD6401335D4602EB0308B34626461446B2
:10AFF00018F8011D2A46484603F0AEFD4445F7D136
:10B000003B693446AAEB030A5E46AB46BD6C20E0C2
:10B01000E00500F10185BB6CF96BD94216D124F42F
:10B02000C07405F8012B013EDBF80430013B002B16
:10B030000AF1010ACBF8043040F36F83DBF80030EB
:10B040000133CBF80030002E7FF436AFBE6C18EE23
:10B05000109A7B6B002B40F0DC82FB6B013B012BD9
:10B0600041F21680731E062B40F22786E3051BD59E
:10B07000660501F1B58015F8011C652905F1FF335E
:10B080000AF1FF360AD0452908D05A46484603F04F
:10B0900063FD15F8021CAAF10206AB1E5A4648468B
:10B0A000B2461D4603F058FD14F010027FF4D7ADF0
:10B0B00004F4C063B3F5806F2A7000F0D284BB69DA
:10B0C000002B40F02C874846B96A0022FCF772FB3F
:10B0D000E0073B6B00F1C985A10700F1C685B4EE1E
:10B0E000400BF1EE10FA53F8044B80F1F486B7EE02
:10B0F000C00B3B6384ED000AA2E308F1FF33B3F514
:10B10000AE7F40F2A2836FF4AE7208EB0203FB63E2
:10B1100040F25D1807F5B8730022BE6BBB6259465A
:10B1200044F45864D3461D4692460A681078A0F14C
:10B130002B034D2B60D8DFE813F082025F00820200
:10B140005F005F00CD02E001E001E001E001E0010D
:10B15000E001E0016F026F025F005F005F005F00CF
:10B160005F005F005F004E004E004E004E004E003C
:10B170004E005F005F005F005F005F005F005F00E8
:10B180005F005F005F005F005F005F005F005F00C7
:10B190005F005F0076025F005F005F005F005F009E
:10B1A0005F005F005F004E004E004E004E004E00FC
:10B1B0004E005F005F005F005F005F005F005F00A8
:10B1C0005F005F005F005F005F005F005F005F0087
:10B1D0005F005F0076020A2E0EDD24F438644B68AF
:10B1E00005F8010B013B002B4B6040F38D820132CF
:10B1F0000A60B8F1010898D1E005D046BE63DA468E
:10B200008B4607D5BB6A9D4200F22284BB6A9D42F1
:10B210003FF4F3AD14F0100210D1B96ABB6BFE6AB3
:10B220002A704846B047A10640F108843B6B53F8AA
:10B23000042B10603B637B6C01337B64BB6AED1AAB
:10B240004544AA440BE5B8F1000F08BF4FF0FF38A2
:10B25000E00740F1958214F010037B6340F07484A2
:10B26000210640F166863C6B54F8043BFB63002BDF
:10B270003FF4C3AD8020FAF75DFEB864002800F00B
:10B280007887FB6BBA6C1A603A6CD58893889D42BC
:10B2900080F052851068FB6B40F825303B6C3C63B6
:10B2A0000135DD80BB6CBB6220233B62DBF80030E4
:10B2B000B14E1B78F35C13F0080340F0BB847C6A4A
:10B2C0007E621D46FCF73CFEA8423FF48DADDBE9F3
:10B2D000003207F5B87013F8011B4155013A032CF1
:10B2E000CBE9003205F1010507F1680602D13368A8
:10B2F000042B04D0082200213046FCF757FD07F547
:10B30000B872B96C00962B46484602F07FFA421C90
:10B3100004463FF469AD002840F07884BB6C1860A7
:10B3200002F0D0FA002840F05C86AA4408F1FF3809
:10B330007B6B002B40F03386BB6CFA6B0433BB6431
:10B34000002A00F02C86BA6A9D1A3B6AB3EBA50F5F
:10B3500040F256877D6B00F05CBCB8F1000F08BF6F
:10B360004FF0FF38E00740F17B8214F01003BB621E
:10B3700040F0F383210640F1ED853E6B56F8043B27
:10B380003B62002B3FF439AD8020FAF7D3FD044631
:10B39000002800F0EE863B6A3A6C1860D5889388E6
:10B3A0009D4280F0DD8410683B6A40F825303B6C9C
:10B3B0003E630135DD802023FC61BB617E6AC7F8F6
:10B3C0003CA00025C246A046FCF7BAFDA8423FF4C7
:10B3D0000BADDBE9003213F8011B013A07F5B87039
:10B3E000CBE90032032E05F101034155BB6407F19F
:10B3F000600402D12368042B04D0082200212046D7
:10B40000FCF7D4FC07F5B872BB6C00944146484683
:10B4100002F0FCF9421C06463FF4E6AC002840F07E
:10B42000CA82C8F80000054607F168030822002117
:10B4300018467B63FCF7BAFC50497B6BD1F8E010EF
:10B440002A4648460D4607F15001A847012800F05A
:10B45000D583002207F170039B5C002B00F0A185CF
:10B46000FB6BBA6C032E1344FB6300F0CA830AF132
:10B47000FF3ABB6A5BB93B6A08F104083BB1FB6960
:10B48000A8EB0304BB69B3EBA40F40F20584DBF81F
:10B490000430002B4FF0000540F39682BAF1000F04
:10B4A00092D1D7F83CA07E624446BB6A002B7FF461
:10B4B000D6AB23603B6A002B00F0C281FB69BA69FE
:10B4C000E11A8B1001339A4240F2BA813C6A04318E
:10B4D0002068FAF7FBFF002800F0B2812060AFE19E
:10B4E00021057FF5B3ADFB6BB96C5B187FF4AEAD96
:10B4F000BB6424F4C074FB6393E5214B24F43864EB
:10B5000033F916606BE604F41863B3F5807F7FF4BB
:10B510009DAD7B6B012B7FF499AD302305F8013B8A
:10B5200024F48074002344F40064013E7B6378E5D6
:10B53000BB6C062B40F074850723BB6471E52305C3
:10B540007FF584AD04F4A063B3F5806F05D0610589
:10B550007FF57CAD7B6B002B47D0A30504D47B6BC0
:10B56000F9695B1AC7E9055324F47864002344F4AD
:10B57000C0747B6355E500BF01200020509400207B
:10B58000283C0020FB6B002B00F0FF81FB6B022BA3
:10B5900000F0B083BB6C012B00F0F181042B00F0B4
:10B5A000EE8153E5BB6C072B40F03A850823BB6462
:10B5B00037E5200500F1F981FB6B012B7FF446ADE7
:10B5C0000223FB632DE523067FF540AD24F08004C4
:10B5D00027E5BB6C002B40F0CC817B6BB3B904F446
:10B5E000E063B3F5E06F00F02085BE6C18EE109AB2
:10B5F00033E5210500F1B781BB6C022B40F01085CB
:10B600000323BB640DE520059CD56CE7BE6C18EEEA
:10B61000109A24F4807420E58D4B33F91660082EBF
:10B620003FF7DBADE8E504F4C063B3F5007F7FF4DA
:10B63000E3AD24F4007444F4A0641026CFE523069F
:10B640007FF5DAAD24F08004C9E544F00104DBF8AD
:10B650000430F964002B44F040044FF000053FF73C
:10B66000F8AB5946484603F0B7FA00287FF4BCAB64
:10B6700060063FF5F1ABDBF80020764E1378F35C03
:10B6800019077FF5E9ABDBF80430013B002B0AF129
:10B69000010ACBF8043002F101024ADDCBF80020A8
:10B6A0001378F35C19077FF5D7ABECE744F001049E
:10B6B000694BFB620823F964BB630325FFF7C4BB36
:10B6C00044F00104654BFB620A23F964BB63032564
:10B6D000FFF7BABB23057FF582AD16B944F40074B9
:10B6E0000826630500F1A681FB6B24F460741BB18E
:10B6F000013BFB6308F101084B68013B002B0AF199
:10B70000010A4B603FF773AD4846B96403F064FA31
:10B71000B96C00283FF46DAD6EE518EE100A59467D
:10B7200003F05AFA00287FF491AC002E7FF4C4ABEA
:10B730008CE45946484603F04FFA00287FF454AB96
:10B74000DBF800209AE7DBF804200FE0DBF800309C
:10B750001A78B25C110703F101037FF580AADBF8C8
:10B760000420013ACBE900320AF1010A002AEDDC9B
:10B770005946484603F030FA0028E7D0FFF76FBA81
:10B78000E10600F1498314F0800400F0AB833C6BC8
:10B7900054F8046BBE64002E3FF42FAB2020FAF760
:10B7A000C9FB0546002800F062843A6C306093883B
:10B7B000D6889E4280F0A8821068BB6C40F8263084
:10B7C0003B6C3C630136DE802023FB63DBF800200A
:10B7D000204E1178715C080700F1AC8233462C468C
:10B7E00010462E46DBF80410BA6C0139CBF8041071
:10B7F000411CCBF800103546017805F8011B22B139
:10B80000FA6B2E1B964280F07A83B8F101080BD0B8
:10B81000DBF8041000292E4640F3AE83DBF800006D
:10B820000178595C0907DDD5291B8A4401314FF0A5
:10B8300000032B70BB6C1BB1FB6B8B4200F294833B
:10B840007B6C01337B64FFF70ABA0023FB6361E47E
:10B85000283C00200120002099B101003959010045
:10B86000E60600F1818114F0800400F06D833C6BEA
:10B8700054F8046BBE64002E3FF4BFAA2020FAF7F0
:10B8800059FB0546002800F0F2833A6C306093883B
:10B89000D6889E4280F07A821068BB6C40F82630D1
:10B8A0003B6C3C630136DE802024DBF8002007F18E
:10B8B000700319461378CB5C002B3FF49EAA08EE68
:10B8C000109AD7F84890C7F83CA02E46A2461046DA
:10B8D0000C46DBF80410431C0139CBE90031294642
:10B8E000007801F8010BB9F1000F02D08D1B55450E
:10B8F0007AD20D46B8F101080AD0DBF8041000290D
:10B9000040F36A81DBF800000178615C0029E0D136
:10B91000544618EE109AD7F83CA0AE1B3FF46DAA1F
:10B920004FF000032B70BB6C1BB1711C8C4200F2FA
:10B930002D837B6C0133B2447B64FFF790B9002305
:10B940003B61FFF7A9BA14F08F0F7FF456AA08EBFA
:10B95000880802EB4808A8F13008FFF767BAF964D5
:10B960000425FFF771BAFB6BB96C5B187FF444AE2A
:10B97000BEE5BB6C032B02D0052B7FF467ABBB6C21
:10B980000133DBB2BB64FFF74CBB7B6B002B7FF456
:10B9900001AE04F4E063B3F5E06F7FF4FBAD012387
:10B9A00024F4F064FB63FFF73CBBFB6BB96C5B18E2
:10B9B0007FF402AE9CE5831C40F05B84DBF804302E
:10B9C000BD6C002B3FF700AD5946484603F004F923
:10B9D00000283FF463ADD7F83CA07E624446002DBA
:10B9E0003FF463ADFFF700BA4FEA4A0A30465146CA
:10B9F000FAF76CFD0646002800F039830544C9F8C3
:10BA0000000077E744F40074BC4BFB621023F96438
:10BA1000BB630325FFF718BA7B6B01337B633B697C
:10BA200024F08004002B3FF4FEAA3B69013B3B61FC
:10BA3000FFF7FABA24F4B064FFF7D1BB220740F154
:10BA4000C7813B6B53F8042B3B631070FFF7F3BBCC
:10BA500015F8011C5A464846013D03F07DF8FFF7F2
:10BA6000D5BBFB697A6B93423FF42DAB9A1A07F270
:10BA7000C3239D4228BF07F2C225A149284601F0F1
:10BA800035FCFFF720BBE20600F13181230700F10E
:10BA9000BA81660740F1B4823B6BF96453F8042B1A
:10BAA0003B63A2F800A0FFF7DAB823077FF4A5A94B
:10BAB0004278682A00F0868144F004040846FFF7C3
:10BAC0002FB98E4BFB620A23F964BB630325FFF792
:10BAD000BBB98C4BFB620023F964BB630325FFF702
:10BAE000B3B944F408748FE707F1700001F056FA17
:10BAF00044F04004F8640125FFF7A6B922077FF45B
:10BB00007CA942786C2A00F0578144F00104084671
:10BB1000FFF706B914F08F037FF46FA93A6C002A7F
:10BB200000F0E781427844F080040846FFF7F8B857
:10BB300058EA04087FF461A9427810240846FFF708
:10BB4000EFB8F964FFF7A7B800233B62BB62FB6361
:10BB500007F15403BB64FFF7A9BB0023C7E9063311
:10BB60003B6207F1540429E4DBF8003007F170026E
:10BB700011461A788A5C002A3FF43FA90133CBF8BA
:10BB80000030DBF80430B8F1010F03F1FF33CBF8DC
:10BB9000043018BF0C4614D1FFF753BBDBF800305C
:10BBA0001A78A25C0133002A3FF44BABCBF800308B
:10BBB000DBF804300135013B4545CBF804303FF458
:10BBC00040AB002BEADC5946484603F005F8002854
:10BBD000E4D0AA44FFF743B818EE100A594602F021
:10BBE000FBFF00283FF48EAEB542544618EE109A83
:10BBF000D7F83CA07FF491AEFFF7F6B897F8502045
:10BC000028E42368042B7FF432AC32E4831C40F038
:10BC10003983DBF80430002B40F3D781DBF80030A8
:10BC20007A6A1B78D35C180703D4B8F1000F7FF44D
:10BC300049AB7C627B6B002B7FF411A8BA6C13605C
:10BC4000FB6B002B3FF4FCADBB6AD11A8B103A6A38
:10BC500001339A427FF6F4ADFC6B04312068FAF7A9
:10BC600035FC00287FF43AACEAE553F8042B82ED6A
:10BC7000000B3B63E4E5FD68396A7E68284642466E
:10BC8000A346BC6801F060FB7B6BFB6124F420746D
:10BC9000013E0546FFF7C8B9F869D9001D46FAF715
:10BCA00015FCF861002800F064823A6A6B0000EB32
:10BCB00004081060BB61FFF7EABB022E40F2C482A9
:10BCC000032E3FF4D3A9043E5FFA86F86FEA080317
:10BCD000EE1815F8011D5A46484602F03DFFAE42E7
:10BCE000F7D10AF1FF3AAAEB080AFFF7BFB9F964E6
:10BCF000FEF7B5BF0323FB63FFF793B999B10100CA
:10BD0000D01F0020395901004FF6F672934200F21D
:10BD100097823A6C08339BB21068F86399007B6392
:10BD2000FAF7D4FB002800F07B823A6C7B6B93809F
:10BD3000106042E501217AE54FF6F672934200F277
:10BD4000938208339EB23B6CB1001868FAF7BEFBD1
:10BD50003B6C002800F03E829E801860FFF79BBA83
:10BD60004FF6F672934200F27F823A6C08339BB230
:10BD700099001068BB64FAF7A9FBBB6C002800F0BF
:10BD800028823A6C93801060FFF70EBB4FF6F67274
:10BD9000934200F255823A6C08339BB21068F86304
:10BDA00099007B63FAF792FB002800F039823A6C25
:10BDB0007B6B9380106070E5827844F0020402305F
:10BDC000FEF7AEBF827844F008040230FEF7A8BF49
:10BDD000630758D414F001027FF428AAA6077FF560
:10BDE00025AAB34BF96A99424846BB6BB96A00F081
:10BDF0003D8201F0E7FB3B6B53F8042B3B63C2E948
:10BE00000001FFF718BA3B6BF96453F8042B3B634E
:10BE100082F800A0FEF723BFDBF80030A54E1A78A9
:10BE2000B25C12073EF51BAF0133CBF80030DBF8F4
:10BE30000430B8F1010F03F1FF33CBF8043008BF31
:10BE40000AF1010A3EF40BAF012411E0DBF80030E7
:10BE50001A78B25C150703F1010311D4CBF8003056
:10BE6000DBF804300134013B4445CBF8043007D003
:10BE7000002BEBDC5946484602F0AEFE0028E5D028
:10BE8000A244FEF7ECBE3B6B53F8042B3B631080DF
:10BE9000FFF7D1B93B6C002B00F06E813B6CD3F8FF
:10BEA0000080DE8876B10024A8F10405A14655F88B
:10BEB000043F1868FAF746F801342B68A642C3F825
:10BEC0000090F4D14FF0FF337B64B8F1000F7EF4A3
:10BED0009CAFFEF79DBF78483B63FCF773FB84ED96
:10BEE000000AADE43A6BFC6352F8045B3A63BC644D
:10BEF0006CE482B0CDE9023302AB3B6412E67B63B3
:10BF0000530020461946FB63FAF7E0FA044600287E
:10BF100000F0AD80BB6C851918607B6B75E47D69A2
:10BF200029460A2301314846FBF7ECFCBB69C21ADB
:10BF30009DE5D7E90C3253F8041B3A62B9643B63C0
:10BF4000BA62FA63FFF7B2B93B6BBC6453F8045BA7
:10BF50003B63AAE43B6BBA6A53F8044BBA61C7E986
:10BF600007223B63FFF72ABABC6C2068FAF7AEFAE7
:10BF700000287FF4B3AA63E4594648467B6302F085
:10BF80002BFE7B6B00283FF449AC4DE418681C463F
:10BF9000FAF79CFA00283FF4CCAC2060C9E40025F5
:10BFA00037E6BD6CD7F83CA07E624446002D3FF4D6
:10BFB0007CAA013D07F5B8735A46595D484602F020
:10BFC000CBFD002DF5D1FFF770BA5946484602F077
:10BFD00003FE00283FF422AE7C62002D7EF404AF05
:10BFE00028E67C62002D3FF425AE013D07F5B873CD
:10BFF0005A46595D484602F0AFFD002DF5D119E6CD
:10C00000E5073CD4A4073AD53B6BF96453F8042BFD
:10C010003B634FEAEA73C2F800A05360FEF71FBE0D
:10C0200018EE109A1E46FFF714B8012324F4F064AA
:10C03000BB64FEF7F6BFB8F1010F38BF4FF001083F
:10C0400014F001033AD1E50600F13681240640F1EF
:10C050004C813B6B53F8045BBB64002D3EF4CDAECA
:10C060004046F9F767FF0346002840F0DC803B6C50
:10C07000002B00F08180D3F80080DE8812E73B6B54
:10C08000F96453F8042BC2F800A03B63FEF7E7BD48
:10C090002B46BD6AAB427EF6B0AE1C4614F8011DBD
:10C0A0005A46484602F058FDAC42F7D1FEF7A5BE0D
:10C0B00099B1010001200020B409002014F0100300
:10C0C0007B635ED00025FD63BD642E4600244B4695
:10C0D000C146A84625461C46FBF732FFA8423EF45F
:10C0E00083AEDBE9003213F8011B013ACBE90032E1
:10C0F0007A6A07F5B870032A415505F1010307F183
:10C10000680502D12A68042A06D0082200212846A0
:10C11000BB62FBF74BFEBB6A009507F5B872314670
:10C120002046BB6201F072FB431C78623EF45CAEB9
:10C13000BB6A002840F047817A6B02B932609A44AA
:10C1400009F1FF397B6B002B40F07581BB6C002B34
:10C1500000F07081FB6BF51AB8EBA50F00F26A8155
:10C1600018464FEAC801FAF7B1F9F863002840F021
:10C170005C813B6C002B2DD14FF0FF337B64FEF7CD
:10C1800047BE220640F18F803C6B54F8043BBB64F1
:10C19000002B3EF432AE8020F9F7CCFE0646002894
:10C1A000E7D0BB6C18603B6CDD889A889542C0F084
:10C1B000B3804FF6F6718A4256D8083293B23A6C81
:10C1C000FB6399001068FAF781F9FB6B002840F0D7
:10C1D000AE803B6CDB883A6C1E46D2F8008061E68C
:10C1E0002B46BD6AAB427EF608AE1C4614F8011D14
:10C1F0005A46484602F0B0FCAC42F7D1FEF7FDBD0E
:10C200001046D9001E46FAF761F9B8620028B0D08E
:10C210004219BA64FA6B7D6B106073003B62F8E4FC
:10C22000D7F83C803EE6396C2860CE888A889642F2
:10C23000C0F08E804FF6F6718A42386340F2A580D6
:10C240003B6CD3F800802DE6BA6A95427EF6D5ADF8
:10C250002C46BD6A14F8011D5A46484602F07CFC83
:10C26000AC42F7D1FEF7C9BD2B46B4E701F07AFA2C
:10C27000C1E5D8F800301D4601337FF4D5A82A4621
:10C28000FFF7E8B8BB6C186801F01CFB00287FF4CE
:10C29000A8AE032CAA447FF449A83368042B7FF48A
:10C2A00045A8FFF745B8D7E90C3253F8046B3B6358
:10C2B0001546FA63BA6409E71C46DBF80430984572
:10C2C00039DDDBF800201A44CBF8002059464846F7
:10C2D0001C44A8EB030802F07FFC0028EDD0002CE2
:10C2E0003EF482ADA244FEF7BABC3D6B43462968DA
:10C2F000CDF800B00122484602F08CFC044600282C
:10C300003EF472AD0435BD647B6C01337B64BB6C61
:10C310003B63A244FEF7A3BC1868BB6C40F8253011
:10C320003B6C3C630135DD80FE632025CEE63A6C34
:10C3300093801060F1E7A3EB0803CBF80430DBF83F
:10C34000003044444344CBF80030A244FEF787BC9D
:10C350000A68FA63FA6B42F826503A6C0136B6B2B4
:10C36000D6801946CDF800B043460122484602F077
:10C3700051FC0446D8B18045C6D928682146FAF751
:10C38000A5F80028C0D02860BEE73B6C083294B204
:10C390001A687A631046A100FAF798F87A6BF86386
:10C3A00000285BD03B6C9C8018603B6BD2E77B6CB9
:10C3B000D7F83C80002B3FF475ADBBF80C305B0622
:10C3C0007EF51DAD6AE57A6A02321DD1DBF80420E4
:10C3D000002A1D463FF780AE5946204602F0FCFB7E
:10C3E000E0B9B9F1000F7FF477AE4546A146BB6CCA
:10C3F00023B1FB6BF11AB5EBA10F27D87B6B002B98
:10C400007EF42DACFFF71CBA9A447B6A032B7FF4B1
:10C4100097AE2B68042B7FF493AE93E6A1462C468F
:10C420004546002CE3D0FEF7DFBCBA6C461910601D
:10C430004FEA48080436DBF80430002B4FF00005C3
:10C44000CADDB9F1000F7FF447AECEE7BC6C2068BF
:10C45000FAF73CF80028D1D02060CFE7904621E5DC
:10C46000436C70B505460C464BB153F8240080B1BF
:10C47000026843F824200023C0E9033370BD212261
:10C48000042101F05FFB034668640028EDD1002021
:10C4900070BD012101FA04F6721D9200284601F0D8
:10C4A00051FB0028F3D0C0E90146E4E731B1436C09
:10C4B0004A6853F82200086043F82210704700BF12
:10C4C0002DE9F0410E6980460F461D4601F1140E1C
:10C4D0000020DEF800108CB202FB0453090C4FEA76
:10C4E000134C02FB01CC01309CB204EB0C4486429D
:10C4F0004EF8044B4FEA1C45EBDC3DB1BB68B34240
:10C5000007DD07EB860301365D613E613846BDE815
:10C51000F081796840460131FFF7A2FF0446B0B1CF
:10C520003A69023207F10C0192000C30F4F7B0F8CE
:10C53000D8F844307A6853F82210396043F82270F2
:10C54000274607EB860301365D613E61DEE7034B5C
:10C5500003482246BA2101F009FA00BFEC1D002071
:10C560006C1F00202DE9F8431746274A1E46083362
:10C570000C46092E82FB03124FEAE3730546C3EB18
:10C58000620339DD4FF0010C00214FEA4C0C63458A
:10C5900001F10101F9DC2846FFF762FF014668B3AB
:10C5A000089B4361092F4FF00103036112DC0A3439
:10C5B0000927BE420BDDF21BA61814F8013B0A2224
:10C5C000303B2846FFF77CFFA6420146F5D10846DE
:10C5D000BDE8F88304F10909C8463C4418F8013B5A
:10C5E0000A22303B2846FFF76BFFA0450146F5D1F4
:10C5F000A7F108044C44DCE70021CCE70A46034BD2
:10C600000348D32101F0B2F9398EE338EC1D002044
:10C610006C1F0020030C1B04D3B90004102310F07E
:10C620007F4F04BF0002083310F0704F04BF0001B9
:10C63000043310F0404F04BF80000233002805DBB4
:10C6400010F0804F03F1010308BF20231846704704
:10C650000023E4E7036813F0070208D0D9071FD4CA
:10C660009A0722D55B08036001221046704799B2F1
:10C6700009B91B0C1022D9B209B908321B0A1907D3
:10C6800004BF1B090432990704BF9B080232D90773
:10C6900003D45B0802F1010205D003601046704725
:10C6A0000022104670472022DFE79B080222036029
:10C6B0001046704738B5436C04460D464BB1586878
:10C6C000B0B102685A6000220123C0E90435C2609B
:10C6D00038BD2122042101F035FA034660640028A8
:10C6E000EDD1094B0948002240F2451101F03EF915
:10C6F0001C220121204601F025FA0028F1D0012258
:10C700000223C0E90123DEE7EC1D00206C1F00209E
:10C710002DE9F04F0E691569AE4285B08846144682
:10C7200005DB2A46234635460C4616469846A3683E
:10C730006168AF19BB42B8BF0131FFF791FE0190AC
:10C74000002800F08780019B03F1140909EB870A98
:10C75000D14505D24B46002243F8042B9A45FBD81D
:10C7600008F1140808EB860B04F11403D8451A46A7
:10C7700003EB85055FD22B1B153B23F0030304332A
:10C780001534A54238BF0423CDE902A7AC461F46A5
:10C79000924605E0090C29D1C34509F1040948D99D
:10C7A00058F8041B8DB2002DF4D056464C46002399
:10C7B00056F8041B22681FFA81FE90B2090C05FB93
:10C7C0000E00120C034405FB012202EB13429BB244
:10C7D00043EA0243B44544F8043B4FEA1243E7D826
:10C7E00049F8073058F8041C090CD5D0D9F80030A6
:10C7F00050461A464C4600260588120C01FB0522BD
:10C8000016449BB243EA064344F8043B50F8045BE9
:10C8100022682D0C93B201FB053303EB16438445CC
:10C820004FEA1346E8D8C34549F8073009F104092F
:10C83000B6D8DDE902A7002F02DC05E0013F03D0F6
:10C840005AF8043D002BF9D0019B18461F6105B032
:10C85000BDE8F08F034B0448019A4FF4B17101F029
:10C8600085F800BFEC1D00206C1F002012F00303B0
:10C870002DE9F0411446064632D10D46A41020D0D1
:10C88000D6F84080B8F1000F33D0E3074FF000072F
:10C8900007D4641015D0D8F80000A8B18046E3078B
:10C8A000F7D5424629463046FFF732FFB5B16968F1
:10C8B000736C641053F821202A6043F82150054618
:10C8C000E9D12846BDE8F081424641463046FFF7AF
:10C8D0001FFFC8F8000007608046E0E70546D8E77C
:10C8E000013B0F4A52F823200023FFF7E9FD0546DC
:10C8F000C4E701213046FFF7B3FD804640B1012374
:10C9000040F27122C0E90432002330640360BCE7C6
:10C91000044B0548424640F2451101F027F800BF9C
:10C92000B08F0020EC1D00206C1F00202DE9F04787
:10C930000D4614462F69AB68496807EB62177E1CE9
:10C940009E4280464FEA621904DD5B009E4201F17F
:10C950000101FADC4046FFF783FD8446002852D0EF
:10C96000B9F1000F00F114020EDD09F105014FEAE3
:10C97000810E134600EB8101002043F8040B8B422B
:10C98000FBD1AEF114031A44296905F1140314F024
:10C990001F0E03EB81012ED0CEF1200910464FF07F
:10C9A000000A1C6804FA0EF444EA0A0440F8044B36
:10C9B00053F8044B994224FA09FAF2D84B1B153B61
:10C9C00023F00303043305F11500814238BF04232B
:10C9D000BAF1000F18BF374642F803A0D8F8443028
:10C9E0006A68CCF8107053F822102960604643F84A
:10C9F0002250BDE8F087043A53F8040B42F8040FC4
:10CA00009942F9D8EAE7034B034862464FF4EF71C5
:10CA100000F0ACFFEC1D00206C1F00200B69844669
:10CA20000069C01A16D10CF1140C14310CEB8302FE
:10CA300010B401EB830301E0944508D252F8044D91
:10CA400053F8041D8C42F7D005D24FF0FF305DF84B
:10CA5000044B7047704701205DF8044B704700BFDE
:10CA60002DE9F84F0F691369FF1A002F0E46904603
:10CA70007FD101F11405143202EB830205EB83032D
:10CA800001E09D4278D253F8041D52F8044DA142B2
:10CA9000F7D069D37168FFF7E3FC8146002877D0AF
:10CAA0003569D8F81020C76008F1140E06F114009B
:10CAB00009F1140A06F110010EEB820200EB850762
:10CAC00056464FF0000C5EF8044B51F804BFA3B279
:10CAD0001CFA8BFCACEB03034FEA144CCCEB1B4C65
:10CAE0000CEB234C9BB243EA0C43724546F8043BE3
:10CAF0004FEA2C4CE7D8A2EB0801153908F11508CC
:10CB0000424521F0030404F1040438BF0424204406
:10CB100021F0030238BF002287425244544418D9FE
:10CB20002646014651F8043B1CFA83FC4FEA2C428E
:10CB300002EB13421FFA8CFC4CEA02438F4246F888
:10CB4000043B4FEA224CEDD8013F3F1A27F0030780
:10CB5000E21923B952F8043D013D002BFAD0C9F87F
:10CB600010504846BDE8F88F3346012746469846A0
:10CB700090E7F9DB00278DE70021FFF771FC814684
:10CB800068B101220023C9E904234846BDE8F88FB3
:10CB9000064B07484A4640F2452100F0E7FE034BAA
:10CBA00003484A4640F2372100F0E0FEEC1D002029
:10CBB0006C1F002082B08DED000B164B019A1340C4
:10CBC000A3F15073002B06DD00221946104641ECFC
:10CBD000100B02B070475B42B3F1A07F4FEA2352C3
:10CBE00009DA4FF40023134100221946104641ECA4
:10CBF000100B02B07047A2F114031E2BDABF4FF0E6
:10CC00000042DA40012200231946104641EC100B85
:10CC100002B070470000F07FF8B5046900F1140617
:10CC200006EB8404271F54F8045C2846FFF7F2FC47
:10CC3000C0F120030A280B601BDDBE420BD20B386B
:10CC400054F8081C2ED145F07F5343F440130A4694
:10CC500043EC102BF8BDB0F10B01F4D005FA01F153
:10CC600041F07F53002143F440130A4643EC102B5C
:10CC7000F8BDC0F10B0C25FA0CF1BE4241F07F5318
:10CC800038BF54F8081C00F1150034BF21FA0CF12C
:10CC9000002105FA00F0014343F440130A4643EC37
:10CCA000102BF8BDC0F1200C854021FA0CF345EAA9
:10CCB0000307A4F10805AE4201FA00F13CBF54F8A5
:10CCC0000C0C20FA0CF047F07F5338BF014343F4BB
:10CCD00040130A4643EC102BF8BD00BF2DE9F0438A
:10CCE000884683B0012157EC106B1546FFF7B8FB5F
:10CCF0000446002851D0C7F30A59C7F31303B9F10A
:10CD0000000F01D043F48013002E019318D101A825
:10CD1000FFF7A0FC019A6261012200F12003226169
:10CD2000B9F1000F25D0A9F2334909EB03022046DF
:10CD3000C3F13503C8F800202B6003B0BDE8F083D1
:10CD400068460096FFF786FC034610B3DDE9000253
:10CD5000C3F1200102FA01F10143DA40616101925D
:10CD6000002AA26114BF022201222261B9F1000F40
:10CD7000D9D1A3F23243C8F8003004EB820318691A
:10CD8000FFF748FCC0EB421320462B6003B0BDE820
:10CD9000F083009A6261019AE2E7034B034822465E
:10CDA00040F20F3100F0E2FDEC1D00206C1F00206E
:10CDB000F0B583B00E4669460746FFF72DFF01A97F
:10CDC000304655EC104BB0EE407BFFF725FF336942
:10CDD0003A69D21ADDE900315B1A03EB4213002BEA
:10CDE00009DD17EE902A02EB035545EC174B87EE51
:10CDF000000B03B0F0BD10EE902A51EC100BC3EB0A
:10CE0000033302EB035141EC100B87EE000B03B030
:10CE1000F0BD00BF0139491101F1010C116902F1A6
:10CE2000140303EB81018B4200EB8C0C17D210B57D
:10CE3000A0F1040E53F8044B4EF8044F9942F9D870
:10CE40008A1AA2F1150323F003030433184484451E
:10CE500004D9002340F8043B8445FBD810BD844529
:10CE600005D9002340F8043B8445FBD87047704740
:10CE700003694A11934200F1140009DA00EB8303BD
:10CE800002E053F8042DC2B98342FAD8002070475B
:10CE900010DD11F01F010DD010B450F8224000EB4E
:10CEA000820324FA01F28A4094420CD001205DF8FA
:10CEB000044B704700EB8203E6E70120704753F80C
:10CEC000042D002AF2D18342F9D800205DF8044BEA
:10CED000704700BF70B500294BD006460C4610B114
:10CEE000436B002B48D0636ED80734D5B4F90C30AF
:10CEF000002B3ED02146304600F036F9E36A054665
:10CF000033B1E169304698470028B8BF4FF0FF358C
:10CF1000A3891A063CD4216B41B104F14003994224
:10CF200002D03046FBF7A4FB00232363616C21B1E0
:10CF30003046FBF79DFB00236364FAF75BFE636EEC
:10CF40000022DB07A2811FD5A06DFBF771FAFAF76B
:10CF500057FE284670BDA3899905CBD4A06DFBF779
:10CF600069FAB4F90C30002BC4D1656E15F00105D7
:10CF700005D00025284670BDFAF71EFEB3E7A06D68
:10CF8000FBF75AFA284670BDA06DFBF755FADBE7B0
:10CF900021693046FBF76CFBBDE700BF70B50C782C
:10CFA0005E2C86461ED00022481C94460EF1FF33AC
:10CFB0000EF1FF0103F8012F8B42FBD184B18CF0FD
:10CFC00001010EF80410451C15F8013C2D2B0ED064
:10CFD0005D2B03D01BB11C462846F2E7284670BDE6
:10CFE000013870BD01224C78881C9446DEE790F829
:10CFF00001C0BCF15D0FEED06445ECDC661C023074
:10D000000EEB060202F8011BA2EB0E03013B9C454E
:10D01000F8DCACEB0403013B6445A8BF00230235F8
:10D020009C19D1E72DE9F04707464C480E46354696
:10D0300016F801EB10F80EC01CF0080CF7D1BEF189
:10D040002D0F5AD0BEF12B0F03BF96F800E06446B7
:10D05000AE1C64465BB1102B54D04FF0FF38B8FBC8
:10D06000F3F803FB08FA6FEA0A0A994608E0BEF1F2
:10D07000300F5AD00A23DFF8E8804FF0050A9946AE
:10D080000025284605E02CD009FB00C0012516F834
:10D0900001EBAEF1300CBCF1090F06D9AEF1410C39
:10D0A000BCF1190F0BD8AEF1370C634510DDB5F1AB
:10D0B000FF3FECD04045E6D94FF0FF35E7E7AEF152
:10D0C000610CBCF1190F03D8AEF1570C6345EEDCCF
:10D0D0006B1C0BD004B140420AB165B91160BDE8C8
:10D0E000F087D445D0DD4FF0FF35D0E722233B60F9
:10D0F0002846002AF3D0711EF0E796F800E00124DC
:10D10000AE1CA7E7BEF1300F21D1307800F0DF0070
:10D11000582816D14FF0100996F801E04FF00F0A89
:10D1200002366FF070484B46AAE7337803F0DF030E
:10D13000582BEFD008234FF0070A6FF0604899464C
:10D140009EE799466FF070484FF00F0A98E74FF04E
:10D150000F0A6FF07048994692E700BF0120002047
:10D1600099999919FFF75EBFB1F90C202DE9F041AB
:10D170000C461107804647D4636842F40062002BD6
:10D18000A2815EDDA56A002D58D00023D8F800608A
:10D19000C8F8003093B212F4805256D10123E169ED
:10D1A0004046A847431C67D0A389A56A5F0705D5F9
:10D1B0006368C01A236B0BB1E36BC01AE1690246C6
:10D1C00000234046A847411C41D1D8F80030002B2D
:10D1D0003DD01D2B01D0162B56D1A3892269226088
:10D1E00023F4006300216160A381216BC8F8006013
:10D1F00021B304F14003994202D04046FBF738FACC
:10D2000000202063BDE8F0812669BEB193B2256895
:10D2100026609A070CBF63690023AD1BA3600BE077
:10D220002B463246E169676A4046B847B0F1000CC8
:10D23000A5EB0C05664417DD002DF1DC0020BDE8F0
:10D24000F081E36B002B9DDCF8E7206DAEE7B4F9CD
:10D250000C302269226023F40063A3810022DB04E6
:10D260006260C2D52065C0E7A38943F040034FF058
:10D27000FF30A381BDE8F081D8F80030002B93D0B7
:10D280001D2B06D0162B04D0A38943F04003A381A5
:10D29000D5E7C8F80060D1E738B50C46054608B1B7
:10D2A000436B03B3B4F90C0088B1636EDB0701D4A0
:10D2B00081050FD528462146FFF756FF636EDA0732
:10D2C000054602D4A3899B0508D5284638BD0546E6
:10D2D000284638BDA06DFBF7ADF8EBE7A06DFBF776
:10D2E000ABF8284638BDFAF767FCDBE70EB410B59B
:10D2F0009DB06FF000411FABCDE9060104910949D3
:10D3000053F8042B0290084C0868019302A9059475
:10D31000FBF7DCFE029B00221A701DB0BDE8104036
:10D3200003B07047D89900200802FFFF49B1FF2AD7
:10D3300002D80A70012070478A2303604FF0FF3043
:10D3400070470846704700BF41EA00039B0730B4AE
:10D3500001D1032A0FD801F1FF3C07E01CF8011F9F
:10D3600003F8011B541EC1B1224618460346002A89
:10D37000F4D130BC70470B46194653F8045BA5F155
:10D38000013424EA050414F0803FE4D1043A032A6E
:10D3900040F8045B1946EFD8DDE70244002CE8D0E2
:10D3A00003F8011B9342FBD130BC70470048704723
:10D3B000409500202DE9F0430E46264987B00F68BE
:10D3C000044690461D4653B305AA334601920321F5
:10D3D0002246CDF80080384600F084FC059B326878
:10D3E00098428446C2F10002294609D2101A1CF85C
:10D3F000013B01F8013B059B634500EB0C02F6D8AD
:10D40000944224DDA21A0A44302301F8013B9142E0
:10D41000FBD100231370284607B0BDE8F083BA6C37
:10D4200000F123039A4201DDFD6CCDE700F12409F0
:10D43000F96C4A4638468DED020BF9F753F805466C
:10D440000028E8D0C7E912909DED020BBCE70A4620
:10D45000DFE700BFD89900202DE9F04F85B01F46C7
:10D46000574B03908A4600920D462A4615F8014B09
:10D470001E5D16F00806F8D12D2C75D02B2C05BF9B
:10D480002C7802960296951C4FF0FF366FF0004BF9
:10D490002FB1102F6FD0B8464FEAE77905E0302C56
:10D4A00074D04FF00A08B946474642464B463046CC
:10D4B0005946F8F7ABFB0023019284460A4618460A
:10D4C000194611E08A4208BF84453DD000FB09F3AC
:10D4D00008FB0133A0FB08010B441EEB000043EBEB
:10D4E000EE71012315F8014BA4F1300EBEF1090FC6
:10D4F00006D9A4F1410EBEF1190F0CD8A4F1370ED4
:10D50000774511DD5C1CEDD0844572EB0103D9D267
:10D510004FF0FF33E6E7A4F1610EBEF1190F03D817
:10D52000A4F1570E7745EDDC5A1C13D0029A12B1C4
:10D53000404261EB4101009A1AB1A3BB009BC3F8C2
:10D5400000A005B0BDE8F08F019B7345BEDA4FF037
:10D55000FF33C7E7039A22231360009B33B305F11F
:10D56000FF3A30465946E9E701232C780293951C8F
:10D570004FF0004B8CE7302C04D12B7803F0DF0305
:10D58000582B08D0B8464FF000098EE72B7803F0EF
:10D59000DF03582B0FD14FF010086C784FF00009C3
:10D5A0000235474681E706468B46D8E7304659465E
:10D5B00005B0BDE8F08F4FF00808B946474674E75C
:10D5C00001200020FFF748BF2DE9F04F85B08B46C2
:10D5D0000192624A03901E460D46294615F8014BFA
:10D5E000135D13F00803F8D12D2C00F082802B2C52
:10D5F00003BF2C7802938D1C0293BEB1102E7DD0F8
:10D600004FEAE67A324653464FF0FF304FF0FF3193
:10D61000F8F7FCFA32460746884653464FF0FF308B
:10D620004FF0FF31B146F8F7F1FA0AE0302C79D02B
:10D630004FF00A09DFF82881B24605224FF09937EA
:10D640004E464FF0000C6046614611E0414508BF70
:10D65000B8423ED000FB0AF409FB0141A0FB0904DB
:10D660002144181841EBE3714FF0010C15F8014B00
:10D67000A4F13003092B05D9A4F14103192B0DD8CE
:10D68000A4F137039E4211DDBCF1FF3FEED087428B
:10D6900078EB0104DAD24FF0FF3CE7E7A4F1610335
:10D6A000192B03D8A4F157039E42EDDCBCF1FF3FD8
:10D6B00014D0029B13B1404261EB4101019B2BB19D
:10D6C000BCF1000F12D1019BC3F800B005B0BDE85A
:10D6D000F08F9342BEDD4FF0FF3CC7E7039A222351
:10D6E0001360019B60466146002BEFD005F1FF3BC4
:10D6F000E9E701232C7802938D1C7EE7302C23D19F
:10D700002B7803F0DF03582B1BD14FF010096C78F6
:10D710000F2202354FF0FF376FF070484FF0000ACC
:10D720004E468EE72B7803F0DF03582BEDD04FF0F9
:10D730000809B24607224FF0FF376FF060484E46A7
:10D740007FE74FF0000A5DE70F224FF0FF376FF0E1
:10D750007048B1464FF0000A73E700BF0120002077
:10D7600099999919FFF730BF0000000001F0FF01FF
:10D77000102A2BDB10F0070F08D010F8013B013AFC
:10D780008B422DD010F0070F42B3F6D1F0B441EA2E
:10D79000012141EA014122F007047FF00007002344
:10D7A000F0E80256083C85EA010586EA010685FA9A
:10D7B00047F5A3FA87F586FA47F6A5FA87F68EB9F4
:10D7C000EED1F0BC01F0FF0102F0070232B110F817
:10D7D000013B013A83EA010313B1F8D100207047FD
:10D7E00001387047002D06BF35460338073815F05D
:10D7F000010F07D1013015F4807F02BF013015F40D
:10D80000C03F0130F0BC0138704700BF70B582B036
:10D810000446069D55B16AB10F480095D0F8E46002
:10D820002046B047431C10D002B070BD00F1F40593
:10D83000002AF1D1084B0095D3F8E460114601238A
:10D84000064A2046B047431CEED100228A232A60B4
:10D85000236002B070BD00BF50940020B4090020C6
:10D8600070B5054684B05BB11C4669B10E4B2846C5
:10D87000D3F8E0602346B047431C0FD004B070BD1E
:10D8800000F582740029F1D1074A2346D2F8E060FE
:10D8900028460A4601A9B047431CEFD100228A233B
:10D8A00022602B6004B070BD5094002010B582B08F
:10D8B000049CCDE900344FF0FF3302F071FD02B05B
:10D8C00010BD00BF002100F001B800BF10B500F08E
:10D8D00007F9044601F07CF8A0F11A03DBB2022B31
:10D8E00006D9A4F1090004288CBF0020012010BD36
:10D8F000012010BD30B482B08DED000B019A194C9F
:10D9000022F000430021A342016021DC009C1C4363
:10D910001ED0154C144054B99FED107B20EE077BB0
:10D920008DED007B019A6FF0350122F0004322F06B
:10D93000FF42DDE9004522F4E00242F07F551B156D
:10D9400045F40015A3F2FE33CDE900450B44036016
:10D950009DED000B02B030BC704700BF000000001E
:10D9600000005043FFFFEF7F0000F07F00B50B4C3D
:10D9700025681446EE681A4685B003460D464CB13C
:10D9800007490095CDE901143046064901F050F8E9
:10D99000F3F7C2FA04490C46F3E700BFD899002018
:10D9A000AC1D0020BC1D0020B4090020022932D08B
:10D9B0000329C0F307231DBFA0F1800283F0800379
:10D9C000D2B2C2B203F15001C9B21F2906D84CF637
:10D9D000D371884269D94FF0FF30704703F13001AD
:10D9E000C9B224290ED84FF2A6418842F3D8D03BC1
:10D9F000C3EBC313A2F1A10000EB4300304A32F89D
:10DA000010007047A13B072BE5D8DFE803F0483E44
:10DA1000342E29252119C2B29E2AC0F307210BD921
:10DA20002332D2B280239F2994BF7039503103EB47
:10DA3000410303F0FF03C5E77E3AD2B27F23F2E74A
:10DA4000C02AC8D81F4BA2F1A10033F810007047BC
:10DA5000F12AC0D81C4B19E0D82ABCD81B4B15E0C2
:10DA6000F62AB8D802F540507047F32AB3D802F529
:10DA70003E5020307047164B134413F8A13C002B46
:10DA8000A9D002F57E4060307047124BA2F1A10090
:10DA900033F81000002808BF4FF0FF3070470E4BDE
:10DAA000A2F1A10033F810007047B03BC3EBC313E1
:10DAB000A2F1A10000EB4300084A32F810007047C1
:10DAC00094710020BC24002018240020A8230020EA
:10DAD0004C23002090220020D4210020FC24002090
:10DAE00038B50546B9B101F5957412492046FAF7E3
:10DAF000B1FA28B928460121BDE83840FFF756BFE2
:10DB00000D492046FAF7A6FA38B928460221BDE8A1
:10DB10003840FFF74BBF094CE7E709492046FAF7C1
:10DB200099FA28B928460321BDE83840FFF73EBFDF
:10DB3000284638BD782100207C2100207A950020DD
:10DB40008421002038B5A1FB02148CBBF8F702FA3F
:10DB50000546E0B150F8042C22F00302043A242ACE
:10DB600017D8132A1AD91B2AC0E900441DD9242A20
:10DB700014BF00F1100200F118024FF00003C0E9D9
:10DB8000024404BF04614461C2E900339360284643
:10DB900038BD2146FAF70AF9284638BD0246002367
:10DBA000C2E900339360284638BD00F10802F6E769
:10DBB000FAF73EFA0C2300250360E8E72DE9F04F61
:10DBC00003690C69A34283B0C0F28780013C01F174
:10DBD0001405A30000F11408009355F8243058F8F8
:10DBE0002420013381469A4208EB840005EB840728
:10DBF0000190B2FBF3F63BD34FF0000CAE4640462B
:10DC0000E24663465EF804BB02681FFA8BFC06FB23
:10DC10000C334FEA134C4FEA1B4B06FB0BCC9BB269
:10DC2000AAEB03031FFA8CFA13FA82F3CAEB12422F
:10DC300002EB23429BB243EA0243774540F8043BA0
:10DC40004FEA224A4FEA1C43DCD2009B58F80330CB
:10DC500073B9019B043B984504D307E0984504F150
:10DC6000FF3403D253F80429002AF7D0C9F8104032
:10DC70004846FEF7D3FE00282BDB01364146002341
:10DC800055F8040BD1F800C082B29A1A030C12FAAC
:10DC90008CF2C3EB1C4303EB224392B242EA0342F1
:10DCA000AF4241F8042B4FEA2343E9D258F824202D
:10DCB00008EB84036AB9043B984504D307E0984510
:10DCC00004F1FF3403D253F80429002AF7D0C9F82D
:10DCD0001040304603B0BDE8F08F002003B0BDE82F
:10DCE000F08F00BF2DE9F04F2DED028B8FB08DED41
:10DCF000020B0191816B1A9D059357EC106B044642
:10DD0000934641B1C26B4A60012393408B60FEF79A
:10DD1000CDFB0023A363B7F10008B4BF01230023A8
:10DD20002B60BE4BBCBF28F00048CDF80C8033EA16
:10DD3000080300F09F809DED028BB5EE408BF1EE65
:10DD400010FA11D1059A012313601B9B002B00F0E0
:10DD50003F82B34B1B9A1360013B009300980FB0B6
:10DD6000BDEC028BBDE8F08F0CAA0DA92046B0EEE9
:10DD7000480BFEF7B3FF5FEA1853054640F0928068
:10DD8000DDE90C130B4403F23242202A40F3FA82FD
:10DD9000C2F1400208FA02F803F21242D64048EA01
:10DDA000060207EE102AB8EE477B581E17EE906A5F
:10DDB00053EC172B4FF0010AA6F1F8739FED913B3E
:10DDC0009FED927B9FED935B06EE900A43EC122B46
:10DDD000B8EEE64BB7EE086B32EE466BA6EE037B71
:10DDE000A4EE057BFDEEC76BB5EEC07BF1EE10FA3D
:10DDF00016EE907A08D5B8EEE66BB4EE476BF1EE0E
:10DE000010FA18BF07F1FF37162F00F24581854B36
:10DE100003EBC70393ED007BB4EEC78BF1EE10FA72
:10DE200057D5091A0023B1F1010807F1FF370A930A
:10DE300000F1398100230693002F52DA069B0497E4
:10DE4000DB1B06937B420893019B092B4FF00007D5
:10DE50004ED8052B40F39D82043B01930026019B85
:10DE60009A1E032A00F22581DFE812F0AA03A70315
:10DE70009D037E03059AC8F3130842F20F7358EA14
:10DE8000060813601ED11B9B002B00F09185664B8A
:10DE9000009308331B9A009813600FB0BDEC028BFF
:10DEA000BDE8F08F18EE906AC6F31306A3F2FF30B8
:10DEB00053EC182B46F07F530C994FF0000A43F4B3
:10DEC00040137BE71B9B002B40F03B83574B009399
:10DED00044E7091A0023B1F101080A9300F1E38035
:10DEE000069300230893019B0497092BB844B0D9EB
:10DEF00000230126019307964FF0FF399B4600212E
:10DF0000E163CDF82C902046FEF7AAFA0090002895
:10DF100000F04085009BA363B9F10E0F00F2DC8096
:10DF2000002E00F0D980049B002B40F3DE833D4A95
:10DF300003F00F0102EBC10292ED007B1A11DB0529
:10DF400040F182833A4991ED086B02F00F02032001
:10DF500088EE065B5AB13649D60704D591ED006BC1
:10DF6000013027EE067B521001F10801F4D185EE55
:10DF7000076B0A9B3BB1B7EE007BB4EEC76BF1EECB
:10DF800010FA00F1AE8407EE900AB8EEE75BB1EE4E
:10DF90000C7BA5EE067B17EE902A51EC170BA2F135
:10DFA0005071B9F1000F00F08883049E4A46079B28
:10DFB000002B00F04784B6EE003B1A4BFDEEC64B3B
:10DFC00003EBC20CB8EEE47B36EE477B1CED026B34
:10DFD00083EE065B41EC160B14EE900A35EE465BC1
:10DFE0000099B4EEC75B3030F1EE10FA01F8010B86
:10DFF00000F3AC84B7EE002BB2EE044B4FF0000CF4
:10E0000031E000BF61436F63A787D23FB3C8608B25
:10E01000288AC63FFB799F501344D33F0000F07F0E
:10E02000818F0020A8020020042100201021002060
:10E03000800200200CF1010C94454DDA27EE047BA0
:10E0400025EE045BFDEEC76B16EE903AB8EEE63BAC
:10E05000303337EE437BB4EEC57BF1EE10FA01F8B6
:10E06000013B00F1738432EE476BB4EEC56BF1EE09
:10E0700010FADFD5009A049602E08A4200F050843C
:10E08000894611F8013D392BF7D00133DBB20B7013
:10E09000049B0133049355E1091A0123B1F10108EE
:10E0A0000A937FF5C7AEC1F1010306934FF0000854
:10E0B000C2E60026E66331462046FEF7D1F900901D
:10E0C000002800F06784009BA3634FF0FF330B939D
:10E0D00099460123B34607930D9A002A55DB04990C
:10E0E0000E2952DCB74BBBF1000F03EBC10393EDDC
:10E0F000006B15DAB9F1000F12DC40F0F282B1EEDC
:10E10000047B26EE077BB4EEC78BF1EE10FACA460D
:10E110004E4600F26D82DDF800806FEA0B0B70E274
:10E1200088EE067BBDEEC77B009917EE103AB9F179
:10E13000010F03F13003B8EEC75B01F8013BA5EE18
:10E14000468B00F03483B2EE044B012311E088EEDD
:10E15000067BBDEEC77B013317EE102A4B4502F15B
:10E160003002B8EEC75B01F8012BA5EE468B00F03C
:10E170001E8328EE048BB5EE408BF1EE10FAE6D14B
:10E18000049B013304938946DCE0079B43B3019B66
:10E19000012B40F37682089B09F1FF3A534580F248
:10E1A0003F82089BCDF820A0AAEB030217444FF052
:10E1B000000AB9F1000FC0F22583069B09934B4476
:10E1C000C844069301212046FEF774FA06460CE087
:10E1D0007D4B009300980FB0BDEC028BBDE8F08F33
:10E1E000069BDDF820A0079E0993099B6BB1B8F14F
:10E1F000000F0ADD434506991A46A8BF4246891A10
:10E200009B1A06910993A8EB0208089B63B1079B30
:10E21000002B00F0A782BAF1000F00F30482089BE4
:10E22000B3EB0A0240F0FF8201212046FEF742FADA
:10E23000002F824600F3AF80019B012B40F38781C2
:10E24000002308930120002F40F0B180404410F0DB
:10E250001F0000F07A81C0F12002042A00F38880B8
:10E2600040F0F681069B002B05DD29461A46204624
:10E27000FEF75CFB0546B8F1000F05DD514642464E
:10E280002046FEF753FB82460A9B002B40F03F815D
:10E29000B9F1000F40F32581079B002B40F0A380CC
:10E2A000049B01330493DDF80080012707E0294631
:10E2B00000230A222046FEF703F90137054651469E
:10E2C0002846FFF77BFCB94500F1300008F8010B48
:10E2D000EDDCB9F1000F009ACCBFCB464FF0010B3B
:10E2E0000346934400272946012220460193FEF766
:10E2F0001DFB51460546FEF791FB002840F3AF8118
:10E300001BF8013C009A0BF1FF3B04E05A4500F07A
:10E31000B1811BF8013D392B0BF10109F6D0013316
:10E320008BF8003051462046FEF7C0F856B12FB1A9
:10E33000B74203D039462046FEF7B8F831462046AA
:10E34000FEF7B4F829462046FEF7B0F8002389F816
:10E350000030DDE904231A601B9B002B3FF4FEAC68
:10E360000098C3F800900FB0BDEC028BBDE8F08FB1
:10E37000C0F11C00069B03440693099B03440993C8
:10E3800080446FE7C2F1200206FA02F207EE102A7B
:10E3900009E5012663E501463A462046FEF766FA9E
:10E3A000019B012B824640F3C58100230893DAF8D4
:10E3B00010200AEB82021069FEF72CF9C0F1200050
:10E3C00044E700BFA8020020808F002031460023D0
:10E3D0000A222046FEF774F80B9B002B064640F3FA
:10E3E000CE8204979946099B002B05DD31461A46DB
:10E3F0002046FEF79BFA0646089B002B40F0EB8177
:10E40000B046029B009F03F001027B1E4B44089321
:10E41000019B0A921343099351462846FFF7CEFB0E
:10E42000314683462846FEF7F9FA42465146814670
:10E430002046FEF715FBC26801460BF13003002AA7
:10E4400042D1CDE906032846FEF7E8FA0699029084
:10E450002046FEF72BF8029A079B1AB90999002962
:10E4600000F07E82B9F1000FC0F28381019949EA80
:10E4700001090A9951EA090900F07B81002A00F399
:10E48000C681089A3B7007F101099742CB4600F01C
:10E49000C481294600230A222046FEF711F846458A
:10E4A000054631464FF000034FF00A02204612D0D5
:10E4B000FEF706F84146064600230A222046FDF7ED
:10E4C000FFFF4F468046A7E720460293FDF7EEFF89
:10E4D000029B0122C6E7FDF7F3FF4F460646804642
:10E4E0009AE7019B022B71DC079B002B7FF47BAF2B
:10E4F000049B5146013328460493FFF75FFBDDF888
:10E5000000B000F130030BF8013B0027EBE6514669
:10E510002846FEF783FA0028BFF6BAAE2946002344
:10E520000A222046FDF7CCFF049B5F1E079B054691
:10E53000002B7FF44BAF0B9B002B40F318829946C6
:10E54000B1E6BC4B00930333A4E41C2012E7DDE9E1
:10E55000020100287FF474AEC1F31302002A00F018
:10E56000F480029B08936DE601230793049B5B44B0
:10E5700003F10109B9F1010FCC460B93B8BF4FF07D
:10E58000010C0021BCF1170FE1637FF7BCAC012047
:10E590000422520002F114036345014600F1010018
:10E5A000F7D9E163AFE401230793BBF1000F52DD1C
:10E5B000CDF82CB0D946DC46E3E700230793D5E736
:10E5C00000230793F1E7DDF82C900497B9F1000FD1
:10E5D0007FF4A1AD51464B4605222046FDF770FF62
:10E5E000014682462846FEF719FA00287FF793ADC8
:10E5F000049B03F1010B009B3122984603F8012B89
:10E60000009351462046FDF751FF0BF10103DDF861
:10E6100000900493CDF80080002E7FF48FAE91E639
:10E62000A3EB0A0AC5E5314652462046FEF71EF91D
:10E630002A46014606462046FEF76AF82946054660
:10E640002046FDF733FFEAE50220B0EE485B81E4A7
:10E65000C0F13C008EE64FF0010BD9464FE403D1E8
:10E66000019BDB073FF54CAED9461BF8013D302B33
:10E67000FAD057E6049B009A0133049331231370B8
:10E6800050E6BAF1000F00F0238102F23342069BFC
:10E6900009931344DDF820A00693904492E507EE19
:10E6A000900AB1EE0C5BB8EEE77BA6EE075B15EEC9
:10E6B000902A51EC150BA2F1507141EC150BB1EE03
:10E6C000047B36EE477BB4EEC57BF1EE10FA00F327
:10E6D0003781B1EE455BB4EEC57BF1EE10FA7FF504
:10E6E000FBAC4FF0000A564615E500F0F580049BA0
:10E6F00051495A4202F00F0001EBC00191ED006B4D
:10E70000121128EE066B00F04281B0EE467B4B49B9
:10E7100000260220D30705D591ED005B01300126CC
:10E7200027EE057B521001F10801F3D1002E06FE01
:10E73000076B1EE4029B002B7FF437AEDDE902017C
:10E74000C1F31302002A40F037813D4A0A40002AF3
:10E7500000F0FA80069B01330693012308F10108BB
:10E7600008936FE52946089A2046FEF77FF805468C
:10E770005AE5002A12DD2946012220460193FEF7C0
:10E78000D5F851460546FEF749F90028019B40F3AC
:10E79000E180392B00F0CA800BF13103B94609F84A
:10E7A000013B049B0133374604934646BAE538EEF5
:10E7B000088BB4EEC68BF1EE10FA0ADCB4EE468B91
:10E7C000F1EE10FA7FF4DCAC17EE103AD8077FF5C3
:10E7D000D7AC009A54E471682046FDF741FE074625
:10E7E000002800F0DE80336902339A0006F10C0144
:10E7F0000C30F1F74DFF394601222046FEF796F81E
:10E800008046FEE5069BA3EB09030993DAE4392B66
:10E8100000F08C80B9460133C1E7049A01323746D3
:10E82000049246465FE529462046FEF71FF8054656
:10E83000FAE400BF10210020A8020020800200207E
:10E840000000F07F5E4BFDEEC65B03EBC20C1CEDDF
:10E85000023BB8EEE57B36EE477B41EC160B15EE3E
:10E86000901A23EE063B00983031012A00F8011B74
:10E8700000F08380B2EE044B009B991827EE047BD6
:10E88000FDEEC76B16EE903A303300F8013B814243
:10E89000B8EEE65B37EE457BF0D1B6EE006B33EEBB
:10E8A000065BB4EEC75BF1EE10FA3FF5E3AB36EE74
:10E8B000436BB4EEC76BF1EE10FA7FF70DAC8946EF
:10E8C000013919F8013C302BF9D0731C049339E558
:10E8D0000C9AC2F13602DAE60220B0EE486BFFF77E
:10E8E00048BBB9F1000F3FF4DAAE0B9A002A7FF76C
:10E8F000F3ABB2EE044B26EE046B013007EE900A48
:10E90000049BB8EEE75BB1EE0C7BA6EE057B17EE41
:10E9100090CA51EC170B5E1EACF15071FFF747BB6C
:10E92000049B013304933123FFF7B1BB049BBB4627
:10E9300001330493392337460BF8013B4646E1E4A3
:10E940004FF0000A564653E608927BE4731C04938A
:10E950008946F7E47FF422AFDA077FF51FAF18E7A7
:10E96000392BE3D0B9F1000F3FF716AF16E7019B43
:10E97000022B3FF728AE0497BAE501468DE7019BCD
:10E98000022B3FF720AEDDF82C9004972BE50220F8
:10E99000FFF7EFBA0B4B0C48002240F2AF11FEF725
:10E9A000E5FF084B08483A4640F2EF21FEF7DEFF4C
:10E9B000064B0093FFF7D2B9029B0893F7E400BF20
:10E9C000A8020020EC1D00201421002004210020BA
:10E9D000154B984223D870B5144E4FF0000E40F6F8
:10E9E000DB0403E002F1010EA64516DC04EB0E0287
:10E9F00022F0010303EB620306EB43035210597844
:10EA00005D88B3F804C041EA05218C446045E9D82B
:10EA1000884206D2541EA645E8DDFF2070BDFF20C7
:10EA20007047187870BD00BFEF010E006C3C0020ED
:10EA30000EB410B583B005AB064C53F8042B01930C
:10EA40000146206800F07CF903B0BDE8104003B037
:10EA5000704700BFD89900202DE9F04F93681768E0
:10EA600083B09246002B70D081468A6808680C46B5
:10EA7000083743E0A38913F4906F2ED0D4E904162D
:10EA8000A0EB010806EB460606EBD67608F101007E
:10EA900076102844B042324684BF064632465B05B3
:10EAA00037D511464846F7F755FA019000283AD075
:10EAB00042462169F1F7ECFDA289019B22F49062A4
:10EAC00042F08002A281A6EB080203EB0800666117
:10EAD000A260236120602E46A84642465946F9F7B7
:10EAE000E9F8DAF80830A2682068921B40445B1B02
:10EAF000A2602060CAF808303BB3083757E902B576
:10EB0000002DFAD0AA4216469046B3D92E46A84602
:10EB1000E3E74846F7F7E6FC03460028D3D121692E
:10EB20004846F9F7A5FDA3890C2243F04003C9F834
:10EB300000204FF0FF30A38100220023CAF80820F4
:10EB4000CAF8043003B0BDE8F08F00200023CAF8F3
:10EB5000043003B0BDE8F08F38B54B1C1AD0938950
:10EB60001446126B23F02003A381CDB2AAB16268D0
:10EB7000636B9A4209DA23685A1E226003F8015C2B
:10EB8000636801336360284638BD214601F0DEF832
:10EB90000028F0D04FF0FF35F5E7236922682BB14C
:10EBA000934203D212F8013CAB420FD06168E1639B
:10EBB0002346A26304F1400103226263216303F848
:10EBC000425F0122C4E90032284638BD6368013A39
:10EBD0000133C4E90023D6E710B50C46096B69B1CF
:10EBE00004F14003994201D0F9F742FDE36B636001
:10EBF0000020206313B1A36B236010BDA38921699A
:10EC0000002243F02003C4E90012A3814FF0FF303B
:10EC100010BD00BF2DE9F04F85B0CDE9023202FBF7
:10EC200003F30E9C0193A3B3D4F804A0019B5345B6
:10EC30008B4646D9A046019D58F8401B0746002642
:10EC400052465846F1F724FD2368226B5344A946E7
:10EC5000C4E9003611463846D344A5EB0A05E2B1B3
:10EC6000424501D0F9F704FDE36B26636360A3B16D
:10EC7000A16B2160AB429A46E2D3029B01932A46E4
:10EC80005846F1F705FDD4E90032521B2B44C4E984
:10EC90000032019805B0BDE8F08F019A039B524401
:10ECA000A2EB0902B2FBF3F30193A3892269019855
:10ECB00043F02003A3810023C4E9002305B0BDE88D
:10ECC000F08F21681D46D8E72DE9F84F4B6E9C0464
:10ECD00090462DD59368126843B38B46064602F1E1
:10ECE000080959E9025A5FEA9A0715D0043D002441
:10ECF00001E0A7420ED055F8041F5A46304601F0F5
:10ED000097FA431C04F10104F3D10023C8E901334D
:10ED1000BDE8F88FD8F808302AF0030AA3EB0A03FD
:10ED2000C8F8083009F10809002BDAD10020ECE717
:10ED300001F048F80023C8E90133BDE8F88F00BFAF
:10ED40002DE9F04F2DED028BC5B00DF1500A834631
:10ED500008EE101A16460021082250461C4607935A
:10ED6000F9F724F8BBF1000F04D0DBF83430002BA6
:10ED700000F0A08618EE102A536EDB0740F11385D1
:10ED8000B2F90C108AB295040BD418EE103A41F483
:10ED9000005199815B6E8AB218EE101A23F4005369
:10EDA0004B66100740F1058118EE103A1B69002BE5
:10EDB00000F0FF8002F01A030A2B00F00A81002302
:10EDC000CDE91933CDE90D331BAA0C931892914666
:10EDD0000B930593B0464446A84BD3F8E450F9F79B
:10EDE000AFF82246034612A9CDF800A05846A8471E
:10EDF000002800F04581C0F23981129A252A034685
:10EE000001D01C44E8E7B4EB0806054640F03C811D
:10EE1000002361788DF8433004F1010806934FF028
:10EE2000FF371E462B2408F10108A1F120035A2BBD
:10EE300000F27881DFE813F0B50276017601B002C6
:10EE40007601760176016A00760176017D028D02F7
:10EE5000760188029702760192025B005B005B00FC
:10EE60005B005B005B005B005B005B007601760192
:10EE700076017601760176017601760176015C02F3
:10EE800084007601760176017601760176017601BD
:10EE9000760176017601E80076017601760133028B
:10EEA0007601DA02760176018B057601760176012C
:10EEB00076017601760176017601760176015C02B3
:10EEC0008600760176017601CD0286007F0076010C
:10EED000C0027601FD02EA00ED027F0076013302F6
:10EEE0007C006905760176016B0576017C00A1F155
:10EEF0003003002218F8011B02EB820203EB4202EE
:10EF0000A1F13003092BF5D906928EE75846FEF79A
:10EF10004DFA43680D931846F9F798FA0E90054696
:10EF20005846FEF743FA83680B93002D40F0D684D1
:10EF300098F8001077E798F8001046F0200672E77E
:10EF400046F01006B40640F18E81079B073323F08C
:10EF500007031A46596852F8083B07920A460029E7
:10EF6000C0F27084791C00F0A28526F08001039124
:10EF700053EA020100F03F840A2B72F1000180F095
:10EF8000418530338DF80F31039E012304930DF238
:10EF90000F14049BBB42B8BF3B4603930023089366
:10EFA0009DF84330002B00F0CB80039B013303938B
:10EFB000C6E018EE101A584618EE105A01F07CF808
:10EFC000002840F05286AA8902F01A030A2B7FF427
:10EFD000F6AE18EE101AB1F90E30002BFFF6EFAEB8
:10EFE0004B6EDB0702D4970540F1128618EE101A1B
:10EFF00023463246584600F069FE0590059845B014
:10F00000BDEC028BBDE8F08F46F0100616F0200232
:10F0100000F03681079B073323F0070319465A682F
:10F0200051F8083B079126F48061039100210020EC
:10F030008DF84300781C00F01082039820F08006C1
:10F0400053EA020040F00882002F40F03885002982
:10F0500040F0D583039B13F00103049300F0118467
:10F0600030238DF80F310DF20F1492E708220021A2
:10F070005046F8F79BFE01231C44ADE65094002057
:10F08000B4EB080605461BD0199B1A9A013332448B
:10F09000072BC9E900861A9219931CDD002A00F09B
:10F0A000A68318EE101A18AA5846FFF70DFE20BBCB
:10F0B0000DF16C09059B33440593002D7FF4A8AE38
:10F0C0001A9B002B40F0C18518EE103A0022B3F9CC
:10F0D0000C30199215E009F10809EBE718EE101A47
:10F0E00018AA5846FFF7F0FD002800F0A680089BFC
:10F0F0001BB108995846F9F7BBFA18EE103AB3F964
:10F100000C3018EE102A526E12F0010F9AB200F075
:10F11000A080500600F1B285059845B0BDEC028B89
:10F12000BDE8F08F0029CBD000238DF843300123B8
:10F13000CDE903338DF8AC102BAC002308931F46A8
:10F1400016F00203099302D0039B0233039316F0D7
:10F1500084030A9305D1069B039A9D1A002D00F3A0
:10F160007B82DDE91903411C9DF8432082B1012215
:10F170000133C9F8042007290DF14302CDE9191321
:10F18000C9F8002000F34A82084609F10809013154
:10F19000099AE2B111AA0233C9F8002007294FF0F9
:10F1A0000202CDE91913C9F8042040F35082002B64
:10F1B00000F0438318EE101A18AA5846FFF784FD92
:10F1C000002894D1DDE919030DF16C09411C0A9A5C
:10F1D000802A00F08481049ABD1A002D00F3D781A3
:10F1E000049AC9F8004013440729CDE91913C9F856
:10F1F000042040F36E81002B00F0758218EE101A87
:10F2000018AA5846FFF760FD00287FF470AF1A9BDC
:10F210000DF16C09750705D5069A0399541A002C4F
:10F2200000F36B82DDE9052103988142ACBF5218DF
:10F2300012180592002B7FF451AF089900231993FF
:10F24000002900F049815846F9F712FA0DF16C09CE
:10F25000C1E59C053FF55DAF18EE104AA06DF9F7CA
:10F26000EBF8A28955E7F006079A00F11F837106B3
:10F2700040F1198332F9043B0792DA1711466EE622
:10F2800016F01003079940F0098316F0400000F0D3
:10F2900001831A4651F8043B07919BB2C3E6079BD2
:10F2A0001A4600238DF84330134653F8044B03935A
:10F2B000002C00F01284532900F0658316F010052D
:10F2C00040F061837B1C00F0B3843A462946204617
:10F2D000FEF74CFA0890002800F09F84031B039A65
:10F2E000049323EAE3732F4607920393089557E6A6
:10F2F000432902D0F50640F12D83079D0822002105
:10F3000016A82BACF8F752FD16AB55F8042B214686
:10F310005846FEF7A5FA03460133049000F0B38483
:10F32000049B079523EAE373039300238DF843308E
:10F3300003E7079B53F8042B0692002A80F29C8275
:10F34000069A5242CDE9062398F8001046F00406CA
:10F3500069E598F800108DF8434064E598F80010CE
:10F3600046F080065FE5424612F8011B2A2900F0AC
:10F370009684A1F13003092B90464FF000073FF629
:10F3800054AD18F8011B07EB870703EB4707A1F102
:10F390003003092BF5D948E598F8001046F001062E
:10F3A00041E59DF84330002B7FF4C2AD202398F84F
:10F3B00000108DF8433036E598F800106C2903BF33
:10F3C00098F8011046F0200608F1010846F01006F2
:10F3D00029E598F80010682903BF98F8011046F451
:10F3E000007608F1010846F040061CE546F01003DF
:10F3F0000393039B13F0200200F00682079B073360
:10F4000023F0070319465A6851F8083B0791012178
:10F410000DE6079A46F00203039352F8043B079265
:10F4200047F63002ADF84420B84A0C92022100227F
:10F43000FDE5B70600F14882F50600F14683740643
:10F4400000F1D583B00540F14083079B059953F83F
:10F45000042B07931170BEE4039601293FF48CAD91
:10F46000022944AC11D10C9803F00F011B09415C37
:10F4700004F8011D43EA0273120953EA0201F3D1B1
:10F48000039E44AB1B1B049383E503F00701DB08D9
:10F4900043EA4273D208303153EA0205204604F8A9
:10F4A000011DF2D1039EF307EBD53029E8D03023BC
:10F4B000023804F8013C44AB1B1A039E0493044633
:10F4C00067E5049B1B9401221C931A9319920DF17A
:10F4D0006C0909F108099DE60DF16C097BE4069AB7
:10F4E000039D551B002D7FF776AE102D40F3BB8397
:10F4F000099418EE104A07E000F1020C09F108091E
:10F500001046103D102D1EDD8149C9F80010421C27
:10F5100010331021072ACDE91923C9F80410EBDDB7
:10F5200018AA002B74D0214658460DF16C09FFF73C
:10F53000CBFB00287FF4DBADDDE91903103D102D76
:10F5400000F1010CE0DC099C714AC9F804502B441D
:10F55000BCF1070FCDE919C3C9F8002040F394812D
:10F56000002B00F01F8318EE101A18AA5846FFF758
:10F57000ABFB00287FF4BBAD049ADDE91903BD1A8B
:10F58000002D00F101010DF16C097FF729AE102D5E
:10F5900029DD0994102718EE104A07E000F1020C4B
:10F5A00009F108091046103D102D1ADD421C58497A
:10F5B0001033072AC9E90017CDE91923EEDD18AA8F
:10F5C00003B3214658460DF16C09FFF77DFB002877
:10F5D0007FF48DADDDE91903103D102D00F1010C14
:10F5E000E4DC099C61464A4AC9F804502B440729C7
:10F5F000CDE91913C9F8002000F3E78009F10809E3
:10F600000131EDE54FF0010C18460DF16C09CAE728
:10F610004FF0010C18460DF16C0972E7002B00F059
:10F62000048118EE101A18AA5846FFF74DFB00285F
:10F630007FF45DADDDE919030DF16C09411CA7E50F
:10F64000022311AA1C931B9201210DF16C0908469B
:10F6500009F10809411CBAE5102D40F3E582DDE906
:10F6600019130F94084618EE104A07E000F1020C37
:10F6700009F108091046103D102D1DDD2549C9F876
:10F680000010421C10331021072ACDE91923C9F8B4
:10F690000410EBDD18AA03B3214658460DF16C099E
:10F6A000FFF712FB00287FF422ADDDE91903103DBE
:10F6B000102D00F1010CE1DC0F9C6046154AC9F8E1
:10F6C00004502B440728CDE91903C9F8002000F3A2
:10F6D000C18009F10809411C46E518464FF0010CAC
:10F6E0000DF16C09C7E77607199353D5069A03996C
:10F6F000541A002C4EDD0DF16C09102C40F3B08231
:10F70000199918EE106A10250DE000BFA421002001
:10F71000C09000205C3C0020881C09F108091146BB
:10F72000103C102C1ADD4A1CB3481033072AC9E9D3
:10F730000005CDE91923EFDD18AA33B33146584649
:10F74000FFF7C2FA00287FF4D2ACDDE91913103CB0
:10F75000102C01F101000DF16C09E4DCA64AC9F896
:10F76000044023440728CDE91903C9F800207FF796
:10F7700059AD7BB118EE101A18AA5846FFF7A4FA33
:10F7800000287FF4B4AC1A9B4CE5012019460DF11A
:10F790006C09C5E7DDE9053203998A42ACBF9B18C5
:10F7A0005B18059349E5B2F90C108F0518EE103A75
:10F7B0008AB23FF5E8AA18EE105A986DF8F73AFEAB
:10F7C000B5F90C108AB2FFF7DEBA002B3FF479AE20
:10F7D00018EE101A18AA5846FFF776FA00287FF498
:10F7E00086AC19991A9B01310DF16C09F8E4199254
:10F7F0000DF16C095EE4002F7FF4C3AB039E00277C
:10F80000049744ACFFF7C5BB039B13F0100354D11E
:10F81000039A12F0400000F06B8107991A4651F8E4
:10F82000043B07919BB2012101E4099A002A64D1AB
:10F83000184601210DF16C09C9E4012118460DF1AA
:10F840006C09C4E45B4262EB420203962D20012165
:10F85000FFF7EEBB002B00F0888018EE101A18AAF4
:10F860005846FFF731FA00287FF441ACDDE919036F
:10F870000DF16C09411C77E498F800100793FFF72D
:10F88000D2BA44ACFFF785BB09F108090CF10101BC
:10F890006046A0E416F4007240F0978151F8043BF2
:10F8A0000791FFF7C0BBB30500F1888152F8043B14
:10F8B0000792DA171146FFF752BB079951F8043B3C
:10F8C00007910121FFF7B3BB079B059853F8041B71
:10F8D0000793C217C1E90002FFF77DBA0B9B002B0B
:10F8E0003FF426AB0B9B1B78002B3FF421AB98F821
:10F8F000001046F48066FFF796BA022311AA1C9303
:10F900001B9201200DF16C09A2E6039671E53B4BB9
:10F910000C9316F0200259D0079B073323F00703FE
:10F9200018465A6850F8083B0790F40709D553EA7F
:10F93000020006D08DF84510302146F002068DF801
:10F94000441026F4806103910221FFF770BB2C4B19
:10F950000C93DEE7079B012153F8042B03918DF8EC
:10F96000AC20079304912BACDFE49DF84320002AE0
:10F9700040F03281099A002A7FF462AE18460121D4
:10F980000DF16C0927E40021082216A81394F8F75A
:10F990000DFA791C00F0BC80002507942C460CE081
:10F9A0002BA95846FDF75CFF421C204400F06B81F8
:10F9B000B84208DC00F070810446139A525916AB25
:10F9C0000435002AECD10494079CAFE016F0100334
:10F9D00007980CD116F0400405D01A4650F8043BA5
:10F9E00007909BB2A1E716F4007240F0E18050F856
:10F9F000043B079099E700BF5C3C0020A421002055
:10FA0000B82100200399049744AC9E4608EE90BAB2
:10FA100001F480664FF0000C234606E0BEF10A0FA9
:10FA200072F1000239D3A6462A46A6491EEB02000F
:10FA300040F100000F46A1FB001424F0030101EB8C
:10FA40009401401ABEEB00014FF0CC3562F1000486
:10FA500005FB01F507FB0455A1FB07410D440527F4
:10FA600004F00101A1FB071B09186408303103F8F9
:10FA7000011C44EAC5740CF1010C013B6D08002E19
:10FA8000CCD00B9909786145C8D1BCF1FF0FC5D026
:10FA9000BEF10A0F72F100026CD21C4644AB1B1B74
:10FAA000049F039E049318EE90BAFFF772BA039670
:10FAB000FFF762BA5846F8F77FF8FFF75BB90129FC
:10FAC00003967FF4CDACFFF75CBA079B059953F81A
:10FAD000042B11600793FFF77EB9062F3B46039A6C
:10FAE000794C079228BF062304930393FFF725BBA5
:10FAF000039B079913F4007214BF51F8043B51F8AB
:10FB0000043B07911CBF0246DBB20121FFF78FBA0D
:10FB100016AB00930023194613AA5846FDF7C6FEFC
:10FB200003460133049000F0AE801394049B002B35
:10FB300030D0632B63DC002308932BAC0822002118
:10FB400016A8F8F733F9049D16AB009313AA2B46B9
:10FB500021465846FDF7AAFE854240F0AB80039B44
:10FB6000049A07930023A3541F4622EAE2730393E7
:10FB7000FFF716BA0E9A0D999B1A18460893F8F7D4
:10FB8000ADF90B99089B4A780AB101310B914FF0FE
:10FB9000000C48E7039B0793049B03931F460893BD
:10FBA000FFF7FEB9012118460DF16C09FFF713BBF1
:10FBB00050F8043B07902246DBB2B6E612F9043B4C
:10FBC0000792DA171146FFF7CAB951F8043B0791BB
:10FBD0000246DBB2FFF727BA01231C9301210DF186
:10FBE00043031B930DF16C090B46FFF7CDBA079B3E
:10FBF000059953F8042B07931180FFF7ECB8591CB3
:10FC00005846F6F7A7F9044600283CD0089095E737
:10FC1000886DF8F711FCFFF7E9B9039B0793CDE96D
:10FC20000377089FFFF7BCB919981A9B013045E587
:10FC3000039B07932046F8F709FC20EAE0732F4660
:10FC4000049003930895FFF7ABB918EE101A18AAA1
:10FC50005846FFF739F800283FF436AAFFF74DBAA7
:10FC6000199801307AE58C466EE46B6ED90705D49D
:10FC7000AB899A0502D4A86DF8F7DEFB4FF0FF338D
:10FC80000593FFF749BA18EE102AB2F90C3043F089
:10FC900040039381FFF735BA079C049746E7079B1B
:10FCA00098F8011053F8047B0793904647EAE777EA
:10FCB000FFF7B9B818EE102A938943F040039381F7
:10FCC000FFF715BACDCCCCCCCC21002070B50C46BA
:10FCD0008989ADF58E6D21F00201ADF81410616EC9
:10FCE0001B91E189ADF81610E1690991616A0B91E8
:10FCF0001CA9029106914FF4806106460491079178
:10FD000018A80021CDE900320891F8F78FFBDDE952
:10FD1000003202A93046FFF713F8051E07DB02A9DF
:10FD20003046FDF7B9FA002818BF4FF0FF35BDF88F
:10FD300014305B0603D5A38943F04003A3811898D0
:10FD4000F8F776FB28460DF58E6D70BD01F1400386
:10FD50002DE9F0410C46096B994214D0666B77008F
:10FD60003A46F6F7BFFB054640B300EB06080146EE
:10FD700032464046F0F78CFCC4E90C57C4F80080CA
:10FD80000020BDE8F0814FF48061F6F7E3F8A8B1F8
:10FD900094F842304FF48062C4E90C0280F8FF33DB
:10FDA00094F8413080F8FE3394F8402080F8FD2329
:10FDB00000F2FD3323600020BDE8F0814FF0FF30FA
:10FDC000DFE700BF9368002B00F085802DE9F04F3E
:10FDD000B1F90C300C461907804683B0174698B22B
:10FDE00025D523691BB310F002033D682DD04FF0D9
:10FDF000000ADFF8C0B25646B9465E453346524661
:10FE000028BF5B464046002E52D0E169676AB8477A
:10FE1000002856DDD9F808301B1A8244361AC9F872
:10FE20000830002BE9D1002003B0BDE8F08F214657
:10FE3000404600F041F9002840F03881B4F90C3018
:10FE40003D6898B210F00203D1D110F0010944D1FD
:10FE50004E46009746B38205D4F808B040F185803D
:10FE6000B3455A4600F2B48010F4906F40F0C18060
:10FE7000206801924946F7F71DFFA368019AA3EB9A
:10FE80000B012368A1601344B24623600026009A48
:10FE90009368A3EB0A03D1449360002BC3D0B4F959
:10FEA0000C0080B2002ED6D1D5E900960835D1E7F6
:10FEB000D5E900A60835A0E721464046FDF7ECF954
:10FEC00088B3B4F90C3043F040034FF0FF30A38106
:10FED00003B0BDE8F08F002070471E46BA46994631
:10FEE000184600951F4666B3002832D04A46D4E92A
:10FEF00004132068A568B24228BF3246884204D95C
:10FF000005EB030B5A4500F3A780934264DCE169DB
:10FF1000656A3A464046A847B0F1000BD1DDB9EB1F
:10FF20000B09C9D00120DAF80830A3EB0B035F44BA
:10FF3000A6EB0B06CAF80830002B3FF474AF002E76
:10FF4000D2D1009A5668134608320092002EF8D09B
:10FF50001F6832460A213846FDF708FC002800F0E9
:10FF60009C800130A0EB0709C0E720682369984214
:10FF700016D86269B24213D86FF00043B34228BF6B
:10FF80003346E16993FBF2F3676A02FB03F34046F1
:10FF90004A46B847B0F1000A93DDA6EB0A0676E7B9
:10FFA000B345DA4628BFB24652464946F7F782FEC5
:10FFB000A3682268A3EB0A035244A3602260002BCB
:10FFC000EBD121464046FDF767F90028E5D078E7F8
:10FFD0002068B34632464CE739460192F7F76AFE8D
:10FFE000019AA3689B1AA360236813442360934675
:10FFF00095E723682169A3EB010B636903EB430ACF
:02000004600298
:100000000AEBDA7A0BF101034FEA6A0A33445345EB
:10001000524684BF9A46524643052CD51146404667
:10002000F5F798FF00283BD05A4621690190F0F778
:100030002FFBA289019B22F4906242F08002A281F0
:1000400003EB0B002361AAEB0B03C4F814A0A3601D
:100050002060B34632460CE739465A46F7F72AFE87
:1000600023685B44236021464046FDF715F90028CC
:100070003FF455AF25E74046F6F734FA034600282B
:10008000DED121694046F8F7F3FAB4F90C300C22BE
:1000900023F08003C8F8002015E7721C914626E77C
:1000A0000C22B4F90C30C8F800200CE74FF0FF30F8
:1000B000BAE600BF00FCFF7F38B5314B1B68054630
:1000C0000C4613B15A6B002A4ED0B4F90C30180705
:1000D0009AB21CD5216929B312F0010007D0002083
:1000E000A06060694042A06139B1002038BD950729
:1000F00058BF6069A0600029F7D1120658BF0846B2
:10010000F4D543F04003A3814FF0FF3038BDD10652
:100110002ED5520714D4216943F00803A3819AB263
:100120000029D9D102F42070B0F5007FD4D0214647
:10013000284600F047F9B4F90C3021699AB2CBE7B0
:10014000216B51B104F14002914204D02846F8F7E6
:100150008FFAB4F90C300022226321690022C4E92D
:10016000001223F02403D7E71846F7F725FDACE784
:10017000092243F040032A604FF0FF30A38138BDCD
:10018000D89900202DE9F04782B08246884614466F
:10019000F7F7D6FE012803D108F1FF33FE2B36D93D
:1001A0000DF10409424604F15C0349465046FDF74F
:1001B00057FB421C064632D020B39DF804C00025F0
:1001C00009E023685A1C226083F800C00135B5425B
:1001D00018D219F801CFA368013B002BA360F0DA15
:1001E000A769BB4261462246504602DBBCF10A0FBA
:1001F000E7D100F053F9431CE8D10646304602B07F
:10020000BDE8F0874646304602B0BDE8F0875FFAA9
:1002100088FC8DF804C006460DF10409CFE7A389D8
:10022000304643F04003A38102B0BDE8F08700BF31
:1002300030B5536E13F0010FB2F90C30144683B091
:1002400005469AB201D198051CD5900406D4626E79
:1002500043F4005342F40052A381626622462846CA
:10026000FFF790FF636EDA07054602D4A3899B056A
:1002700002D5284603B030BDA06DF8F7DDF828465A
:1002800003B030BDA06D0191F8F7D4F8B4F90C308B
:1002900001999AB2D9E700BF2DE9F04F8BB0DDE9A3
:1002A000158A149F0391814605921E46B8F1000FEE
:1002B0005CD0039B002B5ED0059B1D68002F6AD08D
:1002C000741E4EB3039B0493043D002601950BE07E
:1002D000039B2BBB019B1A68002A3AD0BC455CD219
:1002E000013C631C664617D0D8F800300293019B8E
:1002F000DAF8E05053F8042F019307A94346484623
:10030000D8F804B0A847421C3AD000EB060CBC4514
:10031000DED9029BC8E9003B30460BB0BDE8F08F48
:1003200000280EDD049B019D18445A1E07A900F108
:10033000FF3E11F8013B02F8013F7245F9D10195EA
:100340000490059B1A6804321A60019B1A68002AFF
:10035000C4D1039B0BB1059B1A600CF1FF36002240
:100360003046C8F800200BB0BDE8F08F039B00F5C5
:100370008678002BA0D1059B4FF0FF371D689FE7C3
:1003800006468A2100223046C9F80010C8F800202D
:100390000BB0BDE8F08F3E46BEE76646BCE700BF47
:1003A00010B584B0054C0698009007980190044859
:1003B00000680294FFF770FF04B010BD5094002055
:1003C000D89900202DE9F0418B890C46990796B009
:1003D00008D504F143030122C4E90432236016B0B6
:1003E000BDE8F081B4F90E100029064625DB6A4607
:1003F00000F0ACF800281FDB019D05F47045A5F561
:100400000055B5FA85F54FF480686D094FF4006723
:1004100041463046F5F79EFDE0B1B4F90C30C4F822
:10042000148043F0800320602061A38135BB3B43EF
:10043000A38116B0BDE8F081A38913F0800519D01F
:100440004FF040080025414630462F46F5F782FD23
:100450000028E2D1B4F90C309A05C0D423F003038C
:1004600004F1430243F002030121C4E90421A38102
:100470002260B4E74FF480682F46C9E7B4F90E1044
:10048000304600F079F810B9B4F90C30CFE7A38901
:1004900023F0030343F001031BB2C8E7F8B50D4690
:1004A0001446064610B1436B002B4CD0B4F90C2017
:1004B000A369A360170790B21BD52369CBB1EDB236
:1004C00081042F4622D522686169D31A994229DD19
:1004D0000133A1680139A160511C21601570626966
:1004E0009A4227D0A389DB0701D50A2D22D03846AE
:1004F000F8BD21463046FFF7DFFD08BBB4F90C20FC
:10050000236990B2EDB281042F46DCD442F400524C
:10051000A281626E616922F4005262662268D31A77
:100520009942D5DC21463046FCF7B6FE40B9226838
:100530000123CEE721463046FCF7AEFE0028D6D098
:100540004FF0FF37D3E7F7F737FBAFE770B50C464F
:10055000084D03460026204611461C462E60F0F743
:10056000CDFC431C00D070BD2B68002BFBD023605A
:1005700070BD00BFF0B6002038B5074D002204461C
:1005800008462A60F0F7C0FC431C00D038BD2B6839
:10059000002BFBD0236038BDF0B6002081F0004175
:1005A00002E000BF83F0004330B54FEA41044FEA58
:1005B000430594EA050F08BF90EA020F1FBF54EAF3
:1005C000000C55EA020C7FEA645C7FEA655C00F08F
:1005D000E2804FEA5454D4EB5555B8BF6D420CDD60
:1005E0002C4480EA020281EA030382EA000083EAE3
:1005F000010180EA020281EA0303362D88BF30BD83
:1006000011F0004F4FEA01314FF4801C4CEA1131D8
:1006100002D0404261EB410113F0004F4FEA033337
:100620004CEA133302D0524263EB430394EA050FC2
:1006300000F0A780A4F10104D5F1200E0DDB02FA31
:100640000EFC22FA05F2801841F1000103FA0EF2C5
:10065000801843FA05F359410EE0A5F120050EF18B
:10066000200E012A03FA0EFC28BF4CF0020C43FABC
:1006700005F3C01851EBE37101F0004507D54FF0C9
:10068000000EDCF1000C7EEB00006EEB0101B1F519
:10069000801F1BD3B1F5001F0CD349085FEA30005F
:1006A0004FEA3C0C04F101044FEA445212F5800F6A
:1006B00080F09A80BCF1004F08BF5FEA500C50F107
:1006C000000041EB045141EA050130BD5FEA4C0CEA
:1006D000404141EB0101013C28BFB1F5801FE9D247
:1006E00091F0000F04BF01460020B1FA81F308BF6A
:1006F0002033A3F10B03B3F120020CDA0C3208DD36
:1007000002F1140CC2F10C0201FA0CF021FA02F110
:100710000CE002F11402D8BFC2F1200C01FA02F180
:1007200020FA0CFCDCBF41EA0C019040E41AA2BFA5
:1007300001EB0451294330BD6FEA04041F3C1CDA6D
:100740000C340EDC04F11404C4F1200220FA04F08D
:1007500001FA02F340EA030021FA04F345EA030137
:1007600030BDC4F10C04C4F1200220FA02F001FAF9
:1007700004F340EA0300294630BD21FA04F029467B
:1007800030BD94F0000F83F4801306BF81F4801114
:100790000134013D4EE77FEA645C18BF7FEA655C87
:1007A00029D094EA050F08BF90EA020F05D054EA59
:1007B000000C04BF1946104630BD91EA030F1EBF5E
:1007C0000021002030BD5FEA545C05D14000494162
:1007D00028BF41F0004130BD14F580043CBF01F555
:1007E000801130BD01F0004545F0FE4141F470013B
:1007F0004FF0000030BD7FEA645C1ABF1946104616
:100800007FEA655C1CBF0B46024650EA013406BF16
:1008100052EA033591EA030F41F4002130BD00BFD5
:1008200090F0000F04BF0021704730B54FF4806492
:1008300004F132044FF000054FF0000150E700BF13
:1008400090F0000F04BF0021704730B54FF4806472
:1008500004F1320410F0004548BF40424FF000015F
:100860003EE700BF42004FEAE2014FEA31014FEAA2
:1008700002701FBF12F07F4393F07F4F81F06051F1
:10088000704732F07F4208BF704793F07F4F04BF3C
:1008900041F40021704730B54FF4607401F0004519
:1008A00021F000411CE700BF50EA010208BF704779
:1008B00030B54FF000050AE050EA010208BF70476A
:1008C00030B511F0004502D5404261EB41014FF4D3
:1008D000806404F132045FEA915C3FF4D8AE4FF0DB
:1008E00003025FEADC0C18BF03325FEADC0C18BFBE
:1008F000033202EBDC02C2F1200300FA03FC20FA0F
:1009000002F001FA03FE40EA0E0021FA02F114445B
:10091000BDE600BF08B502460B4643EC172BB5EE0B
:10092000C07BF1EE10FA03D4BDE8084000F00AB82D
:10093000B1EE477B51EC170B00F004F8404261EB3D
:10094000410108BD9FED0B6B41EC170B9FED0B5B5D
:1009500027EE066BBCEEC66BB8EE464BA4EE457BAD
:10096000FCEEC77B16EE101A17EE900A704700BF18
:10097000AFF30080000000000000F03D0000000028
:100980000000F0415FF800F0E11D00605FF800F04A
:0C099000351E00600000000000000000A8
:04099C00F8B500BFEB
:0809A0004019FF7F0100000077
:1009A800000000000000000000000000000000003F
:1009B800000000000000000000000000000000002F
:1009C800000000000000000000000000000000001F
:1009D800000000000000000000000000000000000F
:1009E80000000000000000000000000000000000FF
:1009F80000000000000000000000000000000000EF
:100A080000000000000000000000000000000000DE
:100A180000000000000000000000000000000000CE
:100A280000000000000000000000000000000000BE
:100A380000000000000000000000000000000000AE
:100A4800000000000000000000000000000000009E
:100A5800000000000000000000000000000000008E
:100A6800000000000000000000000000000000007E
:100A7800000000000000000000000000000000006E
:100A8800000000000000000000000000000000005E
:100A9800000000000000000000000000000000004E
:100AA800000000000000000000000000000000003E
:100AB800000000000000000000000000000000002E
:100AC800000000000000000000000000000000001E
:100AD800000000000000000000000000000000000E
:100AE80000000000000000000000000000000000FE
:100AF80000000000000000000000000000000000EE
:100B080000000000000000000000000000000000DD
:100B180000000000000000000000000000000000CD
:100B280000000000000000000000000000000000BD
:100B380000000000000000000000000000000000AD
:100B4800000000000000000000000000000000009D
:100B5800000000000000000000000000000000008D
:100B6800000000000000000000000000000000007D
:100B7800000000000000000000000000000000006D
:100B8800000000000000000000000000000000005D
:100B9800000000000000000000000000000000004D
:100BA800000000000000000000000000000000003D
:100BB800000000000000000000000000000000002D
:100BC800000000000000000000000000000000001D
:100BD800000000000000000000000000000000000D
:100BE80000000000000000000000000000000000FD
:100BF80000000000000000000000000000000000ED
:100C080000000000000000000000000000000000DC
:100C180000000000000000000000000000000000CC
:100C28000080E03779C34143176E05B5B5B89346E0
:100C3800F5F93FE9034F384D321D30F94877825AAC
:100C48003CBF737FDD4F1575000000000000F03FCA
:100C5800000000000000244000000000000059408F
:100C68000000000000408F40000000000088C340E2
:100C780000000000006AF8400000000080842E4157
:100C880000000000D01263410000000084D79741A3
:100C98000000000065CDCD41000000205FA00242A9
:100CA800000000E876483742000000A2941A6D421E
:100CB800000040E59C30A2420000901EC4BCD64211
:100CC80000003426F56B0C430080E03779C34143BC
:100CD80000A0D8855734764300C84E676DC1AB4332
:100CE800003D9160E458E143408CB5781DAF154450
:100CF80050EFE2D6E41A4B4492D54D06CFF080442B
:100D0800F64AE1C7022DB544B49DD9794378EA443F
:100D1800BC89D897B2D29C3C33A7A8D523F64939C9
:100D28003DA7F444FD0FA5329D978CCF08BA5B25EB
:100D3800436FAC6428066811A14800000000000059
:100D48001D49000000000000C1490000000000002B
:100D5800694B000000000000D14D000000000000B9
:100D6800A1500000000000004D52000000000000EB
:100D78009553000000000000000000000000A040A3
:100D8800000000C000606A46000028000000000063
:100D9800000000000000A040000000C000606A469B
:100DA8000000290000000000000000000000904042
:100DB800000000C00000FA44000027000000000006
:100DC800000000000000A040000000C00000FA443D
:100DD8000000260000000000000000000000204184
:100DE800000000C00000803F00000F00000000006D
:100DF800000000000000FA430000FAC30000FA43B4
:100E080000000000000000000000FA430000FAC3E0
:100E18000000803F00000000564D4F4E5F0000006C
:100E2800494D4F4E5F00000054454D505F00000093
:100E38004552525F000000004D4F545F0000000013
:100E4800FF00780180014302880187018C018B0132
:100E5800920191019501F601990198019A013D02CB
:100E68009E012002A801A701AD01AC01B001AF01AC
:100E7800B901B801BD01BC01BF01F701C601C40138
:100E8800C901C701CC01CA01DD018E01F301F101DD
:100E9800F501F4013A02652C3C023B023E02662C45
:100EA800420241025302810154028601560289011D
:100EB80057028A0159028F015B0290016002930177
:100EC8006302940168029701690296016B02622C21
:100ED8006F029C0172029D0175029F017D02642CC4
:100EE8008002A6018302A9018802AE018902440298
:100EF8008A02B1018B02B2018C0245029202B7014B
:100F08007B03FD037C03FE037D03FF03AC03860321
:100F1800C203A303CC038C03CD038E03CE038F033C
:100F2800F203F903F803F703FB03FA03CF04C00441
:100F38007D1D632C511F591F531F5B1F551F5D1FBC
:100F4800571F5F1F781FF81F791FF91FB31FBC1F9A
:100F5800CC1FC31FE51FEC1FFC1FF31F4E213221BE
:100F680084218321612C602C762C752C00190000BB
:100F780005D500000000000074C00F40C00000004C
:100F8800000000000200000050851F400100000022
:100F9800340000000200000050851F4000000000DF
:100FA800010000000200000054851F4001000000FD
:100FB800350000000200000054851F4000000000BA
:100FC800FF004000260018007C0000006100E01AC5
:100FD800E000E017F800E0070001013032010106E7
:100FE800390101104A01012E79010106820101042B
:100FF800A0010106B3010104CD010110DE010112B7
:10100800F8010128220201124602010AAD03DB039E
:10101800B103E011C303E009D80301183004E0204C
:101028005004B010600401228A040136C104010E84
:10103800D00401446105D026001E0196A01E015A65
:10104800001F0808101F0806201F0808301F08087E
:10105800401F0806601F0808701F4A02721F5604C6
:10106800761F64027A1F70027C1F7E02801F0808A8
:10107800901F0808A01F0808B01F0802D01F080208
:10108800E01F08027021F010D024E61A302CD02F6F
:10109800672C0106802C0164002D002641FFE01A10
:1010A8001F1C1F1E1F1E1F1F1E1F1E1F4F7665722F
:1010B80020746F727175652C207265656C00000074
:1010C8004D4342205265656C20546F7271756520DE
:1010D8004C696D69742C20743D256600556E6465F5
:1010E8007220746F727175652C207265656C0000D2
:1010F8004F76657220746F727175652C206C6576F9
:10110800656C2077696E64004D4342204C5720542B
:101118006F72717565204C696D69742C20743D255A
:1011280066000000556E64657220746F7271756593
:101138002C206C6576656C2077696E640000000071
:101148004F7665722063757272656E7400000000D8
:101158004F43206368616E6E656C3A2000000000A2
:101168004D43422043757272204C696D69742C207E
:1011780063682025752C20493D256600556E6465F9
:10118800722063757272656E740000004F76657226
:1011980020766F6C74616765000000004D43422043
:1011A800566F6C74204C696D69742C206368202517
:1011B800752C20563D256600556E64657220766F45
:1011C8006C7461676500000054656D70733A2000A7
:1011D800566F6C74616765733A20000043757272CC
:1011E800656E74733A200000556E6B6E6F776E20D3
:1011F8006D6F6E69746F72207175657565206572A3
:10120800726F720053656E74206D6F74696F6E2013
:10121800544D207061636B65740000004572726FF5
:1012280072206372656174696E6720544D2062751F
:1012380066666572000000004572726F72207570F4
:10124800646174696E67207265656C20706F73697C
:1012580074696F6E000000004572726F72207570BD
:10126800646174696E67206C6576656C2077696E59
:101278006420706F736974696F6E00004F766572D1
:101288002074656D70657261747572650000000088
:101298004D43422054656D70204C696D69742C2053
:1012A80063682025752C20743D256600556E64659D
:1012B800722074656D7065726174757265000000E6
:1012C80073656E736F7220637263206261642C2091
:1012D800636865636B2073656E736F7220636F6EEE
:1012E8006E656374696F6E00257500002C256600B5
:1012F8002C25750025660000436F6E74726F6C6C48
:1013080065722053796E6365640000004352432080
:101318006973206E6F742076616C69642100000027
:101328002053636174636870616420435243206989
:1013380073206E6F742076616C6964210000000070
:101348004361726420697320746F6F20736D616CE0
:101358006C2E0D0A00000000466F726D6174204407
:101368006F6E650D0A000000466F726D617420464D
:1013780061696C65640D0A0042616420636C757371
:1013880074657220636F756E740D0A004465766922
:10139800636520697320746F6F20736D616C6C0DC9
:1013A8000A00000057726974696E6720464154202C
:1013B800000000002E00000057726974696E6720F3
:1013C800757063617365207461626C650D0A000055
:1013D80057726974696E6720726F6F740D0A000026
:1013E800466F726D617420646F6E650D0A000000AF
:1013F800466F726D6174206661696C65640D0A00E0
:1014080045584641540000004572726F722072655B
:10141800676973746572696E6720454550524F4D10
:1014280020636F6E66696773000000006C6F675F0A
:10143800646174612F0000004552523A20756E6154
:10144800626C6520746F206D616B65206C6F67201E
:1014580064617461206469726563746F72790000F5
:101468006673775F646174612F0000004552523AD9
:1014780020756E61626C6520746F206D616B6520EC
:10148800465357206469726563746F72790000006F
:101498006C6F675F646174612F626F6F7400000026
:1014A8004552523A20756E61626C6520746F206DEA
:1014B800616B652062617365206469726563746F2E
:1014C80072793A20000000005741524E3A2042619A
:1014D8007365206469726563746F727920616C72D8
:1014E80065616479206578697374733A2000000037
:1014F8002E747874000000004572726F72206F704D
:10150800656E696E67206C6F672066696C650000A0
:101518004552523A20556E61626C6520746F207393
:101528007461727420534420636172640000000087
:101538004552523A204572726F7220636F6E666927
:10154800677572696E67206469726563746F726922
:10155800657300004572726F722073657474696EEA
:10156800672074656D70206C696D69747300000084
:101578004572726F722073657474696E6720746F38
:1015880072717565206C696D69747300556E6B6E48
:101598006F776E20444942205258206D65737361FD
:1015A800676500002D2D2D2D204465627567204D3F
:1015B800656E75202D2D2D2D000000003B09286338
:1015C800616E63656C206D6F74696F6E2900000031
:1015D8003B09286C6F7720706F77657229000000CF
:1015E8003B09287265616479290000003B09286875
:1015F8006F6D65206C6576656C2077696E6429006F
:101608003B092863656E746572206C6576656C208D
:1016180077696E64290000003B09287A65726F209B
:101628007265656C290000003B09286765742074A1
:10163800656D7073290000003B0928676574207682
:101648006F6C7473290000003B0928676574206378
:1016580075727273290000003B09286272616B651C
:10166800206F6E29000000003B09286272616B65DB
:10167800206F6666290000003B0928636F6E74724C
:101688006F6C6C657273206F6E2900003B092863CC
:101698006F6E74726F6C6C657273206F666629006A
:1016A8003B092866756C6C207265747261637429D5
:1016B800000000003B092869676E6F7265206C693D
:1016C8006D697473290000003B0928757365206CE7
:1016D800696D6974732900003B09286765742045A2
:1016E8004550524F4D20636F6E74656E74732900B8
:1016F8002D2D2D2D2D2D2D2D2D2D2D2D2D2D2D2D12
:101708002D2D2D2D000000002C6E756D5F726576F5
:10171800732C73706565643B09287265656C206F6E
:10172800757429002C6E756D5F726576732C7370F5
:101738006565643B09287265656C20696E2900003F
:101748002C6E756D5F726576732C73706565643B7E
:101758000928646F636B29002C6E756D5F7265765E
:10176800732C73706565643B09287265656C206924
:101778006E20776974686F7574204C5729000000D3
:101788002C6163633B09286F757420616363656C22
:1017980065726174696F6E29000000002C616363D3
:1017A8003B0928696E20616363656C6572617469C1
:1017B8006F6E29002C6163633B0928646F636B209B
:1017C800616363656C65726174696F6E29000000FE
:1017D8002C6D74723168692C6D7472316C6F2C6D5C
:1017E80074723268692C6D7472326C6F2C6D63314F
:1017F80068692C6D63316C6F3B092874656D7020C6
:101808006C696D69747329002C7265656C5F686911
:101818002C7265656C5F6C6F3B0928746F7271750B
:1018280065206C696D697473290000002C72656508
:101838006C5F68692C7265656C5F6C6F09286375ED
:101848007272656E74206C696D697473290000008A
:1018580023000000556E696D706C656D656E74656A
:1018680064206D657373616765207479706520669F
:10187800726F6D2044494200454550524F4D2073C8
:10188800657269616C20627566666572206372654F
:101898006174696F6E206572726F720053656E7441
:1018A80020454550524F4D20627566666572206F1F
:1018B8007665722073657269616C00004D43422041
:1018C800426F6F74200000004572726F722075704D
:1018D800646174696E67206C6576656C2077696EE3
:1018E800642064726976652073746174757300008E
:1018F8004661696C656420746F20757064617465F5
:10190800206C6576656C2077696E642064726976F0
:1019180065207374617475732031302074696D6546
:10192800730000004D6F74696F6E206661756C748A
:1019380020286C77290000004465706C6F7920645A
:10194800656E6965642C207265656C206F70732004
:101958006F6E676F696E6700526574726163742099
:1019680064656E6965642C207265656C206F7073A0
:10197800206F6E676F696E6700000000446F636BCD
:101988002064656E6965642C207265656C206F70D3
:1019980073206F6E676F696E670000005265656C33
:1019A80020696E206E6F204C572064656E696564EF
:1019B8002C207265656C206F7073206F6E676F697D
:1019C8006E670000486F6D652064656E6965642CFC
:1019D800207265656C206F7073206F6E676F696E1B
:1019E8006700000043656E746572204C572064657B
:1019F8006E6965642C207265656C206F7073206F4A
:101A08006E676F696E6700005265656C206E6F7453
:101A180020696E697469616C697A656420666F72A1
:101A2800206272616B6500004572726F7220706F80
:101A3800776572696E6720636F6E74726F6C6C6520
:101A48007273000057726F6E67207374617465203B
:101A5800666F7220706F776572696E6720636F6E4C
:101A680074726F6C6C657273000000005A65726F57
:101A7800696E67207265656C0000000046756C6CC5
:101A8800207265747261637420636F6D6D616E643A
:101A980020726563656976656400000046756C6C44
:101AA800207265747261637420756E6E6563657308
:101AB800736172792C20616C72656164792072653A
:101AC800656C656420696E00537769746368696E34
:101AD8006720746F2069676E6F7265206C696D6925
:101AE80074730000537769746368696E6720746F54
:101AF80020757365206C696D69747300556E6B6E23
:101B08006F776E207374617465206D616E616765AF
:101B18007220616374696F6E000000004572726F15
:101B280072207374617274696E67207265656C20C7
:101B3800636F6E74726F6C206C6F6F70730000004F
:101B4800556E61626C6520746F2073796E632072C4
:101B580065656C20636F6E74726F6C6C65720000E3
:101B6800486F6D6564203D20747275650000000043
:101B7800556E61626C6520746F20636F6D6D616E68
:101B880064206E657874206C77207365676D656E68
:101B98007400000052657365742063617573656431
:101BA800206279207761746368646F6700000000C1
:101BB8004572726F72207374617274696E67206CFB
:101BC8006576656C2077696E6420636F6E74726FDA
:101BD8006C206C6F6F7073004572726F7220737433
:101BE800617274696E67207265656C20636F6E74CC
:101BF800726F6C206C6F6F707320696E206C6576E5
:101C0800656C2077696E64206F6E00004C57204326
:101C18006F6E74726F6C6C6572206F666620486FA9
:101C28006D6564203D2066616C736500456E746562
:101C380072696E6720646F636B000000566F6C7486
:101C480061676520746F6F206C6F7720746F2064F4
:101C58006F636B21000000004E6F74207265616431
:101C68007920666F7220646F636B3A205265656CE9
:101C7800204E6F7420496E697469616C697A656475
:101C8800000000004E6F7420726561647920666FF1
:101C98007220646F636B3A204C6576656C57696E89
:101CA80064204E6F7420496E697469616C697A6545
:101CB800640000004E6F7420726561647920666F5D
:101CC8007220646F636B3A204C6576656C57696E59
:101CD8006420686173206E6F74206265656E206889
:101CE8006F6D6564000000004E6F7420726561645A
:101CF8007920666F7220646F636B3A204C65766555
:101D08006C57696E64206973206E6F7420646F630A
:101D18006B6564004572726F7220636F6D6D616EE2
:101D280064696E67207265656C20696E20666F72E3
:101D380020646F636B000000446F636B696E673AE1
:101D4800200000004572726F722073657474696EAA
:101D580067206C772063656E74657220666F7220E9
:101D6800646F636B00000000556E6B6E6F776E20BA
:101D7800646F636B2073756273746174650000002F
:101D8800456E746572696E672072656164790000DA
:101D980045786974696E672072656164790000002E
:101DA800556E6B6E6F776E207265616479207375FE
:101DB8006273746174650000456E746572696E675C
:101DC80020686F6D65206C7700000000566F6C749A
:101DD80061676520746F6F206C6F7720746F20685F
:101DE8006F6D6521000000004572726F7220706F80
:101DF800776572696E6720636F6E74726F6C6C655D
:101E08007273206F6E20666F72204C5720686F6D5A
:101E1800650000004572726F7220686F6D696E67A9
:101E2800204C570045786974696E6720686F6D6546
:101E3800206C7700556E6B6E6F776E20686F6D65DE
:101E4800206C7720737562737461746500000000FC
:101E5800566F6C7461676520746F6F206C6F7720A4
:101E6800746F207265656C20696E20286E6F204C37
:101E7800572921004572726F7220636F6D616E641D
:101E8800696E67207265656C20696E20286E6F2008
:101E98004C5729005265656C696E6720696E202869
:101EA8006E6F204C57293A2000000000457869746D
:101EB800696E67207265656C20696E20286E6F20D8
:101EC8004C572900556E6B6E6F776E207265656C86
:101ED80020696E20286E6F204C5729207375627315
:101EE8007461746500000000456E746572696E6700
:101EF800207265656C20696E00000000566F6C7476
:101F080061676520746F6F206C6F7720746F207223
:101F180065656C20696E21004572726F7220706F62
:101F2800776572696E67207265656C206F6E000058
:101F38004572726F7220706F776572696E67204C98
:101F480057206F6E000000004572726F7220636F39
:101F58006D6D616E64696E67207265656C20696E6F
:101F6800000000005265656C696E6720696E3A2052
:101F7800000000004572726F722073746172746998
:101F88006E672063616D6D696E670000486F6D65EF
:101F9800206469646E277420636F6D706C65746566
:101FA8002C20706F776572696E67206F6666000017
:101FB80045786974696E67207265656C20696E0082
:101FC800556E6B6E6F776E207265656C20696E203A
:101FD800737562737461746500000000456E746502
:101FE80072696E67206E6F6D696E616C000000002B
:101FF80045786974696E67206E6F6D696E616C00F3
:10200800556E6B6E6F776E206E6F6D696E616C20AA
:10201800737562737461746500000000566F6C74A8
:1020280061676520746F6F206C6F7720746F207202
:1020380065656C206F757421000000004572726F31
:102048007220636F6D6D616E64696E67207265657D
:102058006C206F75740000005265656C696E6720AE
:102068006F75743A2000000045786974696E6720BE
:102078007265656C206F757400000000556E6B6E9C
:102088006F776E207265656C206F7574207375624A
:1020980073746174650000004D4342206275696C79
:1020A8006420666F72200000524143487554530003
:1020B8004A756C20313320323032360031363A30AE
:1020C800313A3330000000004D4342206572726F90
:1020D8007220696E697469616C697A696E672045F6
:1020E8004550524F4D21205265636F6E6669677582
:1020F80072656400436F6E666967206D616E616723
:10210800657220696E69742073756363657373669D
:10211800756C00004D4342206572726F72207374B3
:10212800617274696E672053442063617264210090
:1021380053442063617264207374617274757020F3
:102148007375636365737366756C0000496E6974B3
:1021580069616C697A652053656E736F72730000EC
:10216800557064617465204C696D69747300000072
:10217800456E746572696E672063656E746572205A
:102188006C770000566F6C7461676520746F6F2000
:102198006C6F7720746F2063656E746572204C577E
:1021A800210000004572726F7220706F7765726946
:1021B8006E6720636F6E74726F6C6C657273206FDC
:1021C8006E20666F72204C572063656E74657200CE
:1021D8004572726F7220686F6D696E67204C572068
:1021E800666F722063656E74657200004572726F67
:1021F800722063656E746572696E67204C570000C3
:102208004C572063656E746572206D6F74696F6ECC
:102218002074696D6564206F757400004578697471
:10222800696E672063656E746572206C77000000C4
:10223800556E6B6E6F776E2063656E746572206C79
:102248007720737562737461746500004D6F7469EB
:102258006F6E206661756C742C20756E61626C659A
:1022680020746F2067656E6572617465207265659C
:102278006C20696E666F00004D6F74696F6E206622
:1022880061756C7420726C3A000000002C0000002C
:102298004D6F74696F6E206661756C742C20756E55
:1022A80061626C6520746F2067656E657261746524
:1022B800206C6576656C2077696E6420696E666F40
:1022C800000000004D6F74696F6E206661756C7454
:1022D800206C773A000000004572726F72207570AA
:1022E800646174696E67207265656C2064726976D2
:1022F8006520737461747573000000004661696C31
:10230800656420746F2075706461746520726565FA
:102318006C206472697665207374617475732031FA
:10232800302074696D6573004D6F74696F6E206637
:1023380061756C7420287265656C29005265656C3E
:10234800206D6F74696F6E20636F6D706C65746556
:10235800000000006673775F646174612F706F73AB
:102368005F6C6F672E646174000000005265766FC1
:102378006C7574696F6E732057726F6E670000001A
:1023880053706565642057726F6E67004163632000
:1023980057726F6E67000000536574436F6D6D610F
:1023A8006E64506F736974696F6E2057726F6E67D1
:1023B80000000000536574536C65775261746520A2
:1023C80057726F6E67000000536574416363656CF4
:1023D80065726174696F6E2057726F6E67000000D6
:1023E8006E616E00696E66006F766600545820450F
:1023F80052523A20000000006CC00F40C00000009C
:10240800504F0000E13801000CFF000013000000ED
:10241800000000000000000024851F400BFF0000A2
:1024280013000000000000000000000028851F4085
:102438000DFF000013000000000000000000000075
:1024480020851F400A252400130000001200000008
:102458001200000001020300000000001C851F405C
:102468000000000000000000000000000000000064
:102478003D010000B1000000000000000000000065
:102488001D010000690000000000000000000000BD
:102498005D010000DD0000000000000000000000F9
:1024A8002D0100008D000000000000000000000069
:1024B8007D01000001010000000000000000000094
:1024C8001D0C0000F50B0000A1060000E10B000048
:1024D800A50C0000950B0000250B00000000000073
:1024E8000000000049EF00000000000000000000AC
:1024F8009D0100000000000000000000B51401006C
:10250800C1140100B9140100C1150100311D0100F9
:10251800611C0100BD1C01005D1B01003D1701008D
:1025280071210100D114010045140100011E0100B0
:1025380031140100351401003D140100411401005B
:1025480055170100911F0100191F0100711A0100A0
:10255800291401003914010071200100991D01009E
:10256800351501000000000000000000B9640000FB
:102578000DF9000009F9000005F90000AD6400003C
:10258800B1640000B564000001F90000000000001B
:1025980000000000B5D30000A9D50000D1CD00008F
:1025A80029CF0000F1CD000095CE000019CE000023
:1025B800ADCF000045CF0000CDCD000000000000E9
:1025C800000000003D0D00009D090000A10600006C
:1025D800C50A0000E10900006D0A0000410A000078
:1025E8009D0F00005D0E00000000000000000000CC
:1025F8001D0C0000F50B0000A1060000E10B000017
:10260800A50C0000950B0000250B00000000000041
:1026180000000000910D0000D10D00007D0B0000AE
:10262800090C0000F10C00003D0B0000CD0B000070
:10263800E50700000D0F0000ED0A0000090B00007F
:10264800BD060000A906000095070000550B000014
:10265800E5060000750800002D090000BD0800000F
:10266800510C0000210800000000000000000000DC
:1026780049EF0000A9D50000A1060000A50600004A
:1026880049EF000049EF000049EF0000000000009A
:102698000000000099150000B915000000000000B6
:1026A8000000000019C7000029C90000EDC800009B
:1026B80035C8000099C80000E1C7000061C90000E2
:1026C80051CA00008DCA000069CB0000000000005C
:1026D800000000005123010055230100C121010021
:1026E800452701008D3301000D2D0100C5B90000FB
:1026F800812301005D3301009D340100952D010007
:10270800550E0100B52A0100E1220100ED22010069
:10271800B5210100B9210100BD210100F922010004
:102728001D23010041230100C12701006523010089
:10273800992501000D280100E1280100D8399D27BD
:102748000054EA2A00A4781F007B9A172C2066758B
:102758006E6374696F6E3A200000000061737365E0
:102768007274696F6E2022257322206661696C6518
:10277800643A2066696C6520222573222C206C69D6
:102788006E65202564257325730A000042616C6C10
:102798006F6320737563636565646564000000009A
:1027A8002F566F6C756D65732F646174612F6A6540
:1027B8006E6B696E732F776F726B73706163652FC1
:1027C800474E552D746F6F6C636861696E2F617227
:1027D8006D2D31312F7372632F6E65776C69622DA1
:1027E80063796777696E2F6E65776C69622F6C699C
:1027F80062632F7374646C69622F6764746F612DF0
:102808006765746865782E630000000000000000AA
:1028180000000000000000000000000000000000B0
:1028280000000000000000000000000000000000A0
:10283800000000000000000000000000101112134A
:10284800141516171819000000000000001A1B1CA8
:102858001D1E1F0000000000000000000000000016
:10286800000000000000000000000000001A1B1C0F
:102878001D1E1F00000000000000000000000000F6
:102888000000000000000000000000000000000040
:102898000000000000000000000000000000000030
:1028A8000000000000000000000000000000000020
:1028B8000000000000000000000000000000000010
:1028C8000000000000000000000000000000000000
:1028D80000000000000000000000000000000000F0
:1028E80000000000000000000000000000000000E0
:1028F80000000000000000000000000000000000D0
:102908000000000000000000000000002F566F6C5F
:10291800756D65732F646174612F6A656E6B696E7E
:10292800732F776F726B73706163652F474E552DE8
:10293800746F6F6C636861696E2F61726D2D3131D0
:102948002F7372632F6E65776C69622D6379677771
:10295800696E2F6E65776C69622F6C6962632F737D
:1029680074646C69622F6D707265632E6300000079
:1029780065256C6400000000303132333435363759
:1029880038396162636465666768696A6B6C6D6E25
:102998006F707172737475767778797A00000000B9
:1029A8000020202020202020202028282828282017
:1029B800202020202020202020202020202020200F
:1029C8002088101010101010101010101010101077
:1029D8001004040404040404040404101010101067
:1029E8001010414141414141010101010101010131
:1029F8000101010101010101010101011010101083
:102A08001010424242424242020202020202020202
:102A18000202020202020202020202021010101056
:102A2800200000000000000000000000000000007E
:102A3800000000000000000000000000000000008E
:102A4800000000000000000000000000000000007E
:102A5800000000000000000000000000000000006E
:102A6800000000000000000000000000000000005E
:102A7800000000000000000000000000000000004E
:102A8800000000000000000000000000000000003E
:102A9800000000000000000000000000000000002E
:102AA80000000000496E66696E69747900000000D4
:102AB8004E614E002F566F6C756D65732F6461748F
:102AC800612F6A656E6B696E732F776F726B7370A7
:102AD8006163652F474E552D746F6F6C636861692C
:102AE8006E2F61726D2D31312F7372632F6E657782
:102AF8006C69622D63796777696E2F6E65776C698B
:102B0800622F6C6962632F7374646C69622F6474DA
:102B18006F612E63000000004A495300534A49532D
:102B2800000000004555434A500000006E66000052
:102B3800696E697479000000616E0000494E4600B4
:102B48004E414E00303132333435363738396162D0
:102B5800636465660000000030313233343536373F
:102B6800383941424344454600000000286E756CE0
:102B78006C2900000030013002300CFF0EFFFB30E2
:102B88001AFF1BFF1FFF01FF9B309C30B40040FF62
:102B9800A8003EFF3E203FFFFD30FE309D309E30B6
:102BA8000330DD4E053006300730FC30142010208D
:102BB8000FFF3CFF1C3016205CFF26202520182024
:102BC80019201C201D2008FF09FF143015303BFF79
:102BD8003DFF5BFF5DFF083009300A300B300C30D9
:102BE8000D300E300F30103011300BFF1222B100B3
:102BF800D700F7001DFF60221CFF1EFF6622672218
:102C08001E22342242264026B000322033200321DF
:102C1800A50004FFA200A30005FF03FF06FF0AFFAB
:102C280020FFA70006260526CB25CF25CE25C725BC
:102C3800C625A125A025B325B225BD25BC253B2049
:102C4800123092219021912193211330000000002D
:102C5800000000000000000000000000000000006C
:102C6800000008220B2286228722822283222A221F
:102C78002922000000000000000000000000000001
:102C8800000027222822AC00D221D42100220322CE
:102C980029220000000000000000000000000000E1
:102CA8000000000000002022A52212230222072291
:102CB800612252226A226B221A223D221D223522CB
:102CC8002B222C2200000000000000000000000061
:102CD80000002B2130206F266D266A262020212017
:102CE800B6002C22000000000000EF2500000000C4
:102CF80000000000000000000000000101010101C7
:102D080001010101010000000000000001010101B2
:102D1800010101010101010101010101010101019B
:102D28000101010101010000000000000001010192
:102D3800010101010101010101010101010101017B
:102D4800010101010101010091039203930394031E
:102D5800950396039703980399039A039B039C038F
:102D68009D039E039F03A003A103A303A403A5033C
:102D7800A603A703A803A9030000000000000000A1
:102D88000000000000000000B103B203B303B40365
:102D9800B503B603B703B803B903BA03BB03BC034F
:102DA800BD03BE03BF03C003C103C303C403C503FC
:102DB800C603C703C803C90310041104120413048B
:102DC80014041504010416041704180419041A0439
:102DD8001B041C041D041E041F04200421042204D7
:102DE80023042404250426042704280429042A0487
:102DF8002B042C042D042E042F04000000000000D6
:102E080000000000000000000000000000000000BA
:102E180000000000000000003004310432043304D4
:102E280034043504510436043704380439043A04A8
:102E38003B043C043D043E043F0440044104420476
:102E480043044404450446044704480449044A0426
:102E58004B044C044D044E044F0400000025022589
:102E68000C251025182514251C252C25242534254A
:102E78003C25012503250F2513251B25172523256B
:102E880033252B253B254B2520252F252825372580
:102E98003F251D2530252525382542259C4E1655CC
:102EA800035A3F96C0541B612863F65922907584D3
:102EB8001C83507AAA60E163256EED656684A6825C
:102EC800F59B93682757A16571629B5BD0597B86F8
:102ED800F498627DBE7D8E9B16629F7CB788895B65
:102EE800B55E096397664868C7958D974F67E54E45
:102EF8000A4F4D4F9D4F4950F2563759D459015AF0
:102F0800095CDF600F61706113660569BA704F75FF
:102F18007075FB79AD7DEF7DC3800E846388028B6D
:102F280055907A903B53954EA54EDF57B280C1908D
:102F3800EF78004EF158A26E3890327A28838B824F
:102F48002F9C41517053BD54E154E056FB59155F15
:102F5800F298EB6DE4802D8562967096A096FB97AB
:102F68000B54F353875BCF70BD7FC28FE8966F53C6
:102F78005C9DBA7A114E9378FC81266E18560455DA
:102F88001D6B1A853B9CE559A953666DDC748F95BA
:102F98004256914E4B90F2964F830C99E153B65599
:102FA800305B715F2066F3660468386CF36C296DDA
:102FB8005B74C8764E7A3498F1825B88608AED92A9
:102FC800B26DAB75CA76C599A660018B8A8DB2952C
:102FD8008E69AD538651125730584459B45BF65E2A
:102FE8002860A963F463BF6C146F8E7014715971F3
:102FF800D5713F73017E7682D182978560905B920E
:103008001B9D6958BC655A6C2575F9512E5965592F
:10301800805FDC5FBC62FA652A6A276BB46B8B73CE
:10302800C17F56892C9D0E9DC49EA15C966C7B83A6
:1030380004514B5CB661C68176686172594EFA4F8D
:1030480078536960296E4F7AF3970B4E1653EE4EFC
:10305800554F3D4FA14F734FA052EF5309560F598B
:10306800C15AB65BE15BD17987669C67B6674C6BE2
:10307800B36C6B70C2738D79BE793C7A877BB182F1
:10308800DB8204837783EF83D3836687B28A2956EA
:10309800A88CE68F4E901E978A86C44FE85C116212
:1030A80059723B75E581BD82FE86C08CC596139921
:1030B800D599CB4E1A4FE389DE564A58CA58FB5E5B
:1030C800EB5F2A6094606260D0611262D0623965F9
:1030D800419B6666B068776D70704C758676757DB5
:1030E800A582F9878B958E969D8CF151BE52165903
:1030F800B354B35B165D68618269AF6D8D78CB841C
:103108005788728AA793B89A6C6DA899D986A357DD
:10311800FF67CE860E92835287560454D35EE162CF
:10312800B9643C683868BB6B7273BA786B7A9A89F1
:10313800D2896B8D038FED90A39594966997665B02
:10314800B35C7D694D984E989B63207B2B6A7F6AA0
:10315800B6680D9C5F6F72529D557060EC623B6D56
:10316800076ED16E5B841089448F144E399CF653D8
:103178001B693A6A84972A685C51C37AB284DC91E5
:103188008C935B56289D226805833184A57C085260
:10319800C582E6747E4E834FA051D25B0A52D85244
:1031A800E752FB5D9A552A58E6598C5B985BDB5BC6
:1031B800725E795EA3601F616361BE61DB636265F5
:1031C800D1675368FA683E6B536B576C226F976FE1
:1031D800456FB0741875E3760B77FF7AA17B217C75
:1031E800E97D367FF07F9D8066829E83B389CC8A95
:1031F800AB8C8490519493959195A2956596D397AD
:1032080028991882384E2B54B85CCC5DA9734C763B
:103218003C77A95CEB7F0B8DC19611985498589810
:10322800014F0E4F71539C556856FA574759095B21
:10323800C45B905C0C5E7E5ECC5FEE633A67D765DC
:10324800E2651F67CB68C4685F6A305EC56B176C40
:103258007D6C7F754879635B007A007DBD5F8F89DF
:10326800188AB48C778DCC8E1D8FE2980E9A3C9B71
:10327800804E7D50005193599C5B2F628062EC64B4
:103288003A6BA07291754779A97FFB87BC8A708BCE
:10329800AC63CA83A09709540354AB555468586A61
:1032A800708A27787567CD9E7453A25B1A81508601
:1032B8000690184E454EC74E114FCA533854AE5B50
:1032C800135F256051653D67426C726CE36C7870E2
:1032D8000374767AAE7A087B1A7DFE7C667DE76594
:1032E8005B72BB53455CE85DD262E0621963206E95
:1032F8005A86318ADD8DF892016FA6795A9BA84EBD
:10330800AB4EAC4E9B4FA04FD1504751F67A7151FE
:10331800F651545321537F53EB53AC558358E15C1A
:10332800375F4A5F2F6050606D601F6359654B6A55
:10333800C16CC272ED72EF77F880058108824E8504
:10334800F790E193FF9757995A9AF04EDD512D5C0B
:1033580081666D69405CF266756989735068817C25
:10336800C550E4524757FE5D2693A465236B3D6B19
:1033780034748179BD794B7BCA7DB982CC837F88CF
:103388005F89398BD18FD1911F5480925D4E365011
:10339800E5533A53D7729673E977E682AF8EC699AA
:1033A800C899D29977511A615E86B0557A7A765063
:1033B800D35B47908596324EDB6AE791515C485C57
:1033C80098639F7A936C7497618FAA7A8A718896AA
:1033D800827C1768707E51686C93F2521B54AB85DF
:1033E800138AA47FCD8EE190665388884179C24FB5
:1033F800BE501152445153552D57EA738B575159AA
:10340800625F845F756076616761A961B2633A64DF
:103418006C656F664268136E66753D7AFB7C4C7D01
:10342800997D4B7E6B7F0E834A83CD86088A638A9B
:10343800668BFD8E1A988F9DB882CE8FE89B875237
:103448001F628364C06F999641689150206B7A6CB3
:10345800546F747A507D4088238A0867F64E395035
:10346800265065507C5138526352A7550F5705585E
:10347800CC5AFA5EB261F861F36272631C69296A18
:103488007D72AC722E7314786F78797D0C77A98071
:103498008B89198BE28CD28E639075937A965598A6
:1034A800139A789E43519F53B3537B5E265F1B6EDE
:1034B800906E8473FE73437D3782008AFA8A509631
:1034C8004E4E0B50E4537C54FA56D159645BF15D6F
:1034D800AB5E275F38624565AF67566ED072CA7CAF
:1034E800B488A180E180F0834E86878AE88D379280
:1034F800C7966798139F944E924E0D4F4853495460
:103508003E542F5A8C5FA15F9F60A7688E6A5A74D9
:1035180081789E8AA48A778B90915E4EC99BA44E2F
:103528007C4FAF4F1950165049516C519F52B952A8
:10353800FE529A53E35311540E5489555157A257CA
:103548007D59545B5D5B8F5BE55DE75DF75D785E9C
:10355800835E9A5EB75E185F52604C619762D8626C
:10356800A7633B6502664366F4666D6721689768E2
:10357800CB695F6C2A6D696D2F6E9D6E327587768B
:103588006C783F7AE07C057D187D5E7DB17D158085
:103598000380AF80B18054818F812A8252834C8806
:1035A80061881B8BA28CFC8CCA90759171923F78B4
:1035B800FC92A4954D9605989999D89A3B9D5B5293
:1035C800AB52F7530854D558F762E06F6A8C5F8F97
:1035D800B99E4B513B524A54FD56407A7791609DB3
:1035E800D29E4473096F70811175FD5FDA60A89AE5
:1035F800DB72BC8F646B0398CA4EF0566457BE5892
:103608005A5A6860C7610F6606663968B168F76D0F
:10361800D5753A7D6E82429B9B4E504FC9530655D5
:103628006F5DE65DEE5DFB67996C73740278508A96
:103638009693DF885057A75E2B63B550AC508D51D9
:103648000067C9545E58BB59B05B695F4D62A1639E
:103658003D68736B086E7D70C79180721578267807
:103668006D798E65307DDC83C188098F9B966452A5
:10367800285750676A7FA18CB45142572A963A5806
:103688008A69B480B2540E5DFC579578FA9D5C4FF8
:103698004A528B543E6428661467F567847A567BD1
:1036A800227D2F935C68AD9B397B19538A51375221
:1036B800DF5BF662AE64E6642D67BA6BA985D196C6
:1036C8009076D69B4C630693AB9BBF765266094EA9
:1036D8009850C253715CE860926463655F68E671F4
:1036E800CA732375977B827E9586838BDB8C789152
:1036F8001099AC65AB668B6BD54ED44E3A4F7F4F65
:103708003A52F853F253E355DB56EB58CB59C959A3
:10371800FF59505B4D5C025E2B5ED75F1D600763EF
:103728002F655C5BAF65BD65E8659D67626B7B6B0C
:103738000F6C45734979C179F87C197D2B7DA2807E
:103748000281F38196895E8A698A668A8C8AEE8A02
:10375800C78CDC8CCC96FC986F6B8B4E3C4F8D4F96
:103768005051575BFA5B486101634266216BCB6E2F
:10377800BB6C3E72BD74D475C1783A790C803380C5
:10378800EA8194849E8F506C7F9E0F5F588B2B9D8F
:10379800FA7AF88E8D5BEB96034EF153F757315951
:1037A800C95AA45B89607F6E066FBE75EA8C9F5B01
:1037B8000085E07B7250F4679D82615C4A851E7EBD
:1037C8000E829951045C6863668D9C656E713E79C2
:1037D800177D05801D8BCA8E6E90C786AA901F50D4
:1037E800FA523A5C53677C7035724C91C8912B93AE
:1037F800E582C25B315FF9603B4ED653885B4B6212
:1038080031678A6BE972E0732E7A6B81A38D5291CE
:1038180096991251D7536A54FF5B8863396AAC7D15
:103828000097DA56CE536854975B315CDE5DEE4FF5
:103838000161FE62326DC079CB79427D4D7ED27FC7
:10384800ED811F82908446887289908B748E2F8FA9
:1038580031904B916C91C6969C91C04E4F4F4551FB
:103868004153935F0E62D467416C0B6E6373267E7F
:10387800CD918392D4531959BF5BD16D5D792E7E5A
:103888009B7C7E589F71FA515388F08FCA4FFB5C1E
:103898002566AC77E37A1C82FF99C651AA5FEC656E
:1038A8006F69896BF36D966E646FFE76147DE15DCA
:1038B800759087910698E6511D5240629166D966C7
:1038C8001A6EB65ED27D727FF866AF85F785F88A84
:1038D800A952D95373598F5E905F5560E4926496EC
:1038E800B7501F51DD5220534753EC53E854465507
:1038F800315517566859BE593C5AB55B065C0F5C82
:10390800115C1A5C845E8A5EE05E705F7F6284622E
:10391800DB628C63776307660C662D6676667E6766
:10392800A2681F6A356ABC6C886D096E586E3C7156
:1039380026716771C77501775D7801796579F079C6
:10394800E07A117BA77C397D9680D6838B84498564
:103958005D88F3881F8A3C8A548A738A618CDE8C5E
:10396800A49166927E9318949C9698970A4E084E56
:103978001E4E574E97517052CE573458CC58225B32
:10398800385EC560FE6461675667446DB6727375CC
:10399800637AB884728BB89120933156F457FE98A5
:1039A800ED620D69966BED71547E77807282E689BF
:1039B800DF985587B18F3B5C384FE14FB54F0755BE
:1039C800205ADD5BE95BC35F4E612F63B0654B66D0
:1039D800EE689B69786DF16D3375B9751F775E79FF
:1039E800E679337DE381AF82AA85AA893A8AAB8ECC
:1039F8009B8F3290DD910797BA4EC14E035275588E
:103A0800EC580B5C1A753D5C4E810A8AC58F63962B
:103A18006D97257BCF8A08986291F356A853179023
:103A280039548257255EA863346C8A7061778B7C21
:103A3800E07F708842905491109318938F965E742B
:103A4800C49A075D695D7065A267A88DDB966E6391
:103A580049671969C5831798C096FE88846F7A6488
:103A6800F85B164E2C705D752F66C4513652E252C3
:103A7800D359815F276010623F6574651F6674665D
:103A8800F2681668636B056E72721F75DB76BE7C12
:103A98005680F058FD887F89A08A938ACB8A1D902A
:103AA80092915297599789650E7A0681BB962D5E39
:103AB800DC601A62A56514669067F3774D7A4D7CD1
:103AC8003E7E0A81AC8C648DE18D5F8EA9780752A9
:103AD800D962A563426498622D8A837AC07BAC8AD6
:103AE800EA96767D0C824987D94E485143536053F4
:103AF800A35B025C165CDD5D26624762B0641368F6
:103B08003468C96C456D176DD3675C6F4E717D71F4
:103B1800CB657F7AAD7BDA7D4A7EA87F7A811B826E
:103B28003982A6856E8ACE8CF58D78907790AD9285
:103B380091928395AE9B4D528455386F367168517A
:103B48008579557EB381CE7C4C565158A85CAA63C2
:103B5800FE66FD665A69D9728F758E750E7956792B
:103B6800DF79977C207D447D0786348A3B96619077
:103B7800209FE7507552CC53E2530950AA55EE588E
:103B88004F593D728B5B645C1D53E360F3605C636B
:103B980083633F63BB63CD64E965F966E35DCD6923
:103BA800FD69156FE571894EE975F876937ADF7CC2
:103BB800CF7D9C7D6180498358836C84BC84FB8560
:103BC800C588708D01906D9097931C97129ACF506D
:103BD80097588E61D3813585088D2090C34F7450D6
:103BE800475273536F6049635F672C6EB38D1F90A4
:103BF800D74F5E5CCA8CCF659A7D525396887651B2
:103C0800C363585B6B5B0A5C0D6451675C90D64E6E
:103C18001A592A59706C518A3E551558A559F060A1
:103C28005362C167358255694096C499289A534FA3
:103C38000658FE5B1080B15C2F5E855F20604B618B
:103C48003462FF66F06CDE6ECE807F81D4828B8812
:103C5800B88C00902E908A96DB9EDB9BE34EF05347
:103C680027592C7B8D914C98F99DDD6E2770535305
:103C78004455855B58629E62D362A26CEF6F2274D2
:103C8800178A3894C16FFE8A3883E751F886EA5359
:103C9800E953464F5490B08F6A593181FD5DEA7AF5
:103CA800BF8FDA68378CF872489C3D6AB08A394E03
:103CB800585306566657C562A263E6654E6BE16DBA
:103CC8005B6EAD70ED77EF7AAA7BBB7D3D80C680D9
:103CD800CB86958A5B93E356C7583E5FAD6596667B
:103CE800806AB56B3775C78A2450E57730571B5FF4
:103CF80065607A66606CF4751A7A6E7FF48118874D
:103D08004590B399C97B5C75F97A517BC48410904E
:103D1800E979927A3683E15A40772D4EF24E995BD3
:103D2800E05FBD623C66F167E86C6B8677883B8A2A
:103D38004E91F392D099176A26702A73E7825784B6
:103D4800AF8C014E4651CB518B55F55B165E335EF9
:103D5800815E145F355F6B5FB45FF2611163A266C9
:103D68001D676E6F52723A753A777480398178811F
:103D78007687BF8ADC8A858DF38D9A92779502982B
:103D8800E59CC5525763F4761567886CCD73C38C70
:103D9800AE937396256D9C580E69CC69FD8F9A93E6
:103DA800DB751A905A580268B463FB69434F2C6F4D
:103DB800D867BB8F2685B47D54933F69706F6A5767
:103DC800F7582C5B2C7D2A720A54E391B49DAD4EB2
:103DD8004E4F5C50755043529E8C485424589A5B01
:103DE8001D5E955EAD5EF75E1F5F8C60B5623A63DF
:103DF800D063AF68406C87788E790B7AE07D478214
:103E0800028AE68A448E1390B8902D91D8910E9F1D
:103E1800E56C5864E2647565F46E84761B7B699082
:103E2800D193BA6EF254B95FA4644D8FED8F44926A
:103E380078516B582959555C975EFB6D8F7E1C75C0
:103E4800BC8CE28E5B98B9701D4FBF6BB16F30753B
:103E5800FB964E51105435585758AC59605C925FD8
:103E680097655C67216E7B76DF83ED8C1490FD90FF
:103E78004D9325783A78AA52A65E1F577459126056
:103E880012505A51AC51CD510052105554585858EF
:103E98005759955BF65C8B5DBC6095622D647167C4
:103EA8004368BC68DF68D776D86D6F6E9B6D6F709E
:103EB800C871535FD8757779497B547B527BD67C20
:103EC800717D305263846985E4850E8A048B468C43
:103ED8000F8E03900F90199476962D98309AD89556
:103EE800CD50D5520C5402580E5CA7619E641E6DCD
:103EF800B377E57AF480048453908592E05C079D5B
:103F08003F53975FB35F9C6D79726377BF79E47BAA
:103F1800D26BEC72AD8A0368616AF851817A3469B0
:103F28004A5CF69CEB82C55B49911E7078566F5CC3
:103F3800C76066658C6C5A8C419013985154C7665B
:103F48000D924859A39085514D4EEA5199850E8B93
:103F580058707A634B936269B499047E77755753A6
:103F68006069DF8EE3965D6C8C4E3C5C105FE98F78
:103F78000253D18C89807986FF5EE565734E655161
:103F880082593F5CEE97FB4E8A59CD5F8D8AE16F6F
:103F9800B0796279E75B71842B73B171745EF55FF8
:103FA8007B639A64C371987C434EFC5E4B4EDC572E
:103FB800A256A960C36F0D7DFD803381BF81B28F8A
:103FC8009789A486F45D8A62AD6487897767E26C15
:103FD8003E6D36743478465A757FAD82AC99F34F8E
:103FE800C35EDD62926357656F67C3764C72CC809F
:103FF800BA80298F4D910D50F957925A8568736987
:104008006471FD72B78CF258E08C6A9619907F87BC
:10401800E479E77729842F4F65525A53CD62CF67E9
:10402800CA6C7D76947B957C36828485EB8FDD66C1
:10403800206F06721B7EAB83C199A69EFD51B17B92
:104048007278B87B8780487BE86A615E8C8051759E
:1040580060756B5162928C6E7A769791EA9A104FDE
:10406800707F9C624F7BA595E99C7A565958E486E7
:10407800BC96344F24524A53CD53DB53065E2C640E
:1040880091657F673E6C4E6C4872AF72ED735475E4
:10409800417E2C82E985A98CC47BC69169711298EE
:1040A800EF983D6369666A75E476D0784385EE8655
:1040B8002A53515326548359875E7C5FB260496204
:1040C8007962AB629065D46BCC6CB275AE76917840
:1040D800D879CB7D777FA580AB88B98ABB8C7F9058
:1040E8005E97DB980B6A387C99503E5CAE5F8767B9
:1040F800D86B357409778E7F3B9FCA67177A395317
:104108008B75ED9A665F9D81F18398803C5FC55FF2
:104118006275467B3C906768EB599B5A107D7E76AA
:104128002C8BF54F6A5F196A376C026FE2746879F5
:104138006888558A798CDF5ECF63C575D279D78256
:104148002893F2929C84ED862D9CC1546C5F8C65FB
:104158005C6D1570A78CD38C3B984F65F6740D4E2B
:10416800D84EE0572B59665ACC5BA851035E9C5E2B
:10417800166076627765A7656E666E6D3672267B09
:1041880050819A8199825C8BA08CE68C748D1C96E8
:104198004496AE4FAB64666B1E8261846A85E89074
:1041A800015C5369A8987A8457850F4F6F52A95FAD
:1041B800455E0D678F79798107898689F56D175F67
:1041C8005562B86CCF4E6972929B06523B54745636
:1041D800B358A4616E621A716E59897CDE7C1B7DAE
:1041E800F09687655E80194E754F75514058635E2D
:1041F800735E0A5FC467264E3D8589955B96737C1E
:104208000198FB50C1585676A7782552A577118595
:10421800867B4F5009594772C77BE87DBA8FD48F88
:104228004D90BF4FC952295A015FAD97DD4F178294
:10423800EA9203575563696B2B75DC88148F427AB1
:10424800DF52935855610A62AE66CD6B3F7CE983B5
:104258002350F84F05534654315849599D5BF05C3B
:10426800EF5C295D965EB16267633E65B9650B6771
:10427800D56CE16CF97032782B7EDE80B3820C84C9
:10428800EC84028712892A8A4A8CA690D292FD98D9
:10429800F39C6C9D4F4EA14E8D5056524A57A859CB
:1042A8003D5ED85FD95F3F62B4661B67D067D2684E
:1042B8009251217DAA80A881008B8C8CBF8C7E9224
:1042C800329620542C981753D5505C53A858B26492
:1042D800346767726677467AE691C352A16C866B3B
:1042E80000584C5E54592C67FB7FE151C6766964CF
:1042F800E878549BBB9ECB57B95927669A67CE6B13
:10430800E954D969555E9C819567AA9BFE67529CC2
:104318005D68A64EE34FC853B9622B67AB6CC48F78
:10432800AD4F6D7EBF9E074E6261806E2B6F138509
:1043380073542A67459BF35D957BAC5CC65B1C8711
:104348004A6ED184147A088199598D7C116C207732
:10435800D952225921715F72DB772797619D0B69CA
:104368007F5A185AA5510D547D540E66DF76F78F83
:104378009892F49CEA595D72C56E4D51C968BF7D2B
:10438800EC7D6297BA9E7864216A028384595F5BE8
:10439800DB6B1B73F276B27D1780998432512867E4
:1043A800D99EEE766267FF520599245C3B627E7C5B
:1043B800B08C4F55B6600B7D809501535F4EB6515A
:1043C8001C593A723680CE91255FE2778453795F23
:1043D800047DAC85338A8D8E5697F367AE855394EA
:1043E80009610861B96C5276ED8A388F2F55514FA3
:1043F8002A51C752CB53A55B7D5EA0608261D6630C
:104408000967DA67676E8C6D367337733175507963
:10441800D588988A4A909190F590C4968D871559B9
:10442800884E594F0E4E898A3F8F1098AD507C5E4A
:104438009659B95BB85EDA63FA63C164DC664A69A7
:10444800D8690B6DB66E94712875AF7A8A7F008033
:104458004984C9848189218B0A8E65907D960A9941
:104468007E619162326B836C746DCC7FFC7FC06D12
:10447800857FBA87F8886567B1833C98F7961B6D86
:10448800617D3D846A91714E7553505D046BEB6F8D
:10449800CD852D86A78929520F54655C4E67A8687B
:1044A80006748374E275CF88E188CC91E296789699
:1044B8008B5F8773CB7A4E84A06365758952416D93
:1044C8009C6E097459756B78927C8696DC7A8D9F00
:1044D800B64F6E61C5655C86864EAE4EDA50214E8B
:1044E800CC51EE5B99658168BC6D1F734276AD77E0
:1044F8001C7AE77C6F82D28A7C90CF917596189847
:104508009B52D17D2B5098539767CB6DD0713374E4
:10451800E8812A8FA396579C9F9E60744158996D95
:104528002F7D5E98E44E364F8B4FB751B152BA5D2E
:104538001C60B2733C79D3823492B796F6960A9788
:10454800979E629FA666746B1752A352C870C28862
:10455800C95E4B609061236F49713E7CF47D6F802A
:10456800EE8423902C9342546F9BD36A8970C28C3B
:10457800EF8D3297B452415ACA5E045F17677C695F
:1045880094696A6D0F6F6272FC72ED7B01807E80A8
:104598004B87CE906D51939E84798B803293D68AC7
:1045A8002D508C54718A6A6BC48C0781D160A067C6
:1045B800F29D994E984E109C6B8AC185688500695A
:1045C8007E6E9778558100000A0001000200030002
:1045D8000400050006000700080009000A000B0097
:1045E8000C000D000E000F001000000020202020FD
:1045F80020202020202020202020202020202020B3
:104608002020202020202020202020200000000022
:104618001F001C20000000001421000002001624C6
:10462800000000001425000002001528000000000A
:10463800112900000000142A00000000182B0000B7
:104648000000142C00000000102D00000000142EA3
:10465800000001000C3000000900143A00000100BD
:10466800183C00000200143F000001000341000054
:104678001900155B00000000145C00000000115DCB
:1046880000000000175E000000000F5F000000003F
:10469800176000000000036100001900157B00008E
:1046A8000000187C00000000117D00000000187E4A
:1046B80000000000007F000020001CA00000000097
:1046C80014A10000000016A20000030019A60000B3
:1046D800000014A70000000017A80000000019A996
:1046E8000000000006AA0000000013AB0000000054
:1046F80018AC0000000001AD0000000019AE000079
:10470800000017AF0000000019B00000000018B149
:10471800000000000EB20000010017B40000000005
:1047280003B50000000014B60000010017B800002F
:1047380000000EB90000000006BA0000000012BB1D
:10474800000000000EBC0000020014BF00000000C2
:1047580003C00000160018D70000000003D80000AE
:10476800060004DF0000000003E00000160018F750
:104778000000000003F800003F00043801000000BA
:10478800033901000F00044901000000034A010039
:104798004200048D01000000038E01000C00049B00
:1047A80001000000039C01000D0004AA01000100A3
:1047B80003AC01000D0004BA0100000006BB0100B3
:1047C800000003BC0100010004BE0100000003BF9B
:1047D8000100000006C00100030003C4010000003E
:1047E80007C50100000003C60100010007C8010059
:1047F800000003C90100010007CB0100000003CC41
:104808000100230004F00100000003F10100000092
:1048180007F20100000003F301002D00042102004B
:104828000000032202001100043402000500033ACC
:1048380002001A000455020000000356020001009D
:10484800045802000000035902000000045A020044
:104858000000035B02000100045D02000200036027
:10486800020001000462020000000363020000006D
:1048780004640200000003650200010004670200EE
:104888000000036802000400046D02000100036FC9
:104898000200000004700200000003710200010021
:1048A8000473020001000375020000000476020090
:1048B8000600037D02000000047E02000100038060
:1048C80002000000048102000000038202000100CF
:1048D800048402000200038702000500048D020020
:1048E80004000392020000000493020000000694F2
:1048F80002000000049502000700039D0200010069
:10490800049F0200100005B00200110017C2020047
:10491800030005C602000B0017D202000D0005E0D7
:104928000200040017E50200060005EC0200000082
:1049380017ED0200000005EE0200000017EF02006C
:1049480010000B0003006F000370030003000574E0
:104958000300000017750300000003760300010040
:10496800057A03000000037B03000200147E0300A5
:104978000000037F03000000178403000100038682
:1049880003000000148703000000038803000200EE
:10499800038C03000000038E030001000490030051
:1049A800000003910300100003A303000C0004B0EF
:1049B8000300000003B10300200008D20300020036
:1049C80003D50300200018F60300000003F70300D6
:1049D800040004FC0300000003FD030084001982A6
:1049E800040000000B83040004000A88040001008E
:1049F800038A0400A50003310500250005590500B8
:104A08000000145A05000500046005000000036159
:104A18000500250004870500010014890500000031
:104A2800108A05000000198D05000100168F050089
:104A380000000B9105002C0010BE050000000BBF04
:104A48000500000014C0050000000BC105000100AE
:104A580014C3050000000BC40500010014C60500BE
:104A680000000BC70500000006D005001A0006EF7D
:104A78000500030014F3050001000100060005000D
:104A8800180606000200140906000100160B0600AD
:104A98000000140C06000100190E060001000B109E
:104AA80006000A00141B06000000011C0600000096
:104AB800141D06000200062006001F00054006001F
:104AC80000000641060009000B4B060014000C60AC
:104AD80006000900146A06000300066E06000100BD
:104AE8000B700600000006710600620014D4060070
:104AF800000006D5060000000BD60600060001DD02
:104B08000600000019DE060000000BDF06000500A5
:104B180005E5060001000BE70600010019E906009B
:104B280000000BEA0600030006EE060001000CF088
:104B38000600090006FA0600020019FD0600010039
:104B480006FF06000000140007000D00010F070013
:104B580000000610070000000B11070000000612F5
:104B680007001D000B3007001A00064D070058000B
:104B78000BA607000A0006B1070000000CC00700DA
:104B8800090006CA070020000BEB0700080005F41F
:104B98000700010019F60700000014F707000200DB
:104BA80005FA070000000BFD0700000016FE0700CD
:104BB80001000600080015000B1608000300051A7E
:104BC800080000000B1B080008000524080000006E
:104BD8000B25080002000528080000000B29080022
:104BE8000400143008000E000640080018000B5995
:104BF80008000200145E08000000066008000A00B1
:104C080006700800170017880800000006890800C9
:104C180005000190080001000B980800070006A095
:104C28000800280005C9080000000BCA0800170082
:104C380001E2080000000BE308001F000903090057
:104C480000000604090035000B3A09000000093B82
:104C5800090000000B3C09000000063D09000000A7
:104C6800093E090002000B41090007000949090033
:104C780003000B4D09000000094E09000100065011
:104C8800090000000B510900060006580900090038
:104C98000B62090001001464090001000C66090098
:104CA800090014700900000005710900000006726F
:104CB80009000E000B8109000000098209000100AB
:104CC800068509000700068F090001000693090000
:104CD800150006AA0900060006B20900000006B67B
:104CE800090003000BBC0900000006BD0900000014
:104CF80009BE090002000BC10900030009C7090029
:104D0800010009CB090001000BCD0900000006CE07
:104D18000900000009D70900000006DC09000100AD
:104D280006DF090002000BE2090001000CE6090099
:104D3800090006F00900010016F2090001000EF44E
:104D48000900050019FA0900000016FB0900000017
:104D580006FC0900000014FD090000000BFE090014
:104D680000000B010A00010009030A000000060503
:104D78000A000500060F0A00010006130A001500C4
:104D8800062A0A00060006320A00010006350A0053
:104D9800010006380A0001000B3C0A000000093E29
:104DA8000A0002000B410A0001000B470A0001003B
:104DB8000B4B0A0002000B510A00000006590A00BA
:104DC8000300065E0A0000000C660A0009000B706A
:104DD8000A00010006720A0002000B750A000000B2
:104DE80014760A0000000B810A00010009830A00FA
:104DF800000006850A000800068F0A0002000693D4
:104E08000A00150006AA0A00060006B20A000100F8
:104E180006B50A0004000BBC0A00000006BD0A0023
:104E2800000009BE0A0002000BC10A0004000BC7FB
:104E38000A00010009C90A00000009CB0A000100A4
:104E48000BCD0A00000006D00A00000006E00A00A8
:104E580001000BE20A0001000CE60A00090014F048
:104E68000A00000016F10A00000006F90A00000016
:104E78000BFA0A0005000B010B00000009020B00E9
:104E8800010006050B000700060F0B0001000613C2
:104E98000B001500062A0B00060006320B00010065
:104EA80006350B0004000B3C0B000000063D0B0010
:104EB8000000093E0B0000000B3F0B0000000940FA
:104EC8000B0000000B410B00030009470B00010019
:104ED800094B0B0001000B4D0B0000000B550B009C
:104EE800010009570B000000065C0B000100065F7B
:104EF8000B0002000B620B0001000C660B0009009E
:104F080019700B00000006710B0000000E720B00F8
:104F180005000B820B00000006830B0000000685CD
:104F28000B000500068E0B00020006920B00030022
:104F380006990B000100069C0B000000069E0B0062
:104F4800010006A30B00010006A80B00020006AE34
:104F58000B000B0009BE0B0001000BC00B0000008A
:104F680009C10B00010009C60B00020009CA0B00A9
:104F780002000BCD0B00000006D00B00000009D783
:104F88000B0000000CE60B0009000EF00B000200FD
:104F980019F30B00050016F90B00000019FA0B00B5
:104FA80000000B000C00000009010C0002000B04BB
:104FB8000C00000006050C000700060E0C0002009D
:104FC80006120C001600062A0C000F000B3C0C0001
:104FD8000000063D0C0000000B3E0C0002000941D9
:104FE8000C0003000B460C0002000B4A0C000300E7
:104FF8000B550C00010006580C000200065D0C0061
:10500800000006600C0001000B620C0001000C6639
:105018000C00090014770C0000000E780C00060044
:10502800197F0C00000006800C0000000B810C00AA
:10503800000009820C00010014840C0000000685A1
:105048000C000700068E0C00020006920C001600E9
:1050580006AA0C00090006B50C0004000BBC0C00E5
:10506800000006BD0C00000009BE0C0000000BBFCC
:105078000C00000009C00C0004000BC60C00000066
:1050880009C70C00010009CA0C0001000BCC0C0078
:10509800010009D50C00010006DD0C00010006E046
:1050A8000C0001000BE20C0001000CE60C000900EA
:1050B80006F10C0001000B000D00010009020D00B3
:1050C800010006040D000800060E0D00020006127D
:1050D8000D0028000B3B0D000100063D0D000000EF
:1050E800093E0D0002000B410D00030009460D00AA
:1050F8000200094A0D0002000B4D0D000000064E8B
:105108000D000000194F0D00000006540D000200AC
:1051180009570D0000000E580D000600065F0D002F
:1051280002000B620D0001000C660D0009000E70F4
:105138000D00080019790D000000067A0D00050021
:105148000B810D00000009820D00010006850D008D
:105158001100069A0D00170006B30D00080006BDE1
:105168000D00000006C00D0006000BCA0D0000006F
:1051780009CF0D0002000BD20D0002000BD60D0066
:10518800000009D80D0007000CE60D00090009F21F
:105198000D00010014F40D00000006010E002F00A0
:1051A8000B310E00000006320E0001000B340E0019
:1051B8000600163F0E00000006400E0005000546DA
:1051C8000E0000000B470E000700144F0E000000F1
:1051D8000C500E000900145A0E00010006810E0042
:1051E800010006840E00000006860E000400068CEE
:1051F8000E00170006A50E00000006A70E00090005
:105208000BB10E00000006B20E0001000BB40E0038
:10521800080006BD0E00000006C00E00040005C60A
:105228000E0000000BC80E0005000CD00E0009008F
:1052380006DC0E00030006000F00000019010F0035
:10524800020014040F000E0019130F0000001414BC
:105258000F00000019150F0002000B180F000100C5
:10526800191A0F0005000C200F0009000E2A0F0064
:10527800090019340F0000000B350F000000193623
:105288000F0000000B370F00000019380F00000056
:105298000B390F000000153A0F000000113B0F00FA
:1052A8000000153C0F000000113D0F000000093EF2
:1052B8000F00010006400F00070006490F002300F9
:1052C8000B710F000D00097F0F0000000B800F000D
:1052D800040014850F0000000B860F0001000688EB
:1052E8000F0004000B8D0F000A000B990F0023001C
:1052F80019BE0F0007000BC60F00000019C70F00EA
:10530800050019CE0F00010014D00F00040019D5B4
:105318000F00030014D90F000100060010002A0036
:10532800092B100001000B2D10000300093110009B
:1053380000000B32100005000938100000000B397E
:1053480010000100093B100001000B3D1000010096
:10535800063F100000000C4010000900144A10001D
:1053680005000650100005000956100001000B58F2
:1053780010000100065A100003000B5E1000020026
:1053880006611000000009621000020006651000A6
:105398000100096710000600066E100002000B717C
:1053A80010000300067510000C000B8210000000AE
:1053B8000983100001000B85100001000987100007
:1053C80005000B8D10000000068E10000000098FEC
:1053D800100000000C9010000900099A100002004B
:1053E8000B9D10000000199E1000010003A0100082
:1053F800250003C71000000003CD1000000003D0F3
:1054080010002A0014FB1000000005FC100000002A
:1054180003FD10000200060011004801064A1200B0
:105428000300065012000600065812000000065A33
:1054380012000300066012002800068A120003000A
:1054480006901200200006B21200030006B81200EF
:10545800060006C01200000006C21200030006C8BB
:1054680012000E0006D812003800061213000300BE
:105478000618130042000B5D1300020014601300AD
:1054880008000E6913001300068013000F0019901E
:105498001300090003A01300550003F813000500CA
:1054A800100014000000060114006B02196D1600AC
:1054B8000000146E16000000066F160010001C8015
:1054C80016000000068116001900159B1600000042
:1054D800119C1600000006A016004A0014EB1600E6
:1054E80002000DEE1600020006F116000700060085
:1054F800170011000B121700020009151700000011
:10550800061F170012000B3217000100093417009C
:1055180000001435170001000640170011000B5257
:1055280017000100066017000C00066E1700020045
:105538000B72170001000680170033000BB4170028
:10554800010009B6170000000BB71700060009BED6
:10555800170007000BC61700000009C71700010055
:105568000BC917000A0014D41700020005D717004A
:10557800000014D81700020016DB1700000006DC34
:10558800170000000BDD170000000CE017000900F1
:105598000EF0170009001400180005001006180086
:1055A80000001407180003000B0B18000200010E7E
:1055B800180000000B0F180000000C10180009005C
:1055C80006201800220005431800000006441800B1
:1055D80034000680180004000B85180001000687B7
:1055E800180021000BA91800000006AA18000000E6
:1055F80006B018004500060019001E000B2019000F
:1056080002000923190003000B27190001000929CA
:10561800190002000930190001000B3219000000BE
:105628000933190005000B39190002001940190047
:1056380000001444190001000C4619000900065026
:1056480019001D00067019000400068019002B00BF
:1056580006B0190019000CD0190009000EDA19005B
:10566800000019DE1900210006001A0016000B17A9
:105678001A00010009191A0001000B1B1A0000008A
:10568800141E1A00010006201A00340009551A00D9
:1056980000000B561A00000009571A0000000B58AA
:1056A8001A0006000B601A00000009611A000000C9
:1056B8000B621A00000009631A0001000B651A004A
:1056C8000700096D1A0005000B731A0009000B7F0B
:1056D8001A0000000C801A0009000C901A0009003A
:1056E80014A01A00060005A71A00000014A81A0042
:1056F80005000BB01A000D000ABE1A0000000BBF0F
:105708001A000F000B001B00030009041B00000017
:1057180006051B002E000B341B00000009351B007A
:1057280000000B361B000400093B1B0000000B3C6B
:105738001B000000093D1B0004000B421B00000079
:1057480009431B00010006451B0007000C501B0005
:105758000900145A1B00060019611B0009000B6B95
:105768001B00080019741B000800147D1B000100B1
:105778000B801B00010009821B00000006831B0030
:105788001D0009A11B0000000BA21B00030009A6B5
:105798001B0001000BA81B00010009AA1B00000048
:1057A8000BAB1B00020006AE1B0001000CB01B0077
:1057B800090006BA1B002B000BE61B00000009E7D6
:1057C8001B0000000BE81B00010009EA1B00020097
:1057D8000BED1B00000009EE1B0000000BEF1B0087
:1057E800020009F21B00010014FC1B000300060064
:1057F8001C00230009241C0007000B2C1C000700B8
:1058080009341C0001000B361C000100143B1C006D
:1058180004000C401C000900064D1C0002000C503E
:105828001C000900065A1C001D0005781C00050014
:10583800147E1C00010003801C00080003901C005B
:105848002A0003BD1C00020014C01C0007000BD076
:105858001C00020014D31C0000000BD41C000C0018
:1058680009E11C0000000BE21C00060006E91C0010
:1058780003000BED1C00000006EE1C0005000BF4F5
:105888001C00000006F51C00010009F71C000000C0
:105898000BF81C00010006FA1C00000004001D00A3
:1058A8002B00052C1D003E00046B1D000C00057824
:1058B8001D00000003791D000000047A1D0002008D
:1058C800037D1D000000047E1D000F00038E1D00D7
:1058D8000000048F1D000B00059B1D0024000BC059
:1058E8001D003F0003001E00950004961E000400E2
:1058F800039B1E000000049C1E000100039E1E0066
:105908000000049F1E00000003A01E00750003187D
:105918001F00050003201F00250003481F00050085
:1059280004501F00000003511F00000004521F0014
:10593800000003531F00000004541F00000003551B
:105948001F00000004561F00000003571F0000003E
:1059580003591F000000035B1F000000035D1F00C8
:105968000000035F1F001E0003801F000700078858
:105978001F00070003901F00070007981F0007007B
:1059880003A01F00070007A81F00070003B01F009F
:10599800010004B21F00000003B31F00000004B49C
:1059A8001F00000004B61F00010003B81F00030019
:1059B80007BC1F00000017BD1F00000003BE1F002A
:1059C800000017BF1F00020004C21F00000003C32D
:1059D8001F00000004C41F00000004C61F000100CF
:1059E80003C81F00030007CC1F00000017CD1F00CD
:1059F800020003D01F00010004D21F00010004D6DA
:105A08001F00010003D81F00030017DD1F0002005C
:105A180003E01F00010004E21F00020003E51F006D
:105A2800000004E61F00010003E81F00040017ED52
:105A38001F00020004F21F00000003F31F00000013
:105A480004F41F00000004F61F00010003F81F0003
:105A5800030007FC1F00000017FD1F0001001C00C9
:105A680020000A00010B200004001010200005008F
:105A7800141620000100131820000000121920003D
:105A88000000151A20000000131B20000100121D41
:105A980020000000151E20000000131F2000000039
:105AA8001420200007001A28200000001B292000CD
:105AB8000000012A200004001C2F200000001430E0
:105AC80020000800133920000000123A20000000CE
:105AD800143B200003000F3F200001001441200068
:105AE800020018442000000015452000000011465F
:105AF80020000000144720000A001852200000006F
:105B08001453200000000F542000000014552000FA
:105B180009001C5F200000000160200004000166ED
:105B2800200009000E702000000005712000000010
:105B38000E7420000500187A20000200157D200050
:105B48000000117E20000000057F200000000E806C
:105B580020000900188A20000200158D200000008E
:105B6800118E20000000059020000C0016A02000D7
:105B780020000BD020000C000ADD200003000BE100
:105B8800200000000AE2200002000BE520000B00C4
:105B9800190021000100080221000000190321005A
:105BA8000300080721000000190821000100040A69
:105BB80021000000080B21000200040E2100010052
:105BC800081021000200041321000000191421000C
:105BD80000000815210000001916210001001818FE
:105BE80021000000081921000400191E21000500E9
:105BF80008242100000019252100000003262100A7
:105C08000000192721000000082821000000192998
:105C180021000000032A21000100082C21000100B6
:105C2800192E21000000042F210000000830210057
:105C38000100033221000000083321000000043471
:105C4800210000000635210003000439210000006E
:105C5800193A21000100043C21000100083E2100FE
:105C680001001840210004000845210000000446F6
:105C780021000300194A21000000184B21000000F0
:105C8800194C21000100034E21000000194F21008A
:105C980000000E5021000F000D6021002200038338
:105CA800210001000D85210003000E89210000005C
:105CB800198A21000100189021000400199521007B
:105CC8000400189A21000100199C2100030018A063
:105CD8002100000019A12100010018A321000000E3
:105CE80019A42100010018A62100000019A721000D
:105CF800060018AE2100000019AF21001E0018CEC2
:105D08002100010019D02100010018D22100000053
:105D180019D32100000018D42100000019D5210052
:105D28001E0018F421000B011900230007001508B4
:105D380023000000110923000000150A23000000B9
:105D4800110B23000000190C230013001820230056
:105D58000100192223000600152923000000112A3A
:105D680023000000192B23005000187C230000009A
:105D7800197D23001D00189B2300180019B4230067
:105D8800270018DC2300050019E22300440019400D
:105D980024000A000E6024003B00199C24004D00DA
:105DA8000EEA2400150019002500B60018B72500D2
:105DB800000019B82500080018C12500000019C204
:105DC8002500350018F825000700190026006E0088
:105DD800186F2600000019702600F70015682700C4
:105DE8000000116927000000156A27000000116BE8
:105DF80027000000156C27000000116D2700000027
:105E0800156E27000000116F27000000157027008D
:105E1800000011712700000015722700000011739F
:105E280027000000157427000000117527000000E6
:105E38000E7627001D00199427002B0018C0270094
:105E4800040015C52700000011C62700000018C768
:105E580027001E0015E62700000011E727000000B4
:105E680015E82700000011E92700000015EA2700BF
:105E7800000011EB2700000015EC2700000011EDD1
:105E88002700000015EE2700000011EF2700000092
:105E980018F027000F0019002800FF00180029003B
:105EA800820015832900000011842900000015854F
:105EB800290000001186290000001587290000002C
:105EC800118829000000158929000000118A29007D
:105ED8000000158B29000000118C29000000158D89
:105EE80029000000118E29000000158F29000000EC
:105EF8001190290000001591290000001192290035
:105F08000000159329000000119429000000159540
:105F180029000000119629000000159729000000AB
:105F2800119829000000189929003E0015D8290069
:105F3800000011D92900000015DA2900000011DB42
:105F48002900000018DC29001F0015FC29000000AA
:105F580011FD2900000018FE2900010119002B007D
:105F68002F0018302B00140019452B00010018478A
:105F78002B000500194D2B00260019762B001F0059
:105F880019972B00680003002C00700004712C0086
:105F9800000003722C00010004742C00000003753B
:105FA8002C00010004772C000400057C2C00010063
:105FB800037E2C00650004E42C00000019E52C0089
:105FC800050003EB2C0003000BEF2C00020003F28A
:105FD8002C00010014F92C0003000EFD2C00000019
:105FE80014FE2C00010003002D00250003272D00BE
:105FF8000000032D2D00000006302D003700056F2E
:106008002D00000014702D0000000B7F2D000000F3
:1060180006802D00160006A02D00060006A82D00FB
:10602800060006B02D00060006B82D00060006C0C2
:106038002D00060006C82D00060006D02D0006001B
:1060480006D82D0006000BE02D001F0014002E00BE
:10605800010013022E00000012032E00000013049A
:106068002E00000012052E00000014062E0002006B
:1060780013092E000000120A2E000000140B2E0037
:106088000000130C2E000000120D2E000000140E4C
:106098002E00080010172E00000014182E00010012
:1060A800101A2E000000141B2E000000131C2E00D6
:1060B8000000121D2E000000141E2E0001001320E7
:1060C8002E00000012212E00000015222E000000D4
:1060D80011232E00000015242E00000011252E008B
:1060E800000015262E00000011272E00000015289C
:1060F8002E00000011292E000000142A2E00040092
:10610800052F2E00000014302E000900103A2E0032
:106118000100143C2E00030010402E000000144122
:106128002E00000015422E00000014432E000C0023
:1061380019502E00010014522E00020015552E0091
:10614800000011562E00000015572E0000001158AF
:106158002E00000015592E000000115A2E000000D4
:10616800155B2E000000115C2E000000105D2E0053
:10617800000019802E001900199B2E0058001900E4
:106188002F00D50019F02F000B001C003000000074
:106198001401300002001904300000000505300029
:1061A80000000606300000000D073000000015084A
:1061B80030000000110930000000150A300000000E
:1061C800110B30000000150C30000000110D3000DC
:1061D8000000150E30000000110F300000001510EF
:1061E80030000000111130000000191230000100C9
:1061F800151430000000111530000000151630008D
:1062080000001117300000001518300000001119A7
:1062180030000000151A30000000111B300000008B
:10622800101C30000000151D30000000111E300049
:1062380001001920300000000D21300008000B2A51
:1062480030000300092E300001001030300000003B
:106258000531300004001936300001000D383000D7
:106268000200053B30000000063C30000000143DF1
:1062780030000000193E3000010006413000550092
:106288000B9930000100179B30000100059D30007C
:106298000100069F3000000010A03000000006A199
:1062A8003000590014FB3000000005FC30000200EB
:1062B80006FF30000000060531002A0006313100D3
:1062C8005D001990310001000E923100030019960B
:1062D8003100090006A031001F0019C03100230059
:1062E80006F031000F00190032001E000E203200A7
:1062F8000900192A32001D000E4832000700195003
:10630800320000000E5132000E00196032001F00EA
:106318000E8032000900198A320026000EB13200C0
:106328000E0019C032003F0106003400BF1919C021
:106338004D003F0006004E0014520515A000000055
:106348000616A00076041990A400360006D0A40012
:10635800270005F8A400050014FEA40001000600AB
:10636800A5000B01050CA6000000140DA6000200F4
:106378000610A6000F000C20A6000900062AA60099
:1063880001000340A6002D00066EA60000000B6F5A
:10639800A60000000A70A60002001473A600000000
:1063A8000B74A6000900147EA6000000057FA60055
:1063B80000000380A6001B00059CA60001000B9EA0
:1063C800A600010006A0A60045000DE6A6000900EB
:1063D8000BF0A600010014F2A60005001700A700A4
:1063E80016000517A70008001720A70001000322C0
:1063F800A7000D000430A70001000332A7003D00EC
:106408000570A70000000471A70007000379A70022
:106418000E000588A70000001789A7000100038B5C
:10642800A7000200048EA7000000068FA700000046
:106438000390A70004000495A70000000396A70096
:10644800180004AFA700000003B0A7001A0003D08B
:10645800A700010004D3A700000004D5A70000008E
:1064680003D6A700030005F2A700020003F5A70062
:10647800010006F7A700000005F8A700010004FACC
:10648800A700000006FBA70006000B02A8000000FA
:106498000603A80002000B06A80000000607A800D3
:1064A80003000B0BA8000000060CA8001600092327
:1064B800A80001000B25A80001000927A80000007A
:1064C8001928A80003000B2CA80000000E30A80013
:1064D80005001936A80001001638A800000019396F
:1064E800A80000000640A80033001474A8000300A8
:1064F8000980A80001000682A800310009B4A8009C
:106508000F000BC4A800010014CEA80001000CD095
:10651800A80009000BE0A800110006F2A800050079
:1065280014F8A800020006FBA800000014FCA8004C
:10653800000006FDA80001000BFFA80000000C00E9
:10654800A9000900060AA9001B000B26A9000700DC
:10655800142EA90001000630A90016000B47A90057
:106568000A000952A9000100145FA9000000066092
:10657800A9001C000B80A90002000983A9000000E3
:106588000684A9002E000BB3A900000009B4A900D5
:1065980001000BB6A900030009BAA90001000BBC51
:1065A800A900010009BEA900020014C1A9000C003D
:1065B80005CFA90000000CD0A900090014DEA9002D
:1065C800010006E0A90004000BE5A900000005E6AB
:1065D800A900000006E7A90008000CF0A9000900BE
:1065E80006FAA90004000600AA0028000B29AA0040
:1065F8000500092FAA0001000B31AA000100093388
:10660800AA0001000B35AA0001000640AA000200FA
:106618000B43AA0000000644AA0007000B4CAA007E
:106628000000094DAA0000000C50AA000900145CE3
:10663800AA0003000660AA000F000570AA00000067
:106648000671AA0005001977AA000200067AAA00B6
:106658000000097BAA0000000B7CAA000000097D4D
:10666800AA000000067EAA0031000BB0AA000000B4
:1066780006B1AA0000000BB2AA00020006B5AA00E3
:1066880001000BB7AA00010006B9AA0004000BBE5E
:10669800AA00010006C0AA0000000BC1AA00000061
:1066A80006C2AA00000006DBAA00010005DDAA0058
:1066B800000014DEAA00010006E0AA000A0009EBA7
:1066C800AA0000000BECAA00010009EEAA000100D4
:1066D80014F0AA00010006F2AA00000005F3AA00BF
:1066E800010009F5AA0000000BF6AA000000060147
:1066F800AB0005000609AB0005000611AB0005005C
:106708000620AB0006000628AB0006000430AB00EC
:1067180022000353AB0000000454AB000600175BD3
:10672800AB000000055CAB0003000460AB00080090
:106738000569AB000000176AAB0001000370AB00ED
:106748004F0006C0AB00220009E3AB0001000BE5D7
:10675800AB00000009E6AB0001000BE8AB0000004D
:1067680009E9AB00010014EBAB00000009ECAB0039
:1067780000000BEDAB0000000CF0AB0009000600B8
:10678800AC00A32B06B0D700160006CBD70030000C
:106798000200D800FF070600F9006D010670FA0034
:1067A80069000400FB0006000413FB000400061D3A
:1067B800FB0000000B1EFB000000061FFB00090089
:1067C8001829FB000000062AFB000C000638FB0015
:1067D8000400063EFB0000000640FB0001000643E3
:1067E800FB0001000646FB006B0017B2FB0010001F
:1067F80006D3FB006A01113EFD000000153FFD00B5
:1068080000001940FD000F000650FD003F000692F1
:10681800FD00350019CFFD00000006F0FD000B005B
:1068280016FCFD00000019FDFD0002000B00FE0033
:106838000F001410FE0006001517FE0000001118C6
:10684800FE0000001419FE0000000B20FE000F00DF
:106858001430FE0000001031FE0001000F33FE006E
:1068680001001535FE0000001136FE000000153746
:10687800FE0000001138FE0000001539FE0000007F
:10688800113AFE000000153BFE000000113CFE001E
:106898000000153DFE000000113EFE000000153FFF
:1068A800FE0000001140FE0000001541FE0000003F
:1068B8001142FE0000001543FE0000001144FE00D6
:1068C80000001445FE0001001547FE0000001148B5
:1068D800FE0000001449FE0003000F4DFE000200F8
:1068E8001450FE0002001454FE0003001058FE006D
:1068F80000001559FE000000115AFE000000155B4B
:10690800FE000000115CFE000000155DFE000000A6
:10691800115EFE000000145FFE0002001862FE0017
:1069280000001063FE0000001864FE0002001468F6
:10693800FE0000001669FE000000146AFE00010057
:106948000670FE0004000676FE00860001FFFE00C9
:1069580000001401FF0002001604FF0000001405E7
:10696800FF0002001508FF0000001109FF000000E9
:10697800140AFF000000180BFF000000140CFF00B1
:106988000000100DFF000000140EFF0001000C10A5
:10699800FF000900141AFF000100181CFF00020084
:1069A800141FFF0001000321FF001900153BFF0021
:1069B8000000143CFF000000113DFF000000173EDE
:1069C800FF0000000F3FFF0000001740FF0000001D
:1069D8000341FF001900155BFF000000185CFF0071
:1069E8000000115DFF000000185EFF000000155F49
:1069F800FF0000001160FF0000001461FF000000AC
:106A08001562FF0000001163FF0000001464FF001E
:106A180001000666FF0009000570FF00000006710E
:106A2800FF002C00059EFF00010006A0FF001E00CD
:106A380006C2FF00050006CAFF00050006D2FF00D7
:106A4800050006DAFF00020016E0FF00010018E268
:106A5800FF00000017E3FF00000019E4FF0000003A
:106A680016E5FF00010019E8FF00000018E9FF0023
:106A7800030019EDFF00010001F9FF00020019FCF5
:106A8800FF000100060000010B00060D00011900BF
:106A9800062800011200063C00010100063F000123
:106AA8000E00065000010D00068000017A00140057
:106AB800010102000E0701012C001937010108002D
:106AC8000D40010134000E7501010300197901011F
:106AD80010000E8A01010100198C010102001990B1
:106AE80001010C0019A00101000019D001012C00BE
:106AF8000BFD01010000068002011C0006A0020136
:106B080030000BE0020100000EE102011A0006004D
:106B180003011F000E2003010300062D03011300CB
:106B28000D41030100000642030107000D4A03015D
:106B380000000650030125000B76030104000680BF
:106B480003011D00149F0301000006A00301230098
:106B580006C80301070014D0030100000DD103018A
:106B68000400030004014F00065004014D000CA06E
:106B78000401090003B00401230003D80401230021
:106B8800060005012700063005013300146F0501D2
:106B98000000037005010A00037C05010E00038C48
:106BA80005010600039405010100039705010A0089
:106BB80003A305010E0003B30501060003BB05018D
:106BC80001000600060136010640070115000660AF
:106BD800070107000580070105000587070129004F
:106BE80005B20701080006000801050006080801AB
:106BF8000000060A08012B00063708010100063CC0
:106C080008010000063F080116001457080100009B
:106C18000E580801070006600801160019770801D8
:106C280001000E7908010600068008011E000EA763
:106C38000801080006E00801120006F40801010036
:106C48000EFB080104000600090115000E160901D3
:106C58000500141F09010000062009011900143F4E
:106C6800090100000680090137000EBC0901010076
:106C780006BE090101000EC009010F000ED209016C
:106C88002D0006000A0100000B010A0102000B0595
:106C98000A0101000B0C0A01030006100A01030097
:106CA80006150A01020006190A011C000B380A0120
:106CB80002000B3F0A0100000E400A0108001450B0
:106CC8000A01080006600A011C000E7D0A01010085
:106CD800147F0A01000006800A011C000E9D0A01AB
:106CE800020006C00A01070019C80A01000006C907
:106CF8000A011B000BE50A0101000EEB0A01040062
:106D080014F00A01060006000B01350014390B01C6
:106D1800060006400B0115000E580B01070006601F
:106D28000B0112000E780B01070006800B01110001
:106D380014990B0103000EA90B01060006000C01B3
:106D4800480003800C01320003C00C0132000EFA27
:106D58000C01050006000D0123000B240D010300A2
:106D68000C300D0109000E600E011E0006800E0198
:106D780029000BAB0E01010010AD0E01000006B09A
:106D88000E01010006000F011C000E1D0F01090075
:106D980006270F01000006300F0115000B460F01F2
:106DA8000A000E510F01030014550F01040006706C
:106DB8000F0111000B820F01030014860F0103005D
:106DC80006B00F0114000EC50F01060006E00F0102
:106DD80016000900100100000B0110010000090253
:106DE800100100000603100134000B3810010E00DA
:106DF8001447100106000E52100113000C66100112
:106E080009000B70100100000671100101000B73DE
:106E1800100101000675100100000B7F100102002F
:106E2800098210010000068310012C0009B010012E
:106E380002000BB31001030009B7100101000BB9E0
:106E48001001010014BB1001010001BD1001000078
:106E580014BE100103000BC21001000001CD100187
:106E6800000006D0100118000CF0100109000B00FA
:106E7800110102000603110123000B271101040070
:106E8800092C110100000B2D110107000C3611010E
:106E980009001440110103000644110100000945CE
:106EA80011010100064711010000065011012200DE
:106EB8000B73110100001474110101000676110111
:106EC80000000B80110101000982110100000683F6
:106ED80011012F0009B3110102000BB611010800BE
:106EE80009BF1101010006C11101030014C51101F8
:106EF80003000BC91101030014CD1101000009CED4
:106F0800110100000BCF110100000CD01101090084
:106F180006DA1101000014DB1101000006DC110182
:106F2800000014DD110102000EE11101130006003A
:106F380012011100061312011800092C1201020097
:106F48000B2F120102000932120101000B34120149
:106F580000000935120100000B3612010100143837
:106F6800120105000B3E1201000006801201060006
:106F7800068812010000068A12010300068F12011A
:106F88000E00069F1201090014A91201000006B0A4
:106F980012012E000BDF1201000009E012010200AD
:106FA8000BE3120107000CF0120109000B0013019A
:106FB8000100090213010100060513010700060F6D
:106FC80013010100061313011500062A1301060018
:106FD8000632130101000635130104000B3B1301AF
:106FE8000100063D13010000093E130101000B409A
:106FF80013010000094113010300094713010100AF
:10700800094B130102000650130100000957130130
:107018000000065D130104000962130101000B66FC
:10702800130106000B70130104000600140134005C
:107038000935140102000B38140107000940140136
:1070480001000B42140102000945140100000B461F
:1070580014010000064714010300144B1401040036
:107068000C5014010900145A14010100145D140194
:1070780000000B5E14010000065F14010200068088
:1070880014012F0009B0140102000BB3140105000C
:1070980009B9140100000BBA1401000009BB14015E
:1070A80003000BBF1401010009C1140100000BC249
:1070B8001401010006C41401010014C614010000E3
:1070C80006C7140100000CD0140109000680150140
:1070D8002E0009AF150102000BB21501030009B813
:1070E800150103000BBC1501010009BE15010000C4
:1070F8000BBF1501010014C11501160006D81501B2
:1071080003000BDC15010100060016012F000930F1
:10711800160102000B3316010700093B1601010096
:107128000B3D16010000093E160100000B3F160139
:1071380001001441160102000644160100000C501B
:1071480016010900146016010C00068016012A00B9
:107158000BAB1601000009AC160100000BAD1601BF
:10716800000009AE160101000BB01601050009B6B2
:10717800160100000BB71601000006B81601000042
:1071880014B9160100000CC0160109000600170109
:107198001A000B1D170102000920170101000B221C
:1071A800170103000926170100000B271701040027
:1071B8000C30170109000E3A17010100143C1701A1
:1071C8000200193F170100000640170106000600DB
:1071D80018012B00092C180102000B2F18010800B8
:1071E8000938180100000B3918010100143B180177
:1071F800000003A018013F000CE0180109000EEA86
:107208001801080006FF1801070006091901000007
:10721800060C1901070006151901010006181901C5
:1072280017000930190105000937190101000B3B46
:1072380019010100093D190100000B3E1901000068
:10724800063F190100000940190100000641190113
:1072580000000942190100000B4319010000144401
:10726800190102000C501901090006A019010700B4
:1072780006AA1901260009D1190102000BD4190127
:1072880003000BDA1901010009DC190103000BE006
:107298001901000006E11901000014E219010000BB
:1072A80006E31901000009E41901000006001A01AB
:1072B80000000B011A010900060B1A0127000B3305
:1072C8001A01050009391A010000063A1A010000DE
:1072D8000B3B1A010300143F1A0107000B471A0160
:1072E800000006501A0100000B511A010500095749
:1072F8001A0101000B591A010200065C1A012D003F
:107308000B8A1A010C0009971A0100000B981A0140
:107318000100149A1A010200069D1A010000149E29
:107328001A01040006B01A01480006001C010800F2
:10733800060A1C012400092F1C0100000B301C0147
:1073480006000B381C010500093E1C0100000B3F1C
:107358001C01000006401C01000014411C0104002F
:107368000C501C0109000E5A1C01120014701C015B
:10737800010006721C011D000B921C01150009A9D1
:107388001C0100000BAA1C01060009B11C01000029
:107398000BB21C01010009B41C0100000BB51C0153
:1073A800010006001D01060006081D010100060B6C
:1073B8001D0125000B311D0105000B3A1D010000C0
:1073C8000B3C1D0101000B3F1D01060006461D0177
:1073D80000000B471D0100000C501D01090006604C
:1073E8001D01050006671D010100066A1D011F0039
:1073F800098A1D0104000B901D01010009931D015C
:1074080001000B951D01000009961D0100000B9756
:107418001D01000006981D0100000CA01D010900B7
:1074280006E01E0112000BF31E01010009F51E0102
:10743800010014F71E01010006B01F0100000EC074
:107448001F01140019D51F01070016DD1F010300D5
:1074580019E11F01100014FF1F01000006002001A0
:1074680099030D0024016E001470240104000680A5
:107478002401C30006902F01600014F12F010100C0
:10748800060030012E0401303401080006004401D2
:10749800460206006801380206406A011E000C60B8
:1074A8006A010900146E6A01010006706A014E0043
:1074B8000CC06A01090006D06A011D000BF06A01C0
:1074C800040014F56A01000006006B012F000B3060
:1074D8006B01060014376B010400193C6B010300B3
:1074E80005406B01030014446B01000019456B0152
:1074F80000000C506B0109000E5B6B01060006636F
:107508006B011400067D6B01120003406E013F0001
:107518000E806E01160014976E01030006006F01BD
:107528004A000B4F6F01000006506F01000009511F
:107538006F0136000B8F6F01030005936F010C007C
:1075480005E06F01010014E26F01000005E36F011F
:1075580000000BE46F01000009F06F010100060054
:107568007001F71706008801D50406008D01080090
:1075780005F0AF01030005F5AF01060005FDAF01F9
:1075880001000600B00122010650B10102000664A4
:10759800B10103000670B1018B010600BC016A004D
:1075A8000670BC010C000680BC0108000690BC01F6
:1075B8000900199CBC0100000B9DBC010100149F2F
:1075C800BC01000001A0BC0103000B00CF012D008D
:1075D8000B30CF0116001950CF0173001900D001EC
:1075E800F5001900D10126001929D1013B000965D0
:1075F800D10101000B67D1010200196AD101020013
:10760800096DD10105000173D10107000B7BD10180
:1076180007001983D10101000B85D1010600198CDF
:10762800D1011D000BAAD101030019AED1013C0004
:107638001900D20141000B42D20102001945D201C2
:1076480000000EE0D20113001900D30156000E60AD
:10765800D30118000800D4011900041AD401190034
:107668000834D4011900044ED40106000456D4018C
:1076780011000868D40119000482D4011900089C7B
:10768800D4010000089ED401010008A2D401000022
:1076980008A5D401010008A9D401030008AED4014B
:1076A800070004B6D401030004BBD401000004BDE4
:1076B800D401060004C5D4010A0008D0D401190079
:1076C80004EAD40119000804D50101000807D5010E
:1076D8000300080DD50107000816D5010600041E91
:1076E800D50119000838D5010100083BD501030070
:1076F8000840D50104000846D5010000084AD50114
:1077080006000452D5011900086CD5011900048639
:10771800D501190008A0D501190004BAD50119002E
:1077280008D4D501190004EED50119000808D601BE
:1077380019000422D6011900083CD6011900045684
:10774800D60119000870D6011900048AD6011B0059
:1077580008A8D601180018C1D601000004C2D60135
:10776800180018DBD601000004DCD601050008E289
:10777800D601180018FBD601000004FCD601180039
:107788001815D70100000416D7010500081CD701F9
:1077980018001835D70100000436D7011800184F13
:1077A800D70100000450D70105000856D70118007A
:1077B800186FD70100000470D70118001889D70185
:1077C8000000048AD70105000890D701180018A9FD
:1077D800D701000004AAD701180018C3D701000078
:1077E80004C4D701050008CAD701000004CBD7019B
:1077F80000000CCED70131001900D801FF010B00A1
:10780800DA0136001937DA0103000B3BDA013100DF
:10781800196DDA0107000B75DA0100001976DA0133
:107828000D000B84DA0100001985DA0101001487C4
:10783800DA0104000B9BDA0104000BA1DA010E0047
:107848000400DF010900060ADF010000040BDF0164
:1078580013000B00E00106000B08E00110000B1BF1
:10786800E00106000B23E00101000B26E001040003
:107878000600E1012C000B30E10106000537E101AB
:1078880006000C40E1010900064EE1010000194F15
:10789800E10100000690E2011D000BAEE2010000CC
:1078A80006C0E2012B000BECE20103000CF0E20140
:1078B800090016FFE201000006E0E701060006E8FD
:1078C800E701030006EDE701010006F0E7010E00FD
:1078D8000600E801C4000EC7E80108000BD0E80163
:1078E80006000300E90143000B44E9010600054BCB
:1078F800E90100000C50E9010900145EE9010100EA
:107908000E71EC013A0019ACEC0100000EADEC016F
:10791800020016B0EC0100000EB1EC0103000E01EC
:10792800ED012C00192EED0100000E2FED010E00C7
:107938000600EE0103000605EE011A000621EE011D
:1079480001000624EE0100000627EE0100000629CA
:10795800EE0109000634EE0103000639EE010000CD
:10796800063BEE0100000642EE0100000647EE016C
:1079780000000649EE010000064BEE010000064D2E
:10798800EE0102000651EE0101000654EE0100006E
:107998000657EE0100000659EE010000065BEE01F5
:1079A8000000065DEE010000065FEE0100000661C2
:1079B800EE0101000664EE0100000667EE01030017
:1079C800066CEE0106000674EE0103000679EE016E
:1079D8000300067EEE0100000680EE010900068B1A
:1079E800EE01100006A1EE01020006A5EE0104005A
:1079F80006ABEE01100018F0EE0101001900F001CD
:107A08002B001930F001630019A0F0010E0019B124
:107A1800F0010E0019C1F0010E0019D1F001240087
:107A28000E00F1010C00190DF101A00019E6F10199
:107A38001C001910F2012B001940F201080019501E
:107A4800F20101001960F20105001900F301FA00C2
:107A580017FBF30104001900F401D70219DDF60140
:107A68000F0019F0F6010C001900F70173001980D6
:107A7800F701580019E0F7010B0019F0F7010000B1
:107A88001900F8010B001910F80137001950F80116
:107A980009001960F80127001990F8011D0019B0B4
:107AA800F80101001900F90153011960FA010D00EC
:107AB8001970FA0104001978FA0104001980FA0112
:107AC80006001990FA011C0019B0FA010A0019C041
:107AD800FA01050019D0FA01090019E0FA010700B6
:107AE80019F0FA0106001900FB0192001994FB0134
:107AF80036000CF0FB01090006000002DFA60600B4
:107B0800A70238100640B702DD000620B802811629
:107B180006B0CE02301D0600F8021D020600000362
:107B28004A130101000E00000120000E5F000B0047
:107B3800010EEF000C5F104E154E2A4E314E364E98
:107B48003C4E3F4E424E564E584E824E854E6B8CA2
:107B58008A4E12820D5F8E4E9E4E9F4EA04EA24EB2
:107B6800B04EB34EB64ECE4ECD4EC44EC64EC24E9D
:107B7800D74EDE4EED4EDF4EF74E094F5A4F304F7F
:107B88005B4F5D4F574F474F764F884F8F4F984FFA
:107B98007B4F694F704F914F6F4F864F964F1851DB
:107BA800D44FDF4FCE4FD84FDB4FD14FDA4FD04FA6
:107BB800E44FE54F1A50285014502A5025500550CC
:107BC8001C4FF64F215029502C50FE4FEF4F1150AB
:107BD80006504350475003675550505048505A502C
:107BE80056506C50785080509A508550B450B250CE
:107BF800C950CA50B350C250D650DE50E550ED506F
:107C0800E350EE50F950F550095101510251165107
:107C1800155114511A5121513A5137513C513B5188
:107C28003F51405152514C5154516251F87A695167
:107C38006A516E5180518251D8568C5189518F5159
:107C48009151935195519651A451A651A251A951C0
:107C5800AA51AB51B351B151B251B051B551BD5107
:107C6800C551C951DB51E0515586E951ED51F051EB
:107C7800F551FE5104520B5214520E5227522A52F9
:107C88002E52335239524F5244524B524C525E523A
:107C980054526A527452695273527F527D528D52B5
:107CA80094529252715288529152A88FA78FAC5217
:107CB800AD52BC52B552C152CD52D752DE52E352E8
:107CC800E652ED98E052F352F552F852F952065343
:107CD800085338750D5310530F5315531A53235324
:107CE8002F53315333533853405346534553174E4C
:107CF80049534D53D6515E5369536E5318597B53AC
:107D0800775382539653A053A653A553AE53B053FB
:107D1800B653C353127CD996DF53FC66EE71EE530B
:107D2800E853ED53FA5301543D5440542C542D5408
:107D38003C542E54365429541D544E548F54755463
:107D48008E545F5471547754705492547B548054B9
:107D58007654845490548654C754A254B854A554A5
:107D6800AC54C454C854A854AB54C254A454BE54BC
:107D7800BC54D854E554E6540F551455FD54EE54EC
:107D8800ED54FA54E2543955405563554C552E5527
:107D98005C55455556555755385533555D55995584
:107DA8008055AF548A559F557B557E5598559E559D
:107DB800AE557C558355A9558755A855DA55C555EF
:107DC800DF55C455DC55E455D4551456F7551656A9
:107DD800FE55FD551B56F9554E565056DF71345613
:107DE8003656325638566B5664562F566C566A5667
:107DF800865680568A56A05694568F56A556AE5625
:107E0800B656B456C256BC56C156C356C056C856C6
:107E1800CE56D156D356D756EE56F9560057FF567A
:107E28000457095708570B570D5713571857165724
:107E3800C7551C572657375738574E573B57405743
:107E48004F576957C057885761577F578957935776
:107E5800A057B357A457AA57B057C357C657D457B4
:107E6800D257D3570A58D657E3570B5819581D58A5
:107E78007258215862584B587058C06B52583D5828
:107E880079588558B9589F58AB58BA58DE58BB58D6
:107E9800B858AE58C558D358D158D758D958D858C3
:107EA800E558DC58E458DF58EF58FA58F958FB58A9
:107EB800FC58FD5802590A5910591B59A6682559EA
:107EC8002C592D59325938593E59D27A5559505949
:107ED8004E595A5958596259605967596C596959D4
:107EE800785981599D595E4FAB4FA359B259C6591C
:107EF800E859DC598D59D959DA59255A1F5A115A56
:107F08001C5A095A1A5A405A6C5A495A355A365AFA
:107F1800625A6A5A9A5ABC5ABE5ACB5AC25ABD5A5F
:107F2800E35AD75AE65AE95AD65AFA5AFB5A0C5B18
:107F38000B5B165B325BD05A2A5B365B3E5B435B5E
:107F4800455B405B515B555B5A5B5B5B655B695BA3
:107F5800705B735B755B785B88657A5B805B835B62
:107F6800A65BB85BC35BC75BC95BD45BD05BE45BF8
:107F7800E65BE25BDE5BE55BEB5BF05BF65BF35BD2
:107F8800055C075C085C0D5C135C205C225C285C6B
:107F9800385C395C415C465C4E5C535C505C4F5CC1
:107FA800715B6C5C6E5C624E765C795C8C5C915C3F
:107FB800945C9B59AB5CBB5CB65CBC5CB75CC55C59
:107FC800BE5CC75CD95CE95CFD5CFA5CED5C8C5D11
:107FD800EA5C0B5D155D175D5C5D1F5D1B5D115DEA
:107FE800145D225D1A5D195D185D4C5D525D4E5D34
:107FF8004B5D6C5D735D765D875D845D825DA25DC2
:108008009D5DAC5DAE5DBD5D905DB75DBC5DC95D00
:10801800CD5DD35DD25DD65DDB5DEB5DF25DF55D7B
:108028000B5E1A5E195E115E1B5E365E375E445E3D
:10803800435E405E4E5E575E545E5F5E625E645EA7
:10804800475E755E765E7A5EBC9E7F5EA05EC15EB0
:10805800C25EC85ED05ECF5ED65EE35EDD5EDA5E8F
:10806800DB5EE25EE15EE85EE95EEC5EF15EF35ED9
:10807800F05EF45EF85EFE5E035F095F5D5F5C5F65
:108088000B5F115F165F295F2D5F385F415F485FA7
:108098004C5F4E5F2F5F515F565F575F595F615F5F
:1080A8006D5F735F775F835F825F7F5F8A5F885FE3
:1080B800915F875F9E5F995F985FA05FA85FAD5FE4
:1080C800BC5FD65FFB5FE45FF85FF15FDD5FB360C5
:1080D800FF5F216060601960106029600E60316088
:1080E8001B6015602B6026600F603A605A60416023
:1080F8006A6077605F604A6046604D6063604360B5
:10810800646042606C606B60596081608D60E7609C
:1081180083609A6084609B60966097609260A760B5
:108128008B60E160B860E060D360B460F05FBD6010
:10813800C660B560D8604D6115610661F660F7608C
:108148000061F460FA6003612161FB60F1600D6118
:108158000E6147613E61286127614A613F613C6168
:108168002C6134613D61426144617361776158619A
:1081780059615A616B6174616F61656171615F61B9
:108188005D6153617561996196618761AC619461C4
:108198009A618A619161AB61AE61CC61CA61C96162
:1081A800F761C861C361C661BA61CB61797FCD618E
:1081B800E661E361F661FA61F461FF61FD61FC610A
:1081C800FE610062086209620D620C6214621B6241
:1081D8001E6221622A622E6230623262336241621A
:1081E8004E625E6263625B62606268627C62826247
:1081F80089627E62926293629662D46283629462BA
:10820800D762D162BB62CF62FF62C662D464C862C1
:10821800DC62CC62CA62C262C7629B62C9620C63DA
:10822800EE62F162276302630863EF62F5625063EE
:108238003E634D631C644F6396638E638063AB63D8
:108248007663A3638F6389639F63B5636B636963B5
:10825800BE63E963C063C663E363C963D263F6635D
:10826800C4631664346406641364266436641D6546
:10827800176428640F6467646F6476644E642A65C3
:1082880095649364A564A9648864BC64DA64D26460
:10829800C564C764BB64D864C264F164E7640982D6
:1082A800E064E164AC62E364EF642C65F664F46452
:1082B800F264FA640065FD6418651C65056524654B
:1082C80023652B65346535653765366538654B75C7
:1082D8004865566555654D6558655E655D657265A9
:1082E8007865826583658A8B9B659F65AB65B76595
:1082F800C365C665C165C465CC65D265DB65D965EE
:10830800E065E165F16572670A660366FB65736798
:108318003566366634661C664F664466496641664D
:108328005E665D666466676668665F6662667066F6
:10833800836688668E668966846698669D66C16669
:10834800B966C966BE66BC66C466B866D666DA66CD
:10835800E0663F66E666E966F066F566F7660F670B
:1083680016671E672667276738972E673F67366741
:1083780041673867376746675E676067596763674D
:10838800646789677067A9677C676A678C678B67AA
:10839800A667A1678567B767EF67B467EC67B367D8
:1083A800E967B867E467DE67DD67E267EE67B967C4
:1083B800CE67C667E7679C6A1E6846682968406892
:1083C8004D6832684E68B3682B6859686368776887
:1083D8007F689F688F68AD6894689D689B688368AC
:1083E800AE6AB9687468B568A068BA680F698D68BC
:1083F8007E680169CA680869D86822692669E168DF
:108408000C69CD68D468E768D5683669126904696B
:10841800D768E3682569F968E068EF6828692A6918
:108428001A6923692169C668796977695C69786915
:108438006B6954697E696E69396974693D695969FE
:10844800306961695E695D6981696A69B269AE6945
:10845800D069BF69C169D369BE69CE69E85BCA6979
:10846800DD69BB69C369A7692E6A9169A0699C69BE
:108478009569B469DE69E869026A1B6AFF690A6B73
:10848800F969F269E769056AB1691E6AED69146AF2
:10849800EB690A6A126AC16A236A136A446A0C6A37
:1084A800726A366A786A476A626A596A666A486AA4
:1084B800386A226A906A8D6AA06A846AA26AA36A84
:1084C800976A1786BB6AC36AC26AB86AB36AAC6A33
:1084D800DE6AD16ADF6AAA6ADA6AEA6AFB6A056B47
:1084E8001686FA6A126B166B319B1F6B386B376BEB
:1084F800DC76396BEE98476B436B496B506B596B65
:10850800546B5B6B5F6B616B786B796B7F6B806BAC
:10851800846B836B8D6B986B956B9E6BA46BAA6B4E
:10852800AB6BAF6BB26BB16BB36BB76BBC6BC66B42
:10853800CB6BD36BDF6BEC6BEB6BF36BEF6BBE9EB4
:10854800086C136C146C1B6C246C236C5E6C556C7F
:10855800626C6A6C826C8D6C9A6C816C9B6C7E6CA4
:10856800686C736C926C906CC46CF16CD36CBD6C61
:10857800D76CC56CDD6CAE6CB16CBE6CBA6CDB6C68
:10858800EF6CD96CEA6C1F6D4D88366D2B6D3D6DA7
:10859800386D196D356D336D126D0C6D636D936D9E
:1085A800646D5A6D796D596D8E6D956DE46F856D3D
:1085B800F96D156E0A6EB56DC76DE66DB86DC66D51
:1085C800EC6DDE6DCC6DE86DD26DC56DFA6DD96D53
:1085D800E46DD56DEA6DEE6D2D6E6E6E2E6E196EB4
:1085E800726E5F6E3E6E236E6B6E2B6E766E4D6E88
:1085F8001F6E436E3A6E4E6E246EFF6E1D6E386EA1
:10860800826EAA6E986EC96EB76ED36EBD6EAF6E6F
:10861800C46EB26ED46ED56E8F6EA56EC26E9F6E2E
:10862800416F116F4C70EC6EF86EFE6E3F6FF26E1C
:10863800316FEF6E326FCC6E3E6F136FF76E866FD1
:108648007A6F786F816F806F6F6F5B6FF36F6D6F8D
:10865800826F7C6F586F8E6F916FC26F666FB36F4A
:10866800A36FA16FA46FB96FC66FAA6FDF6FD56FC5
:10867800EC6FD46FD86FF16FEE6FDB6F09700B7012
:10868800FA6F117001700F70FE6F1B701A70746FA3
:108698001D7018701F7030703E70327051706370AA
:1086A80099709270AF70F170AC70B870B370AE70B2
:1086B800DF70CB70DD70D9700971FD701C71197194
:1086C800657155718871667162714C7156716C7102
:1086D8008F71FB7184719571A871AC71D771B97183
:1086E800BE71D271C971D471CE71E071EC71E7714C
:1086F800F571FC71F971FF710D7210721B7228729D
:108708002D722C72307232723B723C723F72407220
:1087180046724B72587274727E728272817287725C
:1087280092729672A272A772B972B272C372C6724C
:10873800C472CE72D272E272E072E172F972F772AA
:108748000F5017730A731C7316731D7334732F73CA
:10875800297325733E734E734F73D89E57736A738C
:1087680068737073787375737B737A73C873B37334
:10877800CE73BB73C073E573EE73DE73A2740574B6
:108788006F742574F87332743A7455743F745F7457
:10879800597441745C746974707463746A7476741F
:1087A8007E748B749E74A774CA74CF74D474F17376
:1087B800E074E374E774E974EE74F274F074F174BD
:1087C800F874F7740475037505750C750E750D75D9
:1087D800157513751E7526752C753C7544754D7584
:1087E8004A7549755B7546755A7569756475677517
:1087F8006B756D75787576758675877574758A75F8
:108808008975827594759A759D75A575A375C275D8
:10881800B375C375B575BD75B875BC75B175CD75CE
:10882800CA75D275D975E375DE75FE75FF75FC7569
:108838000176F075FA75F275F3750B760D76097693
:108848001F7627762076217622762476347630763F
:108858003B764776487646765C76587661766276D9
:10886800687669766A7667766C76707672767676EA
:1088780078767C768076837688768B768E76967612
:10888800937699769A76B076B476B876B976BA76DB
:10889800C276CD76D676D276DE76E176E576E7765E
:1088A800EA762F86FB760877077704772977247787
:1088B8001E77257726771B773777387747775A7764
:1088C80068776B775B7765777F777E7779778E7751
:1088D8008B779177A0779E77B077B677B977BF77A0
:1088E800BC77BD77BB77C777CD77D777DA77DC7773
:1088F800E377EE77FC770C781278267920782A7956
:1089080045788E78747886787C789A788C78A3788D
:10891800B578AA78AF78D178C678CB78D478BE788D
:10892800BC78C578CA78EC78E778DA78FD78F47896
:1089380007791279117919792C792B79407960792D
:1089480057795F795A79557953797A797F798A791C
:108958009D79A7794B9FAA79AE79B379B979BA7914
:10896800C979D579E779EC79E179E379087A0D7AEB
:10897800187A197A207A1F7A8079317A3B7A3E7A86
:10898800377A437A577A497A617A627A697A9D9F07
:10899800707A797A7D7A887A977A957A987A967AB7
:1089A800A97AC87AB07AB67AC57AC47ABF7A839037
:1089B800C77ACA7ACD7ACF7AD57AD37AD97ADA7A57
:1089C800DD7AE17AE27AE67AED7AF07A027B0F7B59
:1089D8000A7B067B337B187B197B1E7B357B287BC8
:1089E800367B507B7A7B047B4D7B0B7B4C7B457BBA
:1089F800757B657B747B677B707B717B6C7B6E7B27
:108A08009D7B987B9F7B8D7B9C7B9A7B8B7B927BD2
:108A18008F7B5D7B997BCB7BC17BCC7BCF7BB47B16
:108A2800C67BDD7BE97B117C147CE67BE57B607C87
:108A3800007C077C137CF37BF77B177C0D7CF67B33
:108A4800237C277C2A7C1F7C377C2B7C3D7C4C7CC0
:108A5800437C547C4F7C407C507C587C5F7C647C9D
:108A6800567C657C6C7C757C837C907CA47CAD7C1E
:108A7800A27CAB7CA17CA87CB37CB27CB17CAE7CB4
:108A8800B97CBD7CC07CC57CC27CD87CD27CDC7CBB
:108A9800E27C3B9BEF7CF27CF47CF67CFA7C067DE6
:108AA800027D1C7D157D0A7D457D4B7D2E7D327DA9
:108AB8003F7D357D467D737D567D4E7D727D687D1B
:108AC8006E7D4F7D637D937D897D5B7D8F7D7D7D13
:108AD8009B7DBA7DAE7DA37DB57DC77DBD7DAB7D1C
:108AE8003D7EA27DAF7DDC7DB87D9F7DB07DD87D4C
:108AF800DD7DE47DDE7DFB7DF27DE17D057E0A7E08
:108B0800237E217E127E317E1F7E097E0B7E227E91
:108B1800467E667E3B7E357E397E437E377E327E5C
:108B28003A7E677E5D7E567E5E7E597E5A7E797E6F
:108B38006A7E697E7C7E7B7E837ED57D7D7EAE8FE0
:108B48007F7E887E897E8C7E927E907E937E947EC8
:108B5800967E8E7E9B7E9C7E387F3A7F457F4C7FBB
:108B68004D7F4E7F507F517F557F547F587F5F7F69
:108B7800607F687F697F677F787F827F867F837F5A
:108B8800887F877F8C7F947F9E7F9D7F9A7FA37F3E
:108B9800AF7FB27FB97FAE7FB67FB87F718BC57F5D
:108BA800C67FCA7FD57FD47FE17FE67FE97FF37FE9
:108BB800F97FDC98068004800B8012801880198069
:108BC8001C80218028803F803B804A8046805280DC
:108BD80058805A805F80628068807380728070805D
:108BE800768079807D807F808480868085809B8068
:108BF80093809A80AD809051AC80DB80E580D980ED
:108C0800DD80C480DA80D6800981EF80F1801B8105
:108C1800298123812F814B818B9646813E81538107
:108C28005181FC8071816E81658166817481838147
:108C380088818A8180818281A0819581A481A38194
:108C48005F819381A981B081B581BE81B881BD81E1
:108C5800C081C281BA81C981CD81D181D981D881B0
:108C6800C881DA81DF81E081E781FA81FB81FE81B9
:108C780001820282058207820A820D821082168290
:108C880029822B82388233824082598258825D82BF
:108C98005A825F826482628268826A826B822E82D2
:108CA8007182778278827E828D829282AB829F8265
:108CB800BB82AC82E182E382DF82D282F482F382D9
:108CC800FA8293830383FB82F982DE820683DC8245
:108CD8000983D98235833483168332833183408371
:108CE8003983508345832F832B8317831883858388
:108CF8009A83AA839F83A283968323838E83878301
:108D08008A837C83B58373837583A0838983A883CF
:108D1800F4831384EB83CE83FD830384D8830B848D
:108D2800C183F7830784E083F2830D84228420843F
:108D3800BD8338840685FB836D842A843C845A85E8
:108D4800848477846B84AD846E8482846984468449
:108D58002C846F8479843584CA846284B984BF84FE
:108D68009F84D984CD84BB84DA84D084C184C684AA
:108D7800D684A1842185FF84F484178518852C85E1
:108D88001F8515851485FC8440856385588548852D
:108D9800418502864B8555858085A4858885918582
:108DA8008A85A8856D8594859B85EA8587859C85B8
:108DB80077857E859085C985BA85CF85B985D08523
:108DC800D585DD85E585DC85F9850A8613860B86DC
:108DD800FE85FA85068622861A8630863F864D8667
:108DE800554E54865F86678671869386A386A986C4
:108DF800AA868B868C86B686AF86C486C686B086DB
:108E0800C9862388AB86D486DE86E986EC86DF862B
:108E1800DB86EF8612870687088700870387FB862D
:108E2800118709870D87F9860A8734873F8737872F
:108E38003B87258729871A8760875F8778874C87CC
:108E48004E877487578768876E87598753876387E4
:108E58006A870588A2879F878287AF87CB87BD8768
:108E6800C087D087D696AB87C487B387C787C6879E
:108E7800BB87EF87F287E0870F880D88FE87F68724
:108E8800F7870E88D2871188168815882288218846
:108E980031883688398827883B88448842885288B0
:108EA80059885E8862886B8881887E889E887588E4
:108EB8007D88B5887288828897889288AE889988D4
:108EC800A2888D88A488B088BF88B188C388C488E0
:108ED800D488D888D988DD88F9880289FC88F488FC
:108EE800E888F28804890C890A89138943891E89CC
:108EF80025892A892B89418944893B89368938897A
:108F08004C891D8960895E89668964896D896A8949
:108F18006F89748977897E89838988898A89938901
:108F28009889A189A989A689AC89AF89B289BA89A2
:108F3800BD89BF89C089DA89DC89DD89E789F48937
:108F4800F889038A168A108A0C8A1B8A1D8A258A40
:108F5800368A418A5B8A528A468A488A7C8A6D8A1E
:108F68006C8A628A858A828A848AA88AA18A918A76
:108F7800A58AA68A9A8AA38AC48ACD8AC28ADA8AE4
:108F8800EB8AF38AE78AE48AF18A148BE08AE28A18
:108F9800F78ADE8ADB8A0C8B078B1A8BE18A168BA1
:108FA800108B178B208B338BAB97268B2B8B3E8BA1
:108FB800288B418B4C8B4F8B4E8B498B568B5B8B05
:108FC8005A8B6B8B5F8B6C8B6F8B748B7D8B808BD1
:108FD8008C8B8E8B928B938B968B998B9A8B3A8CEE
:108FE800418C3F8C488C4C8C4E8C508C558C628CB0
:108FF8006C8C788C7A8C828C898C858C8A8C8D8C04
:109008008E8C948C7C8C988C1D62AD8CAA8CBD8CBB
:10901800B28CB38CAE8CB68CC88CC18CE48CE38CCF
:10902800DA8CFD8CFA8CFB8C048D058D0A8D078DEE
:109038000F8D0D8D108D4E9F138DCD8C148D168D2B
:10904800678D6D8D718D738D818D998DC28DBE8D5E
:10905800BA8DCF8DDA8DD68DCC8DDB8DCB8DEA8D0B
:10906800EB8DDF8DE38DFC8D088E098EFF8D1D8EB7
:109078001E8E108E1F8E428E358E308E348E4A8E06
:10908800478E498E4C8E508E488E598E648E608ED7
:109098002A8E638E558E768E728E7C8E818E878E0A
:1090A800858E848E8B8E8A8E938E918E948E998ED9
:1090B800AA8EA18EAC8EB08EC68EB18EBE8EC58E97
:1090C800C88ECB8EDB8EE38EFC8EFB8EEB8EFE8EF7
:1090D8000A8F058F158F128F198F138F1C8F1F8F73
:1090E8001B8F0C8F268F338F3B8F398F458F428F85
:1090F8003E8F4C8F498F468F4E8F578F5C8F628F74
:10910800638F648F9C8F9F8FA38FAD8FAF8FB78F27
:10911800DA8FE58FE28FEA8FEF8F8790F48F0590D3
:10912800F98FFA8F1190159021900D901E9016903E
:109138000B902790369035903990F88F4F9050903B
:10914800519052900E9049903E90569058905E9053
:1091580068906F907690A896729082907D9081909A
:1091680080908A9089908F90A890AF90B190B59098
:10917800E290E4904862DB90029112911991329149
:1091880030914A9156915891639165916991739183
:1091980072918B9189918291A291AB91AF91AA9191
:1091A800B591B491BA91C091C191C991CB91D09127
:1091B800D691DF91E191DB91FC91F591F6911E92A8
:1091C800FF9114922C92159211925E9257924592A9
:1091D80049926492489295923F924B9250929C92F7
:1091E800969293929B925A92CF92B992B792E992A1
:1091F8000F93FA9244932E93199322931A932393DD
:109208003A9335933B935C9360937C936E93569318
:10921800B093AC93AD939493B993D693D793E893C3
:10922800E593D893C393DD93D093C893E4931A94AA
:109238001494139403940794109436942B943594AF
:1092480021943A944194529444945B946094629427
:109258005E946A9429927094759477947D945A9444
:109268007C947E9481947F94829587958A95949531
:10927800969598959995A095A895A795AD95BC951F
:10928800BB95B995BE95CA95F66FC395CD95CC9506
:10929800D595D495D695DC95E195E595E2952196F9
:1092A80028962E962F9642964C964F964B967796E2
:1092B8005C965E965D965F96669672966C968D96AF
:1092C800989695969796AA96A796B196B296B096BE
:1092D800B496B696B896B996CE96CB96C996CD96CC
:1092E8004D89DC960D97D596F996049706970897B9
:1092F80013970E9711970F971697199724972A97F0
:10930800309739973D973E974497469748974297A5
:1093180049975C976097649766976897D2526B975E
:109328007197799785977C9781977A9786978B9786
:109338008F9790979C97A897A697A397B397B4975A
:10934800C397C697C897CB97DC97ED974F9FF2972F
:10935800DF7AF697F5970F980C9838982498219803
:1093680037983D9846984F984B986B986F98709897
:10937800719874987398AA98AF98B198B698C49849
:10938800C398C698E998EB98039909991299149982
:10939800189921991D991E99249920992C992E99EB
:1093A8003D993E9942994999459950994B995199B6
:1093B80052994C99559997999899A599AD99AE99BB
:1093C800BC99DF99DB99DD99D899D199ED99EE99F6
:1093D800F199F299FB99F899019A0F9A059AE299ED
:1093E800199A2B9A379A459A429A409A439A3E9AE2
:1093F800559A4D9A5B9A579A5F9A629A659A649AB7
:10940800699A6B9A6A9AAD9AB09ABC9AC09ACF9A9E
:10941800D19AD39AD49ADE9ADF9AE29AE39AE69A94
:10942800EF9AEB9AEE9AF49AF19AF79AFB9A069BBE
:10943800189B1A9B1F9B229B239B259B279B289B42
:10944800299B2A9B2E9B2F9B329B449B439B4F9B84
:109458004D9B4E9B519B589B749B939B839B919BCD
:10946800969B979B9F9BA09BA89BB49BC09BCA9BCA
:10947800B99BC69BCF9BD19BD29BE39BE29BE49B72
:10948800D49BE19B3A9CF29BF19BF09B159C149C0E
:10949800099C139C0C9C069C089C129C0A9C049C8E
:1094A8002E9C1B9C259C249C219C309C479C329C78
:1094B800469C3E9C5A9C609C679C769C789CE79C4A
:1094C800EC9CF09C099D089DEB9C039D069D2A9DA4
:1094D800269DAF9D239D1F9D449D159D129D419DD9
:1094E8003F9D3E9D469D489D5D9D5E9D649D519D11
:1094F800509D599D729D899D879DAB9D6F9D7A9DBD
:109508009A9DA49DA99DB29DC49DC19DBB9DB89DDA
:10951800BA9DC69DCF9DC29DD99DD39DF89DE69DC0
:10952800ED9DEF9DFD9D1A9E1B9E1E9E759E799E2C
:109538007D9E819E889E8B9E8C9E929E959E919EDE
:109548009D9EA59EA99EB89EAA9EAD9E6197CC9E03
:10955800CE9ECF9ED09ED49EDC9EDE9EDD9EE09E5B
:10956800E59EE89EEF9EF49EF69EF79EF99EFB9E72
:10957800FC9EFD9E079F089FB776159F219F2C9FF5
:109588003E9F4A9F529F549F639F5F9F609F619F2A
:10959800669F679F6C9F6A9F779F729F769F959F34
:1095A8009C9FA09F2F58C76959906474DC5199718A
:1095B80000000042C8801F40B8821F400800000019
:1095C80000000042C4801F40B4821F400400000015
:1095D80000C0004224801F4014821F401000000079
:1095E80000C0004228801F4018821F402000000051
:1095F80000C000422C801F401C821F404000000019
:1096080000C0004234801F4024821F400001000037
:109618000040004264811F4054831F400004000042
:109628000040004280811F4070831F4000000200FC
:10963800004000427C811F406C831F4000000100F5
:109648000040004268811F4058831F400008000006
:10965800004000423C811F402C831F400100000055
:109668000040004244811F4034831F400400000032
:109678000040004240811F4030831F40020000002C
:109688000040004248811F4038831F400800000006
:109698000000004204811F40F4821F4000000400C3
:1096A8000000004208811F40F8821F4000000800A7
:1096B8000000004218811F4008831F4000008000FE
:1096C8000000004214811F4004831F400000400036
:1096D8000000004200811F40F0821F40000002008D
:1096E80000000042FC801F40EC821F400000010087
:1096F8000000004224811F4014831F400000000422
:109708000000004228811F4018831F400000000805
:10971800000000421C811F400C831F400000000114
:109728000000004220811F4010831F4000000002FB
:1097380000000042EC801F40DC821F400010000047
:1097480000000042F0801F40E0821F40002000001F
:109758000000004234811F4024831F400000004065
:109768000000004238811F4028831F40000000800D
:109778000080004294801F4084821F400000040043
:1097880000C0004290801F4080821F40000000807F
:1097980000800042A8801F4098821F40000080007F
:1097A80000800042A4801F4094821F4000004000B7
:1097B800004000426C811F405C831F400010000085
:1097C80000C0004230801F4020821F4080000000FF
:1097D80000400042B0811F40A0831F4000000020CD
:1097E80000400042AC811F409C831F4000000010D5
:1097F8000040004284811F4074831F400000040021
:109808000040004288811F4078831F400000080004
:10981800000000422C811F401C831F4000000010E4
:109828000000004230811F4020831F4000000020BC
:10983800000000420C811F40FC821F400000100005
:109848000000004210811F4000831F4000002000DC
:1098580000800042C8811F40B8831F40008000007C
:1098680000800042C4811F40B4831F4000400000B4
:1098780000800042C0811F40B0831F4000200000CC
:1098880000800042BC811F40AC831F4000100000D4
:1098980000800042D0811F40C0831F4000000200AA
:1098A80000800042CC811F40BC831F4000000100A3
:1098B80000C0004274801F4064821F400000000105
:1098C80000C0004280801F4070821F4000000008D6
:1098D80000C0004284801F4074821F4000000010B6
:1098E80000C000426C801F405C821F4000004000A6
:1098F80000C000427C801F406C821F4000000004B2
:1099080000C0004278801F4068821F4000000002AB
:1099180000C0004288801F4078821F40000000205D
:10992800300000003100000035000000CEFBFFFFD2
:10993800CB0300000100000000000000340000001C
:10994800CEFBFFFFCB030000010000000000000079
:1099580005000000190000007D00000007080C0B3E
:1099680006050F000D0E0102838407080C0B06057F
:109978000F000D0E01028384FFFFFFFFFFFFFFFFB3
:10998800FFFF8182090A00004C435F434F4C4C4162
:10999800544500004C435F435459504500000000B3
:1099A8004C435F4D4F4E4554415259004C435F4E16
:1099B800554D4552494300004C435F54494D4500BD
:1099C8004C435F4D45535341474553000001000048
:1099D800DC9900201200000000060000A01F0060B3
:1099E8000A000000000200003C1F00606200000046
:1099F80000070000D81E006062000000EE030000AF
:109A0800189A002012000000000004EEF0990020CF
:109A18002800000000030000D41E006000000000C1
:109A280001030904BC1E00600000000002030904D1
:109A3800A41E006000000000030309042C9A002003
:109A4800000000000000000000000000000000000E
:109A580030303030303030303030303030303030FE
:109A680030303030303030303030303030303030EE
:109A7800000000000000000000000000A4B5002065
:109A88000CB6002074B600200000000000000000A2
:109A980000000000000000000000000000000000BE
:109AA80000000000000000000000000000000000AE
:109AB800000000000000000000000000000000009E
:109AC800000000000000000000000000000000008E
:109AD800000000000000000000000000000000007E
:109AE800000000000000000000000000000000006E
:109AF800000000000000000000000000000000005E
:109B0800000000000000000000000000000000004D
:109B180001000000000000000E33CDAB34126DE6EA
:109B2800ECDE05000B000000000000000000000053
:109B3800000000000000000000000000000000001D
:109B4800000000000000000000000000000000000D
:109B580000000000000000000000000000000000FD
:109B680000000000000000000000000000000000ED
:109B780000000000000000000000000000000000DD
:109B880000000000000000000000000000000000CD
:109B980000000000000000000029DE07007B9A1783
:109BA80000003A40581A00200000000000000000A1
:109BB800000000000000000000000000000000009D
:109BC800000000000000000000000000000000008D
:109BD800000000000000000000000000000000007D
:109BE800000000000000000000000000000000006D
:109BF800CC1B002000000000E8030000000000006B
:109C0800F41B002000000000E80300000000000032
:109C180000801940CC050020000000002CB2002074
:109C28006CB10020000000000000000040000000AF
:109C3800400000004000000040000000000000005C
:109C4800000000000000000000000000000000000C
:109C580000000000000000000000000000000000FC
:109C6800F41B002000000000E803000000000000D2
:109C78000000194080930020000000006CB2002012
:109C8800ACB1002000000000000000002800000027
:109C98004000000028000000400000000000000014
:109CA80000000000000000000000000000000000AC
:109CB800000000000000000000000000000000009C
:109CC800F41B002000000000E80300000000000072
:109CD80000C01940E09300200000000094B200206A
:109CE800ECB1002000000000000000002800000087
:109CF80040000000280000004000000000000000B4
:109D0800000000000000000000000000000000004B
:109D1800000000000000000000000000000000003B
:109D28000117000011D50000000000006CC00F40B2
:109D380000000003070000000200000040851F40EB
:109D480002000000FF000000FF000000000000000B
:109D580000000000080000000200000044851F40C9
:109D680002000000FF000000FF00000000000000EB
:109D780000000000FF004000260018007A000000E4
:109D8800061A00001DD50000000000007CC00F402E
:109D98000000000C1C0000000200000058851F4055
:109DA80001000000FF000000FF00000000000000AC
:109DB800000000001D000000020000005C851F403C
:109DC80001000000FF000000FF000000000000008C
:109DD80000000000FF004000260018007D00000081
:109DE8000985000064B500208030202000000000B4
:109DF8004300000000000000000000000000000018
:109E0800000000000000000000000000000000004A
:109E180043000000000000000000000000000000F7
:109E2800000000000000000000000000000000002A
:109E380043000000000000000000000000000000D7
:109E4800000000000000000000000000000000000A
:109E580043000000000000000000000000000000B7
:109E680000000000000000000000000000000000EA
:109E78004300000000000000000000000000000097
:109E880000000000000000000000000000000000CA
:109E98004300000000000000000000000000000077
:109EA80000000000000000000000000000000000AA
:109EB8004300000000000000000000000000000057
:109EC800000000000000000000000000000000008A
:109ED80061B30100D17001000000000000200020E3
:109EE800140A0020B4090020B4090020B409002095
:109EF800B4090020B4090020B4090020B4090020E6
:109F0800B4090020B4090020FFFFFFFFFFFFFFFF97
:109F1800FFFFFFFFFFFF00000100415343494900D5
:109F28000000000000000000000000000000000029
:109F380000000000000000000000415343494900B0
:109F48000000000000000000000000000000000009
:109F580000000000000000000000000000000000F9
:109F680000000000BC950020BC950020C49500208E
:109F7800C4950020CC950020CC950020D4950020D5
:109F8800D4950020DC950020DC950020E495002085
:109F9800E4950020EC950020EC950020F495002035
:109FA800F4950020FC950020FC95002004960020E4
:109FB800049600200C9600200C9600201496002091
:109FC800149600201C9600201C9600202496002041
:109FD800249600202C9600202C96002034960020F1
:109FE800349600203C9600203C96002044960020A1
:109FF800449600204C9600204C9600205496002051
:10A00800549600205C9600205C9600206496002000
:10A01800649600206C9600206C96002074960020B0
:10A02800749600207C9600207C9600208496002060
:10A03800849600208C9600208C9600209496002010
:10A04800949600209C9600209C960020A4960020C0
:10A05800A4960020AC960020AC960020B496002070
:10A06800B4960020BC960020BC960020C496002020
:10A07800C4960020CC960020CC960020D4960020D0
:10A08800D4960020DC960020DC960020E496002080
:10A09800E4960020EC960020EC960020F496002030
:10A0A800F4960020FC960020FC96002004970020DF
:10A0B800049700200C9700200C970020149700208C
:10A0C800149700201C9700201C970020249700203C
:10A0D800249700202C9700202C97002034970020EC
:10A0E800349700203C9700203C970020449700209C
:10A0F800449700204C9700204C970020549700204C
:10A10800549700205C9700205C97002064970020FB
:10A11800649700206C9700206C97002074970020AB
:10A12800749700207C9700207C970020849700205B
:10A13800849700208C9700208C970020949700200B
:10A14800949700209C9700209C970020A4970020BB
:10A15800A4970020AC970020AC970020B49700206B
:10A16800B4970020BC970020BC970020C49700201B
:10A17800C4970020CC970020CC970020D4970020CB
:10A18800D4970020DC970020DC970020E49700207B
:10A19800E4970020EC970020EC970020F49700202B
:10A1A800F4970020FC970020FC97002004980020DA
:10A1B800049800200C9800200C9800201498002087
:10A1C800149800201C9800201C9800202498002037
:10A1D800249800202C9800202C98002034980020E7
:10A1E800349800203C9800203C9800204498002097
:10A1F800449800204C9800204C9800205498002047
:10A20800549800205C9800205C98002064980020F6
:10A21800649800206C9800206C98002074980020A6
:10A22800749800207C9800207C9800208498002056
:10A23800849800208C9800208C9800209498002006
:10A24800949800209C9800209C980020A4980020B6
:10A25800A4980020AC980020AC980020B498002066
:10A26800B4980020BC980020BC980020C498002016
:10A27800C4980020CC980020CC980020D4980020C6
:10A28800D4980020DC980020DC980020E498002076
:10A29800E4980020EC980020EC980020F498002026
:10A2A800F4980020FC980020FC98002004990020D5
:10A2B800049900200C9900200C9900201499002082
:10A2C800149900201C9900201C9900202499002032
:10A2D800249900202C9900202C99002034990020E2
:10A2E800349900203C9900203C9900204499002092
:10A2F800449900204C9900204C9900205499002042
:10A30800549900205C9900205C99002064990020F1
:10A31800649900206C9900206C99002074990020A1
:10A32800749900207C9900207C9900208499002051
:10A33800849900208C9900208C9900209499002001
:10A34800949900209C9900209C990020A4990020B1
:10A35800A4990020AC990020AC990020B499002061
:10A36800B4990020FFFFFFFF00000200000000007A
:10A3780003000000A4B50020D890002012010002BC
:10A38800EF020140C01683048002010203010000AD
:10A398002800000000010400010000000000000087
:10A3A800020157494E5553420000000000000000CA
:10A3B800000000000000000012034D00530046009A
:10A3C8005400310030003000F80000000C03000099
:10A3D8000000000000000000000000000000000075
:10A3E800000029010000000000000000000000003B
:10A3F8000000000000000000000000000000000055
:10A408000000000000000000000000000000000044
:10A418000000000000000000000000000000000034
:10A428000000000000000000000000000000000024
:10A438000000000000000000000000000000000014
:10A448000000000000000000000000000000000004
:10A4580000000000000000000000000000000000F4
:10A4680000000000000000000000000000000000E4
:10A4780000000000000000000000000000000000D4
:10A4880000000000000000000000000000000000C4
:10A4980000000000000000000000000000000000B4
:10A4A80000000000000000000000000000000000A4
:10A4B8000000000000000000000000000000000094
:10A4C8000000000000000000000000000000000084
:10A4D8000000000000000000000000000000000074
:10A4E8000000000000000000000000000000000064
:10A4F8000000000000000000000000000000000054
:10A508000000000000000000000000000000000043
:10A518000000000000000000000000000000000033
:10A528000000000000000000000000000000000023
:10A538000000000000000000000000000000000013
:10A548000000000000000000000000000000000003
:10A5580000000000000000000000000000000000F3
:10A5680000000000000000000000000000000000E3
:10A5780000000000000000000000000000000000D3
:10A5880000000000000000000000000000000000C3
:10A5980000000000000000000000000000000000B3
:10A5A80000000000000000000000000000000000A3
:10A5B8000000000000000000000000000000000093
:10A5C8000000000000000000000000000000000083
:10A5D8000000000000000000000000000000000073
:10A5E8000000000000000000000000000000000063
:10A5F8000000000000000000000000000000000053
:10A608000000000000000000000000000000000042
:10A618000000000000000000000000000000000032
:10A628000000000000000000000000000000000022
:10A638000000000000000000000000000000000012
:10A648000000000000000000000000000000000002
:10A6580000000000000000000000000000000000F2
:10A6680000000000000000000000000000000000E2
:10A6780000000000000000000000000000000000D2
:10A6880000000000000000000000000000000000C2
:10A6980000000000000000000000000000000000B2
:10A6A80000000000000000000000000000000000A2
:10A6B8000000000000000000000000000000000092
:10A6C8000000000000000000000000000000000082
:10A6D8000000000000000000000000000000000072
:10A6E8000000000000000000000000000000000062
:10A6F8000000000000000000000000000000000052
:10A708000000000000000000000000000000000041
:10A718000000000000000000000000000000000031
:10A728000000000000000000000000000000000021
:10A738000000000000000000000000000000000011
:10A748000000000000000000000000000000000001
:10A7580000000000000000000000000000000000F1
:10A7680000000000000000000000000000000000E1
:10A7780000000000000000000000000000000000D1
:10A7880000000000000000000000000000000000C1
:10A7980000000000000000000000000000000000B1
:10A7A80000000000000000000000000000000000A1
:10A7B8000000000000000000000000000000000091
:10A7C8000000000000000000000000000000000081
:10A7D8000000000000000000000000000000000071
:10A7E8000000000000000000000000000000000061
:10A7F8000000000000000000000000000000000051
:10A808000000000000000000000000000000000040
:10A818000000000000000000000000000000000030
:10A828000000000000000000000000000000000020
:10A838000000000000000000000000000000000010
:10A848000000000000000000000000000000000000
:10A8580000000000000000000000000000000000F0
:10A86800FFFFFFFFFFFFFFFFFFFFFFFFFFFFFFFFF0
:10A87800FFFFFFFFFFFFFFFFFFFFFFFFFFFFFFFFE0
:10A88800FFFFFFFFFFFFFFFFFFFFFFFFFFFFFFFFD0
:10A89800FFFFFFFFFFFFFFFFFFFFFFFFFFFFFFFFC0
:10A8A800FFFFFFFFFFFFFFFFFFFFFFFFFFFFFFFFB0
:10A8B800FFFFFFFFFFFFFFFFFFFFFFFFFFFFFFFFA0
:10A8C800FFFFFFFFFFFFFFFFFFFFFFFFFFFFFFFF90
:10A8D800FFFFFFFFFFFFFFFFFFFFFFFFFFFFFFFF80
:10A8E800FFFFFFFFFFFFFFFFFFFFFFFFFFFFFFFF70
:10A8F800FFFFFFFFFFFFFFFFFFFFFFFFFFFFFFFF60
:10A90800FFFFFFFFFFFFFFFFFFFFFFFFFFFFFFFF4F
:10A91800FFFFFFFFFFFFFFFFFFFFFFFFFFFFFFFF3F
:10A92800FFFFFFFFFFFFFFFFFFFFFFFFFFFFFFFF2F
:10A93800FFFFFFFFFFFFFFFFFFFFFFFFFFFFFFFF1F
:10A94800FFFFFFFFFFFFFFFFFFFFFFFFFFFFFFFF0F
:10A95800FFFFFFFFFFFFFFFFFFFFFFFFFFFFFFFFFF
:10A96800FFFFFFFFFFFFFFFFFFFFFFFFFFFFFFFFEF
:10A97800FFFFFFFFFFFFFFFFFFFFFFFFFFFFFFFFDF
:10A98800FFFFFFFFFFFFFFFFFFFFFFFFFFFFFFFFCF
:10A99800FFFFFFFFFFFFFFFFFFFFFFFFFFFFFFFFBF
:10A9A800FFFFFFFFFFFFFFFFFFFFFFFFFFFFFFFFAF
:10A9B800FFFFFFFFFFFFFFFFFFFFFFFFFFFFFFFF9F
:10A9C800FFFFFFFFFFFFFFFFFFFFFFFFFFFFFFFF8F
:10A9D800FFFFFFFFFFFFFFFFFFFFFFFFFFFFFFFF7F
:10A9E800FFFFFFFFFFFFFFFFFFFFFFFFFFFFFFFF6F
:10A9F800FFFFFFFFFFFFFFFFFFFFFFFFFFFFFFFF5F
:10AA0800FFFFFFFFFFFFFFFFFFFFFFFFFFFFFFFF4E
:10AA1800FFFFFFFFFFFFFFFFFFFFFFFFFFFFFFFF3E
:10AA2800FFFFFFFFFFFFFFFFFFFFFFFFFFFFFFFF2E
:10AA3800FFFFFFFFFFFFFFFFFFFFFFFFFFFFFFFF1E
:10AA4800FFFFFFFFFFFFFFFFFFFFFFFFFFFFFFFF0E
:10AA5800FFFFFFFFFFFFFFFFFFFFFFFFFFFFFFFFFE
:10AA6800FFFFFFFFFFFFFFFFFFFFFFFFFFFFFFFFEE
:10AA7800FFFFFFFFFFFFFFFFFFFFFFFFFFFFFFFFDE
:10AA8800FFFFFFFFFFFFFFFFFFFFFFFFFFFFFFFFCE
:10AA9800FFFFFFFFFFFFFFFFFFFFFFFFFFFFFFFFBE
:10AAA800FFFFFFFFFFFFFFFFFFFFFFFFFFFFFFFFAE
:10AAB800FFFFFFFFFFFFFFFFFFFFFFFFFFFFFFFF9E
:10AAC800FFFFFFFFFFFFFFFFFFFFFFFFFFFFFFFF8E
:10AAD800FFFFFFFFFFFFFFFFFFFFFFFFFFFFFFFF7E
:10AAE800FFFFFFFFFFFFFFFFFFFFFFFFFFFFFFFF6E
:10AAF800FFFFFFFFFFFFFFFFFFFFFFFFFFFFFFFF5E
:10AB0800FFFFFFFFFFFFFFFFFFFFFFFFFFFFFFFF4D
:10AB1800FFFFFFFFFFFFFFFFFFFFFFFFFFFFFFFF3D
:10AB2800FFFFFFFFFFFFFFFFFFFFFFFFFFFFFFFF2D
:10AB3800FFFFFFFFFFFFFFFFFFFFFFFFFFFFFFFF1D
:10AB4800FFFFFFFFFFFFFFFFFFFFFFFFFFFFFFFF0D
:10AB5800FFFFFFFFFFFFFFFFFFFFFFFFFFFFFFFFFD
:10AB6800FFFFFFFFFFFFFFFFFFFFFFFFFFFFFFFFED
:10AB7800FFFFFFFFFFFFFFFFFFFFFFFFFFFFFFFFDD
:10AB8800FFFFFFFFFFFFFFFFFFFFFFFFFFFFFFFFCD
:10AB9800FFFFFFFFFFFFFFFFFFFFFFFFFFFFFFFFBD
:10ABA800FFFFFFFFFFFFFFFFFFFFFFFFFFFFFFFFAD
:10ABB800FFFFFFFFFFFFFFFFFFFFFFFFFFFFFFFF9D
:10ABC800FFFFFFFFFFFFFFFFFFFFFFFFFFFFFFFF8D
:10ABD800FFFFFFFFFFFFFFFFFFFFFFFFFFFFFFFF7D
:10ABE800FFFFFFFFFFFFFFFFFFFFFFFFFFFFFFFF6D
:10ABF800FFFFFFFFFFFFFFFF000000000000000055
:10AC0800000000000000000000000000000000003C
:10AC1800000000000000000000000000000000002C
:10AC2800000000000000000000000000000000001C
:10AC3800000000000000000000000000000000000C
:10AC480000000000000000000000000000000000FC
:10AC580000000000000000000000000000000000EC
:10AC680000000000000000000000000000000000DC
:10AC780000000000000000000000000000000000CC
:10AC880000000000000000000000000000000000BC
:10AC980000000000000000000000000000000000AC
:10ACA800000000000000000000000000000000009C
:10ACB800000000000000000000000000000000008C
:10ACC800000000000000000000000000000000007C
:10ACD800000000000000000000000000000000006C
:10ACE800000000000000000000000000000000005C
:10ACF800000000000000000000000000000000004C
:10AD0800000000000000000000000000000000003B
:10AD1800000000000000000000000000000000002B
:10AD2800000000000000000000000000000000001B
:10AD3800000000000000000000000000000000000B
:10AD480000000000000000000000000000000000FB
:10AD580000000000000000000000000000000000EB
:10AD680000000000000000000000000000000000DB
:10AD780000000000000000000000000000000000CB
:10AD880000000000000000000000000000000000BB
:10AD980000000000000000000000000000000000AB
:10ADA800000000000000000000000000000000009B
:10ADB800000000000000000000000000000000008B
:10ADC800000000000000000000000000000000007B
:10ADD800000000000000000000000000000000006B
:10ADE800000000000000000000000000000000005B
:10ADF800000000000000000000000000000000004B
:10AE0800000000000000000000000000000000003A
:10AE1800000000000000000000000000000000002A
:10AE2800000000000000000000000000000000001A
:10AE3800000000000000000000000000000000000A
:10AE480000000000000000000000000000000000FA
:10AE580000000000000000000000000000000000EA
:10AE680000000000000000000000000000000000DA
:10AE780000000000000000000000000000000000CA
:10AE880000000000000000000000000000000000BA
:10AE980000000000000000000000000000000000AA
:10AEA800000000000000000000000000000000009A
:10AEB800000000000000000000000000000000008A
:10AEC800000000000000000000000000000000007A
:10AED800000000000000000000000000000000006A
:10AEE800000000000000000000000000000000005A
:10AEF800000000000000000000000000000000004A
:10AF08000000000000000000000000000000000039
:10AF18000000000000000000000000000000000029
:10AF28000000000000000000000000000000000019
:10AF38000000000000000000000000000000000009
:10AF480000000000000000000000000000000000F9
:10AF580000000000000000000000000000000000E9
:10AF680000000000000000000000000000000000D9
:10AF780000000000000000000000000000000000C9
:10AF880000000000000000000000000000000000B9
:10AF980000000000000000000000000000000000A9
:10AFA8000000000000000000000000000000000099
:10AFB8000000000000000000000000000000000089
:10AFC8000000000000000000000000000000000079
:10AFD8000000000000000000000000000000000069
:10AFE8000000000000000000000000000000000059
:10AFF8000000000000000000000000000000000049
:10B008000000000000000000000000000000000038
:10B018000000000000000000000000000000000028
:10B028000000000000000000000000000000000018
:10B038000000000000000000000000000000000008
:10B0480000000000000000000000000000000000F8
:10B0580000000000000000000000000000000000E8
:10B0680000000000000000000000000000000000D8
:10B0780000000000000000000000000000000000C8
:10B0880000000000000000000000000000000000B8
:10B0980000000000000000000000000000000000A8
:10B0A8000000000000000000000000000000000098
:10B0B8000000000000000000000000000000000088
:10B0C8000000000000000000000000000000000078
:10B0D8000000000000000000000000000000000068
:10B0E8000000000000000000000000000000000058
:10B0F8000000000000000000000000000000000048
:10B108000000000000000000000000000000000037
:10B118000000000000000000000000000000000027
:10B128000000000000000000000000000000000017
:10B138000000000000000000000000000000000007
:10B1480000000000000000000000000000000000F7
:10B1580000000000000000000000000000000000E7
:10B1680000000000000000000000000000000000D7
:10B1780000000000000000000000000000000000C7
:10B1880000000000000000000000000000000000B7
:10B1980000000000000000000000000000000000A7
:10B1A8000000000000000000000000000000000097
:10B1B8000000000000000000000000000000000087
:10B1C8000000000000000000000000000000000077
:10B1D8000000000000000000000000000000000067
:10B1E8000000000000000000000000000000000057
:10B1F8000000000000000000000000000000000047
:10B208000000000000000000000000000000000036
:10B218000000000000000000000000000000000026
:10B228000000000000000000000000000000000016
:10B238000000000000000000000000000000000006
:10B2480000000000000000000000000000000000F6
:10B2580000000000000000000000000000000000E6
:10B2680000000000000000000000000000000000D6
:10B2780000000000000000000000000000000000C6
:10B2880000000000000000000000000000000000B6
:10B2980000000000000000000000000000000000A6
:10B2A8000000000000000000000000000000000096
:10B2B8000000000000000000000000000000000086
:10B2C8000000000000000000000000000000000076
:10B2D8000000000000000000000000000000000066
:10B2E8000000000000000000000000000000000056
:10B2F8000000000000000000000000000000000046
:10B308000000000000000000000000000000000035
:10B318000000000000000000000000000000000025
:10B328000000000000000000000000000000000015
:10B338000000000000000000000000000000000005
:10B3480000000000000000000000000000000000F5
:10B3580000000000000000000000000000000000E5
:10B3680000000000000000000000000000000000D5
:10B3780000000000000000000000000000000000C5
:10B3880000000000000000000000000000000000B5
:10B3980000000000000000000000000000000000A5
:10B3A8000000000000000000000000000000000095
:10B3B8000000000000000000000000000000000085
:10B3C8000000000000000000000000000000000075
:10B3D8000000000000000000000000000000000065
:10B3E8000000000000000000000000000000000055
:10B3F8000000000000000000000000000000000045
:10B408000000000000000000000000000000000034
:10B418000000000000000000000000000000000024
:10B428000000000000000000000000000000000014
:10B438000000000000000000000000000000000004
:10B4480000000000000000000000000000000000F4
:10B4580000000000000000000000000000000000E4
:10B4680000000000000000000000000000000000D4
:10B4780000000000000000000000000000000000C4
:10B4880000000000000000000000000000000000B4
:10B4980000000000000000000000000000000000A4
:10B4A8000000000000000000000000000000000094
:10B4B8000000000000000000000000000000000084
:10B4C8000000000000000000000000000000000074
:10B4D8000000000000000000000000000000000064
:10B4E8000000000000000000000000000000000054
:10B4F8000000000000000000000000000000000044
:10B508000000000000000000000000000000000033
:10B518000000000000000000000000000000000023
:10B528000000000000000000000000000000000013
:10B538000000000000000000000000000000000003
:10B5480000000000000000000000000000000000F3
:10B5580000000000000000000000000000000000E3
:10B5680000000000000000000000000000000000D3
:10B5780000000000000000000000000000000000C3
:10B5880000000000000000000000000000000000B3
:10B5980000000000000000000000000000000000A3
:10B5A8000000000000000000000000000000000093
:10B5B8000000000000000000000000000000000083
:10B5C8000000000000000000000000000000000073
:10B5D8000000000000000000000000000000000063
:10B5E8000000000000000000000000000000000053
:10B5F8000000000000000000000000000000000043
:10B608000000000000000000000000000000000032
:10B618000000000000000000000000000000000022
:10B628000000000000000000000000000000000012
:10B638000000000000000000000000000000000002
:10B6480000000000000000000000000000000000F2
:10B6580000000000000000000000000000000000E2
:10B6680000000000000000000000000000000000D2
:10B6780000000000000000000000000000000000C2
:10B6880000000000000000000000000000000000B2
:10B6980000000000000000000000000000000000A2
:10B6A8000000000000000000000000000000000092
:10B6B8000000000000000000000000000000000082
:10B6C8000000000000000000000000000000000072
:10B6D8000000000000000000000000000000000062
:10B6E8000000000000000000000000000000000052
:10B6F8000000000000000000000000000000000042
:10B708000000000000000000000000000000000031
:10B718000000000000000000000000000000000021
:10B728000000000000000000000000000000000011
:10B738000000000000000000000000000000000001
:10B7480000000000000000000000000000000000F1
:10B7580000000000000000000000000000000000E1
:10B7680000000000000000000000000000000000D1
:10B7780000000000000000000000000000000000C1
:10B7880000000000000000000000000000000000B1
:10B7980000000000000000000000000000000000A1
:10B7A8000000000000000000000000000000000091
:10B7B8000000000000000000000000000000000081
:10B7C8000000000000000000000000000000000071
:10B7D8000000000000000000000000000000000061
:10B7E8000000000000000000000000000000000051
:08B7F800000000000000000049
:040000056000100087
:00000001FF
