:0200000460009A
:100000004643464200000156000000000103030081
:1000100000000000000000000000000000000000E0
:1000200000000000000000000000000000000000D0
:1000300000000000000000000000000000000000C0
:1000400000000000010408000000000000000000A3
:100050000000800000000000000000000000000020
:100060000000000000000000000000000000000090
:100070000000000000000000000000000000000080
:10008000EB04180A063204260000000000000000FD
:10009000050404240000000000000000000000002F
:1000A0000000000000000000000000000000000050
:1000B0000604000000000000000000000000000036
:1000C0000000000000000000000000000000000030
:1000D00020041808000000000000000000000000DC
:1000E0000000000000000000000000000000000010
:1000F0000000000000000000000000000000000000
:10010000D8041808000000000000000000000000F3
:100110000204180804200000000000000000000095
:1001200000000000000000000000000000000000CF
:10013000600400000000000000000000000000005B
:1001400000000000000000000000000000000000AF
:10015000000000000000000000000000000000009F
:10016000000000000000000000000000000000008F
:10017000000000000000000000000000000000007F
:10018000000000000000000000000000000000006F
:10019000000000000000000000000000000000005F
:1001A000000000000000000000000000000000004F
:1001B000000000000000000000000000000000003F
:1001C000000100000010000001000000000000001D
:1001D000000001000000000000000000000000001E
:1001E000000000000000000000000000000000000F
:1001F00000000000000000000000000000000000FF
:10020000FFFFFFFFFFFFFFFFFFFFFFFFFFFFFFFFFE
:10021000FFFFFFFFFFFFFFFFFFFFFFFFFFFFFFFFEE
:10022000FFFFFFFFFFFFFFFFFFFFFFFFFFFFFFFFDE
:10023000FFFFFFFFFFFFFFFFFFFFFFFFFFFFFFFFCE
:10024000FFFFFFFFFFFFFFFFFFFFFFFFFFFFFFFFBE
:10025000FFFFFFFFFFFFFFFFFFFFFFFFFFFFFFFFAE
:10026000FFFFFFFFFFFFFFFFFFFFFFFFFFFFFFFF9E
:10027000FFFFFFFFFFFFFFFFFFFFFFFFFFFFFFFF8E
:10028000FFFFFFFFFFFFFFFFFFFFFFFFFFFFFFFF7E
:10029000FFFFFFFFFFFFFFFFFFFFFFFFFFFFFFFF6E
:1002A000FFFFFFFFFFFFFFFFFFFFFFFFFFFFFFFF5E
:1002B000FFFFFFFFFFFFFFFFFFFFFFFFFFFFFFFF4E
:1002C000FFFFFFFFFFFFFFFFFFFFFFFFFFFFFFFF3E
:1002D000FFFFFFFFFFFFFFFFFFFFFFFFFFFFFFFF2E
:1002E000FFFFFFFFFFFFFFFFFFFFFFFFFFFFFFFF1E
:1002F000FFFFFFFFFFFFFFFFFFFFFFFFFFFFFFFF0E
:10030000FFFFFFFFFFFFFFFFFFFFFFFFFFFFFFFFFD
:10031000FFFFFFFFFFFFFFFFFFFFFFFFFFFFFFFFED
:10032000FFFFFFFFFFFFFFFFFFFFFFFFFFFFFFFFDD
:10033000FFFFFFFFFFFFFFFFFFFFFFFFFFFFFFFFCD
:10034000FFFFFFFFFFFFFFFFFFFFFFFFFFFFFFFFBD
:10035000FFFFFFFFFFFFFFFFFFFFFFFFFFFFFFFFAD
:10036000FFFFFFFFFFFFFFFFFFFFFFFFFFFFFFFF9D
:10037000FFFFFFFFFFFFFFFFFFFFFFFFFFFFFFFF8D
:10038000FFFFFFFFFFFFFFFFFFFFFFFFFFFFFFFF7D
:10039000FFFFFFFFFFFFFFFFFFFFFFFFFFFFFFFF6D
:1003A000FFFFFFFFFFFFFFFFFFFFFFFFFFFFFFFF5D
:1003B000FFFFFFFFFFFFFFFFFFFFFFFFFFFFFFFF4D
:1003C000FFFFFFFFFFFFFFFFFFFFFFFFFFFFFFFF3D
:1003D000FFFFFFFFFFFFFFFFFFFFFFFFFFFFFFFF2D
:1003E000FFFFFFFFFFFFFFFFFFFFFFFFFFFFFFFF1D
:1003F000FFFFFFFFFFFFFFFFFFFFFFFFFFFFFFFF0D
:10040000FFFFFFFFFFFFFFFFFFFFFFFFFFFFFFFFFC
:10041000FFFFFFFFFFFFFFFFFFFFFFFFFFFFFFFFEC
:10042000FFFFFFFFFFFFFFFFFFFFFFFFFFFFFFFFDC
:10043000FFFFFFFFFFFFFFFFFFFFFFFFFFFFFFFFCC
:10044000FFFFFFFFFFFFFFFFFFFFFFFFFFFFFFFFBC
:10045000FFFFFFFFFFFFFFFFFFFFFFFFFFFFFFFFAC
:10046000FFFFFFFFFFFFFFFFFFFFFFFFFFFFFFFF9C
:10047000FFFFFFFFFFFFFFFFFFFFFFFFFFFFFFFF8C
:10048000FFFFFFFFFFFFFFFFFFFFFFFFFFFFFFFF7C
:10049000FFFFFFFFFFFFFFFFFFFFFFFFFFFFFFFF6C
:1004A000FFFFFFFFFFFFFFFFFFFFFFFFFFFFFFFF5C
:1004B000FFFFFFFFFFFFFFFFFFFFFFFFFFFFFFFF4C
:1004C000FFFFFFFFFFFFFFFFFFFFFFFFFFFFFFFF3C
:1004D000FFFFFFFFFFFFFFFFFFFFFFFFFFFFFFFF2C
:1004E000FFFFFFFFFFFFFFFFFFFFFFFFFFFFFFFF1C
:1004F000FFFFFFFFFFFFFFFFFFFFFFFFFFFFFFFF0C
:10050000FFFFFFFFFFFFFFFFFFFFFFFFFFFFFFFFFB
:10051000FFFFFFFFFFFFFFFFFFFFFFFFFFFFFFFFEB
:10052000FFFFFFFFFFFFFFFFFFFFFFFFFFFFFFFFDB
:10053000FFFFFFFFFFFFFFFFFFFFFFFFFFFFFFFFCB
:10054000FFFFFFFFFFFFFFFFFFFFFFFFFFFFFFFFBB
:10055000FFFFFFFFFFFFFFFFFFFFFFFFFFFFFFFFAB
:10056000FFFFFFFFFFFFFFFFFFFFFFFFFFFFFFFF9B
:10057000FFFFFFFFFFFFFFFFFFFFFFFFFFFFFFFF8B
:10058000FFFFFFFFFFFFFFFFFFFFFFFFFFFFFFFF7B
:10059000FFFFFFFFFFFFFFFFFFFFFFFFFFFFFFFF6B
:1005A000FFFFFFFFFFFFFFFFFFFFFFFFFFFFFFFF5B
:1005B000FFFFFFFFFFFFFFFFFFFFFFFFFFFFFFFF4B
:1005C000FFFFFFFFFFFFFFFFFFFFFFFFFFFFFFFF3B
:1005D000FFFFFFFFFFFFFFFFFFFFFFFFFFFFFFFF2B
:1005E000FFFFFFFFFFFFFFFFFFFFFFFFFFFFFFFF1B
:1005F000FFFFFFFFFFFFFFFFFFFFFFFFFFFFFFFF0B
:10060000FFFFFFFFFFFFFFFFFFFFFFFFFFFFFFFFFA
:10061000FFFFFFFFFFFFFFFFFFFFFFFFFFFFFFFFEA
:10062000FFFFFFFFFFFFFFFFFFFFFFFFFFFFFFFFDA
:10063000FFFFFFFFFFFFFFFFFFFFFFFFFFFFFFFFCA
:10064000FFFFFFFFFFFFFFFFFFFFFFFFFFFFFFFFBA
:10065000FFFFFFFFFFFFFFFFFFFFFFFFFFFFFFFFAA
:10066000FFFFFFFFFFFFFFFFFFFFFFFFFFFFFFFF9A
:10067000FFFFFFFFFFFFFFFFFFFFFFFFFFFFFFFF8A
:10068000FFFFFFFFFFFFFFFFFFFFFFFFFFFFFFFF7A
:10069000FFFFFFFFFFFFFFFFFFFFFFFFFFFFFFFF6A
:1006A000FFFFFFFFFFFFFFFFFFFFFFFFFFFFFFFF5A
:1006B000FFFFFFFFFFFFFFFFFFFFFFFFFFFFFFFF4A
:1006C000FFFFFFFFFFFFFFFFFFFFFFFFFFFFFFFF3A
:1006D000FFFFFFFFFFFFFFFFFFFFFFFFFFFFFFFF2A
:1006E000FFFFFFFFFFFFFFFFFFFFFFFFFFFFFFFF1A
:1006F000FFFFFFFFFFFFFFFFFFFFFFFFFFFFFFFF0A
:10070000FFFFFFFFFFFFFFFFFFFFFFFFFFFFFFFFF9
:10071000FFFFFFFFFFFFFFFFFFFFFFFFFFFFFFFFE9
:10072000FFFFFFFFFFFFFFFFFFFFFFFFFFFFFFFFD9
:10073000FFFFFFFFFFFFFFFFFFFFFFFFFFFFFFFFC9
:10074000FFFFFFFFFFFFFFFFFFFFFFFFFFFFFFFFB9
:10075000FFFFFFFFFFFFFFFFFFFFFFFFFFFFFFFFA9
:10076000FFFFFFFFFFFFFFFFFFFFFFFFFFFFFFFF99
:10077000FFFFFFFFFFFFFFFFFFFFFFFFFFFFFFFF89
:10078000FFFFFFFFFFFFFFFFFFFFFFFFFFFFFFFF79
:10079000FFFFFFFFFFFFFFFFFFFFFFFFFFFFFFFF69
:1007A000FFFFFFFFFFFFFFFFFFFFFFFFFFFFFFFF59
:1007B000FFFFFFFFFFFFFFFFFFFFFFFFFFFFFFFF49
:1007C000FFFFFFFFFFFFFFFFFFFFFFFFFFFFFFFF39
:1007D000FFFFFFFFFFFFFFFFFFFFFFFFFFFFFFFF29
:1007E000FFFFFFFFFFFFFFFFFFFFFFFFFFFFFFFF19
:1007F000FFFFFFFFFFFFFFFFFFFFFFFFFFFFFFFF09
:10080000FFFFFFFFFFFFFFFFFFFFFFFFFFFFFFFFF8
:10081000FFFFFFFFFFFFFFFFFFFFFFFFFFFFFFFFE8
:10082000FFFFFFFFFFFFFFFFFFFFFFFFFFFFFFFFD8
:10083000FFFFFFFFFFFFFFFFFFFFFFFFFFFFFFFFC8
:10084000FFFFFFFFFFFFFFFFFFFFFFFFFFFFFFFFB8
:10085000FFFFFFFFFFFFFFFFFFFFFFFFFFFFFFFFA8
:10086000FFFFFFFFFFFFFFFFFFFFFFFFFFFFFFFF98
:10087000FFFFFFFFFFFFFFFFFFFFFFFFFFFFFFFF88
:10088000FFFFFFFFFFFFFFFFFFFFFFFFFFFFFFFF78
:10089000FFFFFFFFFFFFFFFFFFFFFFFFFFFFFFFF68
:1008A000FFFFFFFFFFFFFFFFFFFFFFFFFFFFFFFF58
:1008B000FFFFFFFFFFFFFFFFFFFFFFFFFFFFFFFF48
:1008C000FFFFFFFFFFFFFFFFFFFFFFFFFFFFFFFF38
:1008D000FFFFFFFFFFFFFFFFFFFFFFFFFFFFFFFF28
:1008E000FFFFFFFFFFFFFFFFFFFFFFFFFFFFFFFF18
:1008F000FFFFFFFFFFFFFFFFFFFFFFFFFFFFFFFF08
:10090000FFFFFFFFFFFFFFFFFFFFFFFFFFFFFFFFF7
:10091000FFFFFFFFFFFFFFFFFFFFFFFFFFFFFFFFE7
:10092000FFFFFFFFFFFFFFFFFFFFFFFFFFFFFFFFD7
:10093000FFFFFFFFFFFFFFFFFFFFFFFFFFFFFFFFC7
:10094000FFFFFFFFFFFFFFFFFFFFFFFFFFFFFFFFB7
:10095000FFFFFFFFFFFFFFFFFFFFFFFFFFFFFFFFA7
:10096000FFFFFFFFFFFFFFFFFFFFFFFFFFFFFFFF97
:10097000FFFFFFFFFFFFFFFFFFFFFFFFFFFFFFFF87
:10098000FFFFFFFFFFFFFFFFFFFFFFFFFFFFFFFF77
:10099000FFFFFFFFFFFFFFFFFFFFFFFFFFFFFFFF67
:1009A000FFFFFFFFFFFFFFFFFFFFFFFFFFFFFFFF57
:1009B000FFFFFFFFFFFFFFFFFFFFFFFFFFFFFFFF47
:1009C000FFFFFFFFFFFFFFFFFFFFFFFFFFFFFFFF37
:1009D000FFFFFFFFFFFFFFFFFFFFFFFFFFFFFFFF27
:1009E000FFFFFFFFFFFFFFFFFFFFFFFFFFFFFFFF17
:1009F000FFFFFFFFFFFFFFFFFFFFFFFFFFFFFFFF07
:100A0000FFFFFFFFFFFFFFFFFFFFFFFFFFFFFFFFF6
:100A1000FFFFFFFFFFFFFFFFFFFFFFFFFFFFFFFFE6
:100A2000FFFFFFFFFFFFFFFFFFFFFFFFFFFFFFFFD6
:100A3000FFFFFFFFFFFFFFFFFFFFFFFFFFFFFFFFC6
:100A4000FFFFFFFFFFFFFFFFFFFFFFFFFFFFFFFFB6
:100A5000FFFFFFFFFFFFFFFFFFFFFFFFFFFFFFFFA6
:100A6000FFFFFFFFFFFFFFFFFFFFFFFFFFFFFFFF96
:100A7000FFFFFFFFFFFFFFFFFFFFFFFFFFFFFFFF86
:100A8000FFFFFFFFFFFFFFFFFFFFFFFFFFFFFFFF76
:100A9000FFFFFFFFFFFFFFFFFFFFFFFFFFFFFFFF66
:100AA000FFFFFFFFFFFFFFFFFFFFFFFFFFFFFFFF56
:100AB000FFFFFFFFFFFFFFFFFFFFFFFFFFFFFFFF46
:100AC000FFFFFFFFFFFFFFFFFFFFFFFFFFFFFFFF36
:100AD000FFFFFFFFFFFFFFFFFFFFFFFFFFFFFFFF26
:100AE000FFFFFFFFFFFFFFFFFFFFFFFFFFFFFFFF16
:100AF000FFFFFFFFFFFFFFFFFFFFFFFFFFFFFFFF06
:100B0000FFFFFFFFFFFFFFFFFFFFFFFFFFFFFFFFF5
:100B1000FFFFFFFFFFFFFFFFFFFFFFFFFFFFFFFFE5
:100B2000FFFFFFFFFFFFFFFFFFFFFFFFFFFFFFFFD5
:100B3000FFFFFFFFFFFFFFFFFFFFFFFFFFFFFFFFC5
:100B4000FFFFFFFFFFFFFFFFFFFFFFFFFFFFFFFFB5
:100B5000FFFFFFFFFFFFFFFFFFFFFFFFFFFFFFFFA5
:100B6000FFFFFFFFFFFFFFFFFFFFFFFFFFFFFFFF95
:100B7000FFFFFFFFFFFFFFFFFFFFFFFFFFFFFFFF85
:100B8000FFFFFFFFFFFFFFFFFFFFFFFFFFFFFFFF75
:100B9000FFFFFFFFFFFFFFFFFFFFFFFFFFFFFFFF65
:100BA000FFFFFFFFFFFFFFFFFFFFFFFFFFFFFFFF55
:100BB000FFFFFFFFFFFFFFFFFFFFFFFFFFFFFFFF45
:100BC000FFFFFFFFFFFFFFFFFFFFFFFFFFFFFFFF35
:100BD000FFFFFFFFFFFFFFFFFFFFFFFFFFFFFFFF25
:100BE000FFFFFFFFFFFFFFFFFFFFFFFFFFFFFFFF15
:100BF000FFFFFFFFFFFFFFFFFFFFFFFFFFFFFFFF05
:100C0000FFFFFFFFFFFFFFFFFFFFFFFFFFFFFFFFF4
:100C1000FFFFFFFFFFFFFFFFFFFFFFFFFFFFFFFFE4
:100C2000FFFFFFFFFFFFFFFFFFFFFFFFFFFFFFFFD4
:100C3000FFFFFFFFFFFFFFFFFFFFFFFFFFFFFFFFC4
:100C4000FFFFFFFFFFFFFFFFFFFFFFFFFFFFFFFFB4
:100C5000FFFFFFFFFFFFFFFFFFFFFFFFFFFFFFFFA4
:100C6000FFFFFFFFFFFFFFFFFFFFFFFFFFFFFFFF94
:100C7000FFFFFFFFFFFFFFFFFFFFFFFFFFFFFFFF84
:100C8000FFFFFFFFFFFFFFFFFFFFFFFFFFFFFFFF74
:100C9000FFFFFFFFFFFFFFFFFFFFFFFFFFFFFFFF64
:100CA000FFFFFFFFFFFFFFFFFFFFFFFFFFFFFFFF54
:100CB000FFFFFFFFFFFFFFFFFFFFFFFFFFFFFFFF44
:100CC000FFFFFFFFFFFFFFFFFFFFFFFFFFFFFFFF34
:100CD000FFFFFFFFFFFFFFFFFFFFFFFFFFFFFFFF24
:100CE000FFFFFFFFFFFFFFFFFFFFFFFFFFFFFFFF14
:100CF000FFFFFFFFFFFFFFFFFFFFFFFFFFFFFFFF04
:100D0000FFFFFFFFFFFFFFFFFFFFFFFFFFFFFFFFF3
:100D1000FFFFFFFFFFFFFFFFFFFFFFFFFFFFFFFFE3
:100D2000FFFFFFFFFFFFFFFFFFFFFFFFFFFFFFFFD3
:100D3000FFFFFFFFFFFFFFFFFFFFFFFFFFFFFFFFC3
:100D4000FFFFFFFFFFFFFFFFFFFFFFFFFFFFFFFFB3
:100D5000FFFFFFFFFFFFFFFFFFFFFFFFFFFFFFFFA3
:100D6000FFFFFFFFFFFFFFFFFFFFFFFFFFFFFFFF93
:100D7000FFFFFFFFFFFFFFFFFFFFFFFFFFFFFFFF83
:100D8000FFFFFFFFFFFFFFFFFFFFFFFFFFFFFFFF73
:100D9000FFFFFFFFFFFFFFFFFFFFFFFFFFFFFFFF63
:100DA000FFFFFFFFFFFFFFFFFFFFFFFFFFFFFFFF53
:100DB000FFFFFFFFFFFFFFFFFFFFFFFFFFFFFFFF43
:100DC000FFFFFFFFFFFFFFFFFFFFFFFFFFFFFFFF33
:100DD000FFFFFFFFFFFFFFFFFFFFFFFFFFFFFFFF23
:100DE000FFFFFFFFFFFFFFFFFFFFFFFFFFFFFFFF13
:100DF000FFFFFFFFFFFFFFFFFFFFFFFFFFFFFFFF03
:100E0000FFFFFFFFFFFFFFFFFFFFFFFFFFFFFFFFF2
:100E1000FFFFFFFFFFFFFFFFFFFFFFFFFFFFFFFFE2
:100E2000FFFFFFFFFFFFFFFFFFFFFFFFFFFFFFFFD2
:100E3000FFFFFFFFFFFFFFFFFFFFFFFFFFFFFFFFC2
:100E4000FFFFFFFFFFFFFFFFFFFFFFFFFFFFFFFFB2
:100E5000FFFFFFFFFFFFFFFFFFFFFFFFFFFFFFFFA2
:100E6000FFFFFFFFFFFFFFFFFFFFFFFFFFFFFFFF92
:100E7000FFFFFFFFFFFFFFFFFFFFFFFFFFFFFFFF82
:100E8000FFFFFFFFFFFFFFFFFFFFFFFFFFFFFFFF72
:100E9000FFFFFFFFFFFFFFFFFFFFFFFFFFFFFFFF62
:100EA000FFFFFFFFFFFFFFFFFFFFFFFFFFFFFFFF52
:100EB000FFFFFFFFFFFFFFFFFFFFFFFFFFFFFFFF42
:100EC000FFFFFFFFFFFFFFFFFFFFFFFFFFFFFFFF32
:100ED000FFFFFFFFFFFFFFFFFFFFFFFFFFFFFFFF22
:100EE000FFFFFFFFFFFFFFFFFFFFFFFFFFFFFFFF12
:100EF000FFFFFFFFFFFFFFFFFFFFFFFFFFFFFFFF02
:100F0000FFFFFFFFFFFFFFFFFFFFFFFFFFFFFFFFF1
:100F1000FFFFFFFFFFFFFFFFFFFFFFFFFFFFFFFFE1
:100F2000FFFFFFFFFFFFFFFFFFFFFFFFFFFFFFFFD1
:100F3000FFFFFFFFFFFFFFFFFFFFFFFFFFFFFFFFC1
:100F4000FFFFFFFFFFFFFFFFFFFFFFFFFFFFFFFFB1
:100F5000FFFFFFFFFFFFFFFFFFFFFFFFFFFFFFFFA1
:100F6000FFFFFFFFFFFFFFFFFFFFFFFFFFFFFFFF91
:100F7000FFFFFFFFFFFFFFFFFFFFFFFFFFFFFFFF81
:100F8000FFFFFFFFFFFFFFFFFFFFFFFFFFFFFFFF71
:100F9000FFFFFFFFFFFFFFFFFFFFFFFFFFFFFFFF61
:100FA000FFFFFFFFFFFFFFFFFFFFFFFFFFFFFFFF51
:100FB000FFFFFFFFFFFFFFFFFFFFFFFFFFFFFFFF41
:100FC000FFFFFFFFFFFFFFFFFFFFFFFFFFFFFFFF31
:100FD000FFFFFFFFFFFFFFFFFFFFFFFFFFFFFFFF21
:100FE000FFFFFFFFFFFFFFFFFFFFFFFFFFFFFFFF11
:100FF000FFFFFFFFFFFFFFFFFFFFFFFFFFFFFFFF01
:10100000D10020434D1600600000000000000000E9
:10101000201000600010006000A8026000000000C6
:101020000000006000B4020000000000FFFFFFFFAE
:10103000FFFFFFFFFFFFFFFFFFFFFFFFFFFFFFFFC0
:10104000FFFFFFFFFFFFFFFFFFFFFFFFFFFFFFFFB0
:10105000FFFFFFFFFFFFFFFFFFFFFFFFFFFFFFFFA0
:10106000FFFFFFFFFFFFFFFFFFFFFFFFFFFFFFFF90
:10107000FFFFFFFFFFFFFFFFFFFFFFFFFFFFFFFF80
:10108000FFFFFFFFFFFFFFFFFFFFFFFFFFFFFFFF70
:10109000FFFFFFFFFFFFFFFFFFFFFFFFFFFFFFFF60
:1010A000FFFFFFFFFFFFFFFFFFFFFFFFFFFFFFFF50
:1010B000FFFFFFFFFFFFFFFFFFFFFFFFFFFFFFFF40
:1010C000FFFFFFFFFFFFFFFFFFFFFFFFFFFFFFFF30
:1010D000FFFFFFFFFFFFFFFFFFFFFFFFFFFFFFFF20
:1010E000FFFFFFFFFFFFFFFFFFFFFFFFFFFFFFFF10
:1010F000FFFFFFFFFFFFFFFFFFFFFFFFFFFFFFFF00
:10110000FFFFFFFFFFFFFFFFFFFFFFFFFFFFFFFFEF
:10111000FFFFFFFFFFFFFFFFFFFFFFFFFFFFFFFFDF
:10112000FFFFFFFFFFFFFFFFFFFFFFFFFFFFFFFFCF
:10113000FFFFFFFFFFFFFFFFFFFFFFFFFFFFFFFFBF
:10114000FFFFFFFFFFFFFFFFFFFFFFFFFFFFFFFFAF
:10115000FFFFFFFFFFFFFFFFFFFFFFFFFFFFFFFF9F
:10116000FFFFFFFFFFFFFFFFFFFFFFFFFFFFFFFF8F
:10117000FFFFFFFFFFFFFFFFFFFFFFFFFFFFFFFF7F
:10118000FFFFFFFFFFFFFFFFFFFFFFFFFFFFFFFF6F
:10119000FFFFFFFFFFFFFFFFFFFFFFFFFFFFFFFF5F
:1011A000FFFFFFFFFFFFFFFFFFFFFFFFFFFFFFFF4F
:1011B000FFFFFFFFFFFFFFFFFFFFFFFFFFFFFFFF3F
:1011C000FFFFFFFFFFFFFFFFFFFFFFFFFFFFFFFF2F
:1011D000FFFFFFFFFFFFFFFFFFFFFFFFFFFFFFFF1F
:1011E000FFFFFFFFFFFFFFFFFFFFFFFFFFFFFFFF0F
:1011F000FFFFFFFFFFFFFFFFFFFFFFFFFFFFFFFFFF
:10120000FFFFFFFFFFFFFFFFFFFFFFFFFFFFFFFFEE
:10121000FFFFFFFFFFFFFFFFFFFFFFFFFFFFFFFFDE
:10122000FFFFFFFFFFFFFFFFFFFFFFFFFFFFFFFFCE
:10123000FFFFFFFFFFFFFFFFFFFFFFFFFFFFFFFFBE
:10124000FFFFFFFFFFFFFFFFFFFFFFFFFFFFFFFFAE
:10125000FFFFFFFFFFFFFFFFFFFFFFFFFFFFFFFF9E
:10126000FFFFFFFFFFFFFFFFFFFFFFFFFFFFFFFF8E
:10127000FFFFFFFFFFFFFFFFFFFFFFFFFFFFFFFF7E
:10128000FFFFFFFFFFFFFFFFFFFFFFFFFFFFFFFF6E
:10129000FFFFFFFFFFFFFFFFFFFFFFFFFFFFFFFF5E
:1012A000FFFFFFFFFFFFFFFFFFFFFFFFFFFFFFFF4E
:1012B000FFFFFFFFFFFFFFFFFFFFFFFFFFFFFFFF3E
:1012C000FFFFFFFFFFFFFFFFFFFFFFFFFFFFFFFF2E
:1012D000FFFFFFFFFFFFFFFFFFFFFFFFFFFFFFFF1E
:1012E000FFFFFFFFFFFFFFFFFFFFFFFFFFFFFFFF0E
:1012F000FFFFFFFFFFFFFFFFFFFFFFFFFFFFFFFFFE
:10130000FFFFFFFFFFFFFFFFFFFFFFFFFFFFFFFFED
:10131000FFFFFFFFFFFFFFFFFFFFFFFFFFFFFFFFDD
:10132000FFFFFFFFFFFFFFFFFFFFFFFFFFFFFFFFCD
:10133000FFFFFFFFFFFFFFFFFFFFFFFFFFFFFFFFBD
:10134000FFFFFFFFFFFFFFFFFFFFFFFFFFFFFFFFAD
:10135000FFFFFFFFFFFFFFFFFFFFFFFFFFFFFFFF9D
:10136000FFFFFFFFFFFFFFFFFFFFFFFFFFFFFFFF8D
:10137000FFFFFFFFFFFFFFFFFFFFFFFFFFFFFFFF7D
:10138000FFFFFFFFFFFFFFFFFFFFFFFFFFFFFFFF6D
:10139000FFFFFFFFFFFFFFFFFFFFFFFFFFFFFFFF5D
:1013A000FFFFFFFFFFFFFFFFFFFFFFFFFFFFFFFF4D
:1013B000FFFFFFFFFFFFFFFFFFFFFFFFFFFFFFFF3D
:1013C000FFFFFFFFFFFFFFFFFFFFFFFFFFFFFFFF2D
:1013D000FFFFFFFFFFFFFFFFFFFFFFFFFFFFFFFF1D
:1013E000FFFFFFFFFFFFFFFFFFFFFFFFFFFFFFFF0D
:1013F000FFFFFFFFFFFFFFFFFFFFFFFFFFFFFFFFFD
:10140000814205D051F8043B40F8043B8242F9D8B0
:10141000704700BF044A05494FF0000342F8043BFF
:101420009142FBD8704700BFC09E002060C50020DD
:101430002DE98848BFF34F8F00BF00BF00BF00BF3A
:1014400000F042F9684B0822C3F8542100BF00BFE6
:1014500000BF00BF00BF00BF00BF00BF00BF00BF94
:1014600000BF00BF00BF00BF00BF00BF5F4A6049B0
:101470006048FFF7C5FF604A60496148FFF7C0FF59
:10148000604CFFF7C7FF4FF470004FF0E0210023DE
:101490005D4AC1F8880D44F823200133B02BFAD1FE
:1014A0005A4B80215A4A03F8011B9342FBD14FF05B
:1014B000E0254D4E4FF08039DFF884B1DFF884A18C
:1014C0004FF0FF31C5F8084D0027C6F80491C6F863
:1014D00000B1C6F8F490C6F8F0A0D5F8243DDFF8C6
:1014E000688143F4E0234B4AC5F8243DD8F81C300A
:1014F00023F07F0343F04003C8F81C30D8F82430B1
:1015000023F07F0343F04003C8F824309166D1668E
:101510001167516700F0E0F83F4B4049A363404B2F
:10152000E36363236B610323AF612B613D4BC5F81C
:10153000203DD5F8FC3D43F08073C5F8FC3D3A4BA7
:101540001A6842F001021A605B680B6000F00EFB43
:10155000C6F804913548C6F800B1C6F8F490C6F84C
:10156000F0A000F085FCD8F86C10314B314A41F402
:101570004051C8F86C101F60C3F80871C3F81871A7
:10158000C3F82871C3F83871936BDB0708D442F6AF
:101590001563294951651365936B43F00103936308
:1015A000244A264C936843F00113936000F01CF921
:1015B00000F060F800F04CFC00F006FB00F086F84C
:1015C0002368132BFCD900F097FB2368B3F5967FB3
:1015D000FBD300F07FF800F07BF800F04DFC00F04A
:1015E00043FC30BFFDE700BF00800D40D8E701009D
:1015F000CC1F006000000000C09E0020A807026011
:1016000000000020009C002065EB000000E400E0EA
:10161000A0E400E000C00A4021000100DCC400207A
:101620002500010000002020001000E00046C32338
:101630000040084000400D400000C056E0C40020BB
:101640001B1018200C0D111300C00F40054B4FF458
:101650002A01054A05485A641864054A9963954663
:10166000FFF7E6FE00C00A40FFAAAAAA0700200072
:1016700000000620104BA020104AD96E41F44031E2
:1016800010B4D96640F23764D96E41F44071D9661E
:1016900054649064936C1B06FCD4094A40F2376191
:1016A000A02351649364936C13F08003FBD1054A2B
:1016B00013705DF8044B704700C00F4000400C40B1
:1016C00000800C4020C50020704700BF704700BF5D
:1016D000704700BF00BF704710B44FF0E0230021F7
:1016E00010243148C3F8941DC3F89C4D1124C3F84D
:1016F000A00D2E48C3F89C4D1224C3F8A00D2C4811
:10170000C3F89C4D2B4AC3F8A00D2B4C42F0150298
:101710002A48C3F89C4DC3F8A00D294C2948C3F8AA
:101720009C4DC3F8A00D284CC3F89C2D2748284A8F
:10173000C3F8A04DC3F89C0DC3F8A02D02F5A0225C
:10174000244C0C322448C3F89C4DC3F8A02D234AE6
:10175000C3F89C0D224CC3F8A02D02F14062C3F8DF
:101760009C4D2048C3F8A02D0C32C3F89C0DC3F843
:10177000A02D00BF00BF00BF00BF00BF0122C3F803
:10178000942DBFF34F8FBFF36F8FC3F8501FBFF37C
:101790004F8FBFF36F8FD3F8142D5DF8044B42F4D5
:1017A0004032C3F8142D70473F0000102500080791
:1017B0000900100060C5002013002000210002076E
:1017C0001400002025000813090000101600202036
:1017D00027000B1317000040180000602F000B07B4
:1017E000190000701A000080F0B5B84B1822B84EEE
:1017F0000120B84F83B0C3F85C62B749C3F8607288
:10180000B64DC3F86462A6F53046B54CC3F86862BD
:10181000C3F86C52C3F87052C3F87452C3F87852CC
:1018200048F20C75DA661A675A679A67DA67C3F87E
:101830008020C3F88420C3F88820C1F82C03A94A6B
:10184000C1F83003C1F83403C1F83803C1F83C03D0
:10185000C1F85003A169A44B0A40A448A44913430A
:10186000A44AA361D4F8843043F00C03C4F8843054
:101870004FF0FF34036843F00203036003682B401A
:101880004FF400551A439C4B026044608A689B4C9D
:1018900013409B4A43F000538360C36823F07803EE
:1018A000C360036A134023430362036A1340954AEB
:1018B0002343954C43628262C2620022D1F8B83061
:1018C00023F03F0343F00103C0F8B830D1F8BC3037
:1018D0008E4923F03F0343F00103C0F8BC3040F2CF
:1018E0000563026105660467C0F880304566446799
:1018F0000224C0F88430036823F00203036081618E
:10190000834B8449C46143F8042B8B42FBD1774A53
:10191000136843F001031360136813F00103FBD154
:101920007A48022140F2F564906140F29940D16119
:1019300040F26641C2F8004242F20144C2F810127D
:101940007549C2F82002C2F8301240F2354173489E
:10195000C2F83442C2F84012714CC2F8500242F24E
:1019600001207049C2F854120121C2F86042C2F845
:1019700064025E48C2F8A030C2F8A430C2F8B010C9
:101980004369DA07FCD5012300244FF4803257491C
:101990004361C0F8A040C0F8A420C0F8B0304B6943
:1019A000DB07FCD5012300244FF400304F4A4B6184
:1019B000C1F8A040C1F8A400C1F8B0305369DF07F6
:1019C000FCD501230024584848495361C2F8A0407F
:1019D000C2F8A400C2F8B0304B69DE07FCD5D1F8DC
:1019E000003145F60D5221209BB24861934265D1EA
:1019F00000244FF4802201233C48C1F8A040C1F8E4
:101A0000A420C1F8B0304369DD07FCD501234FF4B1
:101A100000040021354A4361C0F8A040C0F8A4107A
:101A2000C0F8B0305369DC07FCD501234FF4000443
:101A30004FF480302D495361C2F8A040C2F8A40091
:101A4000C2F8B0304B69D807FCD501234FF400042D
:101A50004FF40030254A4B61C1F8A040C1F8A40002
:101A6000C1F8B0305369D907FCD501234FF4000405
:101A70002D481E495361C2F8A040C2F8A400C2F824
:101A8000B0304B69DA07FCD5D1F8003145F60D527C
:101A900021209BB24861934250D008254FF40004A6
:101AA00022490020224B234A009015705A1A012324
:101AB0002148224400F0C8F903B0F0BD1E4B0022BB
:101AC000C3E90022C3E9022203B0F0BD00801F4039
:101AD000F9B00100F910010000841F40F970010005
:101AE00000C00F40FFFCFF1F000300A000402A4081
:101AF00000802A401200FFFFFF37F70040000080FF
:101B000000FFF07CFF000F8363000200F05AF05AE0
:101B100000422A4000432A409F041830EB06180A6E
:101B20003806180A0632012604000300000000707F
:101B30000000007022C50020F0B600204FF4000421
:101B40004FF4802201230848C1F8A040C1F8A42026
:101B5000C1F8B0304369DB07FCD5012310254FF0F5
:101B6000807443619CE700BF00402A40F0B4154AEE
:101B700040274FF480314FF480564FF400554FF416
:101B8000404443F24200136913F0020F0ED113F4E4
:101B9000005F0FD013F4805F0ED0002BF3DA13F444
:101BA000803F0BD15B060BD5F0BC7047946151614F
:101BB0009061E8E75561E6E75661E4E79161E2E7A5
:101BC0005761E0E700800D403F4A03203F49F3EEB4
:101BD000095AD2F880304FF0000C9FED3D6A23F097
:101BE00001039FED3C5A30B4C2F88030C2F8900037
:101BF000D1F8E010384DCBB2384C39482B6007EEA5
:101C0000903A0B0DC1F30B21F8EEE77A06EE903A0D
:101C100007EE101A334BB8EEC77A2160F8EEE66A89
:101C2000314937EEC66A37EEC55A76EEC76A77EEA7
:101C3000E57A26EE266AC3ED006A25EE265AD2F82A
:101C4000803067EEA64AC0ED007AC6EE275A2748D4
:101C500085EE276AC4EEA76A75EE875AFCEEE55A50
:101C600036EE076A15EE904ABCEEC66A43EA0453A4
:101C700076EE877AC2F8803016EE103AD2F89041AC
:101C8000FCEEE77A01EA0341214317EE903AC2F8ED
:101C90009011C3F30B03D2F890110B431449C2F80F
:101CA0009031D2F8803043F00203C2F88030114BFB
:101CB00080F840C0C1F840314FF0E023012230BC31
:101CC000C3F80821704700BF00810D4000441F4049
:101CD0000000AA420000B4424CC4002048C40020C6
:101CE00050C4002054C400200000FF0F00E400E0B6
:101CF000009C002051ED0000314B40F6617210B5A0
:101D0000C3F8202140F2044400F09AF82D4A2E49ED
:101D1000D2F880302D4843F00303C2F880302C4BBA
:101D2000C1F8604102681A4203D1D1F8A8319A077C
:101D30001BD0254A4FF00041244B5963D2F8403163
:101D400043F00203C2F84031D2F840319B07FBD484
:101D50004FF400304FF0E0211C4B4FF00042C1F82F
:101D60008C0219209A6300F07BF8184A4FF08040EB
:101D7000154C002190630A20164B11604FF420721D
:101D8000C4F8A801184600F067F84FF48002034633
:101D90004FF4810040F243111860C4F858311A64BE
:101DA0000D4B0E4AC4F84811C3F804224FF0E0224C
:101DB0004FF400310123C2F80C11C4F8403110BDBA
:101DC00000800D4000C00F4000002E4000900D40EC
:101DD000001C1E0000000020009C002039EF0000C5
:101DE00008B50E4B1B6E9B0700D4FBBE72B60C4BA6
:101DF00000200C4AC3F8400103F160430A49A3F5EF
:101E00005F2311649D46BFF34F8F4FF400130748C3
:101E1000074ADB6902609B68984700BF00441F4087
:101E200000002E4000C00A40030020000080202057
:101E3000000012EBF8B500BFF8BC08BC9E46704726
:101E40005FF800F0A9F600005FF800F091000100D3
:101E50005FF800F04DEA00005FF800F0E15B010080
:101E60005FF800F0B9DE00005FF800F0B5E40000B4
:101E70005FF800F0C9DB00005FF800F019620100B4
:101E8000450000009D06000025260000712C000082
:101E9000214300005553000021610000AD620000A5
:041EA00051CB000022
:101EA40016035500530042002000530065007200E1
:101EB400690061006C0000001803540065006500AF
:101EC4006E00730079006400750069006E006F0095
:101ED4000403090409026200030100C032080B0074
:101EE40002020201000904000001020201000524AB
:101EF4000010010524010101042402060524060042
:101F0400010705820310001009040100020A000001
:101F14000007050302400000070584024000000991
:101F240004020002FF6AFF00070581024000010766
:101F3400050102400001000009026200030100C023
:101F440032080B000202020100090400000102022F
:101F540001000524001001052401010104240206E6
:101F64000524060001070582031000050904010089
:101F7400020A0000000705030200020007058402AC
:101F84000002000904020002FF6AC700070581027B
:101F94000002010705010200020100000A06000216
:101FA400EF02014001000000005EBCE2613FDD83FE
:101FB400C29C7E20A3FD1F41009D23BE46DB65F825
:081FC4008C11AF32CA57E97419
:101FCC000000000000000000000000000000000005
:101FDC0000000000000000000000000000000000F5
:101FEC000548064B1B1AD90F01EBA301491002D06F
:101FFC00034B03B118477047C09E0020C09E0020C1
:10200C000000000008B5054B1BB105490548AFF3AE
:10201C000080BDE80840FFF7E3BF00BF00000000F0
:10202C00F8C3002000B402600346012200B583B05F
:10203C0093F80DC099880DF1070083F80CC08DF84A
:10204C0007C00EF007FA03B05DF804FB034601224B
:10205C0000B583B093F80DC099880DF1070083F893
:10206C000CC08DF807C00EF0F5F903B05DF804FB59
:10207C0000B500F1140183B0844600F10C026B46EC
:10208C0003C983E8030082E803000822BCF80410AB
:10209C0018460EF0DFF903B05DF804FB034604228A
:1020AC0000B583B0D3F810C099880DEB0200C3F8CB
:1020BC000CC0CDF804C00EF0CDF903B05DF804FBF4
:1020CC000346042210B582B01C6999880DEB0200FE
:1020DC00DC6001940EF0BEF902B010BD10B50446E0
:1020EC0080880EF00DF8207310BD00BF10B50446AB
:1020FC0080880EF005F8207310BD00BF70B5858880
:10210C0000F10C0400F114062D1A0C3D60190DF0B1
:10211C00F7FF04F8010BA642F8D170BD70B58588A5
:10212C0000F10C0400F110062D1A0C3D60190DF095
:10213C00E7FF04F8010BA642F8D170BD70B5858895
:10214C0000F10C0400F110062D1A0C3D60190DF075
:10215C00D7FF04F8010BA642F8D170BD70B5044648
:10216C0000F1140106F064F8054604F1280120463C
:10217C0006F05EF8034604F13C0120461D4006F0D3
:10218C0057F8034604F15001EDB220461D4006F00D
:10219C004FF8034604F1640120461D4006F048F850
:1021AC00064604F17801204606F042F82E4005461A
:1021BC0004F18C01204606F03BF83540064604F14C
:1021CC00A001204606F034F82E40054604F1BC016F
:1021DC00204606F02DF83540064604F1D80120467D
:1021EC0006F026F82E40054604F1F401204606F0D0
:1021FC001FF83540064604F58871204606F018F89D
:10220C002E40054604F59671204606F011F835402F
:10221C00064604F5A471204606F00AF82E40054641
:10222C0004F5B271204606F003F83540064604F575
:10223C00C071204605F0FCFF2E40054604F5CE711A
:10224C00204605F0F5FF3540064604F5DC712046C6
:10225C0005F0EEFF2E40054604F5EA71204605F028
:10226C00E7FF3540064604F5F871204605F0E0FF1F
:10227C002E40054604F50371204605F0D9FF354084
:10228C00064604F50A71204605F0D2FF2E4005469D
:10229C0004F51171204605F0CBFF3540064604F5D8
:1022AC001871204605F0C4FF2E40054604F51C713C
:1022BC00204605F0BDFF3540034604F5207120464D
:1022CC001D4005F0B5FF08B105B170BD20210448D3
:1022DC000FF02CFD0348BDE870400DF095B800BF21
:1022EC00600A0020309100202DE9F843002245F6C9
:1022FC000141044605F040FFC84AF1EE007AC84996
:10230C00BAEE0E7A0023C74D08204FF0040CC64ECF
:10231C00FAEE044ADFF838E301279FEDC43ADFED0B
:10232C00C43A21606263C349A263E26522664FF43A
:10233C000002DFF820939FEDC04A9FEDC05ADFEDFD
:10234C00C05A2383636284F81AC0A3852363A662F0
:10235C0084F82EC0A4F840306364E66384F842C06D
:10236C00A4F85430A365266584F856C0A4F86830E8
:10237C00E366666684F86AC0A4F87C30C4ED127A11
:10238C00C4ED137AC4ED1C7AC4ED1D7AC4F8149014
:10239C009FEDAC6ADFEDAC6ADFF8BC82C4E90733B1
:1023AC00C4F8803084F8A60084F8C200A667C4F88C
:1023BC008C60C4F884E0C4F888E084F87EC084F8AB
:1023CC0092C0A4F89030C4F89430C4ED267AC4EDD1
:1023DC00277AA4F8A430C4F8A830C4F8A050C4F8E4
:1023EC00ACE084ED2C7AC4F8B4E084ED2E7AA4F839
:1023FC00C030C4F8C430C4F8BC5084ED323A84ED1B
:10240C00343A84ED337A84ED357AA4F8DC30C4F8B0
:10241C00E030C4F8D850C4F8E4E0C4F8ECE0C4ED03
:10242C003A3AC4ED3C3A84F8DE00C4F80011C4F822
:10243C000421C4F80811C4F80C2184F8FA00C4F87B
:10244C001C11C4F82021C4F82411C4F8282184F8E4
:10245C001601C4F83811C4F83C21C4F84011C4F872
:10246C00442184F83201C4F85411C4F85821C4F83A
:10247C005C11C4F86021A4F8F830C4F8FC30C4F83E
:10248C00F450A4F81431C4F81831C4F81051A4F85D
:10249C003031C4F83431C4F82C51A4F84C31C4F8A0
:1024AC005031C4F8485184F84E01C4F87011C4F886
:1024BC007421C4F87811C4F87C2184F86A01C4F83A
:1024CC008C11C4F89021C4F89411C4F8982184F8A4
:1024DC008601C4F8A811C4F8AC21C4F8B011C4F832
:1024EC00B42184F8A201C4F8C411C4F8C821C4F8FA
:1024FC00CC11C4F8D02184F8BE01A4F86831C4F81A
:10250C006C31C4F86451A4F88431C4F88831C4F82F
:10251C008051A4F8A031C4F8A431C4F89C51A4F89B
:10252C00BC31C4F8C031C4F8B851A4F8D831C4F8DF
:10253C00E421C4F8EC21C4F81C22C4F8242243F68C
:10254C003C42C4F8E011C4F8E81184F8DA0184F8CC
:10255C00F601C4F81812C4F8201284F8120284F898
:10256C002E02C4F8DC31C4F8D451A4F8F431C4F808
:10257C00F831C4F8F05184ED7F4A84ED814AC4ED02
:10258C00804AC4ED824AA4F81032C4F81432C4F85C
:10259C000C52A4F82C32C4F83032C4F8285284ED12
:1025AC008D5A84ED8F5AC4ED8E5AC4ED905AA4F80E
:1025BC004832C4F84C32A4F86C2240F60A22234963
:1025CC00A4F87C2240F2011284F84A022046C4F896
:1025DC00445284ED946A84ED966AC4ED956AC4ED18
:1025EC00976AA4F86432C4F86082C4F8683284F83C
:1025FC006672A4F87432C4F87082C4F8783284F825
:10260C007672A4F88432C4F88012C4F88832A4F824
:10261C008C2284F88672BDE8F88300BF00007A43F0
:10262C00301A0020B0190020D01900200000704290
:10263C00000020C2FFFF7F7F00005C410000FA43D6
:10264C000000FAC30000FA440000FAC4C0190020CC
:10265C000000A042F0190020E01900200DF02CBD64
:10266C0000207047704700BF036D0BB1012070470D
:10267C00406D003818BF0120704700BF10B50446EC
:10268C00806D18B113F058FB0023A365236D2BB19B
:10269C0004F11800BDE810400BF024BC636D002B56
:1026AC00F6D110BDF0B595B000224FF47A74244FDA
:1026BC001831054604A88DF80C200097CDE90124AB
:1026CC00CDE912220BF07AFC129B002B2DD05C2052
:1026DC0000260DF071FF019B04464660C36004A9FF
:1026EC00029B183040F8083C9DF80C3000F8043C74
:1026FC00144B40F8183C144B40F8103C0BF0B0FB5A
:10270C00124B4FF47A72A7602B606368A665013395
:10271C006E602E73AA602C6163600D4B04A800934D
:10272C000BF0E0FB284615B0F0BD139B002BCED16F
:10273C00064A2B732A602B61C5E90134EDE700BF13
:10274C00301B0020541B0020B01B0020041B002059
:10275C00001A002010B50446806D00B110BD4FF476
:10276C00807013F0E1FAA065B0B10022236D027005
:10277C003BB101464FF4807218460BF003F8A06D84
:10278C0010BD636D002BE9D001464FF480721846E2
:10279C0008F090FFA06D10BD014B1846A36510BD4D
:1027AC001FC5002038B5056D6DB10BB1002038BDCB
:1027BC00114628460AF00CF80028F7D02846BDE848
:1027CC0038400AF0A7B9446D002CEFD0204607F032
:1027DC001FFF0028EAD02046BDE8384008F092BD23
:1027EC008A79A2F150031B0622D402F26C72F0B566
:1027FC004B7985B0046D01330D798E784F78DBB24F
:10280C0009784CB1204601960095CDE9027104215E
:10281C000AF014F905B0F0BD406D0028FAD001960D
:10282C000095CDE90271042108F0B0FC05B0F0BDB3
:10283C000020704710B50446006D80B1037813F08A
:10284C00700F00D110BD002109F0C2FF606D00288F
:10285C00F8D000220023BDE8104007F0D9BE606D0F
:10286C000028EFD090F8313013F0500FEAD000224E
:10287C000023BDE8104007F0CBBE00BF036D10B5C0
:10288C000C4682B02BB30DF1060201A9184609F0D3
:10289C0045FB38B3BDF80430BDF8062053EA0201FD
:1028AC0020D0C2F3451C02F01F00D20AC3F343111F
:1028BC00400084F801C0A2705A0A013903F01F03CA
:1028CC0002F5EA622070012061712371A27102B0DD
:1028DC0010BD406D30B10DF1060201A907F03EFDAF
:1028EC000028D7D1002002B010BD00BF036D10B579
:1028FC000C4682B02BB30DF1060201A9184609F063
:10290C00FDFA38B3BDF80430BDF8062053EA0201D5
:10291C0020D0C2F3451C02F01F00D20AC3F34311AE
:10292C00400084F801C0A2705A0A013903F01F0359
:10293C0002F5EA622070012061712371A27102B06C
:10294C0010BD406D30B10DF1060201A907F0F4FC89
:10295C000028D7D1002002B010BD00BF0369D3B14D
:10296C000E4810B41C68E46884420FD1186D18B17D
:10297C005DF8044B0AF008B9586D18B15DF8044BBA
:10298C0008F032BD00205DF8044B70471846234612
:10299C005DF8044B18470020704700BFF50B000092
:1029AC00006990B10368154A1B69934225D1036DE8
:1029BC0063B1187810F0080007D0D8695B69C01AA9
:1029CC0048BF6FF00040704718467047436D002BAE
:1029DC00FAD093F8310010F00800F6D01869196895
:1029EC005A69401A5B6862EB0303B0F1004F73F154
:1029FC000003EAD36FF0004070471847A50C0000A5
:102A0C00036963B11A68074992698A4208D1186D43
:102A1C0008B10AF00DB8586D08B108F041BA70470A
:102A2C0018461047E10B0000036973B11A68084996
:102A3C0052698A4207D1186D08B109F055BD586D1D
:102A4C0018B107F0CFBD184610474FF0FF30704754
:102A5C00250B0000036923B31968134A10B58C6861
:102A6C0082B0944214D1186D48B101220DF10701C6
:102A7C0009F066FC90B19DF8070002B010BD586DCE
:102A8C000028F8D001220DF1070107F0DBFCF1E77B
:102A9C0001220DF107011846A047EBE74FF0FF307C
:102AAC00EBE74FF0FF3070477D0B0000036D13B167
:102ABC00586900217047436D13B1D3E90001704789
:102ACC0018461946704700BF036D13B1D869002131
:102ADC007047436D13B1D3E904017047184619468A
:102AEC00704700BF036D13B1184609F0FDBC406D73
:102AFC0008B107F077BD4FF0FF307047836C13B10E
:102B0C00184609F0F1BCC06C08B107F06BBD4FF072
:102B1C00FF307047036D33B11B7813F0700F14BF87
:102B2C00012000207047406D30B190F8313013F027
:102B3C00500F14BF01200020704700BF036D13B16C
:102B4C00184609F0FDBB406D08B107F07BBC4FF097
:102B5C00FF307047836C00B583B063B101220DF177
:102B6C000701184609F0ECFB01280CD19DF8070071
:102B7C0003B05DF804FBC06C28B101220DF1070114
:102B8C0007F060FCF0E74FF0FF30F1E7836C13B116
:102B9C00184609F04DBFC06C08B108F081B97047F8
:102BAC00036D13B1184609F043BF406D08B108F02E
:102BBC0077B97047036D13B1184609F0E5BF406D46
:102BCC0008B108F011BC7047836C13B1184609F0BA
:102BDC00DBBFC06C08B108F007BC704700B5836C54
:102BEC0083B08DF8071043B101220DF1070118468F
:102BFC0009F0CAFF03B05DF804FBC06C0028F9D0E3
:102C0C0001220DF1070108F0EFFB03B05DF804FBA6
:102C1C008A79A2F150031B0622D402F26C72F0B531
:102C2C004B7985B0046D01330D798E784F78DBB21A
:102C3C0009784CB1204601960095CDE9027102212C
:102C4C0009F0FCFE05B0F0BD406D0028FAD00196ED
:102C5C000095CDE90271022108F098FA05B0F0BD9B
:102C6C0000207047036D53B1187810F008000DD098
:102C7C00D8695B69C01A48BF6FF000407047436D5C
:102C8C00A3B193F8310010F0080000D17047186917
:102C9C0019685A69401A5B6862EB0303B0F1004F84
:102CAC0073F10003F2D36FF0004070471846EDE764
:102CBC00836C53B1187810F008000DD0D8695B699B
:102CCC00C01A48BF6FF000407047C36CA3B193F8B3
:102CDC00310010F0080000D17047186919685A6962
:102CEC00401A5B6862EB0303B0F1004F73F1000311
:102CFC00F2D36FF0004070471846EDE700B500695D
:102D0C0083B08DF8071060B10368104ADB689342FA
:102D1C0015D1036D43B101220DF10701184609F0DD
:102D2C0033FF03B05DF804FB406D0028F9D001229D
:102D3C000DF1070108F058FB03B05DF804FB01220C
:102D4C000DF10701984703B05DF804FBF50B00008B
:102D5C0038B504460C4B806D236018B112F0ECFFB3
:102D6C000023A365236D04F118054BB128460BF025
:102D7C00B9F8064B2846A3600BF0B4F8204638BDD2
:102D8C00636D002BF2D1F4E7541B0020001A0020D5
:102D9C0038B504460E4B806D236018B112F0CCFF91
:102DAC000023A365236D04F118056BB128460BF0C5
:102DBC0099F8084B2846A3600BF094F820465C2148
:102DCC000DF0FCFB204638BD636D002BEED1F0E717
:102DDC00541B0020001A002038B505460C460D483F
:102DEC0001210EF0A3FF00230A2229460A480CF009
:102DFC0027FB34B1204615F023FA014620460EF08D
:102E0C0095FF05480CF000FB0120BDE838400DF0A3
:102E1C0033B800BF900E00203091002070B5264BC7
:102E2C00044605690360002D32D06E68013E6E6069
:102E3C0076BB2B68214ADB6A934233D1A86D10B163
:102E4C0012F07AFFAE652B6D43B305F118000BF051
:102E5C0049F82569E5B12B68194A5B68934228D17A
:102E6C00184BA86D2B6018B112F066FF0023AB65F0
:102E7C002B6D05F11806C3B130460BF033F8124B2D
:102E8C003046AB600BF02EF85C2128460DF096FB1B
:102E9C00204614210DF092FB204670BD6B6D002B6B
:102EAC00D3D1D6E728469847D3E76B6D002BE3D1F7
:102EBC00E5E728469847EBE7041B0020BD06000019
:102ECC00D10D0000541B0020001A002030B4029CCD
:102EDC0011469C4634B1012C1CD0022C0ED0002083
:102EEC0030BC7047056DF5B14FF0FF33934274EB76
:102EFC000C04F4D3284630BC09F06ABC026D0AB34A
:102F0C00D36959184CF10003002BE8D1104630BCA2
:102F1C0009F05EBC026D62B1536959184CF10003A3
:102F2C00002BDCD1F2E7406D0028D8D030BC07F084
:102F3C006FBB406D0028D2D0D0E900238A184CEB2F
:102F4C000303F3E7406D0028C9D0D0E9042330BC5B
:102F5C008A184CEB030307F05BBB00BF70B5244B26
:102F6C00044605690360002D32D06E68013E6E6028
:102F7C0076BB2B681F4ADB6A93422FD1A86D10B128
:102F8C0012F0DAFEAE652B6D23B305F118000AF0D2
:102F9C00A9FF2569E5B12B68174A5B68934224D1D8
:102FAC00164BA86D2B6018B112F0C6FE0023AB6552
:102FBC002B6D05F11806A3B130460AF093FF104BA8
:102FCC003046AB600AF08EFF5C2128460DF0F6FA15
:102FDC00204670BD6B6D002BD7D1DAE72846984799
:102FEC00D7E76B6D002BE7D1E9E728469847EFE769
:102FFC00041B0020BD060000D10D0000541B002056
:10300C00001A002070B504460E460E49154606F00F
:10301C0089FA4C22002104F50E7014F0C1FD4FF416
:10302C007A7200232046C4F89422074AC4F88462BA
:10303C00C4F8903284F89832C4F89C32C4E9A25295
:10304C0070BD00BF40910020041B002010B5037818
:10305C0088B00446073B1A2B00F2D280DFE803F05D
:10306C00C8C6C4C2D0C0BCB8B4B2B0AEAC9F999301
:10307C00916A5B4C418179892A1F0E0000F5207200
:10308C0000F51F7106F0A6FB002800F0C780162182
:10309C00D4F8840208B0BDE8104006F029BC00F555
:1030AC001E7200F51D7106F07DFB002800F0C0803B
:1030BC001521EDE700F51C7100F51B7200F51A7077
:1030CC0004F51973CDE90121009004F5187204F58B
:1030DC001771204606F02AFB002800F09F8014216F
:1030EC00D6E700F5127200F5117106F0D3FB00283B
:1030FC0040F0A18008B010BD00F5157200F51471F8
:10310C0006F0B0FB0028F5D00E21D4F8840206F0AE
:10311C00EFFB0421BCE700F5127200F5117106F00B
:10312C0089FB0028E6D00D21D4F8840206F0E0FBE0
:10313C000321ADE700F50F7200F50E7106F062FB8E
:10314C000028D7D00C21D4F8840206F0D1FB022140
:10315C009EE700F5137106F0B7FB0028CAD01021CA
:10316C0096E700F5107106F0ADFB0028C2D00F21D8
:10317C008EE700F5167106F0A9FB0028BAD01121D4
:10318C0086E71B2184E71621012205F05BF91E213D
:10319C007EE71521012205F055F91D2178E70B2159
:1031AC00D0F8840206F0A4FB01221421204608B0BA
:1031BC00BDE8104005F046B90A2169E7092167E727
:1031CC00082165E7072163E70621D0F8880261E74B
:1031DC000521D0F888025DE70421D0F8880259E770
:1031EC00132155E7062153E7002151E701214FE751
:1031FC000021D0F8840206F07BFB01220721D5E7E1
:10320C00104905A80CF0C8FA032205A904F523708F
:10321C0004F0B8FB05A80CF0F9FA6BE719210A4881
:10322C000EF084FD094808B0BDE810400CF0ECB875
:10323C001B210748F4E70D21D4F8840206F058FB53
:10324C00052125E7E40B0020AC0B00203091002079
:10325C00C80B002070B584B0044605F0C7FF00B35E
:10326C000346114D04F523760EE00CF095FA03227B
:10327C0001A9304604F086FB01A80CF0C7FA2046E1
:10328C0005F0B4FF034660B1012B294601A8ECD12F
:10329C002046FFF7DBFE204605F0A8FF034600287A
:1032AC00F2D104B070BD00BF940E002038B5404C74
:1032BC00142140480EF03AFD20460CF0A5F83E498A
:1032CC0007203E4DFFF788FD3D490820FFF784FDA0
:1032DC003C490920FFF780FD3B490A20FFF77CFDA4
:1032EC003A490C20FFF778FD39490D20FFF774FDA2
:1032FC0038490E20FFF770FD37490F20FFF76CFDA2
:10330C0036491020FFF768FD35491120FFF764FDA1
:10331C0034491220FFF760FD33491320FFF75CFDA1
:10332C0032491420FFF758FD31491520FFF754FDA1
:10333C0030491620FFF750FD2F491720FFF74CFDA1
:10334C00142128460EF0F2FC20460CF05DF82B49B7
:10335C001820FFF741FD2A491920FFF73DFD2949A7
:10336C001A20FFF739FD28491B20FFF735FD2749A7
:10337C001C20FFF731FD26491D20FFF72DFD2549A7
:10338C001E20FFF729FD24491F20FFF725FD2349A7
:10339C002020FFF721FD22492120FFF71DFD2846A3
:1033AC0014210EF0C3FC2046BDE838400CF02CB8BC
:1033BC0030910020FC0B0020140C0020300D00205C
:1033CC00280C0020380C0020440C0020580C002045
:1033DC00680C0020780C0020880C0020980C002031
:1033EC00A80C0020B80C0020CC0C0020E00C002015
:1033FC00F40C0020080D0020180D0020480D0020B2
:10340C00640D0020800D0020980D0020C00D0020C0
:10341C00DC0D0020F40D0020100E0020480E0020C2
:10342C006C0E002010B51449044604F053FF0EF046
:10343C00F1FBC0B26D2813D0204605F0D7FE48B181
:10344C000128F9D12046FFF701FE204605F0CEFEFB
:10345C000028F5D120460949BDE8104004F03ABFD8
:10346C000EF03EFC2046FFF721FF20460349BDE845
:10347C00104004F02FBF00BF30910020409100207D
:10348C0010B504460A46022106F032FE204610BD55
:10349C0044F2220106F018BB44F25D0106F014BBA5
:1034AC0044F2740106F010BB10B5044606F01AFD88
:1034BC00431C0BD007EE900ADFED056A0120F8EEF5
:1034CC00E77A87EEA67A84ED077A10BD002010BD4E
:1034DC0000102446000000009FED0B7BB7EEC00AE5
:1034EC0010B520EE070B0446B7EEC00B06F0D2FD6C
:1034FC0000B910BD32200CF0BFFC204644F225016F
:10350C00BDE8104006F0E0BAC294922FB2AEAB3FC9
:10351C009FED0B7BB7EEC00A10B520EE070B0446EF
:10352C00B7EEC00B06F0B6FD00B910BD32200CF0A2
:10353C00A3FC204644F24901BDE8104006F0C4BA91
:10354C00C294922FB2AEAB3F08B5836803B19847D3
:10355C00044AD3889BB243F48043D380BFF34F8F8C
:10356C0008BD00BF00800B4008B5836803B19847C5
:10357C00034A137803F0F7031370BFF34F8F08BDA2
:10358C0000400B400B4B186888B103680A4A1B6853
:10359C0093420DD1836810B503B19847074AD3887D
:1035AC009BB243F48043D380BFF34F8F10BD704761
:1035BC00184700BFC0B200208915000000800B40E6
:1035CC002DE9F04F00F5467387B000F5BE62DFF8C9
:1035DC00ECE0044600F1380900F1440800F1880BD6
:1035EC0000F5B76A00F1500700F1600604930592EC
:1035FC0084460025BEE80F00ACE80F00BEE80F00C3
:10360C00ACE80F00BEE80F00ACE80F009EE803002A
:10361C0010228CE803003946484606F059F9314629
:10362C001022404606F054F904F17000C4E9145518
:10363C00C4E91655C4E91855C4E91A5502F098FEA8
:10364C004FF47A735846A567E3671A4B84F8805099
:10365C006367C4F88450FEF747FE049F4246494610
:10366C003846FFF7CFFC0121504602F0D5FE059EEF
:10367C0001213046FFF704FF53464A46414604F207
:10368C001460CDF808B00197009601F0E5FA0A4BEA
:10369C004FF4807220461B68A4F8205CC4F8285CA8
:1036AC00A4F82C2C84F82E5CC4F8243C07B0BDE89C
:1036BC00F08F00BF041B0020E0C400209803002002
:1036CC0090F8213C90F8202C9A4210B5044611D069
:1036DC0000EBC302012180F82E1C5068C20725D4D0
:1036EC0054F8333004EB60009847002294F8203CE7
:1036FC0084F82E2C04EBC3025068C2070CD5421080
:10370C0054F8333004EB6000A258D358984794F81F
:10371C00203C84F8213C10BD54F8333004EB60009D
:10372C00984794F8203C84F8213C10BD40FA01F2F3
:10373C0054F8333004EB6000A258D358D4E700BFE0
:10374C0030B41A4D00211A4C2B6C1A4A43F4001356
:10375C0091602B64636F43F440336367164C174BD3
:10376C002260174A174CC2F8B04146F2A01441F23D
:10377C0010321C804FF0E0241A8044F20A02DA80E6
:10378C001A8892B242F06C021A804FF08052198162
:10379C00C4F808219B889B0701D430BC70470A49A8
:1037AC0000F5467030BC05F0C3BE00BF00C00A4037
:1037BC0000C00F40FCC40020C0B2002000800B40B1
:1037CC00009C0020C5150000B0110020F0B591B090
:1037DC0004467F4907A80BF0DFFF04F5B76006F03D
:1037EC00CBFA00285BD10DAD04F17407794928465A
:1037FC000BF0D2FF03222946384604F0C3F82846C2
:10380C000CF004F804F5BE6006F0B6FA002840F09F
:10381C009580714928460BF0BFFF03223846294694
:10382C0004F0B0F828460BF0F1FFB4F8FE2504F5CF
:10383C004675B4F8FC352846CDE90332B4F8FA25C0
:10384C00B4F8F835CDE90132B4F8C625B4F8C4356E
:10385C000092B4F8C225B4F8C01505F087FE6420B8
:10386C000CF00AFBB4F8FE25B4F8FC352846CDE97B
:10387C000332B4F8FA25B4F8F835CDE90132B4F8CE
:10388C00C625B4F8C4350092B4F8C225B4F8C015F6
:10389C0005F06CFE07A80BF0B9FF11B0F0BD0AAE35
:1038AC000DAD4E4904F1740730460BF075FF102234
:1038BC00B4F8C01528460BF0E5FF294630460CF04D
:1038CC007BF828460BF0A2FF454930460CF078F8FF
:1038DC001022B4F8C21528460BF0D4FF2946304606
:1038EC000CF06AF828460BF091FF3D4930460CF07D
:1038FC0067F81022B4F8C61528460BF0C3FF29460A
:10390C0030460CF059F828460BF080FF0A99002934
:10391C005BD028460BF040FF03222946384604F0C2
:10392C0031F828460BF072FF30460BF06FFF04F5B0
:10393C00BE6006F021FA00283FF46BAF0AAE2949AD
:10394C0030460BF029FF1022B4F8F81528460BF07E
:10395C0099FF294630460CF02FF828460BF056FFFD
:10396C001F4930460CF02CF81022B4F8FA152846F2
:10397C000BF088FF294630460CF01EF828460BF059
:10398C0045FF174930460CF01BF81022B4F8FE1511
:10399C0028460BF077FF294630460CF00DF82846E8
:1039AC000BF034FF0A9971B128460BF0F5FE032297
:1039BC002946384603F0E6FF28460BF027FF304631
:1039CC000BF024FF31E70849EEE70749A1E700BFF8
:1039DC00AC0900208C170020D0170020B81700204D
:1039EC00CC17002004180020B08F002070B50446BE
:1039FC0084B000F5B76006F093F9E0B12C4B0022CF
:103A0C0094F8B8551A7025B994F8B9357BBB04B045
:103A1C0070BD132127480EF089F927480BF0F4FCF0
:103A2C00012104F1380005F063FF204604B0BDE825
:103A3C007040FFF7CBBE2149054601A81C4E0BF088
:103A4C00ABFE032201A904F1740003F09BFF01A853
:103A5C000BF0DCFE33780133DBB20A2B3370D6D19A
:103A6C00174904F5467005F063FD3570CFE704F592
:103A7C00BE6004F54676FFF70BFD142111480EF0DD
:103A8C0055F90D480BF0C0FC294604F1380005F03F
:103A9C002FFF0121304604F085FD64200CF0ECF979
:103AAC000121304604B0BDE8704004F07BBD00BF7E
:103ABC001EC5002068180020309100201818002026
:103ACC003C1800207C18002070B5054684B000F529
:103ADC00BE6006F025F950B11C4A002495F8F0356B
:103AEC00147003BB95F8F145204604B070BD18491D
:103AFC00044601A8154E0BF04FFE032201A905F157
:103B0C00740003F03FFF01A80BF080FE3378013303
:103B1C00DBB20A2B3370E7D10E4905F5467005F080
:103B2C0007FD3470E0E7012105F1380005F0E0FEF7
:103B3C00112109480EF0FAF808480BF065FC2846EC
:103B4C00FFF744FE204604B070BD00BF1CC500202A
:103B5C00080F0020300F0020640F0020309100204F
:103B6C00F0B500F5BE6685B00446304606F0D8F8D0
:103B7C00002831D03D4B00221A7094F8F235002BFE
:103B8C0058D194F8F035002B42D194F82D3C2BB938
:103B9C0094F8F135002B58D105B0F0BD94F8F235FE
:103BAC00002BF9D094F8F135002BF5D004F5AC636B
:103BBC00304693ED000AFFF7ABFC00284ED10121F3
:103BCC0004F1380005F094FE212129480EF0AEF8DE
:103BDC0028480BF019FC41E02749054601A8234F62
:103BEC000BF0DAFD032201A904F1740003F0CAFE04
:103BFC0001A80BF00BFE3B780133DBB20A2B3B70B8
:103C0C00BBD11E4904F5467005F092FC3D70B4E73B
:103C1C00012104F1380005F06BFE112118480EF05B
:103C2C0085F814480BF0F0FB204605B0BDE8F040D9
:103C3C00FFF7CCBD0C2113480EF078F80D480BF0B3
:103C4C00E3FB012384F82B3C9BE704F5AC63304683
:103C5C0093ED000AFFF740FC0028B0D094F82D3CFF
:103C6C0083F0010384F82D3C05B0F0BD1DC5002088
:103C7C008C11002030910020080F0020300F002004
:103C8C00640F00207C110020F0B590F8285C85B002
:103C9C0004464DB300F5B765284605F0DFFE20B1AC
:103CAC00284605F0A3FE0546D8B904F1700000259E
:103CBC0002F038FB002104F1380005F019FE3B49F5
:103CCC0001A80BF069FD01A9032204F1740003F0B3
:103CDC0059FE01A80BF09AFD344904F5467005F025
:103CEC0027FC284605B0F0BD00F1700700F5B7665B
:103CFC00384602F0F7FA4FF47A700CF0BDF8304603
:103D0C0005F028FE50B34FF4FA700CF0B5F83046BD
:103D1C0005F0A4FE28B1304605F068FE03460028E5
:103D2C0039D1384602F0FEFA002104F1380005F0D2
:103D3C00DFFD1E4901A80BF02FFD01A9032204F1A0
:103D4C00740003F01FFE01A80BF060FD04F5467033
:103D5C00164905F0EDFB284605B0F0BD384602F0DB
:103D6C00E1FA294604F1380005F0C2FD104901A81A
:103D7C000BF012FD01A9032204F1740003F002FE02
:103D8C0001A80BF043FD04F54670094905F0D0FB82
:103D9C00284605B0F0BD1D46304602F0A3FB0123BA
:103DAC00284684F8283C05B0F0BD00BF381100202F
:103DBC005C1100202DE9F04190F8295C84B01DB90C
:103DCC0090F8283C04461BB9284604B0BDE8F081A5
:103DDC0000F1700600F5BE67304602F0F9FA4FF4B8
:103DEC00FA700CF049F8384605F038FE18B1384630
:103DFC0005F0FCFDE8B9304602F002FB002104F1AD
:103E0C00380005F075FD264901A80BF0C5FC01A989
:103E1C00032204F1740003F0B5FD01A80BF0F6FCCD
:103E2C0004F546701E4905F083FB284604B0BDE836
:103E3C00F08104F5B768404605F010FE20B140460D
:103E4C0005F0D4FD8046E8B9304602F0D9FA304688
:103E5C0002F068FA002104F1380005F049FD11491F
:103E6C0001A80BF099FC01A9032204F1740003F0E2
:103E7C0089FD01A80BF0CAFC0B4904F5467005F04E
:103E8C0057FBA1E7B7EE000A3846FFF741FB38466F
:103E9C00FFF7FEFA0123454684F8293C94E700BF5E
:103EAC00CC11002038110020F411002010B504466C
:103EBC00703002F037FA002384F8283C84F82A3C4E
:103ECC0010BD00BF38B504460025703002F098FADA
:103EDC001F21064884F8295C84F82B5C0DF026FF22
:103EEC0003480BF091FA84F82A5C38BD28120020A4
:103EFC003091002038B50446084D092108480DF0D2
:103F0C0015FF0023D4F8A81028460A220BF098FAC3
:103F1C002846BDE838400BF077BA00BF309100203E
:103F2C00FC0E002000F62F41C82210B582B00446CA
:103F3C008830019104F060F90199A0B1034604F5B1
:103F4C0046701A46019004F0C9F92321019804F037
:103F5C0085FC1E2105480DF0E9FE054802B0BDE8C0
:103F6C0010400BF051BA23210248F4E7DC0E00207C
:103F7C0030910020B80E00202DE9F04F2DED068B6E
:103F8C009FEDBFAB9FEDC09B89B0DFF818A3044633
:103F9C00DFF814939FEDBE8A00F13805DFEDBD8A82
:103FAC00284605F09FFC68BB20230DF11301284621
:103FBC008DF8133005F0B6FC20B39DF813301E2B92
:103FCC0025D8DFE813F07902710267025D02530213
:103FDC00490241023C0233021F020402C001B30138
:103FEC00A6019901860173014A0124002201BA003D
:103FFC0094006E0024002400240024006A00570062
:10400C004400320009B0BDEC068BBDE8F08F514680
:10401C0005A80BF0C1FB032205A904F1740003F001
:10402C00B1FC05A80BF0F2FBBAE70122B4F80C13B3
:10403C0005A884F814238DF814200CF00BFA172122
:10404C0048460DF073FE94480BF0DEF9A8E7002308
:10405C000122B4F80C1305A884F814338DF814302D
:10406C000CF0F8F91A218D480DF060FE8A480BF01F
:10407C00CBF995E794F8203C012B91D994F81433A3
:10408C00002B8DD004F2146104F5467005F050FA43
:10409C000021284605F02CFC82E72046FFF742FF62
:1040AC007EE704F5B36704F2945805AE04F521736A
:1040BC003A680692D8F800200592082296E8030088
:1040CC0083E803003046B4F87C120CF0C3F9D8F83E
:1040DC00002004F28473212104F546701A6004F563
:1040EC00F1633A681A60012204F0ACF958E704F560
:1040FC00B26704F28C5805AE04F52F733A68069239
:10410C00D8F800200592082296E8030083E8030003
:10411C003046B4F8B4120CF09DF9D8F8002004F233
:10412C00CC73202104F546701A6004F5FA633A68E2
:10413C001A60012204F086F932E704F5AF6B04F241
:10414C00745305AE04F28451DBF8002004F59A7C1C
:10415C00029104F5B067069204F27C581A68039336
:10416C0004F5B16305920822019396E803008CE8EC
:10417C000300B4F82C1130460CF06CF93A6804F5D5
:10418C00A87C0692D8F800200592082296E8030035
:10419C008CE80300B4F8481130460CF05BF9019B35
:1041AC00029904F5B67C1A6806920A6805920822F0
:1041BC0096E803008CE803003046B4F864110CF068
:1041CC0049F9039B029904F546701A6804F5D26309
:1041DC001A6004F29463DBF800201A6004F2A46302
:1041EC00D8F800201A6004F5D5633A681A6004F513
:1041FC00D7630A681F211A60019B1A6804F2BC631A
:10420C001A60012204F01EF9CAE60C2124480DF0B4
:10421C008DFD21480BF0F8F894F8203C012B3FF66B
:10422C00BFAE2046FFF730FDB0EE680A04F5B7606C
:10423C0002F012F9002840F0968102460C2104F598
:10424C00467004F0FFF804F1700002F06BF80023E4
:10425C0084F8283C84F82A3CA2E604F5AE63B4F852
:10426C00181105A804221B68C4F8203105930CF022
:10427C00F1F801221E2104F5467004F0E3F88FE6F4
:10428C00D7A3703D0AD7EF3F0000000000FAC740EB
:10429C0000007A430000000030910020E410002060
:1042AC0088100020181100200011002004F2645323
:1042BC00B4F8F01005A804221B68C4F8F830059374
:1042CC000CF0C8F801221D2104F5467004F0BAF870
:1042DC0066E604F5AB63B4F8C81005A804221B68A5
:1042EC00C4F8D03005930CF0B5F801221C2104F56C
:1042FC00467004F0A7F853E604F26C530422B4F8A9
:10430C00041105A81B68C4F80C3105930CF0A2F835
:10431C0046E604F5AC630422B4F8DC1005A81B686F
:10432C00C4F8E43005930CF095F839E604F25453D4
:10433C000422B4F8B41005A81B68C4F8BC3005936B
:10434C000CF088F82CE61D2104F170078948002632
:10435C000DF0ECFC88480BF057F8384602F050F89A
:10436C001F21864884F8296C84F82B6C0DF0DEFC38
:10437C0081480BF049F8384684F82A6C01F0D2FFDA
:10438C00D4F8D43584F8286CB34284F82A6C80F2C3
:10439C00A3805B4204F25C51032204F5467607EEDF
:1043AC00103A04F5AC63B8EEC77B27EE0A7B87EEB8
:1043BC00096BB7EEC66B81ED006A83ED008A84F859
:1043CC00202C30460122142104F03CF8E8E50026AC
:1043DC0004F17000019001F0A5FF019884F8286C9D
:1043EC0084F82A6C02F00CF81F21644884F8296CBC
:1043FC0084F82B6C0DF09AFC5F480BF005F884F8F0
:10440C002A6CCDE594F8203C002B5FD12046FFF7B9
:10441C003BFC28B12046FFF7CDFC00287FF4C0AD53
:10442C00574904F5467005F083F8B9E594F8283C33
:10443C00002B45D004F5B76002F0EEF9B0E504F5B9
:10444C00B76002F0E5F9ABE594F8203C012B58D8A5
:10445C00062384F8203CA3E594F8203C012B56D984
:10446C00484904F5467005F063F899E594F8203C4A
:10447C00012B6AD9444904F5467005F059F88FE5CB
:10448C0094F8203C012B56D9404904F5467005F0B0
:10449C004FF885E594F8203C012B42D93C4904F5B2
:1044AC00467005F045F87BE594F8203C012B56D07E
:1044BC00012384F8203C73E5002384F8203C6FE54D
:1044CC00344904F5467005F033F869E5324904F5D2
:1044DC00467005F02DF863E52B2104F546762F4840
:1044EC000DF024FC24480AF08FFF0121304604F023
:1044FC0059F864200BF0C0FC0121304604F052F84E
:10450C005FE7274904F5467005F012F848E50523E6
:10451C0001221B2104F5467084F8203C03F092FF25
:10452C003EE502230122182104F5467084F8203C54
:10453C0003F088FF34E503230122192104F54670AA
:10454C0084F8203C03F07EFF2AE5042301221A2183
:10455C0004F5467084F8203C03F074FF20E500233A
:10456C0084F82E3C1CE501220C2104F5467003F066
:10457C0069FF68E698100020309100202812002076
:10458C0044100020DC0F0020BC0F0020980F0020EE
:10459C00780F00202410002060100020B81000209C
:1045AC000410002010B5044682B000F5467001904E
:1045BC00FEF738FF0198FEF74DFE2046FFF7DCFCB6
:1045CC002046FFF77DF804F2146001F041FE044B25
:1045DC0045F255514AF6AA2259805A8002B010BDB4
:1045EC0000800B4008B50BF067FD034B0021034A1C
:1045FC00C3E9002108BD00BFFCC40020D41B00206F
:10460C002DE9F047474D0746474C40F2EE29DFF8BD
:10461C0050812E68DFF84CA10DF006FC2378002B9E
:10462C0062D098F80030DB075ED52B68DAF80020F2
:10463C009B1A0E2B58D900224FF4E1313B480AF05B
:10464C0097FB0E213A480DF071FB072139480DF00C
:10465C006DFB012138480DF069FB0B2137480DF03B
:10466C0065FB012134480DF061FB082134480DF045
:10467C005DFB34480AF0C8FE07F1880003F08CFD9E
:10468C00002846D1304907F5467004F051FFD7F8A1
:10469C00A81007F1740003F08FFC90BB2B4907F5B1
:1046AC00467004F045FF07F21464204600F0ECFB62
:1046BC00122127480DF03AFB22480AF0A5FE2046AD
:1046CC0000F030FC0D2123480DF030FB1D480AF0A2
:1046DC009BFE3846FFF70EFC0C200BF025FA3846F3
:1046EC00BDE8F047FFF72CB82B6822789B1B2AB14A
:1046FC00B3F5FA6F9FD80DF097FB8DE74B45FAD9C0
:10470C0099E71A2114480DF011FB0E480AF07CFEB3
:10471C00C9E71E2111480DF009FB0A480AF074FE86
:10472C00B5E700BFE0C400202CC50020409100205C
:10473C00B4160020C41600205C130020CC160020F8
:10474C00D816002030910020E416002030170020ED
:10475C00681700207C1700204C1700201017002031
:10476C002BC50020F0C4002010B51A4C237801335F
:10477C00DBB20A2B237004D10021174B01222170CC
:10478C001A70237803F0FF0153B12378012BD9B2AF
:10479C000DD02378022B10D02378032B14D010BD0E
:1047AC0025200BF0E7FB2378012BD9B2F1D1252082
:1047BC000BF0E0FB2378022BEED1002125200BF02F
:1047CC00D9FB2378032BEAD101212520BDE8104029
:1047DC000BF0D0BB27C5002023990020F8B59D4DC8
:1047EC000446D0F80C68C0F8FC57002E3AD0776815
:1047FC00013F7760002F35D13368974ADB6A9342CB
:10480C0040F00381B06D10B111F096FAB765336DBD
:10481C00002B00F0F28006F1180009F063FBD4F8CD
:10482C000C68FEB133688D4A5B68934240F01C8182
:10483C008B4BB06D336018B111F07EFA0023B36569
:10484C00336D06F11807002B00F0ED80384609F0A7
:10485C0049FB844B3846B36009F044FB5C2130467D
:10486C000BF0ACFED4F8EC65C4F8DC55002E3AD055
:10487C007768013F7760002F35D13368764ADB6A61
:10488C00934240F0C580B06D10B111F055FAB76588
:10489C00336D002B00F0A48006F1180009F022FB08
:1048AC00D4F8EC65FEB133686C4A5B68934240F017
:1048BC00CD806B4BB06D336018B111F03DFA002315
:1048CC00B365336D06F11807002B00F0A78038464E
:1048DC0009F008FB634B3846B36009F003FB5C211D
:1048EC0030460BF06BFED4F8B465C4F8A455002E1A
:1048FC0038D07768013F7760002F33D13368564A40
:10490C00DB6A934240F08780B06D10B111F014FA5D
:10491C00B765336D002B68D006F1180009F0E2FA88
:10492C00D4F8B465F6B133684C4A5B68934240F0F6
:10493C008A804B4BB06D336018B111F0FDF9002338
:10494C00B365336D06F11807002B75D0384609F0A6
:10495C00C9FA444B3846B36009F0C4FA5C213046BE
:10496C000BF02CFED4F884606567002E36D0756889
:10497C00013D7560002D31D13368374ADB6A9342B3
:10498C0040D1B06D10B111F0D7F9B565336D002B76
:10499C002FD006F1180009F0A5FAD4F88450EDB127
:1049AC002B682E4A5B6893424AD12D4BA86D2B6025
:1049BC0018B111F0C1F90023AB652B6D05F1180688
:1049CC00002B35D0304609F08DFA264B3046AB60C3
:1049DC0009F088FA5C2128460BF0F0FD2046F8BD62
:1049EC00736D002B7FF458AF5AE7736D002B93D186
:1049FC0096E7736D002BCCD1CFE7736D002B7FF452
:104A0C000AAF0CE730469847C7E73046984706E7A9
:104A1C003046984744E73046984781E7736D002B42
:104A2C007FF455AF56E7736D002B7FF40FAF10E793
:104A3C006B6D002BC6D1C8E7736D002B86D188E750
:104A4C0028469847CAE7304698478BE73046984740
:104A5C0049E700BF041B0020BD060000D10D00007B
:104A6C00541B0020001A002030469847FAE600BF7D
:104A7C000121252010B50BF0B9FA002125200BF0EF
:104A8C0079FA4D4BDFED4D6A0022D3ED007A9FEDA4
:104A9C004C7AF8EE677A67EEA67A67EE877AFCEEC8
:104AAC00E77A17EE903AB3F5004F7AD301325B08F0
:104ABC00082AF8D148F2010C47F6FF734FF407624D
:104ACC004048414CB0F88C116FEA41416FEA5141BA
:104ADC0089B2A0F88C110821A0F88E11B0F88811B9
:104AEC0089B241F08001A0F888114FF40051A0F870
:104AFC0024110021A0F8262140F60802A0F822C1BA
:104B0C00A0F82A11A0F82E31A0F83211A0F8361115
:104B1C00A0F83A11A0F83E11B0F8881189B20A43F6
:104B2C002A49A0F888212A4A23801160294B2A4A55
:104B3C00C3F8E4214FF480534FF0E02C4FF4007293
:104B4C002649A0F84431A0F84631CCF80C21244871
:104B5C000AF07CFA4FF40072224921480AF090FACC
:104B6C004FF40072204921480AF070FA4FF4007299
:104B7C001F491E480AF084FA4FF400721D491E4862
:104B8C000AF064FA4FF400721C491B480AF078FAD8
:104B9C001B48FFF735FD4FF4FA70BDE810400BF0E1
:104BAC006BB912019BB242F40062C3F1000C92B2D9
:104BBC001FFA8CFC84E700BFD89000200050C3473C
:104BCC00BD37063500C03D4008C50020A9270000B0
:104BDC0020930020009C00201183000088A000205E
:104BEC004091002088A2002088A400200092002080
:104BFC0088A6002088A80020A091002088AA002068
:104C0C0000B7002010B50848084CFFF7CBFC00E0BB
:104C1C0062B601200BF030F972B62378002BF7D076
:104C2C000023237062B610BD00B70020239900202A
:104C3C0010B5064C0BF040FA2046FEF7C1FC20469E
:104C4C00034A0449BDE810400DF044BA00B70020F7
:104C5C002C9300201D2800002DE9F04788467D4943
:104C6C0000251746C0F880101E467B4A0023C0F86A
:104C7C0094100446C0F8A810DC3078494FF47A7AC6
:104C8C0020F8545C00F8525C20F8405C00F83E5C64
:104C9C0020F82C5C00F82A5C20F8185C00F8165CF4
:104CAC0040F8783C40F8743C40F8703C40F86C3C60
:104CBC0040F8683C40F8643C40F8583C40F8503CA4
:104CCC0040F8443C40F83C3C40F8303C40F8283C30
:104CDC0040F81C3C40F8602C40F84C2C40F8382C28
:104CEC0040F8242C40F8201C40F8143C40F8102CC0
:104CFC00602240F80C1C294640F8083C20F8045C63
:104D0C0000F8025C12F04CFF4FF07C53DFF870910E
:104D1C007822C4F8E83004F59E70514B4946C4F82B
:104D2C00F830504BC4F8FC304F4BC4F810314F4B9B
:104D3C00C4F814314E4BC4F8E0304E4BC4F8E43098
:104D4C00152384F8EE304C4BC4F80031102384F852
:104D5C0006314A4BC4F818311B2384F81E310BF072
:104D6C0091FB09F1780C04F5DA7EDFF81891BCE8B8
:104D7C000F00AEE80F00BCE80F00AEE80F009CE897
:104D8C0003008EE803000B2104F50370C4F8F0A1B6
:104D9C0084F8F451C4F8F851C4E97A9505F0D6F9C1
:104DAC000C2104F50F7005F0D1F90D2104F51B70E1
:104DBC0005F0CCF94FF43A72294604F22230C4F8CB
:104DCC00BC5284F8C052C4F8C252C4F8C652C4F8DB
:104DDC00CA52C4F8CE52C4F8D252C4F8D652C4F84F
:104DEC00DA52C4F8DE52C4F8E252C4F8E652C4F8FF
:104DFC00EA52C4F8EE52C4F8F252C4F8F652C4F8AF
:104E0C00FA52C4F8FE52C4F80253C4F80653C4F85C
:104E1C000A53C4F80E53C4F81253C4F81653C4F80A
:104E2C001A53C4F81E5312F0BBFE089B2046C4F85C
:104E3C000062C4F8FC31099BA4F8DC51C4F80432BC
:104E4C000A9B84F8DE51C4F80832C4E97887BDE8BF
:104E5C00F08700BF0000C8C20000C84200C079C47F
:104E6C000000A041000040410000D04100009041F2
:104E7C00333373406666264060E5D03DE3C7983D0A
:104E8C00D0030020041B0020F8B500F51B75044668
:104E9C00284605F077F9E0B104F50377384605F0BC
:104EAC0071F920B304F50F76304605F06BF960B359
:104EBC0004F16401384605F0C1F904F1680130468B
:104ECC0005F0BCF904F16C012846BDE8F84005F08A
:104EDC00B5B92721114804F503770CF027FF1048CA
:104EEC000AF092FA384605F04DF90028DAD127215C
:104EFC000A4804F50F760CF019FF09480AF084FAF9
:104F0C00304605F03FF90028D2D1272103480CF098
:104F1C000DFF03480AF078FACAE700BF1809002011
:104F2C0030910020D0F80832D3F8AC20C267D3F807
:104F3C00B020C0F88020D3F8C820C0F89020D3F857
:104F4C00CC20C0F89420D3F8E420C0F8A420D3F8E7
:104F5C00E820C0F8A820D3F85421C0F8E020D3F8FA
:104F6C005821C0F8E420D3F87021C0F8F820D3F809
:104F7C007421C0F8FC20D3F88C21C0F81021D3F890
:104F8C009021C0F81421D3F8A821C0F82821D3F817
:104F9C00AC21C0F82C21D3F8C421C0F84021D3F89F
:104FAC00C821C0F84421D3F8E021C0F85821D3F827
:104FBC00E421C0F85C21D3F8FC21C0F87021D3F8AF
:104FCC000022C0F87421D3F81822C0F88821D3F835
:104FDC001C22C0F88C21D3F83422C0F8B821D3F8A5
:104FEC003822C0F8BC21D3F85022C0F8CC21D3F819
:104FFC005432C0F8D0317047F0B5944F85B0944E10
:10500C000446944DD4F8E00104F06CFC00286BD1FC
:10501C0007230DF10301D4F8E0018DF8033004F0FF
:10502C0081FC002860D09DF80330062B00F2FF8035
:10503C00DFE813F0F300EB00DF00D80093005C0016
:10504C00070094ED672AD4ED611A94ED5B1AD4ED48
:10505C00550A94ED4F0AD4F8040204F031FB0A21EE
:10506C0030460CF063FE94ED4F0A02212846B7EE51
:10507C00C00A0AF0F9F9012177480CF057FE94EDBB
:10508C00550A02212846B7EEC00A0AF0EDF90121B3
:10509C0071480CF04BFE94ED5B0A02212846B7EEEA
:1050AC00C00A0AF0E1F901216B480CF03FFE94EDC7
:1050BC00610A02212846B7EEC00A0AF0D5F901218F
:1050CC0065480CF033FE94ED670AB7EEC00A022176
:1050DC0028460AF0C9F928460AF096F9D4F8E001F6
:1050EC0004F000FC002893D005B0F0BDD4ED491AB3
:1050FC0094ED431AD4ED3D0A94ED370AD4F804022A
:10510C0004F0B0FA0A2155480CF010FE94ED370A61
:10511C0002212846B7EEC00A0AF0A6F901214E4832
:10512C000CF004FE94ED3D0A02212846B7EEC00AAD
:10513C000AF09AF9012148480CF0F8FD94ED430A65
:10514C0002212846B7EEC00A0AF08EF90121424826
:10515C000CF0ECFD94ED490AB7E794ED322AD4ED4E
:10516C002D1A94ED281AD4ED230A94ED1E0AD4F8C6
:10517C00040204F041FA072139480CF0D7FD94EDF4
:10518C001E0A02212846B7EEC00A0AF06DF9012169
:10519C0031480CF0CBFD94ED230A02212846B7EEE2
:1051AC00C00A0AF061F901212B480CF0BFFD94ED07
:1051BC00280A02212846B7EEC00A0AF055F9012147
:1051CC0025480CF0B3FD94ED2D0A02212846B7EECC
:1051DC00C00A0AF049F901211F480CF0A7FD94ED13
:1051EC00320A72E700220123A4F8DC2184F8DE31B4
:1051FC0008E7002294F8DE31A4F8DC21002B3FF400
:10520C0001AF002384F8DE31FCE6012294F8DE3194
:10521C00A4F8DC21002BF4D1F4E640F2011294F84E
:10522C00DE31A4F8DC21002B3FF4ECAEE9E7394683
:10523C0001A80AF0B1FA032201A904F5F47002F0F6
:10524C00A1FB01A80AF0E2FADCE600BF400800204E
:10525C003408002030910020CC17002028080020B2
:10526C0020080020F2EE0C7A90ED3D7AB4EEE77A4D
:10527C00F1EE10FACCBF0120002070472DE9F0436D
:10528C00704D04462B68DB072DED028B89B040F185
:10529C00BA8000226C4D01266C4F1346DFF8CC917E
:1052AC00DFF8CC812A705A1E032A00F2C880DFE88E
:1052BC0002F05C59560294ED1D8A03EB8303002225
:1052CC0004EB8303D3ED1F7A83ED1E8AF4EEC87AC8
:1052DC0083F88820F1EE10FA4AD593F88960002EF5
:1052EC0061D02B78B7EEC87A3A4664212046002666
:1052FC008DED007B11F0DCF9B0EE480A022102A81A
:10530C000AF0ECFA02A905A80AF064FA504905A8BB
:10531C000AF088FB01464F480AF04EFB05A80AF03C
:10532C0075FA02A80AF072FA2B780133DBB2042B5F
:10533C002B70B8D90023484F2B7047F23053474D90
:10534C003A6829680B44934269D3454941480AF0AD
:10535C00E1FA304609B0BDEC028BBDE8F08394ED68
:10536C001C8AAAE794ED1B8AA7E794ED1A8AA4E796
:10537C00D3ED207AF4EEC87AF1EE10FA0EDD93F844
:10538C008A6046B32B78B7EEC87A3A466421204639
:10539C0000268DED007B11F08BF9ADE783F88920A9
:1053AC0083F88A20A8E7414605A80AF0F5F90322FC
:1053BC0005A904F5F47002F0E5FA05A80AF026FA3E
:1053CC002B78012103EB830204EB820282F8891013
:1053DC0082F88A6086E7494605A80AF0DDF90322BF
:1053EC0005A904F5F47002F0CDFA05A80AF00EFA3E
:1053FC002B78012103EB830204EB820282F8896093
:10540C0082F88A10BFE7164912480AF0C5F9012341
:10541C00144A15490F482B600CF05CFE39E70D4916
:10542C0005A80AF0D7F9022205A904F5F47002F0D8
:10543C00A9FA05A80AF0EAF93B682B6085E794ED18
:10544C00198A3AE764B100201BC50020E808002047
:10545C00CC170020BCB30020E0C40020B8B300205F
:10546C00AC0900202C9300204DD80000040900202A
:10547C00D40800202DE9F043724D89B004462B6806
:10548C00DB0740F1A780704D2B7803EB430304EB53
:10549C00C30393F8EE000AF0EFFA9FED6C7A80B23A
:1054AC002B789FED6B6A07EE900A03EB4302F8EE44
:1054BC00676A04EBC202A2F8EC00C6EE877AD2ED62
:1054CC003A6A92ED387A67EE867A87EEA60AB4EEDF
:1054DC00C70A82ED370AF1EE10FA36DD92F8EF705A
:1054EC0005AE002F00F08280B7EEC00A594A642145
:1054FC00204600278DED000B11F0DAF82B7803EB2A
:10550C00430304EBC30393ED370A022102A80AF00C
:10551C00E5F902A930460AF05DF94F4930460AF028
:10552C0081FA01464D480AF047FA30460AF06EF906
:10553C0002A80AF06BF92B780133DBB2042B32D0C2
:10554C0038462B7009B0BDE8F083D2ED397AB4EE51
:10555C00E70AF1EE10FA1ED592F8F07005AE002FA6
:10556C00C2D13F4930460AF017F90322314604F5FF
:10557C00F47002F007FA30460AF048F92B78012152
:10558C0003EB430204EBC20292ED370A82F8EF7090
:10559C0082F8F010A8E70023012705AE82F8EF305F
:1055AC0082F8F030B1E74FF00009DFF8CC8047F219
:1055BC00305385F800902B4DD8F800102A6813440E
:1055CC008B422DD3284925480AF0A4F9384609B056
:1055DC00BDE8F083244921480AF0DEF80123234A70
:1055EC0023491E482B600CF075FD4CE721493046D1
:1055FC000AF0D2F80322314604F5F47002F0C2F935
:10560C0030460AF003F92B78012103EB430204EB3B
:10561C00C20292ED370A82F8EF1082F8F07063E75D
:10562C000E4930460AF0D6F84A46314604F5F47075
:10563C0002F0A8F930460AF0E9F8D8F800302B60EF
:10564C00C0E700BF60B100201AC5002000F07F4504
:10565C0048E14A40F4070020CC170020ACB30020EE
:10566C0010080020A8B30020AC0900202C930020C7
:10567C004DD80000E4070020E0C40020000000002A
:10568C002DE9F041A64C05462368DB072DED028B76
:10569C0088B040F1E38064249FEDA28AA24E337857
:1056AC0003EB430305EBC30393F84E010AF0E4F953
:1056BC0007EE900A013CF8EEE77A38EE278AEED135
:1056CC00B7EEC88A33789FED905B03EB4300042B55
:1056DC004FEA430188EE056B05EBC000BCEEC66BD0
:1056EC0016EE102A92B207EE902AA0F84C21F8EE92
:1056FC00677A00F09C809FED8D6AD0ED526A9FED29
:10570C008C5AC6EE265A9FED8B7ADFED8B6A87EEAC
:10571C00856AA5EE867A27EE260A80ED4F0ACA180E
:10572C0005EBC202D2ED507AF4EEC07AF1EE10FA2B
:10573C0038D592F84F7105AC002F00F09B80B7EE76
:10574C00C00A7E4A6421284600278DED000B10F01C
:10575C00AFFF337803EB430305EBC30393ED4F0A21
:10576C00022102A80AF0BAF802A920460AF032F87F
:10577C00734920460AF056F9014672480AF01CF9A2
:10578C0020460AF043F802A80AF040F833780133B7
:10579C00DBB2052B34D03846337008B0BDEC028B2D
:1057AC00BDE8F081D2ED517AF4EEC07AF1EE10FA48
:1057BC001EDD92F8507105AC002FC0D16249204615
:1057CC0009F0EAFF0322214605F5F47002F0DAF83D
:1057DC0020460AF01BF83378012103EB430205EB5A
:1057EC00C20292ED4F0A82F84F7182F85011A6E76F
:1057FC000023012705AC82F84F3182F85031AFE716
:10580C000023DFF86481337047F230534F4ED8F8E1
:10581C00002031680B44934263D34D4949480AF048
:10582C0079F8384608B0BDEC028BBDE8F0819FEDED
:10583C003F7ADFED3F4A67EE877A9FED356B87EE57
:10584C00A47A9FED355BB7EEC77A36EE476B86EEE2
:10585C00050BB7EEC00B85ED670A60E73C4939488C
:10586C0009F09AFF01233B4A3B49364823600CF070
:10587C0031FC10E73949204609F08EFF03222146FE
:10588C0005F5F47002F07EF8204609F0BFFF0C21FC
:10589C0033480CF04BFA0A223B463178314809F078
:1058AC00CFFD304809F0B0FD337802212D4803EBD1
:1058BC00430305EBC30393ED4F0AB7EEC00A09F09F
:1058CC00D3FD284809F0A0FD3378012103EB4302F6
:1058DC0005EBC20292ED4F0A82F84F1182F850711B
:1058EC002DE71849204609F075FF0122214605F5E0
:1058FC00F47002F047F8204609F088FFD8F8003021
:10590C0033608AE7AFF300800000000000005940CC
:10591C00666666666666FA3FBA490C022B87A63F36
:10592C005CB100200000000019C5002048E14A408D
:10593C0000F07F4562BE3CB900C04146B80700206C
:10594C00CC1700209CB30020D407002098B3002073
:10595C00AC0900202C9300204DD8000098070020A3
:10596C00A807002030910020E0C4002030B589B099
:10597C0004467A4902A809F00FFF94F8DC514DB99E
:10598C00012594F8DD31B3BB02A809F03FFF28468E
:10599C0009B030BDD4F8000204F0ACF9002864D092
:1059AC00D4F80022002394ED706AB2F91020D4EDE3
:1059BC006E6A07EE902A84F8C431F8EEE77A87EE27
:1059CC00867AB4EEE67A84ED6D7AF1EE10FA70DD3B
:1059DC0094F8C551002D00F09780B7EEC77A604A55
:1059EC006421204600258DED007B10F061FE94F8BB
:1059FC00DD31002BC8D0D4F8FC0104F07BF958B38E
:105A0C00D4F8FC21002394ED756AB2F91020D4ED82
:105A1C00736A07EE902A84F8D831F8EEE77A87EEAD
:105A2C00867AB4EEE67A84ED727AF1EE10FA20DD25
:105A3C0094F8D951002D7CD0B7EEC77A494A64212D
:105A4C00204600258DED007B10F032FE02A809F0F7
:105A5C00DDFE284609B030BD012302A884F8D831F8
:105A6C0009F0D4FE284609B030BD012384F8C431B6
:105A7C0087E7D4ED747AB4EEE77AF1EE10FA3ED5FE
:105A8C0094F8DA51002DD7D1374905A809F084FED6
:105A9C00032205A904F5F47001F074FF05A809F0C0
:105AAC00B5FE012394ED727A84F8D95184F8DA3179
:105ABC00C2E7D4ED6F7AB4EEE77AF1EE10FA18D5AE
:105ACC0094F8C651002D88D1284905A809F064FE28
:105ADC00032205A904F5F47001F054FF05A809F0A0
:105AEC0095FE012394ED6D7A84F8C55184F8C63186
:105AFC0073E7054684F8C53184F8C63141E784F86C
:105B0C00D93184F8DA313FE7194905A809F044FE88
:105B1C00032205A904F5F47001F034FF05A809F07F
:105B2C0075FE012394ED6D7A84F8C65184F8C53165
:105B3C0053E7104905A809F02FFE032205A904F527
:105B4C00F47001F01FFF05A809F060FE012394ED2D
:105B5C00727A84F8DA5184F8D9316DE7AC090020F7
:105B6C0018070020600700207C0700203407002065
:105B7C00040700204807002090F8DC3110B50446DB
:105B8C0084B023B994F8DD31C3B904B010BDD0F89A
:105B9C00000200F08FFC0028F4D1134901A809F091
:105BAC00FBFD032201A904F5F47001F0EBFE01A842
:105BBC0009F02CFE94F8DD31002BE6D0D4F8FC0172
:105BCC00FDF772FC0028E0D1084901A809F0E4FDBA
:105BDC00032201A904F5F47001F0D4FE01A809F028
:105BEC0015FE04B010BD00BF90080020B0080020C6
:105BFC0090F8C421034610B452BBF2EE046A90ED47
:105C0C006D6ADFEDBF7A9FEDBF7AE6EE267AF4EE91
:105C1C00C77AF1EE10FA80F26F81F5EEC07AF1EEF0
:105C2C0010FA0AD9FCEEE77A17EE902A92B2B3F882
:105C3C00D612914238BFA3F8D62293F8D8120A296B
:105C4C0006D0481C03EB410183F8D802A1F8C2220C
:105C5C0093F8D82152BBF2EE046A93ED726ADFED31
:105C6C00A87A9FEDA87AE6EE267AF4EEC77AF1EEE2
:105C7C0010FA80F23281F5EEC07AF1EE10FA0AD900
:105C8C00FCEEE77A17EE902A92B2B3F8EE1291423C
:105C9C0038BFA3F8EE2293F8F0120A2906D0481C5C
:105CAC0003EB410183F8F002A1F8DA22B3F80623E2
:105CBC00B3F87C118A4293F8082338BFA3F8061373
:105CCC000A2A06D0501C03EB420283F80803A2F800
:105CDC00F212B3F81E23B3F894118A4293F82023DE
:105CEC0038BFA3F81E130A2A06D0501C03EB42023D
:105CFC0083F82003A2F80A1393F8882052BBF2EE23
:105D0C00046A93ED1E6ADFED7E7A9FED7E7AE6EEF5
:105D1C00267AF4EEC77AF1EE10FA80F2E780F5EE0F
:105D2C00C07AF1EE10FA0AD9FCEEE77A17EE902A57
:105D3C0092B2B3F89A13914238BFA3F89A2393F80E
:105D4C009C133C2906D0481C03EB410183F89C03AF
:105D5C00A1F8222393F89C2052BBF2EE046A93ED37
:105D6C00236ADFED677A9FED677AE6EE267AF4EE2A
:105D7C00C77AF1EE10FA80F2BC80F5EEC07AF1EE43
:105D8C0010FA0AD9FCEEE77A17EE902A92B2B3F821
:105D9C001614914238BFA3F8162493F818143C2912
:105DAC0006D0481C03EB410183F81804A1F89E238C
:105DBC0093F8B02052BBF2EE046A93ED286ADFED43
:105DCC00507A9FED507AE6EE267AF4EEC77AF1EE31
:105DDC0010FA80F28580F5EEC07AF1EE10FA0AD94D
:105DEC00FCEEE77A17EE902A92B2B3F89214914235
:105DFC0038BFA3F8922493F894143C2906D0481C7D
:105E0C0003EB410183F89404A1F81A2493F8C420FD
:105E1C004ABBF2EE046A93ED2D6ADFED397A9FED01
:105E2C00397AE6EE267AF4EEC77AF1EE10FA5ADAFF
:105E3C00F5EEC07AF1EE10FA0AD9FCEEE77A17EE1D
:105E4C00902A92B2B3F80E15914238BFA3F80E25E2
:105E5C0093F810153C2906D0481C03EB410183F83C
:105E6C001005A1F89624B3F88A25B3F84C118A4290
:105E7C0093F88C2538BFA3F88A153C2A06D0501C01
:105E8C0003EB420283F88C05A2F81215B3F8062630
:105E9C00B3F804118A4293F8082638BFA3F8061603
:105EAC003C2A06D0501C03EB420283F80806A2F8E9
:105EBC008E15154942F21C52D3F8BC420868224494
:105ECC00824206D20A6801205DF8044BC3F8BC225A
:105EDC00704700205DF8044B70474FF6FF72D4E614
:105EEC004FF6FF7281E74FF6FF72ABE74FF6FF728A
:105EFC001FE74FF6FF724AE74FF6FF7297E600BFB7
:105F0C000060EA4600FF7F47E0C40020000000006C
:105F1C00F0B5002185B000F5277504460DF102039C
:105F2C00ADF802101D22294690F8C00203F0A6FA23
:105F3C0094F8C0120646C1EB411304EB830393F8AB
:105F4C009C0368B3421E7C233E274FEA411CD2B20D
:105F5C0003FB01439FEDBA7A17FB012704F22232AF
:105F6C0003F5487302EB470233F8027F07EE907A91
:105F7C009342F8EEE77A37EE277AF5D107EE900ADE
:105F8C00ACEB010C0023F8EE676A04EB8C0C8CF87C
:105F9C009C33C7EE267AFCEEE77A17EE903A98B26D
:105FAC000DF102031D22294603F07EFA94F8C0324B
:105FBC0006401D22C3EB43132946F6B204EB8303C0
:105FCC00B3F89A030DF1020303F06EFA94F8C032A1
:105FDC0000220640C3EB4311052B04EB8101A1F811
:105FEC009A2301D00133DAB294F8D80284F8C02293
:105FFC0008B3431E04F2C2229FED917ADBB202EB8E
:10600C00430204F5307333F8021F07EE901A9342E3
:10601C00F8EEE77A37EE277AF5D107EE900AF8EE2C
:10602C00677AC7EE276AFCEEE67A17EE903A98B2DA
:10603C00002384F8D8320DF102031D22294603F007
:10604C0033FA06400DF102031D222946B4F8D6029C
:10605C0003F02AFA064094F8F00208B3431E04F247
:10606C00DA229FED777ADBB202EB430204F536734A
:10607C0033F8021F07EE901A9A42F8EEE77A37EEE1
:10608C00277AF5D107EE900AF8EE677AC7EE276A01
:10609C00FCEEE67A17EE903A98B2002384F8F032D0
:1060AC000DF102031D22294603F0FEF906400DF105
:1060BC0002031D222946B4F8EE0203F0F5F906405E
:1060CC0094F8080308B3431E04F2F2229FED5C7AA5
:1060DC00DBB202EB430204F53C7333F8021F07EE0C
:1060EC00901A9A42F8EEE77A37EE277AF5D107EE56
:1060FC00900AF8EE677AC7EE276AFCEEE67A17EE9E
:10610C00903A98B2002384F808330DF102031D2253
:10611C00294603F0C9F906400DF102031D22294658
:10612C00B4F8060303F0C0F9064094F8200308B352
:10613C00431E04F20A329FED427ADBB202EB4302B9
:10614C0004F5427333F8021F07EE901A9A42F8EEE8
:10615C00E77A37EE277AF5D107EE900AF8EE677AF0
:10616C00C7EE276AFCEEE67A17EE903A98B2002357
:10617C0084F820330DF102031D22294603F094F913
:10618C000DF1020306401D222946B4F81E0303F04C
:10619C008BF9002306400DF10202A4F8D6321D2122
:1061AC00A4F8EE322846A4F80633A4F81E33D4F82B
:1061BC00003293ED077A9FED206BB8EEC77B87EE2C
:1061CC00060BB7EEC00B03F0A1F9D4F8FC31064076
:1061DC000DF1020293ED070A1D21284603F096F9F2
:1061EC0020B11EB1BDF802301D2B0ED0154901A8EF
:1061FC0009F0D2FA032201A904F5F47001F0C2FBF4
:10620C0001A809F003FB05B0F0BD1A462946D4F8E5
:10621C00040202F063F82221D4F8040202F01EFBFF
:10622C00152109480BF082FD084809F0EDF805B07E
:10623C00F0BD00BFAFF300800000000000FAC740C3
:10624C0000000000740800205C0800203091002041
:10625C0038B50446FEF7D0FE2046FFF70BF9204672
:10626C00FFF70EFA94F8DE3105469BB394F8DC3157
:10627C00BBB994F8DD31A3B935B304F1640104F56D
:10628C00037003F0DBFF04F1680104F50F7003F0F9
:10629C00D5FF04F16C0104F51B70BDE8384003F028
:1062AC00CDBF2046FFF762FB034620461D40FFF79B
:1062BC0063FC2046EDB2FFF79BFC0028DCD02046A7
:1062CC00FFF726FE002DD8D11C21D4F8E40103F0F1
:1062DC000FFBD2E72046FEF7D1FF2840C5B2C5E739
:1062EC0009F0EABE08B50121162009F043FE0A2088
:1062FC0009F0C2FD01210E2009F03CFE0A2009F034
:10630C00BBFD0121052009F035FE0A2009F0B4FD82
:10631C002120012109F02EFE4FF47A70BDE80840CF
:10632C0009F0AABD10B500210E2009F023FE0021B2
:10633C00052009F01FFE2120002109F01BFE112071
:10634C0009F042FE28B100211620BDE8104009F0EA
:10635C0011BE04460121112009F00CFE2146062035
:10636C0009F008FE00211620BDE8104009F002BE1D
:10637C0010B501210446112009F038FE0121062038
:10638C0009F034FE0121112009F0F4FD0021062052
:10639C0009F0F0FD01210E2009F028FE0121052055
:1063AC0009F024FE2046FFF7BDFF0121162009F05D
:1063BC001DFE0021162009F0DDFD0121212009F030
:1063CC0015FE0021212009F0D5FD204610BD00BF8F
:1063DC0010B504460E2009F0F7FD60B10021112024
:1063EC0009F0C8FD642009F047FD01210620BDE835
:1063FC00104009F0BFBD2046FFF774FFEEE700BF69
:10640C000121112008B509F0B5FD00210620BDE8D9
:10641C00084009F0AFBD00BF38B50A46012104465B
:10642C00002503F065FE4FF47A720A4B012103201C
:10643C0084F8305063626563C4E90A5209F0D6FDF2
:10644C000320012109F096FD00232046E56123621B
:10645C0038BD00BF041B00209FED137BB7EEC00AB4
:10646C0070B520EE070B82B00646FDEEC07B17EE32
:10647C00901A17EE904A03F043FD054610B92846D2
:10648C0002B070BD3046F46103F02CFD431CF6D015
:10649C000023F0610246064906F12400009301F046
:1064AC00EDFDECE7AFF300800000000000FAC74000
:1064BC009418002010B582B0044603F013FD431C61
:1064CC0002D1002002B010BD0023E0610246044955
:1064DC0004F12400009301F0D1FD012002B010BDA5
:1064EC0094180020F0B500F1240785B00446224929
:1064FC00384601F09FFD38B3002603AA1E493846E2
:10650C003346039601F0D0FD054638B9E6692046BE
:10651C00314603F0F5FCF8B905B0F0BD039D2046FB
:10652C00294603F0EDFC0028F6D02046E56103F087
:10653C00D9FC411C0246EFD0E261334638460E4985
:10654C00009601F09BFDE7E7E669054620463146DB
:10655C0003F0D6FC0028DFD02046E66103F0C2FC35
:10656C00431C0246D8D0E2612B46384602490095BE
:10657C0001F084FDD0E700BF9418002044F23E01E6
:10658C0003F0A2BA00000000DFED557AB4EEE70A82
:10659C0070B5F1EE10FA2DED048B63DCB5EEC00A8C
:1065AC00B0EE408AF1EE10FA5CD9DFED4E7AF4EEE3
:1065BC00E70AF1EE10FA4ADCF5EEC00AF1EE10FA39
:1065CC0045D9B7EEC19A9FED3E7BB4EEC79BF1EE79
:1065DC0010FA52DCB5EEC01AF1EE10FA4DD9B7EE46
:1065EC00E00A04469FED387B20EE070BB7EEC00B9C
:1065FC0003F06CFD054620469FED350B29EE000B94
:10660C00B7EEC00B03F062FDB7EEC87A0646204623
:10661C009FED316B27EE067BFCEEC77B17EE901AD5
:10662C0003F014FDA0B32946204603F027FD0028F3
:10663C003ED03146204603F015FD88B3204644F287
:10664C002C01BDEC048BBDE8704003F03DBA0B216E
:10665C0025480BF06BFB254808F0D6FE0020BDEC5E
:10666C00048B70BD112122480BF060FB1F4808F011
:10667C00CBFE0020BDEC048B70BD09211D480BF036
:10668C0055FB1A4808F0C0FE0020BDEC048B70BD11
:10669C00182119480BF04AFB144808F0B5FEDDE749
:1066AC00152116480BF042FB104808F0ADFED5E75B
:1066BC00112113480BF03AFB0C4808F0A5FECDE76E
:1066CC0066666666666620407B14AE47E17AC43F18
:1066DC0079E9263108AC7C3F0000000000FAC74085
:1066EC000000FA450000C843C0180020309100207B
:1066FC00AC180020CC180020D81800200819002055
:10670C00F418002000000000DFED3D7AB4EEE70A3B
:10671C00F1EE10FA4BDCB5EEC00A70B5F1EE10FAE2
:10672C002DED048BB0EE408A3DD9DFED367AF4EED8
:10673C00E70AF1EE10FA36DCF5EEC00AF1EE10FACB
:10674C0031D9B7EEC19A9FED267BB4EEC79BF1EE23
:10675C0010FA28DCB5EEC01AF1EE10FA23D9B7EE18
:10676C00E00A04469FED207B20EE070BB7EEC00B32
:10677C0003F0ACFC054620469FED1D0B29EE000BEB
:10678C00B7EEC00B03F0A2FCB7EEC88A0646204653
:10679C009FED197B27EE487BFDEEC77B17EE901A19
:1067AC0003F054FC28B90020BDEC048B70BD002014
:1067BC0070472946204603F061FC0028F3D031468F
:1067CC00204603F04FFC0028EDD0204644F22C016B
:1067DC00BDEC048BBDE8704003F076B9AFF30080DC
:1067EC0066666666666620407B14AE47E17AC43FF7
:1067FC0079E9263108AC7C3F0000000000FAC74064
:10680C000000FA450000C84344F2430103F05CB9B0
:10681C0044F24F0103F058B944F2540103F054B957
:10682C0010B590F82E3C84B0012B24D0022B20D034
:10683C000446A3B1154901A808F0AEFF01A9032233
:10684C0004F1740001F09EF801A808F0DFFF0121AB
:10685C0004F1380004B0BDE8104003F049B80E2133
:10686C000B480BF063FA0B4808F0CEFD022384F8BA
:10687C002E3C04B010BD0D2107480BF057FA05480B
:10688C0004B0BDE8104008F0BFBD00BFBC13002031
:10689C009C13002030910020AC13002010B590F810
:1068AC002E3C84B00446012B14D0032B10D003B320
:1068BC001E4901A808F070FF032201A904F174001D
:1068CC0001F060F801A808F0A1FF002384F82E3C29
:1068DC0004B010BD0F2116480BF028FA154808F02B
:1068EC0093FD022104F1440004B0BDE8104002F015
:1068FC00FFBF102110480BF019FA0E4808F084FD68
:10690C002046FDF7DFFA2046FDF7D0FA032104F10B
:10691C00440002F0EDFF0122082104F5467001F05D
:10692C0091FD032384F82E3C04B010BD1C160020EE
:10693C000C16002030910020F815002000000000FB
:10694C0070B590F82E3C84B00446052B6BD8DFE86C
:10695C0003F039516A6A10035B4DFDF747F8D4F820
:10696C00241C41F288322B685B1A93427DD804B008
:10697C0070BD90F82A3C00F5B766002B6ED104F27E
:10698C00545304F5AA6594ED341A3046D3ED000A3D
:10699C0095ED000AFFF7B8FE00287BD00D214B487F
:1069AC000BF0C4F995ED000A02214948B7EEC00A74
:1069BC0008F05AFD464808F027FD052384F82E3CC4
:1069CC0004B070BD00F21460FEF74CFC00283FD000
:1069DC002046FDF759F998B394F8293C002B6BD15C
:1069EC00012104F1440002F083FF042384F82E3CBF
:1069FC0004B070BD00F5B7652846FFF7BFFD002851
:106A0C0053D12046FDF752FA022104F1440002F062
:106A1C006FFF10212F480BF089F92D4804B0BDE809
:106A2C00704008F0F1BC2C4901A808F0B5FE01A992
:106A3C00032204F1740000F0A5FF01A808F0E6FEA3
:106A4C00012104F1380004B0BDE8704002F050BFE1
:106A5C00224904F5467002F06BFDF1E73046FFF772
:106A6C00D3FE002384F82A3C89E7D4F8D4350221DC
:106A7C00174807EE903A9FED120BB8EEE77B87EEC6
:106A8C00000B08F0F1FC124808F0BEFC2B68C4F8AF
:106A9C00243C6CE704F54670114902F049FD0121D4
:106AAC0004F1380002F024FF78E7322009F0E4F911
:106ABC002846FFF7FFFCA4E72046FDF703FA8FE713
:106ACC000000000000FAC740E0C40020741600204B
:106ADC0030910020841600209816002038160020D3
:106AEC00581600200000000070B590F82E3C84B0C1
:106AFC000446092B06D8DFE803F01A330505050513
:106B0C004A587B96864901A808F046FE01A9032243
:106B1C0004F1740000F036FF01A808F077FE0121A3
:106B2C0004F1380004B0BDE8704002F0E1BE102161
:106B3C007C480BF0FBF87C4808F066FC04F214600F
:106B4C00FEF790FB002800F0AE802046FDF79CF885
:106B5C00002800F0D980062384F82E3C04B070BDC8
:106B6C0000F5B7652846FFF709FD002840F0A18025
:106B7C00022104F1440002F0BBFE0F216B480BF024
:106B8C00D5F8694804B0BDE8704008F03DBCFDF78D
:106B9C0011F9002800F08180002104F1440002F07A
:106BAC00A7FE072384F82E3CD8E700F5AC6300F26F
:106BBC005C5590ED3E1A00F5B760D3ED000A95EDEB
:106BCC00000AFFF7E1FC002861D00C2158480BF0BB
:106BDC00ADF895ED000A02215348B7EEC00A08F053
:106BEC0043FC514808F010FC082384F82E3CB5E710
:106BFC00002200F5AC6300F5BE6093ED000A84F84A
:106C0C002B2C84F82C2CFCF767FC054670B3012365
:106C1C00642084F82A3C84F82D3C09F02DF90923D2
:106C2C0084F82E3C9AE7434DFCF79AFF2046FCF77C
:106C3C00DDFE2B68D4F8241C41F288325B1A934297
:106C4C008CD9D4F8D4350221374807EE903A9FED11
:106C5C00320BB8EEE77B87EE000B08F005FC3248F0
:106C6C0008F0D2FB2B68C4F8243C77E704F5B76036
:106C7C00FFF784FC304904F5467002F059FC012101
:106C8C0004F1380002F034FE84F82A5C66E72B49E4
:106C9C0004F5467002F04CFC41E7294904F54670B6
:106CAC0002F046FC3BE7274904F5467002F040FC35
:106CBC0035E704F5BE66322009F0DEF82846FFF70A
:106CCC00F9FB3046FCF7E4FB322009F0D5F83046EE
:106CDC00FCF7DEFB304603F023F894F8F2356BB981
:106CEC00222119480BF022F80F4808F08DFB2046A2
:106CFC00FDF7E8F82046FDF7D9F839E7002104F153
:106D0C00380002F0F5FD33E7104904F5467002F047
:106D1C000FFC04E7AFF300800000000000FAC7404E
:106D2C00DC1500200415002030910020CC1500202B
:106D3C0080150020E0C40020901500206415002070
:106D4C004C15002018150020A81500203415002023
:106D5C0030B590F82E3C85B004460B2B07D8DFE8F5
:106D6C0003F076590606060606060606301B9E49F3
:106D7C0001A808F011FD01A9032204F1740000F030
:106D8C0001FE01A808F042FD012104F1380005B014
:106D9C00BDE8304002F0ACBDFCF796FE10B101230B
:106DAC0084F82C3C914D2046FCF720FED4F8241C92
:106DBC002B6841F288325B1A934200F2988005B03E
:106DCC0030BD00F26C5300F5AD6590ED481A00F53E
:106DDC00B760D3ED000A95ED000AFFF7D5FB00284C
:106DEC007FD0092182480AF0A1FF95ED000A02210B
:106DFC008048B7EEC00A08F037FB7E4808F004FB69
:106E0C0094F82C3C002B00F0B2800B2384F82E3C21
:106E1C0005B030BD00F5B7652846FFF7AFFB00287D
:106E2C004CD12046FDF742F82046FDF74BF80121E6
:106E3C0004F1380002F05CFD0023022104F144004F
:106E4C0084F82B3C05B0BDE8304002F051BD0D215B
:106E5C0069480AF06BFF674808F0D6FA04F2146030
:106E6C00FEF700FA002836D02046FCF70DFF00286C
:106E7C0077D02046FCF79EFF002800F0858094F820
:106E8C00283C002B48D094F8293C002B00F0828041
:106E9C0094F82B3C23B994F82C3C002B00F0888000
:106EAC0094F82A3C002B40F09180002104F144001E
:106EBC0002F01EFD0A2384F82E3C80E704F5BE6028
:106ECC00FCF7E6FA0028ACD0322008F0D5FF2846B3
:106EDC00FFF7F0FAB0E7494904F5467002F028FBD9
:106EEC0052E7474904F5467002F022FB4CE7D4F810
:106EFC00D43502213F4807EE903A9FED390BB8EE9E
:106F0C00E77B87EE000B08F0AFFA3A4808F07CFA02
:106F1C002B68C4F8243C52E704F5467539492846D9
:106F2C0002F006FB282137480AF000FF314808F030
:106F3C006BFA94F8293C7BB394F82B3C002B39D09A
:106F4C0094F82C3C002B7FF41FAF28462E4902F0FE
:106F5C00EFFA2B212C480AF0E9FE264808F054FAE7
:106F6C0012E72A4904F5467002F0E2FA0CE704F540
:106F7C00BE60FCF791FA00287FF447AF244904F572
:106F8C00467002F0D5FAFFE6224904F5467002F08D
:106F9C00CFFAF9E604F5467528461F4902F0C8FAFF
:106FAC002D211D480AF0C2FE124808F02DFAC3E745
:106FBC0004F546752846194902F0BAFA30211748EB
:106FCC000AF0B4FE0B4808F01FFAB9E704F5B760F5
:106FDC00FFF71AFC002384F82A3C66E7AFF3008025
:106FEC000000000000FAC74084130020E0C4002019
:106FFC005413002030910020481200205812002019
:10700C0030130020741200200413002034150020CB
:10701C00601300204C150020A0120020D01200207C
:10702C0070B590F82E3C84B004460D2B08D8DFE8E0
:10703C0003F06A5207070707070707070707291C0A
:10704C005B4901A808F0A8FB01A9032204F1740014
:10705C0000F098FC01A808F0D9FB012104F13800DC
:10706C0004B0BDE8704002F043BC524DFCF7BEFCCE
:10707C00D4F8241C41F288322B685B1A934279D8DD
:10708C0004B070BD90F82A3C00F5B766002B6AD1AD
:10709C0004F5AC6304F25C5594ED3E1A3046D3ED26
:1070AC00000A95ED000AFFF76FFA002850D0142162
:1070BC0041480AF03BFE95ED000A02213F48B7EE2D
:1070CC00C00A08F0D1F93D4808F09EF90D2384F868
:1070DC002E3C04B070BD00F5B7652846FFF74EFA9C
:1070EC0078BB2046FCF7E2FE022104F1440002F0DA
:1070FC00FFFB172132480AF019FE304804B0BDE8F6
:10710C00704008F081B900F21460FEF7ABF890B152
:10711C002046FCF7B9FD00289FD094F8293C002BA1
:10712C003DD1012104F1440002F0E2FB0C2384F870
:10713C002E3C04B070BD234904F5467002F0F8F9FA
:10714C008BE7322008F098FE2846FFF7B3F9C8E722
:10715C0004F546701C4902F0EBF9012104F13800EA
:10716C0002F0C6FBA3E73046FFF74EFB002384F882
:10717C002A3C8DE7D4F8D4350221104807EE903A1A
:10718C009FED090BB8EEE77B87EE000B08F06CF96E
:10719C000A4808F039F92B68C4F8243C70E72046FB
:1071AC00FCF790FEBDE700BF0000000000FAC740EE
:1071BC00E0140020E0C40020B01400203091002026
:1071CC00C81400206C1400209014002010B590F806
:1071DC002E3C84B004460F2B09D8DFE803F0513C59
:1071EC00080808080808080808080808271D404966
:1071FC0001A808F0D1FA01A9032204F1740000F0EF
:10720C00C1FB01A808F002FB012104F1380004B015
:10721C00BDE8104002F06CBBFCF756FC354B364A0F
:10722C001B6812689A424CD304B010BD00F5BE60C6
:10723C00FCF736F900284CD02E48002147F2305389
:10724C002D4A006884F82C1C0F21034484F82E1C52
:10725C00136004B010BD01230F21284884F82B3C87
:10726C000AF064FD264808F0CFF804F5B760FFF784
:10727C0085F904F5BE6004B0BDE81040FCF708B910
:10728C00102120480AF052FD1D4808F0BDF804F208
:10729C001460FDF7E7FF70B12046FCF7F5FC90B1E8
:1072AC002046FCF787FD70B194F82A3CBBB90E233D
:1072BC0084F82E3CB8E7144904F5467002F038F90E
:1072CC00A2E70021A1E7114904F5467002F030F95C
:1072DC009AE70F4904F5467002F02AF994E704F591
:1072EC00B760FFF791FA002384F82A3CDFE700BF70
:1072FC0050140020E0C40020C8B30020401400202B
:10730C0030910020D4130020E81300200414002036
:10731C003014002008F0D0BE38B5054CA4F150054F
:10732C00103C201D08F072FAAC42F9D138BD00BFF8
:10733C0064B300202DE9F04F99B0904605460A46FB
:10734C001F46AB4944F2022304A89DF88890BDF86F
:10735C008CA006F0E1FE169B002B00F011815C2046
:10736C00002609F029F9059B04464660C36008A96C
:10737C00069B1830DFF89CB240F8083C9DF81C3096
:10738C0000F8043C9B4B40F8183C9B4B40F8103CDD
:10739C0006F066FD6368A66508A80133CDF810B049
:1073AC006360964BA36006F09DFD2E69002E00F0E5
:1073BC00C0807368013B73600393002B37D1326834
:1073CC008F49D26A8A4240F03881B06D18B10EF004
:1073DC00B3FC039BB365336D002B00F0F28006F118
:1073EC00180006F07FFD2E690EB33368854A5B6882
:1073FC00934240F034817F4BB06D336018B10EF086
:10740C009BFC0023B365336D002B00F01C8106F14F
:10741C0018031846039306F065FD039B1846C6F83F
:10742C0008B006F05FFD30465C2109F0C7F82C610E
:10743C00002C00F088802368734A1B6B93427ED12A
:10744C00236D002B00F0B580B9F1000F7FD02C69B3
:10745C0023686E49DB688B4240F0C480206D0028A5
:10746C0000F09F8041463A4605F08EFB2E6984B2AF
:10747C00002E57D03368DFF88881DB6A434540F033
:10748C00CB80B06D18B10EF057FC0023B365336D93
:10749C00002B00F0A28006F1180006F023FDD5F8B1
:1074AC001090D9F80460013EC9F80460002E37D161
:1074BC00D9F80030DB6A434540F0C280D9F8580057
:1074CC0018B10EF039FCC9F85860D9F85030002BBF
:1074DC0000F0AD8009F1180006F004FD2E69FEB134
:1074EC003368484A5B68934240F0C880414BB06DAA
:1074FC00336018B10EF020FC0023B365336D06F138
:10750C001808002B00F0A680404606F0EBFC404625
:10751C00C6F808B006F0E6FC5C21304609F04EF8DF
:10752C0000232B61381BB0FA80F0400919B0BDE87C
:10753C00F08F2368344A1B6B2C61934280D0204619
:10754C009847002842D1002019B0BDE8F08F2C6973
:10755C00002CE7D023682E48196A002381425ED1A3
:10756C00236D002B7ED05146184605F031F92C695D
:10757C00002C7FF46DAF381BB0FA80F04009D5E7D2
:10758C00179C002C7FF4EBAEDFF888B008A8CDF880
:10759C0010B006F0A7FC2E69002E7FF40AAF30461F
:1075AC00D2E7606D00283FD041463A4603F01CFFFD
:1075BC005CE7636D002BC6D0B9F1000F7FF447AFC9
:1075CC00C5E7736D002B7FF40AAF0CE7B9F1000F20
:1075DC00BDD02C69002CCED03AE7736D002B7FF414
:1075EC005AAF5CE7414620463A4698473EE700BF13
:1075FC008CAC0020541B0020B01B0020301B002042
:10760C00BD060000D10D0000A9060000F50B00001E
:10761C000D0F0000001A0020304698473FE7204627
:10762C00524600938847D4E72E69044622E7D9F8DE
:10763C005430002B7FF44EAF50E730469047D2E6E3
:10764C00484698474AE7736D002B7FF4E0AE06F18D
:10765C001803E3E6736D002B7FF456AF57E7304603
:10766C009847E4E6606D00283FF4F2AE524602F013
:10767C00CFFF2C69002C3FF47EAFE9E630469847EB
:10768C004EE700BF2DE9F04F99B0174605460A4664
:10769C009846A349002304A8BDF8889006F03CFD49
:1076AC00169B002B00F0F9805C20002608F084FF6C
:1076BC00059B04464660C36008A9069B1830DFF89A
:1076CC0084A240F8083C9DF81C3000F8043C954B13
:1076DC0040F8183C944B40F8103C06F0C1FBA665F2
:1076EC00666808A8914B0136CDF810A0A3606660BF
:1076FC0006F0F8FB2E69002E00F0CD807368013B7C
:10770C0073600393002B35D132688949D26A8A425F
:10771C0040F0F980B06D18B10EF00EFB039BB36511
:10772C00336D002B00F0D18006F1180006F0DAFB67
:10773C002E69FEB133687F4A5B68934240F010813A
:10774C00784BB06D336018B10EF0F6FA0023B365C8
:10775C00336D06F1180B002B00F0FD80584606F037
:10776C00C1FB5846C6F808A006F0BCFB30465C21AD
:10777C0008F024FF2C61002C00F0888023686E4AEE
:10778C001B6B93427ED1236D002B00F096802869F1
:10779C0000287BD002680023684C116AA14240F09B
:1077AC009980036D002B00F0A2804946184605F025
:1077BC000FF82869002869D00368614A9B689342D6
:1077CC0040F0A880036D002B00F0888042463946BB
:1077DC00184604F0B5FD86B22C69002C57D02368EE
:1077EC00DFF84C81DB6A434540F0B280A06D18B1E4
:1077FC000EF0A2FA0023A365236D002B7ED004F1BA
:10780C00180006F06FFB2F697C68013C7C60002C33
:10781C0032D13B68DB6A434540F0AA80B86D10B1A9
:10782C000EF08AFABC653B6D002B00F09C8007F1D2
:10783C00180006F057FB2C69F4B123683D4A5B68CD
:10784C00934240F09880374BA06D236018B10EF036
:10785C0073FA0023A365236D04F11807002B73D072
:10786C00384606F03FFB3846C4F808A006F03AFB51
:10787C005C21204608F0A2FE002330462B6119B093
:10788C00BDE8F08F20469847002880D1002630466E
:10789C0019B0BDE8F08F2C6170E7179C002C7FF4B9
:1078AC0003AFDFF8A0A008A8CDF810A006F01AFBD3
:1078BC002E69002E7FF422AFE9E7636D002BE5D033
:1078CC00286900287FF466AFE0E7736D002B7FF426
:1078DC002BAF2DE74A46009388476AE7406D002896
:1078EC004CD04246394602F0ADFD86B274E7416D8C
:1078FC0061B14A46084602F08BFE5AE7636D002BD5
:10790C007FF47DAF7FE73046904711E793680C4AD0
:10791C009342E3D04246394698472C6986B25CE7DD
:10792C008CAC0020541B0020B01B0020301B00200E
:10793C00BD060000D10D0000A90600000D0F0000CF
:10794C007D0B0000001A0020636D002B88D18AE7A4
:10795C002046984757E7736D002B7FF4FFAE00E786
:10796C003046984706E77B6D002B7FF460AF62E7EB
:10797C00384698475FE7204698477DE74FF6FF76F5
:10798C002AE700BF042A2DE9F04F9BB004D900244C
:10799C0020461BB0BDE8F08F05460E4606A85D4993
:1079AC001701144607F016FF5B4906A8DFF894810F
:1079BC0008F038F8014603A807F00CFF06A807F0FA
:1079CC0025FF391D03A8414407F0F6FF08EB070318
:1079DC0003A8598808F012F8504903A807F0F0FFE3
:1079EC00032C00F062814E4B1C78002C00F08A8036
:1079FC00039A002A00F0798144F20223494906A82F
:107A0C0006F08AFB189B002B00F05D815C204FF088
:107A1C00000908F0D1FD079B0446C0F80490C36030
:107A2C000AA9089B183040F8083C9DF8243000F84F
:107A3C00043C3D4B40F8183C3C4B40F8103C06F0E5
:107A4C000FFA6368C4F858900AA80133DFF8F8906D
:107A5C006360374BCDF81890A36006F043FA2B699E
:107A6C00002B73D05A68013A5A600092002A3FD119
:107A7C0019683048C96A814240F06981986D28B113
:107A8C0001930EF059F9DDE900239A651A6D002A6D
:107A9C0000F0398103F1180006F024FAD5F810A093
:107AAC00BAF1000F24D0DAF80030234A5B68934215
:107ABC0040F032811C4BDAF85800CAF8003020B183
:107ACC000EF03AF90023CAF85830DAF850300AF1BF
:107ADC00180B002B00F04181584606F003FA58466B
:107AEC00CAF8089006F0FEF950465C2108F066FDD5
:107AFC002C6164BB162111480AF018F910480024B7
:107B0C0007F082FC03A807F081FE20461BB0BDE8FD
:107B1C00F08F00BF64B300208C0A0020480B0020BB
:107B2C0016C500208CAC0020541B0020B01B00207C
:107B3C00301B0020BD060000D10D0000500B0020B2
:107B4C003091002014B30020001A00202C6123680F
:107B5C00874A1B6B934240F0E580236D002B00F0AD
:107B6C00CB808449304607F02BFF834BDFED837AC3
:107B7C00022193ED000A06A8B8EE400A80EE270A0F
:107B8C0007F0ACFE2C2106A807F028FF314606A80A
:107B9C0007F012FF089A069994B2002900F0C880E9
:107BAC002E69002E00F09F80336892B27448D3F88F
:107BBC000CA0824540F0C880306D002800F0978002
:107BCC0004F0E2FF2E691FFA80FA002E50D03368C1
:107BDC00DB6ADFF8C0B15B4540F0B380B06D18B123
:107BEC000EF0AAF80023B365336D002B00F0A280D1
:107BFC0006F1180006F076F92B695E68013E5E60AE
:107C0C00002E33D11A68D26A5A4540F0A380986D81
:107C1C0020B100930EF090F8009B9E651A6D002A1F
:107C2C0076D003F1180006F05DF92E69F6B13368D1
:107C3C00544A5B68934272D1534BB06D336018B1A8
:107C4C000EF07AF80023B365336D06F1180B002B98
:107C5C0000F08980584606F045F95846C6F8089059
:107C6C0006F040F930465C2108F0A8FC00232B619B
:107C7C0018F8073008EB070201335178DBB2994250
:107C8C0008F8073005D1538801335380002308F8D6
:107C9C000730A4EB0A0406A807F0B8FD03A8B4FA51
:107CAC0084F4640907F0B2FD2FE73468002C46D049
:107CBC00204610F0C5FA014620460AF037F8334842
:107CCC0007F0A2FB8FE6199C002C7FF49FAEDFF827
:107CDC00C8900AA8CDF8189006F004F92B69002B6F
:107CEC007FF4C0AE06E7B246C2E7294A84E6706D5F
:107CFC0038B103F079FB65E7636D002B7FF431AF8E
:107D0C00F8E6824664E75A6D002A7FF4C3AEC5E6F6
:107D1C005A6D002A85D188E750469847E8E63046E8
:107D2C009847A3E72046984700283FF4E3AE18E7AE
:107D3C00174935E7736D002B7FF45AAF5CE7144C91
:107D4C00B6E73046984757E73046D0473AE71846EB
:107D5C008847A3E61846904767E7DAF85430002BBB
:107D6C007FF4BAAEBBE6736D002B7FF473AF74E790
:107D7C00A9060000BC090020E0C4002000007A44E1
:107D8C00F50B0000D10D0000541B00203091002099
:107D9C00B08F0020BD060000001A002070B57A4D8F
:107DAC008EB0D5F88424002A73D06C46002311467B
:107DBC00764A2046009304F06FFA002875D0D5F867
:107DCC008424002A41D0002311462046704A009397
:107DDC0004F062FA002843D06E4E6F49304607F02B
:107DEC0099FD6E4B0A222046196807F061FD214669
:107DFC00304607F0E1FD204607F008FD3068684A80
:107E0C00D5F88434002818BF0246002B67D01946D9
:107E1C0000232046009304F03FFA002868D1306814
:107E2C00002800F0AC80D5F8841400296DD0002512
:107E3C000246012301F589612046009504F034F9CE
:107E4C00002870D001200EB070BDD5F88814B1B1E7
:107E5C0013460C9220464E4A02F098FE0028BBD1E5
:107E6C00D5F88424002A7BD0002002F589610123F7
:107E7C00474A0090204604F017F90028ACD1212184
:107E8C00484809F053FF484807F0BEFA00200EB0EE
:107E9C0070BDD5F88814C1B16C4613460C922046BF
:107EAC003A4A02F073FE002889D1D5F88424002ABE
:107EBC0047D0002002F589610123344A0090204606
:107ECC0004F0F2F800287FF47AAF2621374809F045
:107EDC002DFF354807F098FA00200EB070BDD5F88C
:107EEC00881489B120460C9302F050FE002896D0DD
:107EFC0025212F4809F01AFF26492B4807F05EFA76
:107F0C00294807F081FA9DE768B1D5F8881451B17A
:107F1C0000250246012301F5896120460C9503F0EA
:107F2C00C9F800288ED12421224809F0FFFE1949F6
:107F3C001D4807F043FA1C4807F066FA00200EB003
:107F4C0070BDD5F888140029BFD00C92012301F51F
:107F5C0089610E4A204603F0ADF80028B5D02EE713
:107F6C00D5F8881400298AD00C92012301F5896177
:107F7C00074A204603F09EF8002880D02CE7D5F85D
:107F8C008414074851E700BF88AC0020840A002005
:107F9C00B80A002064B30020E80A002010B30020C7
:107FAC00B08F0020C40A002030910020900A0020DD
:107FBC00200B0020F80A002070B5184E0546184A10
:107FCC00337811603BB12846FFF7E8FE044680B1D8
:107FDC003478204670BDFE21124806F02FFD044671
:107FEC0088B1012328463370FFF7D8FE04460028D9
:107FFC00EED122210C4809F099FE0C4807F004FA46
:10800C002046347070BD1C21094809F08FFE0748CA
:10801C0007F0FAF92046347070BD00BF16C5002079
:10802C0010B3002088AC0020880B00203091002079
:10803C00680B00200F4B187800B970470E4B10B529
:10804C00D3F884448EB044B100230A4668462146D6
:10805C00009304F021F90EB010BDD3F88804002869
:10806C00F9D00A462346014668460C9402F08EFD70
:10807C00F1E700BF16C5002088AC002030B512BA5D
:10808C0085B01C46074B03921A78BDF8205032B1CC
:10809C0003AA0423CDE90045FFF74CF9024610462C
:1080AC0005B030BD16C5002030B5002485B0039452
:1080BC000A4C24781CB90024204605B030BD00932E
:1080CC001546042303AAFFF7DDFA0428F3D1039B1A
:1080DC0020461BBA2B6005B030BD00BF16C5002072
:1080EC0038B51A4C4FF4C8451949204607F054FBD3
:1080FC002046184C184A194909F0ECFF204618493B
:10810C0040F8045B07F048FB164904F114002561A4
:10811C0007F042FB144904F12400256207F03CFBF4
:10812C004FF4A053114904F13400236307F034FBDE
:10813C000F4904F14400256407F02EFB064A0D4953
:10814C000020BDE8384009F0C5BF00BF64B3002073
:10815C00AC09002014B300202C9300204DD8000053
:10816C007004002078040020800400208804002083
:10817C00900400205953000010B4064C8181911CCE
:10818C0004600024C2810182C0E901445DF8044B03
:10819C00704700BF241A0020036870B505461B68A1
:1081AC009847EE89304607F0ABFF0446701CE4B2EA
:1081BC0007F0A6FFAB8960F30F24A4B2A3426C684E
:1081CC000FD00222314605F10C0008F043F934B10E
:1081DC00236820465B689847A468002CF8D10020DF
:1081EC0070BD34B1236820461B689847A468002CE6
:1081FC00F8D1012070BD00BFF8B5038A0F46C489C1
:10820C00191B8A4210DBA3420ED9064600252046D4
:10821C00013407F075FF7855A4B2338A6A1CA34267
:10822C0095B2F4D82846F8BD00252846F8BD00BF05
:10823C0003468A79008A41F2BC0C024462450DDC8B
:10824C0010B4DC8920445C6888801A8244B19A6836
:10825C0001205DF8044B91609960704700207047D5
:10826C0001205DF8044BC3E90111704707F024BFEE
:10827C0009F0F2BC09F034BD09F0CCBC084609F099
:10828C003FBD00BF70B584220E46002104460FF09E
:10829C0087FC842200250021A0180FF081FC2946C0
:1082AC00862204F59070C4E94255C4E94455C4E9EA
:1082BC0046550FF075FC8622294604F5D3700FF055
:1082CC006FFC2046C4F82C5284F83052C4F8346247
:1082DC0070BD00BFC0F83412704700BFC0F81C114D
:1082EC00A0F81821A0F81631704700BF2DE9F04115
:1082FC001C4E04460D4690461B4F33689D4209D9CF
:10830C00D4F8340203681B69BB4221D109F0A4FCE8
:10831C000028F2D0D4F83402144A03685B69934203
:10832C001DD109F0DDFC431C16D094F82F32C0B2DD
:10833C0094F830220344A8EB0000DBB2B0FA80F0D2
:10834C001A44400984F82F3284F83022BDE8F081B9
:10835C0098470028D1D0DDE70020BDE8F081984790
:10836C00E1E700BFE0C40020B1620000B56200008C
:10837C002DE9F04182B00B460421002401AE144AD1
:10838C0005460DEB010001940EF092F9DFF84480E4
:10839C003718D5F8342216F8014B136820461B68A1
:1083AC00434511D109F0ACFC95F82F22B74295F852
:1083BC0030321444E4B2234485F82F4285F830322D
:1083CC00E7D102B0BDE8F081104621469847EBE7B3
:1083DC0040090020BD6200002DE9F04182B000246C
:1083EC000B46164A6E460546062168460094ADF8C3
:1083FC0004400EF05DF9DFF848803718D5F83422C8
:10840C0016F8014B136820461B68434511D109F03F
:10841C0077FC95F82F22B74295F830321444E4B229
:10842C00234485F82F4285F83032E7D102B0BDE8FD
:10843C00F081104621469847EBE700BF4009002029
:10844C00BD6200002DE9F04100230446D0F834024F
:10845C000F4684F82F32164684F830320368504D9C
:10846C001B68AB4240F085803F2009F049FC94F832
:10847C002F32204694F8302239463F33DBB284F851
:10848C002F32134484F83032FFF772FFD4F83402E1
:10849C0003681B68AB426FD12C2009F031FC94F8B7
:1084AC002F3294F830222C33D4F83402DBB21A4435
:1084BC0084F82F3284F8302203681B687EB1AB42FB
:1084CC0067D1312009F01CFC94F82F2294F830323B
:1084DC003132D2B2134484F82F22DBB20EE0AB421D
:1084EC005AD1302009F00CFC94F82F2294F8303239
:1084FC003032D2B2134484F82F22DBB2D4F83402D7
:10850C0084F8303203681B68AB423FD13B2009F042
:10851C00F7FB94F82F12204694F830323B31C9B255
:10852C000B4484F82F12DBB243EA012184F8303279
:10853C00FFF752FFD4F8340203681B68AB4222D118
:10854C003B2009F0DDFB94F82F3294F830223B33BA
:10855C00D4F83402DBB21A4484F82F3284F8302277
:10856C0003681B68AB420AD10A20BDE8F04109F050
:10857C00C7BB3F2198477AE72C2198478FE70A2100
:10858C00BDE8F04118473B219847DCE73B21984771
:10859C00BFE73121984797E730219847A4E700BF00
:1085AC00BD6200002DE9F04100230446D0F83402EE
:1085BC000D4684F82F3284F830320368444F1B6820
:1085CC00BB4278D1232009F09BFB94F82F3229462B
:1085DC0094F8302220462333DBB21A4484F82F322D
:1085EC0084F83022FFF7C4FE94F886301BB304F1F4
:1085FC00870812E009F084FB94F82F12863E94F859
:10860C0030320D4494F88620361BEDB2B2422B4426
:10861C0084F82F5284F830320DDDD4F834224646DB
:10862C0018F8015F136828461B68BB42E2D0294644
:10863C0010469847E0E7D4F8340203681B68BB4245
:10864C0042D13B2009F05CFB94F82F12204694F8A1
:10865C0030323B31C9B20B4484F82F12DBB243EAFF
:10866C00012184F83032FFF7B7FED4F834020368E6
:10867C001B68BB4225D13B2009F042FB94F82F32FA
:10868C0094F830223B33D4F83402DBB21A4484F829
:10869C002F3284F8302203681B68BB420ED10A20AB
:1086AC0009F02EFB0023A4F8843084F8863084F87B
:1086BC008830BDE8F0812321984786E70A21984746
:1086CC00F0E73B219847D9E73B219847BCE700BF2F
:1086DC00BD620000F8B500230446D0F834020D4604
:1086EC0084F82F3284F8303203685B4F1B68BB422E
:1086FC0040F09E80212009F003FB94F82F32204695
:10870C0094F8302229462133DBB21A4484F82F32F4
:10871C0084F83022FFF72CFED4F8340203681B686F
:10872C00BB4240F095802C2009F0EAFA94F82F32E5
:10873C00204694F830222C33B4F81611DBB21A44CC
:10874C0084F82F3284F83022FFF746FED4F8340236
:10875C0003681B68BB4278D13B2009F0D1FA94F82E
:10876C002F3294F830223B33B4F81611DBB21A4492
:10877C0084F82F3284F8302209B3002611E009F076
:10878C00BFFA94F82F12013694F830320D44B4F835
:10879C001621EDB296422B4484F82F5284F83032D5
:1087AC000DDAD4F83422D4F81C1113688D5D1B68D3
:1087BC002846BB42E3D0294610469847E1E7D4F857
:1087CC00340203681B68BB423CD13B2009F098FA89
:1087DC0094F82F12204694F830323B31C9B20B4436
:1087EC0084F82F12DBB243EA012184F83032FFF710
:1087FC00F3FDD4F8340203681B68BB421FD13B2045
:10880C0009F07EFA94F82F3294F830223B33D4F8E6
:10881C003402DBB21A4484F82F3284F83022036815
:10882C001B68BB4207D10A2009F06AFA0120F8BD87
:10883C002121984761E70A2198470120F8BD3B2187
:10884C009847DFE73B219847C2E73B21984786E7EB
:10885C002C2198476AE700BFBD620000D0F81C319C
:10886C000BB1FFF737BF1846704700BF2DE9F04139
:10887C00044610788846002800F0D58004F5D5759C
:10888C00012302E0802B00F0CC8005F8010F9EB292
:10889C0012F8010F01330028F4D10023D4F834026C
:1088AC00624F84F82F3284F830320368A4F8A86140
:1088BC001B68BB4240F0A280222009F021FA94F8F8
:1088CC002F32204694F8302241462233DBB21A4430
:1088DC0084F82F3284F83022FFF74AFDD4F83402A2
:1088EC0003681B68BB4240F099802C2009F008FA01
:1088FC0094F82F32204694F830222C3394F8A81197
:10890C00DBB21A4484F82F3284F83022FFF730FDA2
:10891C00D4F8340203681B68BB427CD13B2009F0BD
:10892C00EFF994F82F3294F830223B33B4F8A811B5
:10893C00DBB21A4484F82F3284F8302229B304F5C0
:10894C00D57814E009F0DCF994F82F126FF4D47296
:10895C0094F8303216440D44B4F8A821EDB2361B0D
:10896C002B44B24284F82F5284F830320DDDD4F807
:10897C003422464618F8015F136828461B68BB4230
:10898C00E0D0294610469847DEE7D4F83402036855
:10899C001B68BB423CD13B2009F0B2F994F82F1272
:1089AC00204694F830323B31C9B20B4484F82F1274
:1089BC00DBB243EA012184F83032FFF70DFDD4F825
:1089CC00340203681B68BB421FD13B2009F098F9A5
:1089DC0094F82F3294F830223B33D4F83402DBB2C3
:1089EC001A4484F82F3284F8302203681B68BB4287
:1089FC0007D10A20BDE8F04109F082B9222198473D
:108A0C005DE70A21BDE8F04118473B219847DFE7B5
:108A1C003B219847C2E73B21984782E72C21984796
:108A2C0066E77F2639E7064637E700BFBD620000E0
:108A3C002DE9F041002384B0DFF8BC8004462B4EB6
:108A4C000D462B4FADF80C30CDE9013333689D4208
:108A5C0021D9019B042B1ED8D4F8340203689B69DE
:108A6C00BB4226D109F0D6F8431CEFD0C3B23B2B46
:108A7C0011D0D4F8340203685B6943451BD109F06B
:108A8C002FF9019B5A1C10336B44019203F8080C0C
:108A9C0033689D42DDD8D4F8340203685B694345E2
:108AAC0021D109F01DF93B2807D0002004B0BDE806
:108ABC00F0819847D8E79847E3E701AA0D4902A847
:108ACC000EF06AFE0128F0D1019BB3F5803FECD289
:108ADC00B4F82F0240BA80B2C01AB0FA80F0400944
:108AEC0004B0BDE8F0819847DDE700BFE0C400208A
:108AFC00B962000040090020B56200002DE9F04188
:108B0C00002382B0524D8046524E0C46524FCDE956
:108B1C0000332B689C4233D9019B022B30D8D8F8F8
:108B2C00340203689B69B3423BD109F073F8431CD0
:108B3C00EFD0C3B22C2B23D03B2B21D0D8F834024E
:108B4C0003685B69BB422ED109F0CAF8421CE0D025
:108B5C00019AC0B298F82F3202F1010C083203448A
:108B6C0098F830126A44CDF804C0DBB202F8080C55
:108B7C0088F82F325A182B6888F830229C42CBD8B0
:108B8C00D8F8340203689B69B3424FD109F042F81C
:108B9C00C0B22C2809D03B2807D0002002B0BDE879
:108BAC00F0819847C3E79847D0E701AA2B4968465C
:108BBC000EF0F2FD0128F0D1019BFF2BEDD8264ED3
:108BCC0088F800302B689C42E7D9D8F83402036847
:108BDC005B69B34228D109F083F8C2B20130F1D0FD
:108BEC0098F82F323B2A98F830121344DBB2194410
:108BFC0088F82F3288F830121AD02C2A04D198F821
:108C0C000130013388F8013098F80230591C434484
:108C1C0088F802101A712B689C42BED9D8F834021D
:108C2C0003685B69B342D6D09847D6E79847AFE75D
:108C3C0098F8023000222146404643441A7188F8C5
:108C4C000220FFF7F5FE0346012088F80330A5E764
:108C5C00E0C40020B9620000B562000040090020A9
:108C6C0000232DE9F043474F83B004461D460E46C2
:108C7C00DFF81881DFF81891CDE900333B689E428C
:108C8C002FD9019B022B2CD8D4F8340203689B6992
:108C9C00434532D108F0BEFF421CEFD0C5B22C2D9B
:108CAC001FD0D4F8340203685B694B4527D109F017
:108CBC0017F8411CE2D0C5B2019A94F82F32501C1F
:108CCC0008322B4494F830126A440190DBB202F85B
:108CDC00085C84F82F325A183B6884F830229E4284
:108CEC00CFD82C2231462046FFF700FB804640B9F6
:108CFC000025284603B0BDE8F0839847CCE7984799
:108D0C00D7E701AA204968460EF046FD0128EFD1AD
:108D1C00019BFF2BECD8DFF8789084F82C323B6861
:108D2C009E4215D9D4F8340203685B694B4524D1B3
:108D3C0008F0D6FF431CF2D094F82F32C5B294F849
:108D4C0030222B44DBB21A4484F82F3284F83022C0
:108D5C00302D14D0312DCBD13B223146204684F816
:108D6C002D82FFF7C3FA05460028C1D031462046B4
:108D7C00FFF75EFE84F82E02BBE79847DAE74FF068
:108D8C000008E9E7E0C4002040090020B9620000B7
:108D9C00B56200002DE9F041002384B0D0F8102119
:108DAC0000930293ADF80C300193A0F80A3180F8CF
:108DBC000831002A50D080460C467D4D7D4E7E4FAA
:108DCC002B689C4231D9019B022B2ED8D8F8340247
:108DDC0003689B69B34235D108F01CFF411CEFD0EE
:108DEC00C3B22C2B21D0D8F8340203685B69BB4288
:108DFC002AD108F075FF431CE2D0019AC0B298F852
:108E0C002F3202F1010C1032034498F830126A44EC
:108E1C00CDF804C0DBB202F8100C88F82F325A18C7
:108E2C002B6888F830229C42CDD82B689C420DD8F8
:108E3C00D8F8340200250368DB689847284604B04C
:108E4C00BDE8F0819847C9E79847D4E72C22214622
:108E5C004046FFF74BFA20B90025284604B0BDE880
:108E6C00F08101AA554968460EF096FC0128F3D111
:108E7C00019BFF2BF0D888F8083100234D4E4E4F44
:108E8C0001932B689C4232D9019B042B2FD8D8F824
:108E9C00340203689B69B34240F0838008F0BAFE49
:108EAC00431CEED0C0B23B2821D0D8F83402036862
:108EBC005B69BB4277D108F013FF421CE1D0C0B212
:108ECC0098F82F3298F830120344019ADBB288F8E4
:108EDC002F320B4488F83032531C019302F11003EB
:108EEC000DEB03022B689C4202F8080CCCD82B68C3
:108EFC009C429DD93B2221464046FFF7F7F90028BA
:108F0C00AAD001AA2D4902A80EF046FC0128A3D133
:108F1C00019BB3F5803F9FD29BB2B8F80C219A42CB
:108F2C00A8F80A3184D30023234E01932B689C426A
:108F3C0023D9B8F80A21019B9A421ED9D8F83402D9
:108F4C0003685B69B34230D108F0CAFEC2B201308B
:108F5C00ECD098F82F3298F830121344DBB288F822
:108F6C002F320B44D8F8101188F83032019B581C62
:108F7C000190CA542B689C42DBD82B689C427FF62C
:108F8C0057AF3B2221464046FFF7B0F90546002873
:108F9C003FF462AF21464046FFF74AFD88F80E01C8
:108FAC005BE798477CE7984787E79847CEE700BF91
:108FBC00E0C40020B9620000B56200004009002046
:108FCC002DE9F041002384B0844D8046844E0C463C
:108FDC00844F00930293ADF80C300193A0F822312A
:108FEC0080F820312B689C4231D9019B022B2ED862
:108FFC00D8F8340203689B69B34235D108F00AFEF5
:10900C00411CEFD0C3B22C2B21D0D8F8340203680A
:10901C005B69BB422AD108F063FE431CE2D0019A83
:10902C00C0B298F82F3202F1010C1032034498F8B8
:10903C0030126A44CDF804C0DBB202F8100C88F888
:10904C002F325A182B6888F830229C42CDD82B68C6
:10905C009C420DD8D8F8340200250368DB68984789
:10906C00284604B0BDE8F0819847C9E79847D4E793
:10907C002C2221464046FFF739F9002800F0A38046
:10908C0001AA594968460EF087FB012840F09B80E5
:10909C00019BFF2B00F2978088F820310023504E63
:1090AC00504F01932B689C4232D9019B042B2FD833
:1090BC00D8F8340203689B69B34240F0898008F009
:1090CC00A9FD431CEED0C0B23B2821D0D8F8340205
:1090DC0003685B69BB427DD108F002FE421CE1D003
:1090EC00C0B298F82F3298F830120344019ADBB2D0
:1090FC0088F82F320B4488F83032531C019302F15C
:10910C0010030DEB03022B689C4202F8080CCCD820
:10911C002B689C429ED93B2221464046FFF7E6F83D
:10912C00002850D001AA304902A80EF035FB0128C6
:10913C0049D1019B4FF6FE72934244D80022294E2E
:10914C00A8F8223101922B689C4225D9019BB8F8D2
:10915C0022219A4220D97E2B1ED8D8F834020368DB
:10916C005B69B34238D108F0BBFDC2B20130EAD022
:10917C0098F82F3298F830121344DBB288F82F325B
:10918C000B4488F83032019B591C434483F8252149
:10919C002B6801919C42D9D82B689C427FF65AAF20
:1091AC00019B00213B224046434483F82511214674
:1091BC00FFF79CF8054630B121464046FFF738FCD6
:1091CC0088F824014CE70025284604B0BDE8F0815E
:1091DC00984776E7984781E79847C6E7E0C40020B0
:1091EC00B9620000B5620000400900202DE9F84387
:1091FC0000230446D0F834022380A3702371036843
:10920C00384A1B69934249D108F026FD002842D008
:10921C00DFF8D8800027D8F80050D8F8003005F1D6
:10922C00640984F82F7284F83072994533D92E4E24
:10923C00D4F8340203685B69B34250D108F050FD96
:10924C00C2B2013027D094F82F3294F83012134464
:10925C00213ADBB284F82F320B4484F830321E2AC8
:10926C0011D8DFE802F01D262E101010101010106F
:10927C0010101010101010101010101010101010E2
:10928C00101010103400D8F8003084F82F72994563
:10929C0084F83072CCD80020BDE8F8839847B5E745
:1092AC0005F57A712046FFF775FD0028F3D00320F1
:1092BC00F2E749462046FFF783FE8000C0B2BDE8C6
:1092CC00F88349462046BDE8F843FFF717BC4946EA
:1092DC002046FFF7C5FC4000C0B2BDE8F8839847B4
:1092EC00AEE700BFB1620000B5620000E0C4002030
:1092FC0010B5002386B090F802C0002204930593A9
:10930C00019200EB0C02CDE902330CF10103DBB24C
:10931C00837012792C2A18D10CF10F0C0C465FFAC1
:10932C008CFC63450CD802A9C21801331279DBB24C
:10933C002C2A0DD032B16345837001F8012BF3D97F
:10934C00184402792C2A03D012B1002006B010BDAB
:10935C0001AA054902A80EF01FFA0128F5D1019BBC
:10936C00236006B010BD00BF4C09002038B50B4679
:10937C0090F8861004468830C1F180050C4A0844E8
:10938C00EDB229460DF094F9A84207DA94F886203C
:10939C0003460120134484F8863038BD0023184658
:1093AC00A4F8843084F8863084F8883038BD00BF47
:1093BC004809002030B590F88630B7EEC00A83B06B
:1093CC000446C3F1800588300E4AEDB21844294694
:1093DC008DED000B0DF06CF9854208DD94F88620BC
:1093EC0003460120134484F8863003B030BD0023BB
:1093FC001846A4F8843084F8863084F8883003B09A
:10940C0030BD00BF440900208446188800B500F127
:10941C00040E96452DD8184A1278CAB1421C1A80EF
:10942C0001F800C01A88501C18804FEA1C20885480
:10943C001A88501C18804FEA1C404FEA1C6C885448
:10944C001A88501C1880012001F802C05DF804FB3A
:10945C00421C1A804FEA1C620A541A88501C18804D
:10946C004FEA1C4088541A88501C18804FEA1C2064
:10947C00E5E700205DF804FB21C50020002B18BF98
:10948C00002984460CBF012000200BD010B5B3F886
:10949C0000E00EF10104944203D801201C8001F875
:1094AC000EC010BD00207047002B18BF002910B54E
:1094BC0086460CBF0120002016D0B3F800C00CF17A
:1094CC00020494420FD8104A12787AB90CF10102B6
:1094DC001A804FEA1E2201F80C201A88501C1880A2
:1094EC00012001F802E010BD002010BD0CF10102BA
:1094FC001A804FEA1E2201F80CE01C88601C1880B0
:10950C0001200A5510BD00BF21C50020134630B103
:10951C002AB10A46014610EE100AFFF775BF00206B
:10952C00704700BF10B50446FEF7ACFE204610BDD8
:10953C0038B50C46054608210A4808F0F7FB34B14B
:10954C0020460EF07DFE0146204608F0EFFB064853
:10955C0005F05AFF224628462421BDE83840FFF783
:10956C0085B900BF2C190020309100202DE9F84F4F
:10957C00044615461E46BDF82870BDF82C80BDF873
:10958C003090BDF834A0BDF838B0FFF7EFFE18B935
:10959C0000252846BDE8F88F29462046FFF7E6FE51
:1095AC000028F5D031462046FFF7E0FE0028EFD02A
:1095BC0039462046FFF7DAFE0028E9D0414620461E
:1095CC00FFF7D4FE0028E3D049462046FFF7CEFE35
:1095DC000028DDD051462046FFF7C8FE0028D7D022
:1095EC0059462046FFF7C2FE05460028D0D003217D
:1095FC002046FEF7D7FFCCE738B52DED048B04469B
:10960C00B0EE608AF0EE418AB0EE619AF0EE429ACA
:10961C00FFF7D0FE20B900252846BDEC048B38BDE1
:10962C00B0EE480A2046FFF7C5FE0028F3D0B0EE96
:10963C00680A2046FFF7BEFE0028ECD0B0EE490ABF
:10964C002046FFF7B7FE0028E5D0B0EE690A2046A9
:10965C00FFF7B0FE05460028DDD004212046FEF7BA
:10966C00A1FFD9E738B52DED048B0446B0EE608A26
:10967C00F0EE418AB0EE619AFFF79CFE20B900250E
:10968C002846BDEC048B38BDB0EE480A2046FFF7E7
:10969C0091FE0028F3D0B0EE680A2046FFF78AFE50
:1096AC000028ECD0B0EE490A2046FFF783FE0546B1
:1096BC000028E4D005212046FEF774FFE0E700BF48
:1096CC0038B52DED048B0446B0EE608AF0EE418A7D
:1096DC00B0EE619AF0EE429AFFF76CFE20B90025CD
:1096EC002846BDEC048B38BDB0EE480A2046FFF787
:1096FC0061FE0028F3D0B0EE680A2046FFF75AFE50
:10970C000028ECD0B0EE490A2046FFF753FE0028A3
:10971C00E5D0B0EE690A2046FFF74CFE054600285E
:10972C00DDD006212046FEF73DFFD9E7F0B587B026
:10973C000E460746154669461C46FFF7D9FD10B97B
:10974C00002007B0F0BD01A93846FFF7D1FD002875
:10975C00F6D002A93846FFF7CBFD0028F0D003A9BC
:10976C003846FFF7C5FD0028EAD004A93846FFF7B4
:10977C00BFFD0028E4D005A93846FFF7B9FD002845
:10978C00DED0009B02993360019B049A2B60216010
:10979C00039B0C990B600D99059B0A600E9A136044
:1097AC00CFE700BF70B582B00E4604461546694639
:1097BC00FFF79EFD10B9002002B070BD01A9204634
:1097CC00FFF796FD0028F6D0009A019B32602B60C3
:1097DC0002B070BD70B582B00E460446154669469F
:1097EC00FFF786FD10B9002002B070BD01A920461C
:1097FC00FFF77EFD0028F6D0009A019B32602B60AB
:10980C0002B070BD70B582B00E460446154669466E
:10981C00FFF76EFD10B9002002B070BD01A9204603
:10982C00FFF766FD0028F6D0009A019B32602B6092
:10983C0002B070BD70B582B00E460446154669463E
:10984C00FFF756FD10B9002002B070BD01A92046EB
:10985C00FFF74EFD0028F6D0009A019B32602B607A
:10986C0002B070BD70B582B00E460446154669460E
:10987C00FFF73EFD10B9002002B070BD01A92046D3
:10988C00FFF736FD0028F6D0009A019B32602B6062
:10989C0002B070BD70B582B00E46044615466946DE
:1098AC00FFF726FD10B9002002B070BD01A92046BB
:1098BC00FFF71EFD0028F6D0009A019B32602B604A
:1098CC0002B070BDFFF714BDFFF712BDFFF710BD5E
:1098DC0010B4002481600280448044605DF8044B25
:1098EC00704700BF4088B0FA80F04009704700BF55
:1098FC00034640881A88904211D0DA88012010B5AE
:10990C009C68A154DA88B3F800C002445988B2FBB1
:10991C00FCFE01440CFB1E225980DA8010BD002095
:10992C00704700BF0346408890B19A88012010B55B
:10993C009C68A25C0A709A88B3F800C002445988EB
:10994C00B2FBFCFE01390CFB1E2259809A8010BD23
:10995C00704700BFF0B50D2283B00023077E8DF851
:10996C0006208DF8073077B304460F251D4E60692D
:10997C000368DB689847606903685B69984700284F
:10998C00F9DA606901220DF1060103685B689847FA
:10999C00022006F071FA01220DF10701606905F051
:1099AC0015FE0128F7D1002310229DF80710304630
:1099BC0005F046FD304605F027FD9DF807300D2BD0
:1099CC0005D0013DD3D10027384603B0F0BD11219D
:1099DC00054808F0ABF9034805F016FD384603B00E
:1099EC00F0BD00BF309100205009002010B50421BB
:1099FC00837C86B04FF0010C0222044623FA01F05E
:109A0C008B408DF80BC00DF10C0C8DF80C2002AABC
:109A1C008DF80A3000238DF808108DF8090001E04C
:109A2C0012F8011F0B449445DBB2F9D1227E8DF85C
:109A3C000D303AB16069062202A903685B68984749
:109A4C00062802D0012006B010BD01220DF107013D
:109A5C00606905F0BBFD012006B010BD10B50446D1
:109A6C0086B004212020A27C00238DF80C000DF17F
:109A7C000C0C22FA01F08A408DF808108DF80A209F
:109A8C0002AA8DF80B308DF8090001E012F8011FC5
:109A9C000B449445DBB2F9D1227E8DF80D303AB1EE
:109AAC006069062202A903685B689847062802D001
:109ABC00012006B010BD01220DF10701606905F00F
:109ACC0085FD012006B010BD10B5062386B07422AA
:109ADC0004468DF808300DF10E0C837C8DF80E10B9
:109AEC00090A8DF80B2001228DF80D1019091B01A4
:109AFC008DF80C200DF107028DF809108DF80A3045
:109B0C00002312F8011F0B449445DBB2F9D1227EDD
:109B1C008DF80F3042B16069082203680DEB020129
:109B2C005B689847082802D0012006B010BD0122BE
:109B3C000DF10701606905F049FD012006B010BD6B
:109B4C00F0B51D4683B0037E089E23B304464069DE
:109B5C0017462A4603685B689847854215D101224F
:109B6C000DF10701606905F031FDB8B19DF80730C2
:109B7C004F2B0DD132783946606905F027FD03462D
:109B8C0078B10120337003B0F0BD6FF00900FAE733
:109B9C006FF00B00F7E76FF00D00F4E76FF00A00C1
:109BAC00F1E76FF00C00EEE7981F30B5C5B2082D49
:109BBC002DD892F800C00CF102049C4227D1A2F1DE
:109BCC00020E10460023A64401E010F801CF6344B6
:109BDC007045DBB2F9D1144414F8010C984219D138
:109BEC00537890781B0143EA10130B70B2F80330D2
:109BFC000D735BBA4B8045B104320331531912F823
:109C0C00010F9A4201F8010FF9D1012030BDA3F1E7
:109C1C00640030BD6FF0140030BD00BF70B54FF65E
:109C2C00FF7390B016460E220D468DF82810338027
:109C3C0008218DF80F200446C27C0DF11F0C8DF805
:109C4C0020101101837C12090AA88DF8252041F0FF
:109C5C0001028DF826202A0A8DF827201A091B01EB
:109C6C008DF821208DF82230B2238DF82330042377
:109C7C008DF8243000231CF801EF73446045DBB2EF
:109C8C00F9D18DF829300DF10F030CAA08A9009316
:109C9C0020460A23FFF754FF012801D010B070BDF5
:109CAC009DF80F300CAA04A92046FFF77DFF012870
:109CBC00F4D1A37CBDF8122043F454439A420FD143
:109CCC009DF81C30042B11D1BDF814305BBA9BB23B
:109CDC00AB4208D1BDF816305BBA338010B070BD02
:109CEC006FF00300DAE76FF00500D7E76FF00400C0
:109CFC00D4E700BF30B583B000244FF40C71054697
:109D0C000DF10602ADF80640FFF788FF012804D1DB
:109D1C00BDF806302B8203B030BD204603B030BDF9
:109D2C0010B582B04FF6FF7340F60E11044601AA2F
:109D3C00ADF80430ADF80630FFF770FF012802D003
:109D4C00002002B010BD0DF1060240F60F112046A6
:109D5C00FFF764FF0128F3D1BDF80630BDF80420ED
:109D6C00D90BE380A280C3F38013C2F3802221704D
:109D7C00A370627002B010BD10B582B04FF6FF73C5
:109D8C0040F60E1104466A46ADF80030ADF80230CC
:109D9C00ADF80430ADF80630FFF740FF012802D0D3
:109DAC00002002B010BD0DF1020240F60F1120464A
:109DBC00FFF734FF0128F3D101AA40F25D312046B0
:109DCC00FFF72CFF0128EBD10DF1060240F6FC0148
:109DDC002046FFF723FF0128E2D1BDF800C0BDF8F3
:109DEC000210BDF80420BDF80630A4F808C061814B
:109DFC00A281E381D5E700BF70B54FF0FF3390B07F
:109E0C0016460E220D468DF82810336008218DF869
:109E1C000F200446C27C0DF11F0C8DF8201011018F
:109E2C00837C12090AA88DF8252041F001028DF8D7
:109E3C0026202A0A8DF827201A091B018DF82120CB
:109E4C008DF82230B2238DF8233005238DF8243081
:109E5C0000231CF801EF73448445DBB2F9D18DF873
:109E6C0029300DF10F030CAA08A9009320460A23F0
:109E7C00FFF766FE012801D010B070BD9DF80F30C1
:109E8C000CAA04A92046FFF78FFE0128F4D1A37C6D
:109E9C00BDF8122043F455439A421AD19DF81C3058
:109EAC00062B1CD1BDF814305BBA9BB2AB4213D15C
:109EBC009DF819309DF818101B049DF8172043EAE3
:109ECC00016313439DF8162043EA0223336010B05C
:109EDC0070BD6FF00300CFE76FF00500CCE76FF0BB
:109EEC000400C9E700B583B04FF0FF334FF40A719B
:109EFC0001AA0193FFF780FF019803B05DF804FB02
:109F0C0010B54FF0080C86B0842204468DF80E1064
:109F1C0000238DF80B2041FA0CF2807C8DF80D207B
:109F2C000A1609148DF808C08DF80F200DF10702E0
:109F3C008DF81010010900018DF80C308DF8091006
:109F4C008DF80A0004A812F8011F0B449042DBB2F2
:109F5C00F9D1227E8DF811303AB160690A2202A93A
:109F6C0003685B6898470A280BD04FF0FF3301AAAF
:109F7C004FF40A7120460193FFF73EFF012006B013
:109F8C0010BD01220DF10301606905F01FFBECE728
:109F9C0070B514468AB052BA837C0E464FEA112E25
:109FAC00ADF80E20220E8DF80D1005468DF8102000
:109FBC00220C0DF1180C0DF122018DF811200A2242
:109FCC008DF818201A091B018DF8192003AA8DF899
:109FDC001A3090238DF81B3005238DF81C3007ABFD
:109FEC0001E012F801EF03F801EF8B42F9D10DF10A
:109FFC00230200231CF801EB73449445DBB2F9D126
:10A00C008DF823302B7E3BB1686906A90C220368BE
:10A01C005B6898470C280FD0002301AA31462846CC
:10A02C000193FFF7E9FE01280DD1019BA34218BF54
:10A03C006FF003000AB070BD01220DF103016869D5
:10A04C0005F0C4FAE8E76FF00200F3E70A4640F2C5
:10A05C009E2108B5FFF79CFFA0F10100B0FA80F03B
:10A06C00400908BD0A4640F2A22108B5FFF790FF4F
:10A07C00A0F10100B0FA80F0400908BD0A464FF487
:10A08C00287108B5FFF784FFA0F10100B0FA80F049
:10A09C00400908BDDFED0C7A4FF4287160EE277A89
:10A0AC00BCEEC00AFCEEE77A08B517EE903A9AB20D
:10A0BC0010EE103A42EA0342FFF76AFFA0F10100EA
:10A0CC00B0FA80F0400908BD00008047DFED077A48
:10A0DC0060EE277ABCEEC00AFCEEE77A17EE903AF7
:10A0EC0098B210EE103A40EA0340704700008047E7
:10A0FC0070B5012A4FF000050446C27481740582C4
:10A10C00C0E90055C0E9025510D0022A18D00D48FC
:10A11C004FF480724FF41651606104F029FE2A4608
:10A12C006369642120462276996070BD05484FF41E
:10A13C0080724FF41651606104F01AFE0122EFE7B1
:10A14C000148F4E700920020A0910020002340F287
:10A15C00EE22C9B210B50446037580F82730C0E969
:10A16C000A3207F0BDFF012204F11F01204608F05E
:10A17C003BF9204608F030F9FA2005F07DFE204628
:10A18C0010BD00BF10B5044607211F3008F0D0F9F0
:10A19C0094F82630834201D1012010BD11210448CE
:10A1AC0007F0C4FD034805F02FF9002010BD00BFD7
:10A1BC00640900203091002010B5044608211630A7
:10A1CC0008F0B6F9A37F834201D1012010BD1C21F8
:10A1DC00034807F0ABFD034805F016F9002010BD4D
:10A1EC00780900203091002070B5054607F092FFE9
:10A1FC00284605F1150408F0D1F80022BE212846A6
:10A20C0005F11E0608F096F8284608F0B7F804F891
:10A21C00010FB442F8D12846FFF7CEFF48B195F9AB
:10A22C001720AB7D43EA022300EE103ABAEECE0AB9
:10A23C0070BD9FED010A70BD00C079C470B590F877
:10A24C0027300446012B06D0022B25D073B10023F6
:10A25C0080F8273070BD1C4BD0E90A121B685B1AC2
:10A26C009342F7D3022380F8273070BD012580F884
:10A27C00275007F04FFF204608F090F820462A465A
:10A28C00442108F057F8104B40F2EE201B68A362F3
:10A29C00BDE8704005F0F0BD0D460126FFF7A4FFA8
:10A2AC00204685ED000A84F8276007F033FF20462E
:10A2BC0008F074F832464421204608F03BF8024B73
:10A2CC001B68A36270BD00BFE0C40020704700BFD4
:10A2DC00034A4FF48051034BA2F844111B681847F2
:10A2EC0000C03D402093002070B500F1240384B0E1
:10A2FC008C46044601AD164693E8070085E8070036
:10A30C004FEA4C122946206A01F068FB012806D15D
:10A31C0032462946206A01F045FB04B070BD00208E
:10A32C0004B070BD10B5044600F0BAFD002384F8EB
:10A33C00313084F8333010BD38B514460D46002248
:10A34C0000F12401006A01F02DFB034620B1428983
:10A35C0001202A801B89238038BD00BF38B51446E4
:10A36C000D46002200F12401006A01F01BFB03469C
:10A37C0020B1C28901202A809B89238038BD00BF6F
:10A38C0038B50D4690F8311009B1002038BD38228F
:10A39C0004460DF005FC012340222562184684F882
:10A3AC00333084F8312038BDF0B40D4609782029BB
:10A3BC0003D115F8014F202CFBD0156095602C783B
:10A3CC002F2C11D084B16E1C3C2C1D4F35462AD835
:10A3DC00212C12D804F1FF3CBCF11E0F16D8002022
:10A3EC00F0BC704715F8014F202CFBD02F2CF9D066
:10A3FC001D601146F0BC01F0C3B9A4F1220C5FFA48
:10A40C008CFC27FA0CFC1CF0010FE8D12E2C01D08F
:10A41C00202C0DD116F8014B002CE5D02F2CE3D0BD
:10A42C003C2C3546D4D95C2CD9D003D97C2CD6D035
:10A43C009660EFE73E3C012CFAD80020F0BC704748
:10A44C00012100052DE9F04F90F8333083B005461B
:10A45C00DC0774D558060F46904640F1B080D5E91C
:10A46C000023D5E9041018EB020443F10003A142C8
:10A47C0070EB0303C0F0A980B8F1000F5BD0464627
:10A48C0005F11809D5E90032D5F820A0DAF83844DE
:10A49C001C40C4F3080B002C70D1134370D195F8F9
:10A4AC0031305A064CBFDAF83424EA69AA619AF8BA
:10A4BC004504023ADAF82C14630A824001EB542169
:10A4CC001144BBF1000F45D1B6F5007F42D3DAF849
:10A4DC001C2291423ED0B6F5806F58D34FF0010B41
:10A4EC000BFA00FBABEB030B730A9B4528BF9B4697
:10A4FC0091424FEA4B240AD801EB0B039A4206D245
:10A50C000AF50470019103F01BFE0199B8B1DAF859
:10A51C0014025B460268D2F814A03A46D04770B1D8
:10A52C0023462744D5E900125B1842F10002361B82
:10A53C00C5E90032A8D1404603B0BDE8F08F95F8CC
:10A54C0032304FF0FF3043F0020385F8323003B065
:10A55C00BDE8F08FCBF5007400220AF50470B4420C
:10A56C0028BF344603F018FE0028E8D000EB0B019E
:10A57C002246384605F086FF2346D2E7AA6996E7BD
:10A58C0095F833305B060ED5AA6901328EE7DAF8FE
:10A59C0014023A4603681B6998470028CFD04FF441
:10A5AC0000731C46BDE74A465046A96901F058FAAB
:10A5BC000028C4DB0CD0D5F820A0AA6977E795F861
:10A5CC00313019077FF558AF49E7A1EB020853E783
:10A5DC0095F8313013F0500FB1D0A8EB0608404677
:10A5EC00AAE700BFF0B583B00122044685690DF1DE
:10A5FC000701D0E90067FFF725FF0128A5610CBF13
:10A60C009DF807004FF0FF30C4E9006703B0F0BDC0
:10A61C002DE9F04F1F4690F8313083B00446D0F846
:10A62C001880002B51D01646D0E9001CBC4508BF41
:10A63C0091425CD056EA07024DD01D0704D5D0E9F3
:10A64C000402B042BA4140D394F83320751ED4F8BA
:10A65C0020A0019247F1FF309AF845240932D2B27A
:10A66C00C2F1200ED540A2F1200900FA0EFB20FA0F
:10A67C0009F045EA0B0505430198400633D4481E02
:10A68C0020FA02F24CF1FF3051EA0C0C00FA0EFEEB
:10A69C0020FA09F042EA0E0242EA000201D0954289
:10A6AC0029D25B064CBFDAF83434E369A36104F1B8
:10A6BC00180906E0A169013D206A01F0D1F90028D2
:10A6CC0003DD4A46002DF5D107E00020C4F81880C0
:10A6DC0003B0BDE8F08F002383610120C4E900675B
:10A6EC0003B0BDE8F08FE3692B44A361F5E70120CB
:10A6FC0003B0BDE8F08FAD1AD9E700BF2DE9F04FDC
:10A70C00174690F831208FB00546002A40F0D780CC
:10A71C008B4691F8311011F0500F00F0D08003F0FF
:10A72C0003019A46032900F0CA80013103F00800A6
:10A73C0041EA00030293002F00F0CB80396901F14C
:10A74C000E08B649A1FB0818DBE900104FEAD8083F
:10A75C00014308F102085FFA88F805D000200021B7
:10A76C00CBF81820CBE900010024029B264643F0CD
:10A77C0040030393202206A95846FFF763FE00B35B
:10A78C00202840F09C809DF918209DF81830002A54
:10A79C00C0F2A28034B9DBF80020A2F12009DBF86A
:10A7AC0018200192444501D20134E4B2002B00F090
:10A7BC001381202206A958460026FFF743FE0028E5
:10A7CC00DED11AF4007F7AD0029B9B0777D5002F3D
:10A7DC0075D0444517D2DDF804A0202206A95846AE
:10A7EC00FFF730FE631C002861D0202867D12CB9FC
:10A7FC00DBF80020DBF818A0A2F12009DCB2A045A0
:10A80C00EBD8CDF804A03822002128469BF8334021
:10A81C000DF0C6F9DBF82030C4F38014019A2B62DA
:10A82C000823002685F82C4085F831303B68C5E9B3
:10A83C0009297B60BE81B8F1000F33D008F1FF39D4
:10A84C00B346DFF8DCA15FFA89F9012259462846A4
:10A85C00FFF74AFD044690B390F90020002A2EDB46
:10A86C00202200210DF09CF9002E00F0BC80BBF1E1
:10A87C00010F00F0D780C123A3461E3404F81E3C00
:10A88C00BB8938461BB9D7E901239A4205D003F09E
:10A89C00C1FC2BF8020FA345F2D101365FFA86FBFF
:10A8AC00D845D2D8284600F0FBFA06460DE05846AB
:10A8BC00DBF8186000F024FB002840F091800023A6
:10A8CC001E4685F8313085F8333030460FB0BDE880
:10A8DC00F08F4FF0030847E756BB444538BF0024C0
:10A8EC00852B7FF447AF31463822284601260DF0E0
:10A8FC0057F99DF81C209DF8193085F8303002F07E
:10A90C003703D20658BF43F0080385F83130DBF823
:10A91C000030DBF82020203B2A62DBF81820C5E948
:10A92C0009239BF83330C3F3801385F82C3021E7CF
:10A93C00C02B28D0C12B7FF43CAF3A4606A9284641
:10A94C0000F092FEE8B1BB89DBB9D7E901329A423B
:10A95C0017D11AF4006FB2D11AF4884F70D195F850
:10A96C00333098076CD41AF4806FA8D11AF4804F46
:10A97C00ABD02846D5E90423FFF74AFE0028A4D122
:10A98C009DE70646F6E6029B85F833309DF81930B4
:10A99C009B0702D5039B85F833300B9BEB61DDE9FC
:10A9AC000823C5E90423DDE90C23C5E90223002FA4
:10A9BC00CFD04FF000033A69BB813B687B609DF8B8
:10A9CC001B309A427FF4F5AEBE8ABDF81C30F61AE5
:10A9DC00B6FA86F67609CDE6002F7FF4F2AE6EE776
:10A9EC00CBF818600BE78523237085F8309084F83A
:10A9FC000190DAF80030002B46D00DF113020DF166
:10AA0C00160105A89847BDF814306381BDF81630BF
:10AA1C0023819DF8133023753FE700BF8988888810
:10AA2C00F4B20020C02384F801B02370029B63F0C1
:10AA3C007F0385F833303B69E370BB8AA3802CE736
:10AA4C0095F83130D9063FF53AAF13F001017FF498
:10AA5C0036AF1AF4806F89D095F8332092077FF5C2
:10AA6C002EAF002B3FF42BAFD5E90032134304D0AB
:10AA7C0000220023A961C5E90023284600F042FC0E
:10AA8C0000283FF41CAF20E745F621436381E381A6
:10AA9C00638202E72DE9F043002597B0994690F8C0
:10AAAC00313001921495ADF81450002B3ED191F831
:10AABC0031300F4613F0500F38D013780446164639
:10AACC002F2B37D04FF0000801AB02AA314620469D
:10AADC00FFF76AFC50B3019E3378002B3ED0002365
:10AAEC0002AA39462046FFF709FEF8B1A44608AD84
:10AAFC0004F13007DCF800000CF1100C5CF80C1CB5
:10AB0C00AE465CF8082C10355CF8043CBC45AEE84D
:10AB1C000F00EFD1DCF8000008AF2860204600F0F1
:10AB2C00BFF984F8318084F83380CDE7002017B06A
:10AB3C00BDE8F08316F8011F2F29FBD00196B1B99F
:10AB4C00382220463D6A0DF02BF801234022256265
:10AB5C00184684F8333084F83120E8E74B4602AAD3
:10AB6C0039462046FFF7CAFD17B0BDE8F0833822FE
:10AB7C00002108A83D6A0DF013F8012308AF1095C9
:10AB8C008DF8533040238DF851309BE719B101F506
:10AB9C008961FFF77FBF0846704700BF90F83130DE
:10ABAC0063B991F8313013F0500F07D00B6813F0E4
:10ABBC001F0C03D113466246FFF7A0BD002070475F
:10ABCC008169F8B50446006A01B10131012200F037
:10ABDC000DFE0128054632D901230146206A1A468A
:10ABEC0000F064FE064650B3A3695BB394F83320BF
:10ABFC00510612D5591CA94218D022F04002E16925
:10AC0C0084F8332005E0206A00F04CFF3946B0B1DF
:10AC1C00A3694F1C99423A46F5D34FF0FF322946AF
:10AC2C00206A00F03FFF50B1A16911B93046A5610F
:10AC3C00F8BD2A46206A00F035FF0028F6D1002620
:10AC4C003046F8BD94F8333043F0400384F8333089
:10AC5C00ECE700BF90F833309A0736D5C16970B570
:10AC6C000546A1B90024214607E0037803F07F03D1
:10AC7C00037095F830308B4229D3013401222846D9
:10AC8C00FFF732FBE1B20028EFD1002070BD5B066C
:10AC9C00006A34D590F84534D5E902240933013AD9
:10ACAC00DBB244F1FF34C3F1200CDA40203B04FA50
:10ACBC000CFC24FA03F342EA0C021A43002301327F
:10ACCC0000F0F4FD0028CDD1DFE700207047002311
:10ACDC002C6A85F83130204685F8333003F030FA91
:10ACEC000028D2D004F5047003F02AFA0028CCD046
:10ACFC00D4F840040368BDE870401B6A184700F0A4
:10AD0C00F1FE0028AED1C0E790F83130DB0601D45B
:10AD1C000020704710B5002288B000230446FFF7CE
:10AD2C0077FC08E020281BD19DF900309DF800200D
:10AD3C00002B15DB32B1202269462046FFF782FB3F
:10AD4C000028EFD194F833300822204643F0020358
:10AD5C0084F8312084F83330FFF77CFF08B010BD45
:10AD6C00002008B010BD00BF2DE9F0414FF00008E5
:10AD7C0082B04A4F06464446414600223046FFF711
:10AD8C00B3FA054630B10178C02969D0C1292BD05E
:10AD9C00852909D096F83230002043F0010386F85B
:10ADAC00323002B0BDE8F08196F8313003F0370351
:10ADBC0083803B6883B10DF103020DF1060101A8FC
:10ADCC009847BDF80630AB812B82BDF80430EB817F
:10ADDC006B829DF803306B75326A92F8103243F037
:10ADEC00010382F810322978A1F185000022B0FA13
:10ADFC0080F0400901E00422A95CE303012A02F17E
:10AE0C00010243EA540311FA83F39CB201D10028E6
:10AE1C00F1D11F2AF0D908F1010896F830305FFA09
:10AE2C0088F18B42A9D2012206F12401306A00F08C
:10AE3C00B9FD0028AED0356A4480284603F080F96D
:10AE4C000028A7D005F5047003F07AF90028A1D0EA
:10AE5C00D5F8400403681B6A98470028A1D199E7EC
:10AE6C0096F8333013F0400F437814BF43F00203CD
:10AE7C0003F0FD034370D6E90401D6E90732C5E9B6
:10AE8C000201D6E902016B61C5E9060192F81032A4
:10AE9C0043F0010382F810322978A5E7F4B20020C0
:10AEAC0038B590F8313043B390F93320044690F81C
:10AEBC003330002A0CDB056A284603F041F978B9D7
:10AECC0094F83230002043F0010384F8323038BD5E
:10AEDC0003F07F0380F83330BDE83840FFF744BF00
:10AEEC0005F5047003F02CF90028E9D0D5F84004DE
:10AEFC0003681B6A98470028E2D0012038BD00BFC8
:10AF0C0070B590F8313005465A064CD480682B6ADF
:10AF1C00D3F83C341844B0F1806F01D3002070BDDD
:10AF2C002846FFF74DFE0028F8D0286A0024AE69A9
:10AF3C0090F84534023E9E40D0F82C341E44311912
:10AF4C00052200F50470013403F026F94FF4007269
:10AF5C0000210028E2D00CF023FE286A012390F88F
:10AF6C00452493409C42EAD395F831305B0615D4C6
:10AF7C0095F8332062F07F02D5E9023185F8332051
:10AF8C00D0F83C249B1841F10000AB60D5E90431AA
:10AF9C00E8609B1841F10001C5E904312846BDE881
:10AFAC007040FFF77DBF006A00F0A2FEAFE700BF64
:10AFBC0070B5044690F831009CB0002310F0180FC7
:10AFCC000C931A9303D0206A0B6A984202D000208B
:10AFDC001CB070BD40F601236846FFF75BFD0028EE
:10AFEC00F5D0A44604F130060EADDCF800000CF1EF
:10AFFC00100C5CF80C1CAE465CF8082C10355CF898
:10B00C00043CB445AEE80F00EFD1DCF8000009AA0F
:10B01C0004F1240328609DF8305007CA83E8070028
:10B02C0094F83330204684F8305063F07F0384F872
:10B03C003330FFF735FF0028C9D000210222082346
:10B04C000EA815918DF86B208DF86930FFF702FE74
:10B05C00BEE700BF38B591F8313013F0500F02D174
:10B06C000025284638BD40F602230446FFF746FB70
:10B07C000028F5D01023204684F83130FFF740FF2C
:10B08C0005460028ECD0A169002200232046E1618E
:10B09C00FFF7BEFAC12294F8313084F83320002B2C
:10B0AC00DFD04123204684F83330BDE83840FFF729
:10B0BC005BBE00BFF0B5002597B01F4690F831304D
:10B0CC000192ADF814501495002B46D191F8313003
:10B0DC000E4613F0500F40D01378044611462F2B18
:10B0EC003ED001AB02AA2046FFF75EF9002834D00F
:10B0FC00019B1B78002B41D0002302AA314620462D
:10B10C00FFF7FCFA30B947B302AA31462046FFF7E5
:10B11C00A1FF10B3A44608AD04F13006DCF8000022
:10B12C000CF1100C5CF80C1CAE465CF8082C1035BD
:10B13C005CF8043CB445AEE80F00EFD1DCF800003D
:10B14C0008AE28602046FFF7EDF8019901AB02AA82
:10B15C002046FFF729F90028CAD1002017B0F0BD0E
:10B16C00013101910B782F2BFAD0316A08A8FFF727
:10B17C0007F90028F1D0019908AEB2E702AA3146CE
:10B18C002046FFF767FF17B0F0BD00BF2DE9F04F69
:10B19C000E4690F8311083B009079DF830B09DF839
:10B1AC0034909DF838809DF83C7040F18580A2F277
:10B1BC00BC7294B27F2C7FD85A1E0B2A7CD80BF110
:10B1CC00FF321E2A78D8B8F13B0F98BFB9F1170F90
:10B1DC008CBF4FF0010A4FF0000A3B2F88BF4AF09A
:10B1EC00010ABAF1000F67D105460193FFF758FE2B
:10B1FC00002861D0019B51464BEA431B7B0817F09A
:10B20C0001074BEA4424D34643EA481818BF642785
:10B21C00A4B248EAC92806F001091FFA88F80022EE
:10B22C002846FFF761F8002846D090F800C0BCF122
:10B23C00850F45D00CF14003DBB2012B3CD8ACF1AF
:10B24C0085010023B1FA81F1490902E0042310F8C9
:10B25C0003C04FEACB32012B03F1010342EA5B023C
:10B26C001CFA82F21FFA82FB01D10029EED11F2BAE
:10B27C00EDD90AF1010A95F830305FFA8AF18B4268
:10B28C00CDD2012205F12401286A00F08BFB98B184
:10B29C002C6AA0F802B0204602F052FF60B104F50F
:10B2AC00047002F04DFF38B1D4F8400403681B6AF7
:10B2BC0003B0BDE8F04F1847002003B0BDE8F08F95
:10B2CC0095F831302A6A03F03703838092F81032F4
:10B2DC0043F0010382F81032B9F1000F02D0A0F84C
:10B2EC0010804482B20703D50775A0F8088044810A
:10B2FC00730703D54775A0F80C80C48190F800C083
:10B30C009DE700BF90F833309A0762D570B5C569D8
:10B31C0082B00446A5B313F0400634D0006AA2688C
:10B32C0090F845C4013AE1680CF1090C41F1FF3188
:10B33C005FFA8CFCCCF1200E22FA0CF2ACF1200C52
:10B34C0001FA0EFE21FA0CFCA16942EA0E0242EA55
:10B35C000C02013219B3013D6D1A01312A440191DD
:10B36C0072BB63F07F03204694ED007B84F833308E
:10B37C0084ED027B84ED047BFFF792FD02B070BD7F
:10B38C00012002B070BD816961B90195C161294686
:10B39C00206A00F0A7FBC8B194F83330E1E70195BF
:10B3AC00E161DDE701AA006A019600F059FB002873
:10B3BC000CDB10D1019D002DE9D194F83330D0E78E
:10B3CC000023019900F072FA0028E5D1002002B0A8
:10B3DC0070BD002070474FF0FF32A169206A00F069
:10B3EC0061FB0028E6D1F1E72DE9F04390F833300A
:10B3FC0083B004469D0740F1A18091461A070E4682
:10B40C0000F19580B9F1000F00F0288123684D46BA
:10B41C00206AA169D0F8382402EA0308C8F30807A7
:10B42C00B8F1000F40F09480002900F0D48094F81B
:10B43C0033305B0640F1EC8090F845C4D4E902321D
:10B44C000CF1090C013B5FFA8CFC42F1FF32CCF1A0
:10B45C00200E23FA0CF3ACF1200C02FA0EFE22FAA9
:10B46C000CFCE26943EA0E0343EA0C0313449942D1
:10B47C0080F0D5800131A16190F845240239D0F8D3
:10B48C002C3491401944B5F5007FC0F08A80B5F595
:10B49C00806FC0F0A680012393406A0AA3EB0803D7
:10B4AC00934228BF1346D0F81C228A424FEA432805
:10B4BC0009D35F18BA4206D2002280F810224FF04E
:10B4CC00FF32C0F81C22D0F8140232460768BF6A5B
:10B4DC00B84798B343464644A5EB0805D4E9007237
:10B4EC00D4E90401DB1942F1000298429141C4E90C
:10B4FC00003207D294F8331061F07F01C4E90432B2
:10B50C0084F83310002D83D1D4E902019842914183
:10B51C00C0F09680534B1B68002B00F09D8094F874
:10B52C003330484663F07F0384F833300DE0D0E9C4
:10B53C000423FFF76DF800287FF464AF94F83230E1
:10B54C00002043F0010384F8323003B0BDE8F083EF
:10B55C0090F8452402394FEA5828D0F82C34914001
:10B56C0041441944002F8ED0C7F50078012200F514
:10B57C000470A84528BFA84602F00EFE0028DDD0B6
:10B58C00384447444246314604F07CFFB7F5007F0F
:10B59C00206A9FD100F5047002F0D2FD002899D1E9
:10B5AC00CCE7626863690092019322692368934235
:10B5BC00DDE900239A4112D2012200F5047002F059
:10B5CC00EBFD0028BAD02A4631463844A84604F090
:10B5DC0059FF2B467FE7E16949B3A1614CE705228E
:10B5EC00EBE7D0F81C328B4206D1002380F81032E6
:10B5FC004FF0FF33C0F81C32D0F814023246036807
:10B60C005B6A9847002899D04FF40073984662E71C
:10B61C0004F1180200F024FA00288FDB04D1204634
:10B62C00FFF7CEFA002889D0A169206A24E72046CA
:10B63C00FFF7C6FA002881D0A169206AE1611BE7F7
:10B64C0094F833104846C4E9023261F07F0384F861
:10B65C00333003B0BDE8F083484676E7D4E90032D6
:10B66C0052E700BFF4B200202DE9F0410C4615461C
:10B67C0001F11E08AB89284634F8027F1BB9D5E9C5
:10B68C0001239A420ED002F0C5FD02F087FE064659
:10B69C00384602F083FE864209D14445EAD10120A6
:10B6AC00BDE8F081B7FA87F04009BDE8F0810020D1
:10B6BC00BDE8F0812DE9F04F90F8313083B0884629
:10B6CC00002B4FD090F830300746012B53D9013A5C
:10B6DC000B464FF0020A00248E18DFF8A0B00022AF
:10B6EC00514638460193FEF7FFFD00283AD0027808
:10B6FC00C12A37D1054600F11E09019B35F8020F0E
:10B70C0024B300F5105292B2B2F5806F2AD20BEA34
:10B71C008424C0F30900204300F5803019463246DA
:10B72C0002F09EFD0346E8B100244D45E6D10AF136
:10B73C00010A97F830205FFA8AFA5245CFD2A3EB70
:10B74C0008009846002388F800300FE000F52052DE
:10B75C0092B2B2F5006F02D30028DFD1EFE7B2F559
:10B76C00806F06D30023184688F8003003B0BDE87C
:10B77C00F08F0446D9E70020E4E700BF00FC0F007F
:10B78C0070B50C4600234FF6FF75226819461E460D
:10B79C00A3812361626017E002F03CFDA84222D035
:10B7AC0002F0FCFD2369F203A189013342EA56023F
:10B7BC00060A236152FA80F083B2C0F34E0040EACD
:10B7CC00C33016FA80F086B220460029E4D1D4E9C1
:10B7DC0001239A42E0D12069A6820138FE288CBF51
:10B7EC000020012070BD002070BD00BF2DE9F84F76
:10B7FC0007468A469146002942D0A1F10208D7F8A3
:10B80C003034434542D908F007030125C8F3C80B6F
:10B81C009D40EDB246464446D7F82C1400223846DB
:10B82C0001EB143102F0B8FCE8B10BF1FF3B83449F
:10B83C0000F2FF101BF8011F0AE04A452BD0A0456F
:10B84C0010D0D7F83054A54214D913F0FF050CD002
:10B85C00013429424FEA4503A4EB0602EDD0A04582
:10B86C002646EED10120BDE8F88F58454FF0010572
:10B87C00E0D101E00026344601254FF0000BCBE768
:10B88C00D0F82084D7F830344345BCD84FF00008AA
:10B89C000125C346BEE7BAF1000F04D1B9F1010F7F
:10B8AC0008BFC7F82064B01CBDE8F88F2DE9F84339
:10B8BC008046881E15461E468318D8F830249342BD
:10B8CC0037D8CEBBD8F82034834288BFC8F82004C0
:10B8DC0000F007030124D8F82C74C0F3C8099C406D
:10B8EC0007EB1031E4B2012240468F1802F054FCF1
:10B8FC00F8B109F1FF3E864400F2FF101EF801CFAB
:10B90C001CEA040F8CEA040C4FEA440414BF012215
:10B91C000022B2420DD0013D8EF800C018D014F0B8
:10B92C00FF04EDD17045A1464FF00104E6D1394634
:10B93C00D9E70020BDE8F883D8F820148B42C7D98A
:10B94C008142C5D3934228BF0023C8F82034BFE7F7
:10B95C000120BDE8F88300BFF8B5D0F830340133CE
:10B96C008B4201D20020F8BD07460C4600F5047648
:10B97C00002505E0D7F8303401350133A342F1D36B
:10B98C00D7F824140022304601EBD41102F004FC49
:10B99C00A4000028E6D0C4F308040459631CE9D1C0
:10B9AC00681CF8BD38B50C460B6890F845C400F51A
:10B9BC000470D0F82812023B656803FA0CF3294096
:10B9CC0003EB5123D0F81C12194402F0E5FB18B11B
:10B9DC006368C3F30803184438BD00BF2DE9F8436E
:10B9EC000C46D0F8383449680B401144616013445C
:10B9FC0090F8451401F10902D2B2D3402BB3804622
:10BA0C005D1E00F5047905E02368013D03F1010397
:10BA1C0023601AD3267A002EF6D1D8F83034324669
:10BA2C002768484601339F4212D8D8F8241401EBFA
:10BA3C00D71102F0B1FBBF0050B1C7F30807C359CF
:10BA4C005A1C09D0013D2360E4D20120BDE8F883E3
:10BA5C004FF0FF30BDE8F8833046BDE8F88300BFF7
:10BA6C0038B5D0F8303401338B4202D24FF0FF306E
:10BA7C0038BD0C46D0F82414154600F5047000228D
:10BA8C0001EBD41102F088FB0028EFD0A400C4F322
:10BA9C00080403595A1C02D001202B6038BD002029
:10BAAC0038BD00BF01291BD938B5D0F830340C464D
:10BABC0001338B4201D2002038BDD0F82414154636
:10BACC0000F50470012201EBD41102F065FB034672
:10BADC000028F0D0A4000120C4F308041D5138BD87
:10BAEC0000207047D0F830340133994201D900203E
:10BAFC0070472DE9F04F054683B00C4600F50479EC
:10BB0C000F464FF00008D5F82414002248464FEA9F
:10BB1C00D41B01EBD41102F03FFB90B1A300C3F393
:10BB2C000803C2580193531C16BF16464FF0000A67
:10BB3C004FF0010A012C04D9D5F83024013294427B
:10BB4C0003D9002003B0BDE8F08FD5F824140122EE
:10BB5C004846594402F020FB0028F2D0019B40F8E3
:10BB6C000380BAF1000F12D00134B44208D0002384
:10BB7C00E21B39462846FFF799FE0028E1D03746EC
:10BB8C00D5F830340133B342DBD33446BBE7621C07
:10BB9C00534639462846D21B03B0BDE8F04FFFF799
:10BBAC0085BE00BF2DE9F84300250646D0F82C14BD
:10BBBC0000F504782C46002240464F1C02F0ECFAAB
:10BBCC00A8B100F1FF3E04F58059D6F8300405E029
:10BBDC0079B90834844209D24C4516D01EF8011F9D
:10BBEC00FF29F5D1083408358442F5D3401BBDE854
:10BBFC00F8830822012319424FEA430C18BF013580
:10BC0C00013A5FFA8CF3F6D1E3E73946D3E700BF8C
:10BC1C00F8B500234FF0FF3600F504771546C0F851
:10BC2C004014044641601A46C0F81412194680F8B4
:10BC3C0044340370C66080F81032C0F81C62384679
:10BC4C0002F0AAFA042D0DD8064658B1BDB16B1EF0
:10BC5C0000EB031393F8BE2112F07F0202D193F88C
:10BC6C00C2310BB90020F8BD00EB05163846D6F8EA
:10BC7C00B651294602F090FA06460028F2D0052269
:10BC8C001A49F01C0BF0DEFF0028EBD196F86C3053
:10BC9C00092BE7D1336D01462B44C4F82434736D62
:10BCAC00C4F82834B36D2B440125C4F82C34F36D3F
:10BCBC00C4F83034336EC4F8343496F86D20C4F8BC
:10BCCC002004204602F1090384F8452405FA03F305
:10BCDC005A1EC4F83C34C4F838242A46FFF786FDB3
:10BCEC004023284684F84434F8BD00BF580A00208D
:10BCFC0010B50446D0F83414FFF72EFE94F84534F2
:10BD0C000933DBB2984010BD70B590F9023082B0A7
:10BD1C000446002B0DDBA56805F1280002F010FA93
:10BD2C0000283BD16378002043F00103637002B01C
:10BD3C0070BD80680122A169283002F02DFA00281C
:10BD4C00F0D0A58805F00F056B0100EB4515C35C21
:10BD5C00E52BE7D023781B0701D5E369EB61236A58
:10BD6C0015491A0C6B830E68AA8266B10DF1030299
:10BD7C000DF1060101A8B047BDF80430BDF806204E
:10BD8C002B836B82EA82A378A56803F07F0305F10D
:10BD9C002800A37002F0D4F90028C3D005F50E706A
:10BDAC0002F0CEF90028BDD0286803681B6A9847BA
:10BDBC000028B7D0BBE700BFF4B20020024638B56C
:10BDCC0052F8105F04468068294601F037FE50B1E6
:10BDDC0055B123690135AB42A37818BF03F0BF03FB
:10BDEC0063F07F03A37038BDA37843F04003F7E7FB
:10BDFC00F8B5047814F0200404D11A4B05464269B6
:10BE0C009A4202D300273846F8BDFFF7D7FF074602
:10BE1C000028F7D0A8682E698279023E41699640C5
:10BE2C000E440179A9B1214606E00BF0B9FEA868D1
:10BE3C00E1B202798A420BD931440522283001340F
:10BE4C0002F0AAF94FF4007200210028EDD1D9E7D5
:10BE5C0082794FF4007369693846934011FA83F381
:10BE6C006B61F8BD00FE1F0010B5044680680A46E1
:10BE7C002830A16902F090F920B1A38803F00F03D8
:10BE8C0000EB431010BD00BF10B5037804462BB176
:10BE9C00FFF73AFF00232370A37010BD002301208D
:10BEAC002370A37010BD00BF38B5037805460C464F
:10BEBC0013B1FFF729FFF0B1A8680022A969283057
:10BECC0002F06AF9B8B1AA8802F00F0200EB421333
:10BEDC0052015D6880589968DA6820606560A160DD
:10BEEC00E26018695D699969DA6920610120656110
:10BEFC00A161E26138BD002038BD00BF30B589B00A
:10BF0C000D4614466946FFF7CFFF28B1BDF8102047
:10BF1C00BDF80E302A80238009B030BD30B589B011
:10BF2C000D4614466946FFF7BFFF28B1BDF818202F
:10BF3C00BDF816302A80238009B030BD0B7813F081
:10BF4C00700F01D100207047F0B540F6022389B084
:10BF5C000D46044601F0F0F838B1012210232046BA
:10BF6C00A2702370FFF744FF10B9002009B0F0BD98
:10BF7C002269237822626BB1636933B1A378002202
:10BF8C0023F02003C4E90422A3702046FFF7BCFE73
:10BF9C000028EAD0A0680122A169283002F0FCF840
:10BFAC000028E2D0B4F804C010220CF00F0C4FEAB9
:10BFBC004C1300EB4C1C8CF80B20C058A768236A60
:10BFCC0097F806E09E1EDCF80410DCF80820DCF87C
:10BFDC000C3006FA0EF6EE46AEE80F00DCF8100058
:10BFEC00DCF81410DCF81820DCF81C30AEE80F007C
:10BFFC007B6907F128000122F1184FF02033CDF8AE
:10C00C000130CDF80530ADF8093002F0C5F88446A2
:10C01C000028AAD02E27EE468DF800707646BEE892
:10C02C000F00CCF80000CCF80410CCF80820CCF8A9
:10C03C000C308DF80170BEE80F00CCF81000CCF875
:10C04C001410CCF81820CCF81C302B6A1A0CADF854
:10C05C001A30ADF814200FCECCF82000CCF82410F8
:10C06C00CCF82820CCF82C300FCECCF83000CCF803
:10C07C003410CCF83820CCF83C30A46804F12800FB
:10C08C0002F05EF800283FF470AF04F50E7002F079
:10C09C0057F800283FF469AF206803681B6A09B0A1
:10C0AC00BDE8F040184700BF2DE9F041002694B0E0
:10C0BC00984603780192ADF814600B96002B41D191
:10C0CC000B780D4613F0700F3CD0137804461646CF
:10C0DC002F2B3BD0002728E0019E3678002E50D025
:10C0EC0001F02AF8034602AA294620462BB9B8F1DA
:10C0FC00000F27D0FFF722FF20B3A6460DF12C0C22
:10C10C00BEE80F00ACE80F00BEE80F00ACE80F0073
:10C11C00DEF8005020462378CCF800500BB1FFF726
:10C12C00F3FD019E0BAD2770A770314601AB02AA3F
:10C13C00204601F04DF9064602AA29460023204666
:10C14C00002EC9D1002014B0BDE8F0810136019653
:10C15C0033782F2BFAD0AD68242200210BA80BF0DA
:10C16C001FFD0D95EB79102B03D0202B0FD00C2B32
:10C17C00E8D120238DF82C3001230BAD8DF82E3017
:10C18C00A8E702AAFFF7DAFE14B0BDE8F08140235D
:10C19C00F0E700BF2DE9F041002594B098460378F4
:10C1AC0001920295ADF83850002B37D10B780E4622
:10C1BC0013F0700F32D01378044615462F2B31D064
:10C1CC0000271EE0019D2D78002D40D000F0B4FF1B
:10C1DC00A6460DF1080C08B366462578BEE80F009C
:10C1EC00ACE80F00BEE80F00ACE80F00DEF8003042
:10C1FC002046CCF800300DB1FFF786FD019D27706D
:10C20C00A770294601AB0BAA204601F0E1F80546C0
:10C21C000BAA314600232046002DD3D1002014B0A8
:10C22C00BDE8F0810135019529782F29FAD0A9B9FB
:10C23C00B568242220460BF0B3FCA560EB79102BDB
:10C24C0003D0202B22D00C2BE8D120221FE0434618
:10C25C000BAA00F071FF14B0BDE8F081B66824227F
:10C26C00002102A80BF09CFC0496F379102B03D050
:10C27C00202B03D00C2BD1D1202300E040238DF8B0
:10C28C000830012302AE8DF80A3099E740220123D1
:10C29C0022701846A370C2E719B101F58961FFF746
:10C2AC0079BF0846704700BFCB6870B50D46044691
:10C2BC0093B906780EB1184670BD8D6824223146AC
:10C2CC000BF06EFCA560EB79102B18D0202B10D046
:10C2DC000C2B14D0304670BD242200210BF060FCD6
:10C2EC0001201023A0702370D5E90223A2602362E1
:10C2FC0070BD4022012322701846A37070BD20220D
:10C30C00F8E700BF70B505780DB1002070BD0E4682
:10C31C000446242229460BF043FCA660F379102B2B
:10C32C000BD0202B03D00C2B07D0284670BD4022FD
:10C33C00012322701846A37070BD2022F8E700BFBD
:10C34C002DE9F04F2DED028B837883B00546DF0786
:10C35C0040F18C808846017892460E0700F191805E
:10C36C008C0608D583685A894369C3EB42139BB288
:10C37C009A4528BF9A46BAF1000F00F0AF806A695F
:10C38C0005F11003880656464FF0000908EE103AE6
:10C39C00AF68C2F3080B3DD5396A01EB5221BBF1F2
:10C3AC00000F51D1B6F5007F4ED37A6B91424BD032
:10C3BC00B6F5806FC0F082802878730A800605D4A9
:10C3CC003879A0EB0900834228BF034691424FEA1B
:10C3DC0043240CD8C818824209D207F12800CDE9B1
:10C3EC00001301F0ADFEDDE9001300283ED0F86A21
:10C3FC00026857694246B847002837D06A69361B2D
:10C40C00A04422446A6169D02978C2F3080BAF6852
:10C41C008806C1D497F8059009EA5229BBF1000FA0
:10C42C0036D1B9F1000F33D1002A33D14A064CBFB3
:10C43C003A6A2A6A2A61023AB8797969824049448F
:10C44C001144BBF1000FADD0CBF50074002207F105
:10C45C002800B44228BF344601F09EFE30B100EBF8
:10C46C000B012246404604F00DF8C7E76B784FF0FD
:10C47C00FF3043F002036B7003B0BDEC028BBDE8E0
:10C48C00F08FC36942699B1A9A4528BF9A4672E796
:10C49C002A69D0E70B0705D5AA78540602D52A6974
:10C4AC000132C7E718EE102A3846296901F014FB4F
:10C4BC000028DBDB0CD0AF682A69BCE7F86A42467F
:10C4CC0003681B6998470028D0D04FF4007495E797
:10C4DC002B7813F0700FC9D0AAEB060A504603B0A4
:10C4EC00BDEC028BBDE8F08F70B582B00122044622
:10C4FC000DF10701D0E90456FFF722FF01280CBF0C
:10C50C009DF807004FF0FF30C4E9045602B070BD2F
:10C51C00436913F4F07F30B5044683B0C3F343157D
:10C52C0009D0012907D120334361A068383000EBD2
:10C53C00451003B030BD01220DF107012046FFF775
:10C54C00FFFE40B2012803D163691F336361ECE73E
:10C55C000020EEE72DE9F04103789AB0002613F0A5
:10C56C00180F0896119606D0174683688A680446F9
:10C57C000D469A4203D000201AB0BDE8F081FFF7B7
:10C58C00C3FBA6460DF1440CBEE80F00ACE80F004F
:10C59C00BEE80F00ACE80F00DEF800303246A169AF
:10C5AC00CCF80030A36803F1280001F0F5FD002859
:10C5BC00E1D0A288EC4694F8008002F00F0200EB68
:10C5CC00421E5201DEF804108058DEF80C30DEF802
:10C5DC000820ACE80F00DEF81410DEF81820DEF8A6
:10C5EC001C30DEF81000ACE80F0018F008033A46D7
:10C5FC00294640F09B8008A8FFF756FD0028BAD0CA
:10C60C00109EBDF8243000250E990122A3809DF8C0
:10C61C002330A068E3700B9B2830A161E3608DF898
:10C62C0020508DF8225001F0B7FD0028A3D0A3882C
:10C63C0003F00F0300EB4310DDF80D30C0F80D30A4
:10C64C00DDF81130C0F81130DDF81530C0F81530B8
:10C65C00DDF81930C0F81930BDF81D30A0F81D30C8
:10C66C009DF81F30C3779DF80B30C372002E3BD062
:10C67C00A068B31E2A46817928308B4050F8141CD0
:10C68C00194401F089FD054600283FF474AF006A97
:10C69C006F46696AAA6AEB6A0FC7286B696BAA6B4B
:10C6AC00EB6B0FC73146A06801F038FA00283FF455
:10C6BC0062AFA068236A82792830023B50F8141CC0
:10C6CC0093400122194401F067FD064600283FF40F
:10C6DC0052AF6D460FCD30627162B262F3620FCD14
:10C6EC0030637163B263F36300210222082311A843
:10C6FC0019918DF846208DF8443000F0D3FE0028B7
:10C70C003FF439AFA46804F1280001F019FD0028AA
:10C71C003FF431AF04F50E7001F012FD00283FF428
:10C72C002AAF206803681B6A984725E740F6012367
:10C73C006046FFF72FFD00287FF463AF1BE700BFB7
:10C74C000378DA0601D400207047436930B50446FB
:10C75C0083B033B18378002223F02003C0E9042294
:10C76C00837000230FE06361A3686A0138339A5C1D
:10C77C0003EB4513EAB1E52A04D02E2A02D0DB7A6A
:10C78C001B0722D5636913F4F07FC3F3431503F140
:10C79C002003E8D101220DF107012046FFF7D0FD5F
:10C7AC0040B2012803D163691F336361DCE763780E
:10C7BC005BB9A3780822204643F002032270A370D1
:10C7CC0003B0BDE8304000F06DBE002003B030BDBA
:10C7DC002DE9F041037804460769002B39D00D464A
:10C7EC004169A94242D0002D37D018072AD5E269F9
:10C7FC00AA422ED3D4F808C06E1EA2789CF806006C
:10C80C0012F0400F00F10900C0B226FA00F630D148
:10C81C004A1EC24009B196422FD25B064CBFDCF8CF
:10C82C002030236A236104F1100806E02169013EDF
:10C83C00A06801F051F900280BDD4246002EF5D11D
:10C84C00A2780CE09A06D5D5A3685B89B5EB431F9B
:10C85C00F6D900202761BDE8F0818278056122F0CD
:10C86C00200201206561A270BDE8F0810120BDE8C5
:10C87C00F081236A33442361F1E7B61AD3E700BF92
:10C88C002DE9F0410E461546002124220446984617
:10C89C009DF818700BF084F9B068336A00F1380217
:10C8AC00A58005F00F0502EB4512C4E90203D17A0D
:10C8BC000B0711D401F017012170D37A13F0180F64
:10C8CC0002D141F00801217008F00303E770012B3D
:10C8DC0038D0022B06D0F3B1002318462370A37076
:10C8EC00BDE8F08103232178CD06F5D4CE07F3D42F
:10C8FC0008F0080118F4806F43EA0103A370416B40
:10C90C00958AA161518B41EA054112D019BB63F0A4
:10C91C007F03A37010E018F4806FDDD108F00803DA
:10C92C0043F00103A370416B938AA161518B41EADF
:10C93C0003412162D369E36118F4804F04D10120D3
:10C94C00BDE8F0810223CEE7E1692046FFF740FF06
:10C95C000028F4D1C0E701F0E1F80028BCD0A3789E
:10C96C00D5E700BF0378002B45D12DE9F0470B78B4
:10C97C0084B00C4613F0700F30D04B6913F01F05C8
:10C98C002CD106469046A94601220DF10F012046F6
:10C99C00C3F3431A5F09FFF7D3FC40B24FEA4A12C4
:10C9AC0001281BD16369A1681F3301F1380C636145
:10C9BC001CF802200CEB4A1C82B12E2A12D0A2F1D8
:10C9CC00E500B0FA80F0400960B99CF80B1011F04A
:10C9DC00080E12D00F2907D00546D5E7002004B069
:10C9EC00BDE8F0870025CFE75106CDD502F01F0535
:10C9FC009CF80D90C8E70020704785B10CF10A0136
:10CA0C0001E01CF8012F4FEACE13614543EA5E03A7
:10CA1C0052FA83F35FFA83FEF3D1CE45DED143465F
:10CA2C00BAB2214630460095FFF72AFFD7E700BF80
:10CA3C0003780BB1FFF768B9012070472DE9F04777
:10CA4C000E46017882B009079DF828709DF82C904D
:10CA5C009DF830A09DF8348018D5A2F2BC7294B227
:10CA6C007F2C13D85A1E01930B2A0FD87A1E1E2A1C
:10CA7C000CD8BAF13B0F98BFB9F1170F06D8B8F123
:10CA8C003B0F03D80546FFF73FF918B9002002B059
:10CA9C00BDE8F087A8680122A969283001F07CFB69
:10CAAC000028F3D0019B4FEA5802A98847EA4313A8
:10CABC00F70701F00F0142EA4A1243EA442300EB64
:10CACC0041109BB242EAC92248BF4382B40792B2DA
:10CADC0008D518F001080382C28118BF4FF0640812
:10CAEC0080F80D80710701D50383C282AC6804F114
:10CAFC00280001F025FB0028C8D004F50E7001F0C9
:10CB0C001FFB0028C2D0206803681B6A02B0BDE876
:10CB1C00F047184783789B0727D5036A10B504465E
:10CB2C0082B0ABB1016911BB019301621946A068D7
:10CB3C0000F0F4FFB0B1A378616963F07F03227851
:10CB4C00E161A37022B12046FFF7DEF802B010BD00
:10CB5C00012002B010BD6FF070422169A06800F096
:10CB6C00CDFF68B9002002B010BD00207047002333
:10CB7C0001AA8068019300F0AFFF0028F2DBEAD134
:10CB8C00019B002BD7D0D1E72DE9F04783780546E0
:10CB9C009C0777D588461907914600F1B5806B69DB
:10CBAC0013EB09026ED2B9F1000F40D04F464FF093
:10CBBC00000AA868C3F308062969447914EA5324C7
:10CBCC003FD1002E3DD100296ED0AA78520676D5E1
:10CBDC00EA699A4273D90131296102398279436930
:10CBEC0091401944B7F5007F53D3B7F5806F70D3DC
:10CBFC0003797A0A1B1B934228BF1346426B8A4265
:10CC0C004FEA432407D35E18B24204D24FF0FF32EE
:10CC1C0080F828A04263C06A42460668B66AB047EC
:10CC2C0080B36B693F1BA04423446B61C1D1EA699B
:10CC3C009A4276D2AA784846EB6162F07F03AB70D9
:10CC4C0025E0827902394369914019442144002E30
:10CC5C00C8D0C6F500740122BC4228BF3C4628301F
:10CC6C0001F09AFA70B1304426442246414603F052
:10CC7C0009FCB6F5007FA868D3D1283001F060FA22
:10CC8C000028CED16B78002043F001036B70BDE817
:10CC9C00F087C6F500746A69EB69BC4228BF3C4654
:10CCAC009A4205D30522DAE7296A21B3296194E770
:10CCBC00AB7813F0200F14BF05220122CFE705F14A
:10CCCC00100200F009FF0028DCDB24D0A8682969D9
:10CCDC0083E7436B8B4204D14FF0FF3380F828A0DD
:10CCEC004363C06A424603685B6A98470028C9D010
:10CCFC004FF4007495E72846FFF760F80028C1D080
:10CD0C002969A868296268E7C169FFF761FD0028F5
:10CD1C007FF445AFB6E72846FFF750F80028D5D189
:10CD2C00B0E7054B1B682BB1AB78484663F07F032B
:10CD3C00AB70ACE74846AAE7F4B200202DE9F04FFF
:10CD4C0084468DB01446156898460646894603AF4E
:10CD5C0001934FF0000EBCE80F000FC7BCE80F00AA
:10CD6C000FC7DCF8003065603B604346A4F80CE06C
:10CD7C00002B3FD04FF0010AA9EB0A0103A889B29E
:10CD8C004901FFF725FD50B3002103A8FFF7C0FBB5
:10CD9C00074620B300250DE001F03CFA80465846CA
:10CDAC0001F0FCFA8346404601F0F8FA834516D1AF
:10CDBC000D2D18D0EAB239463046013500F0FAFB99
:10CDCC00A38983462046002BE6D1D4E90132934255
:10CDDC00E2D1BBFA8BF040090DB0BDE8F08F00201A
:10CDEC000DB0BDE8F08F0AF1010A019B5FFA8AFAD7
:10CDFC005345C1D20120EFE72DE9F04F07468DB026
:10CE0C0016469A460DF10C0C02F1150402F12005A0
:10CE1C0001914FF000090FCFACE80F000FCFACE839
:10CE2C000F003B68CCF800304FEAC91314F8012FFF
:10CE3C0043EA5903A54252FA83F35FFA83F9F3D11B
:10CE4C0033684FF000087360A6F80C80BAF1000F3D
:10CE5C004ED00127019B03A8D91B89B24901FFF7CA
:10CE6C00B7FC002855D0002103A8FFF751FB002880
:10CE7C004FD0059A574500F1010B4FF0010492F881
:10CE8C0028304FF0000543F0010382F828304FF0B2
:10CE9C000F030CBF47F040023A46C3724FF0000339
:10CEAC00027003734FF0000380F80D90438306E08B
:10CEBC00ABF80000013401350BF1020BE4B2B08980
:10CECC0018B9D6E901239A4216D0304601F0A2F9DE
:10CEDC00042DEBB2ECD90A2B02D8ABF80300E9E72E
:10CEEC000D2CABF80500E5D10137FFB2BA45B1D234
:10CEFC0001200DB0BDE8F08FB8F1000F06D008F19D
:10CF0C0001084FF6FF705FFA88F8E1E74FF001086F
:10CF1C00DEE700200DB0BDE8F08F00BF02464FF0F9
:10CF2C00203152F8163B2DE9F043C0F81610864616
:10CF3C0084685160C2F807101A782E2A14BF012099
:10CF4C00002003D113F8012F2E2AFBD0611E994229
:10CF5C000BD90A4602E09342114606D01146013A1B
:10CF6C0091F800C0BCF12E0FF5D19C424FF000059A
:10CF7C0040F2868007260827A946A84606E001331A
:10CF8C000A264FF0080910279C425BD91A782E2AE2
:10CF9C0008BF9942F3D0222A0DD07C2A0BD0A2F1E3
:10CFAC005B0CBCF1020F06D9A2F12A0CBCF1050FE7
:10CFBC0021D82D2A1FD002F0C002802A5DD04E4508
:10CFCC002FD299422CBF002001200A2E08BF40F01E
:10CFDC000100002847D09EF81630202B40D09EF838
:10CFEC00143001207E21312273448EF8150099757E
:10CFFC00DA75BDE8F083A2F13A0CBCF1050FDAD971
:10D00C00A2F1210CBCF15D0FD5D84E45D9D3A2F1BC
:10D01C00610CBCF1190F28D8203A3D43D2B2EDB2C5
:10D02C0001E000205F2209F1010CF144013389F881
:10D03C0016205FFA8CF2062A914698BF8EF81420BF
:10D04C009C42A3D89EF81630202B09D00028C6D0BD
:10D05C0018EA050F18BF02258EF81550BDE8F083AD
:10D06C000020BDE8F0830B468EE7A2F1410CBCF129
:10D07C00190F98BF47EA0808D5E70133002083E76A
:10D08C00A846DFE72DE9F84F4FF0620900250F465F
:10D09C000446DFF8A0B04FF07E0A91F8148001F13D
:10D0AC001606B8F1030FDBF8003028BF4FF0030869
:10D0BC002B449DB208F10403DBB205F00F02581E9D
:10D0CC002D09092A02F1370198BF02F13001FA1833
:10D0DC00C3B291759845F0D107EB080300212046A7
:10D0EC0083F816A0FFF774FB01212046FFF710FA16
:10D0FC0003460B2230469BB193F800C01946BCF195
:10D10C00000F13D0DB7A1B07EED40AF09DFC00282D
:10D11C00EAD109F1FF3919F0FF09C2D1484603E001
:10D12C006078B0FA80F04009BDE8F88F0120BDE8C6
:10D13C00F88F00BFE0C400202DE9F04F2DED028BDD
:10D14C008BB0CDE902038B6807930B7813F0700F4B
:10D15C0053D0029B1B78002B4FD1136990469A4AEF
:10D16C000E460C33A2FB0323C3F3870298F8153049
:10D17C009807049200F0A780571CFFB2002330469A
:10D18C0019461C460693FFF723FB08F11603A3462A
:10D19C00A146A24608EE103A059475690021304666
:10D1AC00FFF7B6F9C5F34F15034620B30278E52A0D
:10D1BC0029D042B3BC4238BF00242E2A2BD090F881
:10D1CC000BC0BCF10F0F54D01CF0080C23D1B9F1DB
:10D1DC00000F40F0D5800B2218EE101A0AF034FC28
:10D1EC000028DAD198F8153013F0010300F0E48030
:10D1FC0001230593D1E7737883B100200BB0BDEC0C
:10D20C00028BBDE8F08F002C08BFAA46BC4201D2AD
:10D21C000134E4B212B14FF00009BEE7039B9A054A
:10D22C00EBD503F00303013B012BE6D8002C08BF20
:10D23C00AA46BC4203D348E0DCB2A74245D0002149
:10D24C003046FFF765F9631C0028F5D17378002B85
:10D25C00D3D1A74239D9079D05E02B7904EB0314F0
:10D26C00E4B2A74231D93046FEF7C2FD0028F4D112
:10D27C00C3E7B9F1000F19D102F01F0B04995945FE
:10D28C008BD112F0400988D0437B89460693BBF1C1
:10D29C00010F82D1691C4B464246304689B2FFF7DA
:10D2AC004DFD002808BF4FF0000976E70BF1FF3B5E
:10D2BC005FFA8BFB5A45AED1437B069A9342E6D07C
:10D2CC004FF0000969E7012758E7059B2BB1414650
:10D2DC003046FFF7D7FE00288FD0013F424630463C
:10D2EC00FBB20AEB03051F46ADB22946FFF784FDDE
:10D2FC00002882D069013046FFF76AFA00283FF413
:10D30C007CAF00213046FFF703F9044600283FF4B8
:10D31C0074AF202200210AF043FCD8F81620D8F86C
:10D32C001A302260636098F82030B8F81E20A3727F
:10D33C00228198F8153003F018032373234B1B68D4
:10D34C00002B3BD00DF123020DF1260109A89847C3
:10D35C00BDF824302382BDF82630E3819DF82330BC
:10D36C006373079A92F8283043F0010382F828304F
:10D37C00039B2A46314602980097FFF781FA3DE756
:10D38C00BBF1010F7FF439AF0A3001E013F8012F24
:10D39C004FEACC11984241EA5C0152FA81F25FFAF1
:10D3AC0082FCF3D1069B63457FF427AF4F46039B6A
:10D3BC0019053FF522AFDBE71F46F8E745F6214399
:10D3CC00238223836382CCE74FECC44EF4B200205B
:10D3DC002DE9F0411F460B7882B00C46202B1546E8
:10D3EC0003D114F8013F202BFBD02C60237863B3BE
:10D3FC002F2B2AD04FF00008294E211D204601AAC0
:10D40C0000F080FF044670B1019BB3F5803F40D221
:10D41C007F2B08F1010831D83C2BD9B229D821290E
:10D42C0005D81F2909D8002002B0BDE8F0812239A7
:10D43C00C9B226FA01F1CA07F5D42E2B01D0202B44
:10D44C001CD123780BB12F2BD7D12B69013BFE2B91
:10D45C00E9D82378202B03D114F8013F202BFBD0E3
:10D46C002F2BF9D028463C6002B0BDE8F041FFF705
:10D47C0055BD5C29D7D005D97C29D4D0C5F81080EE
:10D48C00AC60DEE73E390129F8D8002002B0BDE8D7
:10D49C00F08108F10208AC60C5F81080D1E700BF3C
:10D4AC0001210005F0B500238BB0019383789A0716
:10D4BC0024D5016A054619B1806800F02FFBE8B14C
:10D4CC0001212846FEF7D0FCC0B1421E00F10A0C27
:10D4DC000024E30112F8011F43EA5403944551FA66
:10D4EC0083F3DCB2F5D1E52600230670AF682B7010
:10D4FC0007F12800AB7000F023FE10B900200BB030
:10D50C00F0BD07F50E7000F01BFE0028F6D0386851
:10D51C0003681B6A98470028F0D0EB78002BEED0FC
:10D52C00294601A8FEF7C0FE0028E7D0EB78002BB7
:10D53C00E4D0012721E001A8FEF7EAFF7B1CF9B239
:10D54C000028DBD0C27A0F2AD8D102785FFA83FC8C
:10D55C009FB202F01F038B42D0D1437BA342CDD1AB
:10D56C000670A96891F8283043F0010381F828303F
:10D57C0053060DD4EB786345C0D3A98801A8C91B09
:10D58C0089B24901FFF724F900210028D3D1B5E76E
:10D59C00AC6804F1280000F0D3FD0028AED004F5EF
:10D5AC000E7000F0CDFD0028A8D0206803681B6A1F
:10D5BC009847A4E7042A04D801EB4202B2F8010010
:10D5CC0070470A2A03D801EB4202908870470C2A54
:10D5DC0003D801EB4201C88870470020704700BF98
:10D5EC00F8B504780E467CB114F06004174607D0E9
:10D5FC00012A09D92F22002301200A704B70F8BD93
:10D60C002146FEF731FC18B9002318463370F8BDDB
:10D61C000346A446082111E0027B114203D00EF10F
:10D62C00200E5FFA8EFE651CBD42EDD20CF1010C92
:10D63C0006F804E0ECB2BCF10C0F10D0BCF1080FF2
:10D64C0011D013F801EBAEF14102192AE4D9BEF165
:10D65C00200FE8D10CF1010CBCF10C0FEED1002322
:10D66C0020463355F8BD1A78202AF8D010214FF0F7
:10D67C002E0ED8E72DE9F04F00248BB003788946A5
:10D68C000194002B55D0C3780646002B58D0014688
:10D69C0001A89046FEF708FE00284AD0F078002832
:10D6AC0043D008F1FF38CB464FF0010AC844B1888B
:10D6BC0001A8A1EB0A0189B24901FFF789F8C0B3AF
:10D6CC00002101A8FEF724FF98B3C37A0F2B30D1A9
:10D6DC0003785FFA8AF103F01F038B4229D1471CB0
:10D6EC000025042DEBB23FD83B8874BB03F52051C9
:10D6FC0089B2B1F5006F3ED3A3B1184659464246E4
:10D70C0000F0AEFD8346A0B10024013502370D2D8B
:10D71C00E7D10AF1010AF1785FFA8AF31FFA8AFA63
:10D72C009942C4D2ABEB0900D946002389F80030EA
:10D73C0003E00023184689F800300BB0BDE8F08FE9
:10D74C00FFF74EFF0BB0BDE8F08F03F5105189B217
:10D75C00B1F5806FEDD20A4AC3F3090302EA8420C3
:10D76C00184300F58030C9E70A2B94BFB7F8033093
:10D77C00B7F80530B9E7B1F5806FDAD21C46C4E7CB
:10D78C0000FC0F00FFF776BF2DE9F843DDE90887B1
:10D79C00C3B181460C4615465E1802E0C047B44240
:10D7AC0010D0D9F8003021462A4648461B699847C4
:10D7BC0003463A46204629460134002BEED1184642
:10D7CC00BDE8F88301231846BDE8F88310B414684B
:10D7DC00B4F5807FA44628BF4FF4807C01EB4C004D
:10D7EC00814207D231F8023B13B9536801335360BD
:10D7FC008842F7D8A4EB0C0414605DF8044B704716
:10D80C0010B41468802CA44628BF4FF0800C01EB98
:10D81C008C00814207D251F8043B13B95368013391
:10D82C0053608842F7D8A4EB0C0414605DF8044BE9
:10D83C00704700BF2DE9F843C37904460D461746DF
:10D84C00202B59D0102B30D00C2B51D1027AC1F394
:10D85C004E01836900F50E7911FA85F1A2F10202ED
:10D86C0048468EB2B2FA82F2C1F34621520901EB5C
:10D87C0003085200414600F08FFC002838D0C6F354
:10D88C000806731C865DB3F5007F23D0184403781B
:10D89C00EA07E26946EA03234CBF1B09C3F30B03F7
:10D8AC009A4240D20020BDE8F883027AC1F30721E6
:10D8BC00836900F50E70A2F102021944B2FA82F2E9
:10D8CC005209520000F068FC90B16D0005F4FF7530
:10D8DC00435B25E0227A08F101014846A2F10202DD
:10D8EC00B2FA82F25209520000F056FC0028CED156
:10D8FC004FF0FF30BDE8F883027A816900F50E70B5
:10D90C00A2F1020201EBD511B2FA82F252095200D5
:10D91C0000F042FC0028EBD0AD0005F4FE75435935
:10D92C00E2699A42BED301203B60BDE8F88300BF98
:10D93C002DE9F843C37905460C461646202B48D0F2
:10D94C00102B2DD00C2B41D1C1F34E01836900F566
:10D95C000E7911FA84F11FFA81F8C1F34621CF1820
:10D96C00037A4846022B394614BF0122032200F0E9
:10D97C0013FC58B314F00104C8F308033FD0C25C85
:10D98C0002F00F0242EA0612C2540133B3F5007FD3
:10D99C003AD0C6F30712034401201A70BDE8F8838D
:10D9AC00027AC1F30721836900F50E70022A19442B
:10D9BC0014BF0122032200F0EFFB034630B16400D8
:10D9CC00012004F4FF741E53BDE8F8830020BDE869
:10D9DC00F883037A816900F50E70022B01EBD411E8
:10D9EC0014BF0122032200F0D7FB03460028EDD020
:10D9FC00A400012004F4FE741E51BDE8F883C65443
:10DA0C000133B3F5007F15D12B7A791C4846022BD4
:10DA1C0014BF0122032200F0BFFB03460028D5D01F
:10DA2C00C6F30712002CB7D1197821F00F0141EA87
:10DA3C001212B1E7C6F307120344F5E72DE9F041E2
:10DA4C00C46882B005460E468C42904640D30127EE
:10DA5C000134EB6901AA2846A34205D29FBBEC68AE
:10DA6C0001273C44A3422ED3A64218BF012C2146C9
:10DA7C0029D9FFF7DFFE002825DBE9D0019B002B1D
:10DA8C00E6D107B1EC60EB69A3421CD36FF0704296
:10DA9C0021462846FFF74CFF0746A0B13EB96B6AFA
:10DAAC00002B01DB013B6B62C8F800400CE0012E3F
:10DABC0009D0EB699E4206D8314622462846FFF72C
:10DACC0037FF0028EBD10027384602B0BDE8F081C3
:10DADC000C460027BCE700BF01290CD910B4C4695F
:10DAEC008C4203D35DF8044BFFF7A4BE4FF0FF301C
:10DAFC005DF8044B70474FF0FF30704701290BD98C
:10DB0C0010B4C4698C4203D35DF8044BFFF710BF0B
:10DB1C0000205DF8044B70470020704770B5054637
:10DB2C0082B00C461DE0EB699C421FD8FFF782FEC9
:10DB3C00064621460022002E284617DBEB699C4244
:10DB4C0014D8FFF7F5FE621E80B16B6A002B03F14F
:10DB5C000103A8BF6B62EB68A342019C88BFEA601B
:10DB6C002EB1012C214601AA2846DCD8002002B097
:10DB7C0070BD00BF2DE9F0470646406A84B000280E
:10DB8C001BDAF2790C2A1BD1F7697B1C022B40F2B1
:10DB9C00CD8002240025214602AA3046FFF74AFE1A
:10DBAC00002804F1010306DB57D1A7421C465CD0C8
:10DBBC00F2699342EFD94FF0FF3004B0BDE8F08723
:10DBCC00F169002096F8383201313469DB07CDE970
:10DBDC00021000F1858000214FF0FF33202A06F55A
:10DBEC00127786F83812C6F8443242D0D6F8008044
:10DBFC004F4BD8F80020D6F818A095699D4278D1E3
:10DC0C00002C00F082800AEB0409136951463A4655
:10DC1C00404698470028CED00299B1F5807F8E46B9
:10DC2C0028BF4FF4807E07EB4E0CBC450BD9039DEF
:10DC3C003B46002233F8024B0CB9013502469C4599
:10DC4C00F8D802B103950AF1010AA1EB0E01D145F6
:10DC5C0002915AD0D8F80020D7E7029A002AA4D112
:10DC6C00A74205F101051C46A2D1284604B0BDE827
:10DC7C00F087D6F800A02E4BDAF80020D6F81890D2
:10DC8C0095699D4246D1002C3FD009EB04081369DD
:10DC9C0049463A465046984700288CD0DDF808C0D3
:10DCAC00BCF1800FE64628BF4FF0800E07EB8E02CA
:10DCBC00BA420BD9039D3B46002153F8044B0CB9D7
:10DCCC00013501469A42F8D801B1039509F10109D1
:10DCDC00ACEB0E03C845029317D0DAF80020D6E758
:10DCEC0006F50E7000F02CFA00283FF464AFF279C0
:10DCFC0071E7234602AC3A465146019440460D4C1E
:10DD0C000094A84700283FF456AF0398706204B003
:10DD1C00BDE8F087234602AC3A464946019450468A
:10DD2C00054C0094A8470028EFD144E7002044E7B5
:10DD3C00C9B700000DB8000041B8000070B5002351
:10DD4C000446154601204FF0FF3204F128062160ED
:10DD5C00E371E060E162C4F83C1284F8283084F886
:10DD6C0038326263C4F84422CDB1042D01D90020AD
:10DD7C0070BD1A461946304600F00EFA6FF070432B
:10DD8C0000F5DF722B441D0102EB03130028EED0CB
:10DD9C0019790029EBD0525D5206E8D19D6800221A
:10DDAC002946304600F0F8F90028E0D0B0F80B30E6
:10DDBC00B3F5007FDBD1037C5A1E2372012AD6D81F
:10DDCC00417B4B1E0129217163714FF00003A3713C
:10DDDC0044D0012252000133D2B2DBB2914204D0C2
:10DDEC00082BF7D10020A37170BD1E46A371C18A08
:10DDFC00216109B9416A2161C289B0F811302A4404
:10DE0C0063815B01A26190F810C003F2FF1301FB68
:10DE1C000C2202EB53232262B0F81320636102B987
:10DE2C00026AED1AAB18F3405A1CE2614FF0FF3254
:10DE3C00626240F6F47293420CD94FF6F47293423C
:10DE4C000AD9C26A202322620120E3712163C4F83B
:10DE5C00401270BD0C23F7E71023F5E71E46C6E70A
:10DE6C00F8B500268F6B0D460446C0E90E669FB1CF
:10DE7C000146242000F0DCF8068086708446AD6BE9
:10DE8C00A0630FCDACE80F000FCDACE80F002B68F2
:10DE9C00CCF800302046F8BDCB6B002BFAD00146F5
:10DEAC00382000F0C5F880F8317047860246EB6BDD
:10DEBC00E06303F130071E68103353F80C5C10322A
:10DECC0053F8080C53F8041CBB4242F8106C42F88F
:10DEDC000C5C42F8080C42F8041CECD11B68204680
:10DEEC001360F8BD10B50446806B10B1FDF7CCFF84
:10DEFC0030B9E06B10B1FCF715FA20B9002010BD59
:10DF0C000023A36310BD0023E36310BD002952D08E
:10DF1C002DE9F0410446806B0D4617461E4610B1A4
:10DF2C00FDF7B2FFA0BBE06B10B1FCF7FBF9B8BB7F
:10DF3C00D5F88084B8F1000F11D02146242000F0D0
:10DF4C0077F8334600263A4606808670A063D5F8EB
:10DF5C008014FEF7A1F958BBA063BDE8F081D5F899
:10DF6C00843493B12146382000F062F8334680F8AF
:10DF7C0031803A46A0F83280E063D5F88414FCF77F
:10DF8C0005FEA8B9E063BDE8F0810020BDE8F08192
:10DF9C000023D5F88084A363B8F1000FCDD1DEE760
:10DFAC000023D5F88084E363B8F1000FC5D1D6E720
:10DFBC000120BDE8F0810020704700BFF8B5044691
:10DFCC00806B0D46174610B1FDF75EFF38BBE06B5A
:10DFDC0010B1FCF7A7F938BBAE6B76B12146242003
:10DFEC0000F026F800213A4601808170A063A96BED
:10DFFC00FEF7B8FC88B9A063F8BDE86B0028FBD02D
:10E00C002146382000F014F83A4680F831604686F4
:10E01C00E063E96BFCF7C2FD20B10120F8BD0023E1
:10E02C00A363D9E7E063F8BD0023E363D4E700BF43
:10E03C00084670472DE9F041002604469846C0F882
:10E04C008814C0F8806401464FF490601746FFF7BF
:10E05C00EFFF424680F84464054680F87964A0F8E6
:10E06C007A64C4F88404D4F88814FDF7D1FDA0BBFD
:10E07C000026214640F26C40C4F88464FFF7D8FFB8
:10E08C000223C6714246A0F84864054680F84A64EB
:10E09C000372C4F88004D4F88814FFF74FFE38B923
:10E0AC0000231A4A18461360C4F88034BDE8F08186
:10E0BC0005F589663046FDF7E7FE29463046FEF742
:10E0CC0021F90028ECD0124B1A68AAB91D600F4B2D
:10E0DC00AFB101201C60BDE8F08105F589663046C2
:10E0EC00FCF720F929463046FCF74AF90028BFD046
:10E0FC00084B1A68002AE9D0044B002FE9D11A68A2
:10E10C00002AE6D00120BDE8F08100BF90B30020CA
:10E11C0094B30020FCB2002070B500254FF47A7641
:10E12C000446456005738660C0E91255034D40F8FE
:10E13C00105BFFF7EBFE204670BD00BF301B0020CC
:10E14C0030B5037883B0DC071DD50446406804F174
:10E15C0010020368E16801925B6A9847019A0546D0
:10E16C00A8B12378990708D56068D4E9023119441D
:10E17C0003685B6A984750B1237823F00103284663
:10E18C00237003B030BD0125284603B030BD0025F7
:10E19C00284603B030BD00BFF8B543680BB3C36865
:10E1AC0004460F4615468B4206D110F8103B05F07D
:10E1BC0003052B432370F8BDFFF7C2FF88B16B0733
:10E1CC0005D504F1100630460023E760EFE76068E0
:10E1DC0004F110063946036832461B69984700283B
:10E1EC00F1D10020F8BD00BF4FF0000C024B82F8BB
:10E1FC0000C01B68184700BFF8B20020024A034950
:10E20C00034B116018607047F4B2002029C2000063
:10E21C00F8B2002010B50446808982B018B10023F2
:10E22C00A38102B010BDD4E901318B42F9D201AA0D
:10E23C00184600F067F880B1019B6060B3F5803F31
:10E24C0001D298B2EDE7980AC3F30903A0F5215067
:10E25C00A3F5105380B2A381E3E74FF6FF70E0E71C
:10E26C007F28A2EB010205D812B10A4602F8010B75
:10E27C0010467047B0F5006F0FD2012A40D94FEA13
:10E28C00901C00F03F030A466CF03F0063F07F03E4
:10E29C0002F8020B10464B707047B0F5803F16D257
:10E2AC00022A2DD9C0F3851C00F03F03CA1C63F071
:10E2BC007F0300B54FEA103E6CF07F008B706EF060
:10E2CC001F0E4870104681F800E05DF804FB032A2D
:10E2DC0016D94FEA904CC0F30532C0F3851300F009
:10E2EC003F0062F07F026CF00F0C63F07F0360F074
:10E2FC007F004A700A1DC87081F800C08B70B7E7A8
:10E30C000022B5E788423DD2034610B490F90000D4
:10E31C001C7800282DDA04F0E000C02834D004F07A
:10E32C00F000E02834D004F0F800F02826D104F0F6
:10E33C00070404201844884220D8013313F8011B29
:10E34C0001F0C00C01F03F01BCF1800F41EA8414D4
:10E35C0014D18342F2D1A4F180010F4B99420DD814
:10E36C00A4F55843B3F5006F08D314605DF8044B63
:10E37C007047581C14605DF8044B704700205DF822
:10E38C00044B70470020704704F01F040220D1E7B3
:10E39C0004F00F040320CDE77FFF10007E283ED948
:10E3AC004FF0350C002330B4284C04E034F8212015
:10E3BC00824220D80B46ACEB0302012A03EB52013C
:10E3CC00F4D89BB234F82320904216D24B2400236D
:10E3DC001F4D04E035F8212082421ED80B46E21A6C
:10E3EC00012A03EB5201F5D89BB235F82320824267
:10E3FC001FD030BC70478C46DDE704EB8304821AD7
:10E40C00E3789A42E2DA94F90230012B16D0D3B1B8
:10E41C009BB2034430BC98B270470C46DFE7A0F1C6
:10E42C006103192B8CBF00230123A0EB431398B27B
:10E43C00704705EB8305688830BC704702F0010219
:10E44C00831A98B2D5E74EF2A033E2E724060020F7
:10E45C0098040020704700BF30B583B005460C46C9
:10E46C0002F04EFB1C4B984204D800232B802380D7
:10E47C0003B030BD694601F0E3F89DF805309DF816
:10E48C00062001339DF80410503ADBB292B21F29DA
:10E49C0098BF0C2B01D87F2A18D900219DF8022097
:10E4AC009DF801302980172A98BF3B2B9DF800104E
:10E4BC0001D83B2903D90023238003B030BD5B0175
:10E4CC0043EAC22343EA51039BB2F5E741EA431105
:10E4DC0041EA422189B2E1E7FFA5CE12012BF0B54A
:10E4EC00054695B03DD0022B40F2022001F104010B
:10E4FC000CBF034600236846FFF70EFE129B002B51
:10E50C0038D05C20002602F057F8214B04AF0446AB
:10E51C00C0E90036019B3946183040F80C3C1D4BC5
:10E52C0040F8103C029B40F8083C9DF80C3000F879
:10E53C00043CFFF795FC184B4FF47A72A665A36068
:10E54C00164B6E602B6063682E730133AA602C61CE
:10E55C006360134B38460093FFF7C4FC284615B094
:10E56C00F0BD44F2022304316846FFF7D5FD129B3F
:10E57C00002BC6D1139B002BC3D14FF47A71074AE1
:10E58C0004AF2B732A602B61C5E90131E1E700BFB1
:10E59C00541B0020B01B0020301B0020041B00204B
:10E5AC00001A002010B5D0F884448EB00A4644B14D
:10E5BC000023214668460093FDF76EFE80B90EB02D
:10E5CC0010BDD0F8881441B1234668460C94FCF772
:10E5DC00DDFA50B900200EB010BD08460EB010BDCB
:10E5EC006846FEF7ADF80EB010BD6846FCF78CFB24
:10E5FC000028EFD0E3E700BF70B5D0F884548EB09C
:10E60C0016465DB105F5896500230A46684629461C
:10E61C000093FDF7BFFD90B90EB070BDD0F8880423
:10E62C000028F9D000F589640A462B466846214635
:10E63C000C95FCF72FFA48B900200EB070BD32468D
:10E64C0029466846FDF786FF0EB070BD324621465E
:10E65C006846FCF7ADFC0028EED0DDE710B5D0F82D
:10E66C0084448EB00A464CB1002001232146009010
:10E67C006846FDF711FE80B90EB010BDD0F88814B5
:10E68C0041B1012368460C94FCF780FA50B9002084
:10E69C000EB010BD08460EB010BD6846FEF702FF66
:10E6AC000EB010BD6846FCF7D5FA0028EFD0E3E7B2
:10E6BC0030B5D0F884448FB00A464CB10025012304
:10E6CC0004F5896168460095FDF7EEFC0FB030BD8E
:10E6DC00D0F888040028F9D000F589610123684638
:10E6EC000C94FCF7E7FC0FB030BD00BF10B5D0F8B0
:10E6FC0084448EB00A463CB1002321466846009300
:10E70C00FDF7CAFD0EB010BDD0F8881431B1234608
:10E71C0068460C94FCF73AFA0EB010BD08460EB0E1
:10E72C0010BD00BFF8B5054690F8D00408B90146F5
:10E73C00F8BDD5F88434002B4CD0DC69D5F89004A6
:10E74C00013C002854D00368DB6B9847E0B1D5F846
:10E75C00900478B303681B6C9847A8B9D5F890045B
:10E76C0040B3036801215B6C9847074610B3D5F89A
:10E77C00840458BBD5F8886433466EB9D5F8900438
:10E78C0090B900200146D3E7D5F88404E8B9D5F850
:10E79C008834002BF5D007461846FDF703FA0646D9
:10E7AC003FB1D5F8900428B1036800215B6C984701
:10E7BC0000B1A41BD5F88434FBB19B794FF40071E4
:10E7CC00994089B2A1FB0401F8BD0027FFF7D2F9EB
:10E7DC000646E5E7D5F88834D5F89004B3B1D3F8FC
:10E7EC0030440028AFD11846FDF7DCF90646E0E7C7
:10E7FC001846FFF7BFF90646DBE7D5F88864002E0C
:10E80C00BFD0D6F83C14A1FB0401F8BD0028B8D049
:10E81C001C4698E790F8D03463B1D0F8843463B1D7
:10E82C009A794FF40070D9699040013980B2A0FBFD
:10E83C0001017047184601467047D0F8880400283B
:10E84C00F9D0D0F83C14D0F83004A1FB000170478B
:10E85C002DE9F043D0F890548DB04DB198462B680B
:10E86C0004462846DB699847B0F5405F064604D855
:10E87C00002630460DB0BDE8F0834FF4007007F071
:10E88C0053FA07460028F3D00DF10409B6F1806F56
:10E89C0002464346294648462ED903F025FF064634
:10E8AC00384607F049FA002EE2D02B682846271D7F
:10E8BC001B6A984794F8C034FF2B21D0D4F8C43489
:10E8CC0004F5946502932846D4F8C8340393B4F83D
:10E8DC00C034ADF8043099E80E0005F037FB94F81D
:10E8EC00B134C4F89054002BC3D1012329463846C7
:10E8FC001A46FFF79FFBBCE704F01CFC0646CFE76B
:10E90C0004F2944594F8CC14284606F067F928468E
:10E91C00C4F8905405F0C4FB0028AAD10123D4F804
:10E92C00901438461A46FFF785FBA2E7F0B5D0F8ED
:10E93C00906485B00446002E42D090F8D05490F8E4
:10E94C00D13485B1FE2B63D094F8D20436283DD94E
:10E95C003368694630469B6C98470546284684F8D0
:10E96C00D05405B0F0BDFE2B26D090F8D20436283A
:10E97C0049D994F8C034271DFF2B2DD0D4F8C434BA
:10E98C0004F59466D4F8C82401933046B4F8C03426
:10E99C000292ADF800306B460ECB05F0D7FA94F826
:10E9AC00B134C4F8906463B90123314638461A4631
:10E9BC00FFF740FB054604E01F4B9B689B03D8D434
:10E9CC000025284684F8D05405B0F0BD01F0FCFABF
:10E9DC00051E18BF0125F4E704F2944694F8CC14F4
:10E9EC00304606F0FBF83046C4F8906405F058FB4E
:10E9FC000028E6D10123D4F8901438461A46FFF7C4
:10EA0C0019FB0546DDE701F0DFFA0028B1D1D7E7A5
:10EA1C00336830465B6D9847421C034694D00028FF
:10EA2C00CFD194F8D124FE2ACAD103212E201D4621
:10EA3C0001F0DCFAC5E700BF00800042F0B50D46DE
:10EA4C00044685B03048FFF7D9FBFE2D84F8D1542D
:10EA5C0026D0362D02D9002005B0F0BD00262B4B58
:10EA6C0004F594678DF80450C4F8C4348DF805602F
:10EA7C00384684F8C05484F8C164C4F8C864CDE93D
:10EA8C00023604AB13E90E0005F060FA94F8B134C9
:10EA9C00C4F8907483B3304684F8D00405B0F0BD4C
:10EAAC0004F294450023FF221946284684F8CC34FE
:10EABC0084F8C02406F092F82846C4F8905405F067
:10EACC00EFFA70B90123D4F89014201D1A46FFF701
:10EADC00B1FA30B101222E2384F8D02484F8D23438
:10EAEC00BAE72E200025032184F8D20484F8D054F0
:10EAFC0001F07CFA2846AFE701233946201D1A465F
:10EB0C00FFF798FAC8E700BF99C4000040787D0170
:10EB1C0018484FF0290C184A0023184910B4C0F8B3
:10EB2C009424072280F8B1C44FF0FF0CC0F8A8144D
:10EB3C004FF47F41124CC0F8AC24124AA0F8D01408
:10EB4C00A0F89C3480F8B53480F8CC3480F8D2C46A
:10EB5C000460C0F8A0240C490C4A5DF8044BC0F8C2
:10EB6C008434C0F88834C0F8903480F8BC3403F096
:10EB7C00B1BA00BF88AC0020141C002000093D0075
:10EB8C00E41B00203C1A002095C400002C930020AC
:10EB9C0001207047B0F84630B0F848209BB292B2D2
:10EBAC00934202D2013AD01A7047416B01390A44A0
:10EBBC00D01A7047016972B6B0F84A20B0F84C30E0
:10EBCC0092B29BB29A423CBF806B1218C86AD31A9D
:10EBDC0062B6C0F302601844704700BFB0F84A1028
:10EBEC000246B0F84C3089B29BB2994210B4046919
:10EBFC0014D00133906B116B984298BF002399424B
:10EC0C0006D85B1A526AD05CC0B25DF8044B7047F0
:10EC1C00126A5DF8044BD05CC0B2704772B6B0F8A3
:10EC2C004A0080B2814201D062B6E2E7E36A13F097
:10EC3C00E06F03D14FF0FF3062B6E6E7E3690120E5
:10EC4C000024116AA2F84A00C3F30900DBB2A2F84F
:10EC5C004C404B70F0E700BFB0F84A100246B0F8D9
:10EC6C004C3089B29BB2994230B4046925D001333F
:10EC7C00946B9C4216D9106B1FFA83FC984217D9DF
:10EC8C00106AC05CC0B2956DA2F84CC045B19942F7
:10EC9C001CD3CB1AD16B994202D3D36DC5F88830F3
:10ECAC0030BC70474FF0000C106B63469842E7D8AD
:10ECBC00181A556A285CC0B2E5E7084672B6B2F875
:10ECCC004A1089B2884204D062B6D0E70C44E31AE9
:10ECDC00E0E7E36A13F0E06F03D14FF0FF3062B668
:10ECEC00DEE7E069C0F30900F9E700BF90F84430B3
:10ECFC0043B110B5044603F097F894F84430002B58
:10ED0C00F9D110BD704700BF38B5D0E90453D3E931
:10ED1C0003120968114228D090F84420044632B1FD
:10ED2C0003F082F894F84430002BF9D16369002188
:10ED3C000E4AA961207E03EB0010007D02EB00104F
:10ED4C00456805202860657E03EB051393F8343085
:10ED5C0002EB0312A36D52681060A4F84A10A4F8D9
:10ED6C004C1013B1E26DC3F8842038BDF08A00203A
:10ED7C0007EE901A9FED9A7A0421B6EE005AF8EE3F
:10ED8C00677A9FED986A41F6FF7CC7EE275A2DE90A
:10ED9C00F0478E460569012407EE901AF8EEE77AE3
:10EDAC0085EEA77A77EE057AFDEEE77A17EE903AC4
:10EDBC006345A8BF6346012BB8BF012307EE903A09
:10EDCC00F8EEE76A76EEC76AC6EE877AF5EEC07A99
:10EDDC00F1EE10FA48BFF1EE677AF4EEC67AF1EE76
:10EDEC0010FA03D8B0EE676A8E461C460131212911
:10EDFC00D2D10021436902F40076A0F84A10B3F88E
:10EE0C005AC08E42A0F84C10B3F85860A0F84610C7
:10EE1C00A0F8481080F84410816BDF68A1EB06065F
:10EE2C00A1EB0C01C0E90F6139681E6941EA0601CA
:10EE3C00396014BF01210021817640F0AC80017E45
:10EE4C00694E03EB0118DFF8C09198F81470D8F8EC
:10EE5C001CA006EB0717B968C1F800907968D8F8C0
:10EE6C0018700F60BAF1000F03D0D8F82010CAF850
:10EE7C000010477ED92103EB071898F834C006EB35
:10EE8C000C1CDCF808703960DCF80410D8F8387009
:10EE9C000F60417E03EB0111CF6B0FB1096C396030
:10EEAC000EF1FF31BEF1080F4FEA0161CCBF4FF0FC
:10EEBC00000E4FF0010E01F0F85144EA4E4421438C
:10EECC005C682961597801F110030021E960474918
:10EEDC0041F8234041694FF0010E454C02F0030C00
:10EEEC004F7891F85610434B39554FF0021744693F
:10EEFC00617803EB511301F01F019B000EFA01F135
:10EF0C001960EF62AB6A43F08803AB6253073ED4DF
:10EF1C004CF4701302F00F01042908BF43F0804336
:10EF2C0097062ED5817E43F0805300293AD11607DF
:10EF3C00AB6103D52B6943F000532B616B69D10690
:10EF4C0023F0805348BF43F080536B61D30503D546
:10EF5C002B6943F400532B61A36883B1264E34789C
:10EF6C00002C3AD0611E254DC9B22B1F05EB810137
:10EF7C0001E0994225D053F8042F9042F9D1BDE815
:10EF8C00F087817E0029D2D043F0A003CFE71C4B41
:10EF9C004CEA0303BEE7477E4FF2D901124E03EB56
:10EFAC0007186AE7417E43F0A00304EB011191F8C6
:10EFBC00341006EB0116B668316821F4404131601B
:10EFCC00B5E7631CDBB20F4A3370137845F82400A5
:10EFDC0043F002031370BDE8F0870123074DF2E7FD
:10EFEC00001BB74BEC78AD60F08A0020009C002031
:10EFFC0000E400E04038003817C5002070B3002052
:10F00C0010003C002FC5002038F00100EFF31380F6
:10F01C00B8B9EFF310834BB9EFF305823AB94FF45B
:10F02C008073EFF3118050B1984208D270470F2AC9
:10F03C00F7D9054B9B5CEFF311800028F4D11846EF
:10F04C0070474FF0FF30F1E7F0E300E010B441629D
:10F05C0099B1036B1A44446900218263B4F85830A7
:10F06C00B4F85A40D31AA0F84A10121BA0F84C104E
:10F07C005DF8044BC0E90F327047026BEBE700BF41
:10F08C00816241B1C36A1A4400234263A0F846303E
:10F09C00A0F848307047C26AF6E700BF036D2DE94F
:10F0AC00F04104460F46066913B1426DC3F8842043
:10F0BC00A37E2BB172B6B36943F00053B36162B651
:10F0CC00B4F84650636BADB20135AB424CD84FF03F
:10F0DC0000084546B4F848309BB29D4219D028E050
:10F0EC0073691B0210D5B4F84830626B9BB20133C4
:10F0FC009A4236D99AB2E16A99422DD9E169CB5C30
:10F10C00DBB2F361A4F84820B4F848309BB2AB42B0
:10F11C000FD1FFF77BFF6369B3F856308342DFDA18
:10F12C00FF28F1DD02F080FEB4F848309BB2AB4210
:10F13C00EFD0E36AAB421AD9FFB2E3695F5572B6FE
:10F14C00012084F84400A4F84680B36943F400031A
:10F15C00B36162B6BDE8F0815B1AA16ACB5CDBB22D
:10F16C00CFE700221346C6E71FFA85F8B2E7ED1A7F
:10F17C00FFB2A36A5F55E2E7FFF790BF02695369DC
:10F18C0013F4401F70B543D0D36A13F0E06FC3F390
:10F19C00026E3AD0B0F84A50B0F84C60ADB2B6B28C
:10F1AC0007E0016A01F803C00EF1FF3313F0FF0E04
:10F1BC001DD0D1696B1C846BB0F84CC0C1F3090134
:10F1CC009C4298BF00231FFA8CFC9C45ECD0046B2E
:10F1DC005FFA81FC1D469C42A3EB0404E1D8436A10
:10F1EC0003F804C00EF1FF3313F0FF0EE1D1ABB204
:10F1FC00A0F84A30836D43B1B54254D3AD1B016CBA
:10F20C00A94202D8C16DC3F884105369D90245D400
:10F21C009669330228D553691D0225D5B0F846509E
:10F22C00B0F84830ADB29BB206E0C169C95CC9B256
:10F23C00D161D16A4C0512D4AB4238D0446B013346
:10F24C00C16A9C4298BF00239942A3EB0104ECD8FD
:10F25C00816A095DC9B2D161D16A4C05ECD599B20C
:10F26C00AB42A0F8481025D0710216D553695B0249
:10F27C0013D50021036D80F8441013B1416DC3F810
:10F28C008810837E2BB172B6936923F0005393617F
:10F29C0062B6936923F48003936170BD536943F4A0
:10F2AC0080135361B4E7816B891B0D44A7E79BB2B4
:10F2BC00A0F84830936923F400039361936943F4F5
:10F2CC0080039361D0E700BF0148FFF757BF00BF31
:10F2DC00409100200148FFF751BF00BFA0910020D2
:10F2EC000148FFF74BBF00BF00920020012A70B508
:10F2FC0008BF0A228AB091B34FF0210E01E05FFAE9
:10F30C0086FE0EF1FF36B1FBF2F502FB15145FFA27
:10F31C0084FC092C0CF137040CF1300C98BF5FFA0B
:10F32C008CF40EF1280C88BFE4B29142EC442946CF
:10F33C000CF8244CE3D24BB10EF1FF3E2D225FFAB8
:10F34C008EFE0EF128036B4403F8242C036801A9EC
:10F35C00CEF122025B68714498470AB070BD30222E
:10F36C004FF0210E8DF82520E5E700BF2DE9F04187
:10F37C000C46D1B1EAB180468E1800250E4F04E040
:10F38C0002F0BEFCB44205440CD0D8F8003014F89E
:10F39C00010B1B68BB42F3D0014640469847B44270
:10F3AC000544F2D12846BDE8F0810D462846BDE85B
:10F3BC00F0811546F6E700BFBD6200002DE9F04173
:10F3CC008C688AB0DCB10025884606462F462B4651
:10F3DC00212201A9404600F033FB202C2246336841
:10F3EC0028BF202201A930465B68A41A154498470F
:10F3FC000744002CEBD138460AB0BDE8F081274613
:10F40C0038460AB0BDE8F08100B5036883B040F619
:10F41C000D2C022201A95B68ADF804C0984703B01B
:10F42C005DF804FB054B022888BF034610B41C682A
:10F43C00184663685DF8044B184700BF30910020F4
:10F44C005AB90368C9B2074A1B68934200B506D182
:10F45C0008465DF804EB02F053BCFFF747BF5DF8BC
:10F46C0004EB1847BD620000B4EE400B70B5F1EE32
:10F47C0010FA05462DED028B86B07CD6B0EEC07B23
:10F48C009FED476BB4EE467BF1EE10FA6BDC9FED13
:10F49C00467BB4EEC70BF1EE10FA5ADC9FED447BC1
:10F4AC00B4EEC70BF1EE10FA53D4B5EEC00B0C460C
:10F4BC00F1EE10FA5BD40023B6EE007B002C5ED08C
:10F4CC004FF0000C9FED3C6B0CF1010C27EE067B12
:10F4DC005FFA8CF2A242F7D330EE070B0A222846D1
:10F4EC00FCEEC07BB8EE678B17EE901A30EE488BB3
:10F4FC00FFF7FCFE0F2C4FF02E03B2EE046B06460A
:10F50C0028BF0F248DF808300DF1090302AA611EE3
:10F51C0053FA81F128EE060BFCEEC07BCDED017A9F
:10F52C009DF8043007EE903A3033B8EEE78B02F8D2
:10F53C00013F914230EE488BECD12B68013402A98B
:10F54C0028465B68E2B29847304606B0BDEC028BA9
:10F55C0070BD2B6803221A495B6806B0BDEC028BA8
:10F56C00BDE870401847036803221649F4E7B1EE72
:10F57C00400B0123A0E7036803221349ECE730EEAC
:10F58C00070B0A222846FCEEC07B17EE901A06B039
:10F59C00BDEC028BBDE87040FFF7A8BEAFF3008056
:10F5AC00FFFFFFFFFFFFEF7F000000E0FFFFEF41D9
:10F5BC00000000E0FFFFEFC19A9999999999B93F22
:10F5CC002819002024190020201900202DE9F047CB
:10F5DC00884651B3914662B382460027164C174EAB
:10F5EC0025680BE002F07CFB002810DA02F01CFC12
:10F5FC002368DAF808205B1B934210D2DAF800304B
:10F60C005B69B342EED0504698470028EEDB0137D9
:10F61C0008F8010BB945E3D13846BDE8F087012362
:10F62C0038468AF80C30BDE8F0870F463846BDE8FE
:10F63C00F0871746F0E700BFE0C40020B562000079
:10F64C004D4A2DE9F047A2FB004340F26D1A4B4F97
:10F65C005B09DFF83881DFF83891A2FB0342C3EB7A
:10F66C0003145209A0EB8400454CC2EB0215087040
:10F67C00A3EB8503A4FB025424094B70414B251DBD
:10F68C0004EB4400A2EBC002A3FB050300208A702C
:10F69C00EA1A03EB520302469B08C3EBC303ED1AB1
:10F6AC00CD705FFA80FE40F26D1C0EF2B27313F057
:10F6BC00030507FB03F608D1B8EBB60F4FF4B77C84
:10F6CC0003D3B9EB361F38BFD446624401309442A1
:10F6DC00E7D20EF1460E2C4E81F806E0A6FB03068F
:10F6EC0085B377094FF0640C4FF4C870F6090CFB26
:10F6FC00173700FB163640F26D10A41A00230122B6
:10F70C00DFF890E020440AE013F80E4084420ED853
:10F71C000C2AA0EB04000BD001320133D2B2012B26
:10F72C005FFA83FCF0D145B9CFB11D2406E06246E7
:10F73C0001304A710871BDE8F0871C24A04218D32F
:10F74C00001BE9E764207709F60900FB17374FF433
:10F75C00C87000FB16363FB14FF4B770CDE7002EE2
:10F76C0014BF1C241D24E9E7002EC4D14FF4B7703C
:10F77C00C3E70122DCE700BF89888888295C8FC237
:10F78C00ABAAAAAA254992241F85EB51285C8F02AB
:10F79C000AD7A300F8060020F8B500260446C0E9F5
:10F7AC000066866029B108460D4608F049FD0746FB
:10F7BC0008B92046F8BD013006F0B6FA0028F8D09A
:10F7CC00294606702060C4E9017708F0A7FC2046A2
:10F7DC00F8BD00BFF8B588424FF0000504468560BF
:10F7EC00C0E9005502D08E680F680EB92046F8BDEE
:10F7FC00701C06F099FA0028F8D039460570206084
:10F80C00C4E9016608F08AFC2046F8BD10B5044630
:10F81C00006806F091FA204610BD00BFF8B504460A
:10F82C00154632B9036803B11A7000232046A36051
:10F83C00F8BD43680E469A421CD9511C006806F06C
:10F84C003FFD074660B1A368C4E900050BB903701E
:10F85C00276831463846A56008F060FC2046F8BDA4
:10F86C00206810B106F068FA276000232046C4E92E
:10F87C000133F8BD07683146A560384608F04EFCE8
:10F88C00ECE700BF10B500238AB00446084601A976
:10F89C00A360C4E9003306F031FA01A808F0D0FCEB
:10F8AC0001A902462046FFF7B9FF20460AB010BD59
:10F8BC0010B500238AB00446084601A9A360C4E928
:10F8CC00003300F07DFE01A808F0BAFC01A9024645
:10F8DC002046FFF7A3FF20460AB010BD30B5002329
:10F8EC0004468BB0881CA3606A46C4E9003300F060
:10F8FC00A9FE054648B108F0A3FC2946024620465D
:10F90C00FFF78CFF20460BB030BDA06020460BB03B
:10F91C0030BD00BF38B505460C4649B1084608F065
:10F92C008FFC214602462846FFF778FF284638BD53
:10F93C002846A96038BD00BF2DE9F843044600688D
:10F94C000D4616468842A36809D8C218914206D2C1
:10F95C000F1A4FF0010936B92046BDE8F8834FF075
:10F96C000009002EF8D003EB0608626890450CD90C
:10F97C0008F1010106F0A4FC0028EDD0A368C4E94D
:10F98C00000813B903702068A368B9F1000F08D1FF
:10F99C002946184408F0C2FB2046C4F80880BDE88C
:10F9AC00F8833246C119184400F06CFD236800221C
:10F9BC0003F80820F0E700BF8A680968FFF7BCBFAE
:10F9CC0038B5054641B10C46084608F039FC0246EC
:10F9DC0021462846FFF7B0FF284638BD10B582B047
:10F9EC000023044601228DF8041001A98DF805307E
:10F9FC00FFF7A2FF204602B010BD00BF10B50B46AA
:10FA0C0084B004460A2201A9184600F00BFE01A896
:10FA1C0008F016FC01A902462046FFF78DFF204690
:10FA2C0004B010BD38B5054641B10C46084608F087
:10FA3C0007FC024621462846FFF77EFF284638BDC4
:10FA4C00C2B170B5B1FA81F60C46760919B1856868
:10FA5C009D4201D80E7070BDED1A02F1FF3C016899
:10FA6C0020466545194428BF65462A4608F030F9FA
:10FA7C00665570BD704700BF2A2849D8F8B5254F88
:10FA8C0004463B78E3B9244B1B5DFF2B29D0234A5A
:10FA9C0002EB041291680A6802F44050B0F5805FE2
:10FAAC0030D01C061FD41E4C2360236AD80704D404
:10FABC0002F0BAF9236AD907FAD5194B586AF8BD7E
:10FACC00174D184E01E002F0AFF9AB6C1B06FAD4DF
:10FADC00B36C13F08003F6D13B700F4B1B5DFF2B07
:10FAEC00D5D10020F8BD0F4C03F07F032360236AAF
:10FAFC00DA0704D402F098F9236ADB07FAD5094B2C
:10FB0C00586AF8BD22F480521C060A60EBD4CAE78E
:10FB1C000020704720C500209C8E0020F08A002019
:10FB2C0000400C4000800C40082830B422D00A2839
:10FB3C000CBF4FF405714FF44671104C104D636CB3
:10FB4C00626C2B400F4802F003021A43636C03F003
:10FB5C00E00313430B436364436C426C2B4002F091
:10FB6C0003021A43436C03F0E0031343194330BC04
:10FB7C00416470474FF44071DFE700BF00400C4018
:10FB8C0000FCFFFF00800C40A249A34B88422DE9EA
:10FB9C00F047A24C5E699A69D4F80C801BD9A04B33
:10FBAC00984240F20281C31A9E491B0AA1FB03131F
:10FBBC0040F22761DB0903EB830303EB830303F2BE
:10FBCC00E2438B4228BF0B46A3F54877964BA3FB29
:10FBDC000737FF0804E0954FB8428CBF0E27062765
:10FBEC008D4908F01F09D1F88030B94543F0C003A6
:10FBFC00C1F880300CD228F01F08A1F5F82148EA92
:10FC0C000708C1F80C800B68002BFCDA08F01F0900
:10FC1C0016F0007324D186490C698649A14300F083
:10FC2C00EA8082F4805134464FF4805514F0605FC2
:10FC3C0004D026F060561E43774B5E6111F4405F92
:10FC4C0007D022F4405274492A438A618B6C1A07FC
:10FC5C00FCD446F00076704A5661936C9B06FCD43B
:10FC6C00754CA04200F2CE804FF0010C0146634669
:10FC7C0003FB011203F1010E0CF10105A24218D88D
:10FC8C00BEF1080F4FF0010340F08D80BCF1040F62
:10FC9C0000F291800A18A24200F2A48005FB00F148
:10FCAC00AC4603F1010E03FB01120CF10105A2425B
:10FCBC00E6D90CF1FF318C0286EA81215F481044B1
:10FCCC005F4A90427FD9DFF8A4A16C225D48584D61
:10FCDC00B0FBFEF0D5F800E0B0FBFCF0DFF890C113
:10FCEC000EEA0C0CD44509D042F400524FF4805C5F
:10FCFC00C5F800C02A602A68002AFCDA464A156951
:10FD0C0005F007059D4203D01361936CDD03FCD411
:10FD1C0011F4E05F09D026F4E05604F4E0543E4AB6
:10FD2C0026435661936C9907FCD44749474A0144D2
:10FD3C0091423CD8464BC909A3FB0131090B4B1E20
:10FD4C001B0286EA030212F4407F06D026F44076AA
:10FD5C0003F44073304A334353612F4A536923F001
:10FD6C0000735361936C9B06FCD43A4B4F45A3FB39
:10FD7C0000234FF0FF324FEA9343B0FBF1F1B2FB9B
:10FD8C00F3F3354A1060354A1160354A136008D2D6
:10FD9C0028F01F08214A48EA0707D7601368002B90
:10FDAC00FCDABDE8F087734662E7122718E74FF4D8
:10FDBC0040730421C5E70CF1FF31204807238C0266
:10FDCC00104486EA8121274ADFF8A8A0A2FB002074
:10FDDC00020D2548362A38BF362202FB00F042EAD3
:10FDEC000A0A74E74FEA8C24002386EA8C214FF030
:10FDFC00010EAC4662E71D4686F0C05411464FF02A
:10FE0C00C05313E700244FF0010C02463146234641
:10FE1C00E64653E700A4781F00C00F4000000840DE
:10FE2C000046C32323B24C001F85EB5100366E01F4
:10FE3C0000800D4040300080FFB19F26808D5B001C
:10FE4C00FF7EF64D00643F4D7FD1F0087F17B42C38
:10FE5C009F10E50083DE1B43DC900020D89000202F
:10FE6C0058C40020819F5E16001BB7006C200080D8
:10FE7C007F3001800020008000B970472DE9F84FD9
:10FE8C0001218146214C224D224E54E8003F2A6824
:10FE9C00306844E80013002BF7D11F494B684FF42E
:10FEAC007A7BDFF878A01B1A01270BFB02F8DAF833
:10FEBC000020A3FB02325A4594BF9044D84454E826
:10FECC00003F2A68306844E80073002BF7D14B6878
:10FEDC00DAF800C01B1A0BFB02F2A3FB0C3CBCF5BE
:10FEEC007A7F94BF624402F57A72A2EB0802B2F5F3
:10FEFC007A7F06D3B9F1010908F57A78DFD1BDE82C
:10FF0C00F88F01F091FF0449D9E700BFE4C4002049
:10FF1C00E0C40020DCC40020001000E058C4002025
:10FF2C0030B40F4B4FF0010C0E4D0F4C53E8002F1B
:10FF3C002868216843E800C2002AF7D10B4B5B68A4
:10FF4C000B4A5B1A4FF47A71126801FB00F0A3FBA9
:10FF5C00023230BC8A4294BF80184018704700BFF0
:10FF6C00E4C40020E0C40020DCC40020001000E049
:10FF7C0058C40020362816D80201104B03EB001091
:10FF8C009B5810B4C2685C68144205D061B95DF826
:10FF9C00044BC3F888207047836851B1084A5DF858
:10FFAC00044B1A60704770475DF8044BC3F884200B
:10FFBC007047044A5DF8044B1A607047F08A0020C1
:10FFCC0038F001003830010036280BD8064B0201FE
:10FFDC0003EB00109A58C36892681A4214BF0120B0
:10FFEC000020704700207047F08A0020362829D85E
:04FFFC00164B02019D
:02000004600199
:10000000012903EB00109A5810B45368C4680ED04D
:1000100004290CD023EA040353608368A9B10229A0
:1000200017D003290CBF0D4A0D4A1A6007E023437D
:1000300001295360836808D040F638021A6043688B
:1000400015225DF8044B1A60704738221A60F6E7F3
:100050007047044A1A60F2E7F08A00203830010045
:100060003800010038F0010030B4124A0020124B71
:100070000121124D124CC2F8F032C2F8F402C2F85B
:10008000B810C2F8A000C2F8A450C2F8B01053696A
:10009000DB07FCD551612378DB07F0D413680549F1
:1000A00043F0010313600B68DB07FCD462B630BC7D
:1000B000704700BF00802A400504012401000F00A2
:1000C00000812A4070B50E4C4FF6FF7E0D4E04F1B4
:1000D0007E05A6F58053002102E0B34281B204D22E
:1000E0001A88481C02337245F7D124F8021FAC422B
:1000F00006F58056EDD1044B01221A7070BD00BF89
:100100005AC4002000107C6023C5002041F2BB03CC
:1001100098422FD8184B10B51B7804463BB3A00863
:10012000164B04F00301164CA3FB0023C21A03EB89
:100130005203144A5B09C3EB831E9C46A0EB0E03DB
:1001400041EA8C01FF2034F813C01A444FEA4C0CEA
:1001500013030CEB023CBCEB023F07D91A880233B5
:10016000D4B28C4208BF100A9C45F7D810BDFFF7E7
:10017000A9FFD4E7FF20704723C5002005411004E4
:100180005CC40020C0070600F8B50F46164672B6DC
:10019000344B40F20641344A9A610222DA6100226D
:1001A000C3F8A020C3F8F012C3F8F422C3F8F82271
:1001B000C3F8FC224FF47022C3F8A4200122C3F834
:1001C000B02020F01F038219BFF34F8F4FF0E024BF
:1001D000C4F85C3F20339A42FAD8BFF34F8FBFF385
:1001E0006F8F204D6B69DA07FCD501231F49B2B22E
:1001F00020F07F406B6142F47022C5F8F01242F2A9
:100200000121184CC5F8F412C5F8BC30C5F8A0009F
:10021000C5F8A420C5F8B030154D01E05B0609D43F
:10022000636913F00100F9D041236361BDE8F84030
:10023000FFF71ABF082E0AD836B13246394637447E
:100240000646284600F024F940236361E8E7A6F15A
:10025000080008263946324637440646284600F04C
:1002600017F9F1E700802A40F05AF05A32041808D2
:1002700080812A4010B472B6284B0221284C0022FB
:100280009C614FF47024D96140F20641C3F8F0122A
:100290000121C3F8F422C3F8F822C3F8FC22C3F802
:1002A000A020A2F58052C3F8A4400240C3F8B010C9
:1002B000BFF34F8F02F5805102F120034FF0E02C85
:1002C000994234BF0121802102EB41118B42CCF8CD
:1002D0005C2F1A4603F12003F8D1BFF34F8FBFF311
:1002E0006F8F0E4A5369D907FCD501240D490E4B77
:1002F00054610340C2F8F0124FF470200749C2F86D
:10030000A030C2F8A400C2F8B0404B69DB07FCD5AE
:1003100001235DF8044B4B61FFF7A6BE00802A4025
:10032000F05AF05A2004180800F0FF0041F2BB0315
:10033000984200F28980464B2DE9F0471B78C2B005
:1003400005468946002B7CD0AB08424E05F00305DC
:10035000414FA6FB03269A1B06EB5206760945EA97
:100360008605C6EB86169E1B3C4B37F81640334479
:1003700060004FEA033800EB0330B0EB033F64D971
:1003800043464FF0FF0C1A880233D1B2A94208BF8E
:100390004FEA122C9842F6D8E14541D0B4F5006FEF
:1003A00041D302AC4FF48072FF21204607F0FEFBE0
:1003B00008F5805008F102034246984234BF0120FC
:1003C0004FF4006008EB4000134602321B88824263
:1003D000D9B24FEA13236354F6D104F805900DF116
:1003E00007090DF2071A00254C464046FFF742FF69
:1003F00014F801CF08EB450002220DF10601631E3F
:10040000BCF1FF0FA3EB090306D043EA0C2301352F
:10041000ADF80630FFF7B8FEA245E9D127F816502F
:1004200042B0BDE8F08745EA092502A9022201345D
:10043000ADF80850FFF7A8FE27F8164042B0BDE817
:10044000F087FFF73FFE7FE770474FF0FF0CA3E711
:1004500023C50020054110045CC40020C00706002D
:1004600062B170B505460C468E182046013415F869
:10047000011BFFF75BFFB442F7D170BD704700BFAF
:1004800008B5F4F7FBFAF4F7C3FB01F0D3FCFAE785
:10049000844641EA000313F003036DD1403A41D38F
:1004A00051F8043B40F8043B51F8043B40F8043B4E
:1004B00051F8043B40F8043B51F8043B40F8043B3E
:1004C00051F8043B40F8043B51F8043B40F8043B2E
:1004D00051F8043B40F8043B51F8043B40F8043B1E
:1004E00051F8043B40F8043B51F8043B40F8043B0E
:1004F00051F8043B40F8043B51F8043B40F8043BFE
:1005000051F8043B40F8043B51F8043B40F8043BED
:1005100051F8043B40F8043B51F8043B40F8043BDD
:10052000403ABDD2303211D351F8043B40F8043B7D
:1005300051F8043B40F8043B51F8043B40F8043BBD
:1005400051F8043B40F8043B103AEDD20C3205D38D
:1005500051F8043B40F8043B043AF9D2043208D085
:10056000D2071CBF11F8013B00F8013B01D30B88F7
:1005700003806046704700BF082A13D38B078DD0D5
:1005800010F003038AD0C3F10403D21ADB071CBFA7
:1005900011F8013B00F8013B80D331F8023B20F811
:1005A000023B7BE7043AD9D3013A11F8013B00F84A
:1005B000013BF9D20B7803704B7843708B788370D2
:1005C0006046704705F0B6BB05F0BCBB01F1FF3CCF
:1005D00070B56646002400E00134B0FBF2F502FB82
:1005E0001503092B03F1370E03F130035FFA8EFE7A
:1005F00098BF5FFA83FE9042284606F801EFEBD2DF
:10060000631C0022C818CA547CB162461CF8015F02
:1006100010F8016DA1EB0C0302328CF80060013B75
:10062000521A057023449A42EFDB084670BD00BFA2
:10063000031E01DBFFF7CABF4FF02D0C584210B567
:100640000C4601F801CBFFF7C1FF204610BD00BFEB
:10065000B4EE400A2DE9F04FF1EE10FA164680EAAA
:10066000E07207462DED028BA2EBE072B0EE408AFD
:1006700085B080F14881F0EEC07A9FEDC57AF4EE46
:10068000477AF1EE10FA29DDB5EEC00AF1EE10FA64
:1006900000F1ED80032A40F391800323002FA2EBA9
:1006A0000302C0F28580B5EEC08AF1EE10FA00F1C7
:1006B0006A8149214E234620F41C3170B07073705A
:1006C00022B120462021144407F070FA002320466E
:1006D000237005B0BDEC028BBDE8F08F89460D4656
:1006E00002AA01A9484607F075FBDDF804A00446FC
:1006F00059EA0A0372D101230278A64C9A46019363
:10070000A54BD046342A88BF1C46029B002B7DD0C7
:1007100008F10108A7EB080B06EB0805BBF1000F79
:1007200040F3A1805A46202130465D4407F03EFA4E
:1007300006EB0B032D2203F8012BBAF1000F77D142
:10074000B9F1000F06D01A46302102F8021B2E2103
:1007500059701346AB421FD2A44619461CF8012B10
:1007600001F8012BA94218D0019C2E20013C0BE07E
:1007700058700233013CAB4219460DD21CF8012BD4
:1007800001F8012BA94208D00194002CF0D00B46AF
:10079000013CAB421946F1D31D46002F6BDB3446BA
:1007A000002320462B7005B0BDEC028BBDE8F08F16
:1007B00022B130462021164407F0F8F9B5EEC08A80
:1007C000F1EE10FA40F1BD802D2149224E23462042
:1007D000341D3170F0707270B37077E7CAF10003A6
:1007E000994557DA4FF00108C9F1000A694CC24532
:1007F0004046CDF804A0B8BF08F10108BAF1000FD7
:1008000052D1029B08F10108002B81D1A7EB080B04
:1008100006EB0805BBF1000F27DD5A4620213046C4
:100820005D4407F0C3F906EB0B03BAF1000F87D064
:10083000BAF1000F8EDAB9F1000F8BD018462E22D4
:10084000302100F8021B5A7002465346013302F869
:10085000011BFBD1BAF1000F0193CAF10003A8BF3D
:100860000123034476E7334664E7334665E7042A09
:10087000AADD042312E7B844B8F1000F6FEA0802BA
:100880008DDA22EAE272202128460132154407F06F
:100890008DF984E707F0DAFC8046C245B8BF08F15D
:1008A0000108BAF1000FACD0BAF1000FBFF62DAFBE
:1008B000B9F1000F3FF429AF0AEB090309F102086F
:1008C0008342BFF422AFB9F1000F05DDF2EE047AE6
:1008D000013D28EE278AFBD102AAB0EE480A28463D
:1008E00003A907F077FADDF804A0039B09F10102E0
:1008F0000446A3EB0A0393427FF407AF0AF1010A0F
:10090000CDF804A001E7B5EEC00AF1EE10FA4CBF35
:1009100004230323934222DA0028A2EB030218DB0C
:1009200010EE103A002B02DA2D2306F8013B4E237D
:100930004121F41C33707170B370002A7FF4C1AE92
:10094000C4E649214E224623F41C31707270B37004
:10095000BCE622B130462021164407F027F918EEF4
:10096000103A002B4FF04E0305DB4122F41C33708C
:100970007270B370AAE62D214122341D737031705C
:10098000B270F370A2E62D2306F8013B91E600BF9A
:10099000FFFF7F7F608E0020648E002000230F22E7
:1009A00048F2B82C194610B54FF470444FF4806EDD
:1009B000A0F88C414FF46044A0F88E210A46A0F8BC
:1009C0009031B0F888319BB243F0F003A0F8883141
:1009D00001EB4103013100EB431304299C80A3F890
:1009E00006E05A841A865A805A81A3F80EC05A82A9
:1009F000DA825A83DA83EBD1B0F888319BB243F0C4
:100A00000F03A0F88831B0F888319BB243F47063CB
:100A1000A0F8883110BD00BF374B384A996F38486D
:100A200041F47F0170B5996741F20106D3F8801057
:100A300045F6C05543F226040A43C3F88020FFF769
:100A4000ADFF00F58040FFF7A9FF00F58040FFF7FC
:100A5000A5FF00F58040FFF7A1FF0022A0F50310DD
:100A60004FF00F0E114600EB42134FEA421C0132C9
:100A70009981042A5981A3F80EE09E82DD8020F836
:100A80000C1019829C81EED100221E484FF00F0EEF
:100A900041F20106114645F6C05543F2260400EB2B
:100AA00042134FEA421C01329981042A5981A3F86A
:100AB0000EE09E82DD8020F80C1019829C81EED120
:100AC000002211480F2641F20105114645F6C05497
:100AD00043F2260E00EB42134FEA421C0132998189
:100AE000042A5981DE819D82DC8020F80C10198255
:100AF000A3F80CE0EED170BD00C00F40000003FC75
:100B000000C03D4000001E4000401E40074A506AA1
:100B1000936A19468446506A936A9942F9D184458A
:100B2000F7D1DB0B43EA4040704700BF00400D4067
:100B300072B6EFF30583524CC4F884301EF0040FF4
:100B40000CBFEFF30882EFF309824FF0E0234D4E24
:100B50004D4DD3F8280DD3F82C1DC4E92201D3F84C
:100B6000341DD3F8383DC4E924139369C4F8983090
:100B7000D369C4F89C3000F0D3F884ED280AFFF75D
:100B8000C5FF0B214FF0FF32C4F8A4000B46C4F898
:100B900080103E49301D5A40202402F00103013CE0
:100BA00001FB03F383EA5202F7D1A84202D0736833
:100BB0000646EFE7324BC3F8A820BFF34F8F4FF044
:100BC000E0233049324AC3F8701FC3F8702FBFF3D7
:100BD0004F8FBFF36F8F2F4A02252F48D36E2F49B7
:100BE00043F44053D3660560D3692D4823F07F0357
:100BF00043F04003D3610B6883423DD8264D00216A
:100C00004FF0E0234FF0FF3229600126C5F80811AC
:100C10002449C5F80011C5F80861C3F88021C3F85C
:100C20008421C3F88821C3F88C21C3F8902101E006
:100C300000F068F9D5F80C31002BF9D00134C5F873
:100C40000C614F2CF4D9184B022018494FF0004288
:100C5000C1F840015A63D5F80C313BB91448154925
:100C60000D4A0163D2F80C31002BFAD04FF0E0238B
:100C7000114AC3F80C2DFEE7FEF78CFFBEE700BF5C
:100C800000FF272080FF2720A8FF27202083B8ED22
:100C9000A0FF272000C00F4000400840DC9000204B
:100CA000803DCD0B009F240000900D4000002E40A1
:100CB00000800F40F100AD0B0400FA050A490A68F4
:100CC00038B108B513180948834204D810460B60A0
:100CD00008BD1046704707F0ABF80C234FF0FF3209
:100CE0000360104608BD00BF2893002000002820A4
:100CF000002070474FF0FF30704700BF4FF40053A3
:100D000000204B60704700BF012070474FF0FF305C
:100D1000704700BF30BFFDE730BFFDE7FFF708BFFA
:100D2000124AD2F880305B07FBD5D2F880301048E9
:100D3000C3F30B230F4990ED007A07EE903A91ED43
:100D4000006AB8EE477A0C4AF8EEE77A0B4BD2ED20
:100D5000006A77EEC77A93ED007AB8EE477A67EECD
:100D6000867A87EEA60A37EE400A704700810D406A
:100D700048C4002050C4002054C400204CC40020AB
:100D8000836BF0B41BB1536843F40043536072B6F5
:100D9000446B3CB31A4B2260D3F8B0410C421DD1D6
:100DA000184E776804E07468E41BB4F5166F0BD234
:100DB000D3F8404144F48044C3F84041D3F8B851DB
:100DC000D3F840416404EED50D4007D10C4CC0E986
:100DD0000225D4F8B0310B43C4F8B031426362B697
:100DE000F0BC7047064DC0E90224D5F8B0310B4382
:100DF000C5F8B0310263426362B6F0BC704700BF11
:100E000000002E40001000E070B5056B9DB1064655
:100E10002A46002403E012680134012A0CD05368EA
:100E200013F08003F7D032632CB12846B36B2D68E2
:100E30009847013CF9D170BDC6E90C33F4E700BF17
:100E400030B4D9B91F4C204B0021204A01254FF066
:100E5000011099601D60C4E9023180245C60C2F811
:100E6000BC01D2F8B0311A482B43C2F8B03101604E
:100E7000D2F8B031002BFBD130BC70470904154BC0
:100E8000104C012541F080019860104A596000F52E
:100E900080511D60D96000F50051A364196100F50F
:100EA000405100F58040596100219861E164D2F819
:100EB000B03143F48033C2F8B031D2F8B031002BF6
:100EC000FBD1C0E700000020C09E002000002E40A3
:100ED000E4B60020E09E0020084901220B7802FAC7
:100EE00000F023EA0000087030B9054AD2F8483112
:100EF00023F08003C2F84831704700BF26C50020A8
:100F000000002E402DE9F04F974C83B0D4F8447187
:100F1000FB07C4F8447153D5D4F8AC21002A4AD059
:100F2000924EDFF860A2DFF87492DFF874B2DFF857
:100F30007482C4F8AC21D6E90A20D4F8403143F4D5
:100F40000053C4F84031D4F840319D04F5D5D4F8AD
:100F5000403123F40053C4F840314FF00113C4F87A
:100F6000B431D4F8B45115F00115FAD193B28446D6
:100F7000CAF80050B3F5086F00F0CF8100F2DB80B3
:100F800040F202318B4200F0E78100F29A80822B1E
:100F900000F0CB81B3F5817F40F08A8010F0780FAC
:100FA00083B200F003824FF00113C4F8C031D4F8CB
:100FB000AC21002ABDD16C4AD2F8BC31002B42D101
:100FC0007E0616D5684BD3F8AC21C3F8AC21D3F814
:100FD000BC21C3F8BC21D3F8B041002CFBD14FF0A9
:100FE000FF32C3F8B421D3F8843100F027FD604B01
:100FF0001C60FC0103D55F4B1B6803B19847B80127
:1010000003D55D4B1B6803B19847790708D5564B4C
:10101000D3F8843113F4007347D0584B01221A706F
:10102000514BD3F848311A060AD53B0608D5544A25
:1010300013782BB1013BDBB21370002B00F07282EE
:1010400003B0BDE8F08F4F49C2F8BC3108680342D5
:1010500040F0D181464A14681C40B1D05FEA144880
:1010600010D0424E4FF0010998FAA8F5B5FA85F56F
:1010700006EBC51009FA05F54030FFF7C5FE38EA62
:101080000508F1D1A4B2002C9AD0384E4FF00108D7
:1010900094FAA4F5B5FA85F506EBC51008FA05F53E
:1010A000FFF7B2FEAC43F3D18AE7344A1370B7E7D7
:1010B000802B7FF478AF344802210580FFF7C0FE13
:1010C00075E7B3F5A06F00F00B81A3F5D063012B9A
:1010D0003FF669AF2D4B5D68002D3FF464AF1FFAFA
:1010E0008CFC4FEA124E04E01D690C33002D3FF4D6
:1010F0005AAF1A887245F7D15A886245F4D14FEA3F
:101100001E22032A00F0A5811A89000C824228BF02
:101110000246BEF5007F40F0A181184B1C491878AB
:101120001C4B0192002818BF19461B48FFF7B0F965
:10113000194D019AE1E142F221218B427CD033D951
:1011400042F221318B4200F081804FF6C0018B4288
:101150007FF429AF10F47F4F83B27FF424AF43F4C0
:101160006E4363F30F0CB5E700002E400000002033
:10117000E8B60020F4C40020F8C400202DC50020EB
:101180002EC50020E4B6002010C400200C8F0020E3
:10119000D81E00603C1F006000002020DCB600204C
:1011A0005DCFC6B8C0012E40B3F5106F66D042F2D5
:1011B00021018B427FF4F7AE030C072B7FF4F3AED3
:1011C000B24BB349F560D960B249B360C3F8089037
:1011D000C1E9002001221A60AF4A5A60AF4A1A6181
:1011E000D4F8B01141F00101C4F8B01102F58051FA
:1011F00002F5005259619A61D4F8B031002BFBD14D
:10120000A74AF36493600123B264136048F2800339
:1012100053604FF00113C4F8BC31D4F8B03143F43B
:101220008033C4F8B0314FF48033CAF80030D4F8BA
:10123000B031002BFBD1BAE680B238B9994BC2F37A
:1012400007421968984B1960984B1A70944B00220A
:101250009A60F2640122B3641A6080225A604FF0EF
:101260000113C4F8BC31D4F8B03143F48033C4F86E
:10127000B031D4F8B031002BFBD198E6C2F307426D
:101280008B4B1A708B4BC4F8C8318B4BC4F8CC31E4
:101290008A4BC4F8D03100F0D3FB8022294688481D
:1012A00006F084FC874B8022C6F8A0B0C6F8E03078
:1012B0007B4BF5645A600122B3649D601A604FF065
:1012C0000113C4F8BC31D4F8B03143F48033C4F80E
:1012D000B031CAF80050D4F8B031002BFBD166E62B
:1012E0006F4B0121F564196080219D60B3645960E2
:1012F0004FF00113C4F8BC31D4F8B03143F480335B
:10130000C4F8B031D4F8B031002BFBD1130C5B061C
:1013100043F08073C4F8543149E6654B01216A48B3
:101320001B780370FFF78CFD41E683B210F0780064
:101330007FF439AE03F07F0258F82210624A108021
:10134000180600F19E80CB0701D5012313700221FE
:101350005D48FFF775FD2AE610F0780F83B27FF441
:1013600022AE03F07F0213F0800F58F8223014BF32
:1013700043F4803343F0010348F822300022484B05
:10138000F2649A600122B3641A6080225A604FF0BE
:101390000113C4F8BC31D4F8B03143F48033C4F83D
:1013A000B031D4F8B031002BFBD100E603F07F025E
:1013B00013F0800F58F8223014BF23F4803323F049
:1013C000010348F822300022354BF2649A60012272
:1013D000B3641A6080225A604FF00113C4F8BC3124
:1013E000D4F8B03143F48033C4F8B031D4F8B0311C
:1013F000002BFBD1DBE50020086026490C884868FB
:1014000042F221018C427FF425AE80B200287FF4A5
:1014100021AE2E492E4C03C9A18086284FEA1141E6
:101420002060A1717FF416AE72B62A48017841F0AF
:1014300008010170D2F848110D0605D4802001433F
:10144000C2F84401C2F8481162B6234A5021117013
:1014500000E6000C2A78824228BF0246BEF5E06F03
:1014600044D11E4B1E4D18781E491F4B0192002877
:1014700018BF19462846FFF70BF807236B70019A2F
:101480003BE0C9033FF561AF61E700BFE09E00208C
:10149000DCC6002080A0002080000700DCD60020F1
:1014A000C09E0020E0C40020F0C400202BC5002016
:1014B0002CC500200200CC00C80002000200C800B9
:1014C000800000201993D57410C40020DCB60020E1
:1014D000E8C4002026C500202EC500202DC5002010
:1014E000000020203C1F0060D81E00602946104DDF
:1014F00001922846FEF7CCFF019A25F01F03154400
:10150000BFF34F8F4FF0E021C1F8703F20339D4271
:10151000FAD8BFF34F8FBFF36F8F05481146FFF71F
:101520008FFC44E50320FFF7D7FC0FF02FF900BF35
:10153000000020202DE9F0471F46831E022B01D911
:10154000BDE8F087DFF84C9015460C463C2209EBCD
:10155000C01806464FEAC01A002108F1040024040E
:1015600006F024FBB5FA85F20123520944EA4274DD
:1015700049F80A40C8F83870C8F80830002FDFD0A2
:10158000034AB34011680B431360BDE8F08700BF06
:10159000E8B60020000000202DE9F0470D46811E2E
:1015A000022901D9BDE8F087C701DFF84C909246C7
:1015B000044640373C2200211E4609EB07082D0453
:1015C00008F1040006F0F2FABAFA8AF2520945EA82
:1015D000427249F807200122C8F83860C8F808208C
:1015E000002EDFD0034B10341968A2400A431A6062
:1015F000BDE8F087E8B600200000002012048160FA
:10160000C36101F5405342F0800210B401244260EE
:1016100001F50052046001F5805401F58041C46079
:1016200081615DF8044BC0E904237047831E0A46BC
:10163000022B00D97047064B00F110014FF0010C4E
:1016400003EBC0100CFA01F14030FFF799BB00BF6B
:1016500000000020831E0A46022B00D9704701219A
:10166000024B814003EBC010FFF78ABB0000002053
:1016700040687047124A134BD2F8200220F07F4096
:10168000984210B584B002D200EB800040000E4CAE
:1016900001A90A22FEF79AFF01A90023204611F8AA
:1016A000012B01333AB10A2B20F8022FF7D1162370
:1016B000237004B010BD5B00DBB2237004B010BD1A
:1016C00000441F40809698000C99002000F0D6BA84
:1016D00000F066BB00F03CBB0846114600F02CBB96
:1016E000F8B5144C4FF0E025134E4FF4003204EBE4
:1016F0004024124F06EB40160346C5F88C212146C4
:101700003A883046FFF77AFF3B882344BFF34F8F78
:10171000C5F85C4F2034A342FAD8BFF34F8FBFF314
:101720006F8F03203146FFF795FF4FF40033C5F864
:101730000C31F8BD80002020009F00200AC5002049
:10174000244B2DE9F0411C884368C569C3F30E435F
:10175000E41A002C24DD204920480A780078D3B20E
:101760001F4E82421F4807D010F8038036F81870C9
:10177000C7F50072944218D90133002226F81540AB
:10178000082B194E88BF134626F8152098BFDAB2E9
:10179000C554164B0A701A6814441C60BDE8F081E9
:1017A0002846BDE8F041FFF79BBF07EB48201049F2
:1017B00022462744084401EB4521FEF769FE0B4A07
:1017C000284626F8187013682344BDE8F0411360DA
:1017D000FFF786BF0AC5002024C5002025C50020CC
:1017E0001CC400203CC400202CC4002018C40020CD
:1017F000800020201D4B1A78002A36D102F0FF030A
:101800001B4A12788AB32DE9F0411A4D2A8852B347
:10181000194EC2F50068194F3278194C07EB421780
:1018200004EBC224424638462146FFF7E7FE04EBAC
:101830000802BFF34F8F4FF0E023C3F8704F2034FE
:10184000A242FAD8BFF34F8FBFF36F8F04203946FF
:10185000FFF7ECFE33780133DBB2032B88BF0023A4
:10186000337000232B80BDE8F08170472AC500202B
:101870002CC500200CC5002029C5002000A0002098
:10188000801020202DE9F04F85B0CDE9011000290E
:1018900000F0BF800023604CDFF89881DFF898A14A
:1018A0005E4F009301235E4A23705E4B1978B8F8AF
:1018B000003002EB4119002B40F0A7801E461D4668
:1018C0009B464846FFF7D4FE10F0800000F08C8065
:1018D000BFF34F8F9AF8003084F800B005B93E6826
:1018E000002B7DD13B689B1B782B00F287804E4BF1
:1018F0001B78002B74D000F09DFA0122B8F800305C
:1019000015462270002BDCD0464AC3F500601178E2
:101910001A4600EBC120454DC9022844019D95425D
:1019200017D20393DDE901512A46FEF7B1FD039B6F
:101930004FF040425B1BA8F800303D4BC3F88420B9
:10194000BFF34F8F009800232844237005B0BDE8F3
:10195000F08F364BCD180299FEF79AFD00234FF415
:10196000006229464846FFF749FEBFF34F8F05F155
:10197000200205F50063934234BF012340234FF05A
:10198000E02205EB4313C2F8705F2035AB42FAD179
:10199000BFF34F8FBFF36F8F04204946FFF746FE1A
:1019A000204A13780133DBB2032B84BF00231D4A86
:1019B0001370B8F80030019AD11A009A1A440191B4
:1019C0000092029A1A4400230292194AA8F80030A1
:1019D000C2F88430BFF34F8F237000297FF462AFC9
:1019E000009805B0BDE8F08F4FF400620D4B8AF807
:1019F000000019781346A8F800208AE70123009810
:101A00008AF8003005B0BDE8F08F1A46C3F50060D3
:101A10007FE70198E5E700BF2AC50020E0C4002069
:101A200000A0002029C500202CC500208010202007
:101A300000002E400CC5002028C50020704700BFC4
:101A40002D4B002180222D4870B51B7800242C4D91
:101A50008B422C4E0CBF40234FF400732B803380FD
:101A600006F0A4F8284A2146284B14704FF48072DF
:101A700027481C8006F09AF8264A1021264B02209F
:101A8000C2E90044C2E90244244AC3E90044147094
:101A9000234AC3E90244234B1C70234614602246A8
:101AA000FFF77AFD2246318803201F4BFFF742FDE6
:101AB0002346012229880420FFF76EFD20460134C9
:101AC000FFF70EFE082CF9D1184B00214A221848C6
:101AD000184C0460C3F88410C3F88020D3F8482160
:101AE000154942F08072C3F8482121B1134A137896
:101AF00043F00103137070BD2DC5002000A000202D
:101B00000EC500200AC5002029C500200CC50020F4
:101B1000009F00201CC400202CC4002024C50020ED
:101B200018C4002025C5002075F7000000002E40D5
:101B3000F4C4002029F80000000000002FC5002098
:101B40002DE9F04F4FF0E0234FF40032DFF8C8A04A
:101B500083B0C3F88C218B469AF8004000294FD0FF
:101B60008046E4B20027DFF8B490264BABEB0702C7
:101B700025491B78A34204F101043FD0092C234BD3
:101B8000404628BF00241E5D39F816C00CEB4623E2
:101B900019441F4B33F81650A5EB0C05AA421CD272
:101BA0000CEB462C18491B4C61440192FEF770FC6B
:101BB000216839F816505846019AA1EB0B012A44C6
:101BC000394429F8162021604FF0E0234FF4003209
:101BD000C3F80C2103B0BDE8F08F2A462F44FEF76E
:101BE00057FC0C49E3B230460A68A844521B0A600D
:101BF0008AF80030FFF774FDBB45B6D83846E3E7F6
:101C00000846E1E724C50020800020203CC40020D5
:101C10001CC4002018C4002025C500202CC40020AE
:101C20000B4B0C4A12781978D3B28A420DD001338B
:101C300009480A4A092B0A4928BF0023C35C31F826
:101C4000131002EB4323585C70474FF0FF3070478E
:101C500024C5002025C500203CC400208000202091
:101C60002CC40020044B10B51C680CB1204610BDDC
:101C700000F0E0F8204610BD18C400202DE9F84F10
:101C8000144E154D33782A78934221D0DCB2DFF818
:101C90005090DFF850B0DFF85080104F0134082C1E
:101CA0005FFA84FA01D90024A24619F80400DBF88F
:101CB000003038F8102037F81010521A9B1ACBF861
:101CC0000030FFF70DFD86F800A02B78A342E5D188
:101CD000BDE8F88F25C5002024C500202CC40020B5
:101CE0003CC4002018C400201CC4002000B583B0F0
:101CF00001210DF10700FFF723FF20B19DF8070038
:101D000003B05DF804FB4FF0FF30F9E7094B00B575
:101D100083B01B788DF807003BB101210DF107005E
:101D2000FFF7B0FD03B05DF804FB03F0FF0003B064
:101D30005DF804FB2CC50020044B1B7803F0FF0268
:101D40000BB1FFF79FBD1046704700BF2CC50020A8
:101D50002DE9F0410024DFF8448001230D4D274692
:101D60000D4E88F80030337828462035A34204F120
:101D7000010405D0FFF77CFC030658BF07F5006798
:101D8000042CF0D1BFF34F8F0023384688F8003081
:101D9000BDE8F08100A0002029C500202AC5002050
:101DA0002DE9F8431D4B1B7813B11D4D2A880AB944
:101DB000BDE8F8831B4EC2F500691B4933784A46DB
:101DC0001A4C01EB43181A4F04EBC324012340467D
:101DD0003B7021460023FFF711FC04EB0902BFF31F
:101DE0004F8F4FF0E023C3F8704F2034A242FAD84F
:101DF000BFF34F8FBFF36F8F04204146FFF716FCF0
:101E000033780133DBB2032B88BF00233370002308
:101E10002B80BFF34F8F3B70BDE8F8832CC50020AB
:101E20000CC5002029C5002000A000208010202023
:101E30002AC500202DE9F8432D4B1E7866B12D4FA1
:101E40003B784BB90123F1073B7043D4B20726D44A
:101E500000233B70730701D4BDE8F883264B1A6852
:101E6000002AF9D0EFF30582002AF5D1EFF31085AF
:101E700072B61868002834D0204C2178002930D15F
:101E80000122227042691A60002A2ED0916105B9A0
:101E900062B600258368457798472570DCE7DFF850
:101EA000648098F80030002BD2D00025DFF85890DD
:101EB0002B4659F823400135236820461B69984773
:101EC00010B163699B68984798F80020EBB29A427A
:101ED000EFD8BDE7FFF7C6FE0028B7D0AFF300800C
:101EE000B4E7002DB8D162B6B6E7054B1A60CEE76D
:101EF0002FC5002018C5002000B3002015C5002004
:101F00000CB3002017C5002070B30020EFF310823F
:101F100072B6437F5BB9017F012930B40BD003292E
:101F200013D00123437702B962B630BC70470AB9B7
:101F300062B670477047124C2168B1B111494361D4
:101F40000B68086083615861EBE70F4D0F492C68FF
:101F50008CB143610B68836158614FF0E0234FF00F
:101F600080540860C3F8044DDBE7064B206018601E
:101F7000C0E90511D5E7C0E905442860EDE700BFD9
:101F800000B300200CB3002008B3002004B30020ED
:101F900090F81CC04160BCF1020FC26001D183689F
:101FA0001847FFF7B3BF00BF70B5EFF3108272B6EA
:101FB0000C4C206880B10C4E00254369236073B13E
:101FC0009D6102B962B6836845779847EFF3108246
:101FD00072B620680028F0D102B962B670BD3360D5
:101FE000EFE700BF08B3002004B30020FFF7DCBF19
:101FF0000449054A4968054B1960136801331360A9
:10200000704700BF001000E0E0C40020DCC40020E6
:1020100008B5D0E900325BB1BAB10F4BA3FB021394
:10202000DB0803EB4303B2EB83030AD1012008BDB5
:10203000094BA3FB0213DB0803EB4303B2EB83035F
:1020400001D0D21A4260F02AF0D805F0F1FE1C222D
:10205000034600201A6008BDABAAAAAA70B50446C0
:1020600038B319B1B2FA82F67609A2B9206800B382
:102070006268F2B1184B194902FB03F3B1EBB30FDD
:1020800017D3A368E3B90022012322606260A26033
:10209000E260184670BD1D46049BC0E90012C36093
:1020A000FFF7B6FF03460028F3D06DB901231846A9
:1020B00070BD05F0BDFE162200230260184670BDFB
:1020C000002105F073FDDEE7626831462068A560F7
:1020D00005F06CFD0123DCE7ABAAAAAA55555515FE
:1020E00003460846194605F059BE00BF38B50D46EF
:1020F000044600212846FDF77FFF084B2A0103EB29
:10210000051599580023EA68A360E3732382A3743A
:10211000C4F80B30C4E9002138BD00BFF08A0020AC
:10212000F0B5D0E9005C72B6DCF80430EF4323EA86
:102130000503CCF8043062B67C20DFF8C0E02D49FE
:102140002D4E4C68DEF80020A6FB0232920C5200A5
:102150004B681B1B9A42FBD8DCF808302B4204D199
:10216000431E13F0FF00ECD1F0BD72B6CCF88850DE
:10217000DCF804302B43CCF8043062B61E4B4868C0
:10218000DEF800201B49A3FB0232920CC2EB0212C4
:1021900052014B681B1A9A42FBD872B6DCF8043025
:1021A0001F40154BCCF804704868DEF80020114938
:1021B000A3FB02324623920C03FB02F24B681B1A6C
:1021C0009A42FBD8DCF808302B420CBF01200020DB
:1021D00062B6094B4C684FF4CD71DEF80020A3FBCA
:1021E0000232920C01FB02F202494B681B1B9A421D
:1021F000FBD8F0BD001000E083DE1B43DC90002024
:10220000CB0770B4D0E9004028D572B6C0F888403A
:102210004368254D234325494360254B6E680A6872
:10222000A3FB0232920C02EB820252006B689B1BF2
:102230009A42FBD8C0F8844062B61D4B68680A68B1
:102240001949A3FB0232920CC2EBC203C2EBC302D8
:102250004B681B1A9A42FBD870BC704772B6C0F824
:1022600088404368104D234310494360104B6E680B
:102270000A68A3FB0232920C02EB82126B689B1B72
:102280009A42FBD8C0F8844062B6094B68680A6875
:102290000549A3FB0232920C02EB82024B681B1A27
:1022A0009A42FBD870BC7047001000E0DC90002020
:1022B00083DE1B4370B4D0E9004172B64B681D4801
:1022C00023431D4D4B60C1F888401C4B46682A686B
:1022D000A3FB0232920C02EB420243689B1B9A4220
:1022E000FBD84B68134E23EA04034B60134B406842
:1022F0002A68A3FB0232920C02EB8202520073683E
:102300001B1A9A42FBD88B68234214BF012000207D
:1023100062B60A4B352174682A68A3FB0232920C1C
:1023200001FB02F203494B681B1B9A42FBD870BCAD
:10233000704700BF001000E0DC90002083DE1B43EC
:102340002DE9F041082506460F4690460124274214
:1023500030464FEA440414BF01210021FFF750FF2B
:10236000013DE4B2F3D1B8F1000F0AD172B6D6E95B
:1023700000135A6822EA01025A603268C3F88820C2
:1023800062B6BDE8F08100BFF8B50824002701253A
:1023900006463046FFF78EFF6B0000B12F43013C2D
:1023A000DDB2F6D13846F8BD70B5082501240646E1
:1023B00014F0CC0F30464FEA440414BF0121002131
:1023C000FFF71EFF013DE4B2F2D172B6D6E9001369
:1023D0005A6822EA01025A603268C3F8882062B65D
:1023E00070BD00BF00238360C37303828374C0F891
:1023F0000B307047837C2DE9F04704462BB1002356
:1024000018462382A374BDE8F08789461546FFF776
:1024100087FE0028F3D00826002D45D0012515F0B1
:10242000F00F20464FEA450514BF01210021FFF7B8
:10243000E7FE013EEDB2F2D172B6D4E900135A685C
:1024400022EA01025A602268C3F8882062B6012697
:102450004FF000083746C2462046FFF72BFF0546DF
:102460002046FFF727FF012D01D1012847D08542E3
:102470002ED0012D04EB080325D01A7A22EA060299
:102480001A727600294620460137FFF7B9FE16F08A
:10249000FF06FFB2E0D108F101085FFA88F8B8F151
:1024A000080F2CD00126D7E7012515F0EC0F2046A8
:1024B0004FEA450514BF01210021FFF7A1FE013EAF
:1024C000EDB2F2D1B8E71A7A012532431A72D8E791
:1024D000237CBB420DD904EB08031A7A164214BFC1
:1024E00001250025002DEED1082F24D8BA466774A7
:1024F000C3E70CBF0125002504EB0803F2E7402FDA
:102500007FF67DAF84F810A0BAF1000F01D101234E
:10251000A374227A002A3FF472AF09F1FF33083422
:1025200009F1070901E014F8012F03F8012F4B45C9
:10253000F9D1012067E7BA469FE700BF81B100EB00
:10254000010C084B002110F8012B5140604501F0AF
:102550000F0203EB11119A5C097C81EA0201F2D1AE
:1025600008467047AC1F006069B170B50546084663
:102570000C4605F06BFE2B680246214628465B6838
:10258000BDE87040184770478368C3F3080383B100
:10259000002110B40269D1540133B3F5007FF9D1A1
:1025A0000168D0E903321C681846636A5DF8044B81
:1025B00018470120704700BF82680346006940F257
:1025C000FF1CC2F3080281546245586801EB700198
:1025D000986800F10100C3E9011001D001207047A3
:1025E000D868196810B404684A1C646A1A601A69C9
:1025F00023465DF8044B184738B58368CAB20D46C8
:102600000169C3F3080340F2FF1C0446CA54634542
:10261000416802EB71024260826802F1010282604D
:1026200005D0290A2046BDE83840FFF7C5BF01683C
:10263000C0684A1C03685B6A2260226998470028C8
:10264000EFD138BDF8B50023064601601D46C0E94C
:102650000133A8B2FBF7A8FEA842044607D0C1B2D6
:102660003046FFF7A9FF00283BD10020F8BD6C1CC5
:10267000B4F5803F04D12AE00134B4F5803F04D0A2
:10268000A0B2FBF791FEA042F6D0671BB7F5007F22
:102690001DD34FF6FF713046FFF7AEFF0028E4D0A0
:1026A000B9B23046FFF7A8FF0028DED02546B5F5C1
:1026B000803FCED13046BDE8F840FFF765BFC5F397
:1026C000072130460135FFF777FF0028CDD0A5421E
:1026D000E9B23046EBD2FFF76FFF0028EFD10020C0
:1026E000F8BDC4F307213046FFF766FF0028BCD0D1
:1026F0000135DCE72DE9F04F1F4689B00B680D4628
:1027000004901446C16002610846DB699847B0F541
:10271000801F0090C0F0D88000230122009E01336A
:102720005200DBB201D09642F9D81C2B009640F241
:10273000B780A3F10B08012248FA02F1C8F3470859
:102740008A4002910792013301225B109A4006925F
:1027500004229A400392022202FA03F30193009AA0
:102760000021039B2046029E4FF0010AD31A4FF42A
:1027700000724AF6552BF34003FA06F90593019EC1
:1027800005F014FAFF2384F8BFA184F8C0A1B14476
:1027900084F8C431224684F8C53107230021284635
:1027A00084F8C231FE23C4F8C66184F8C3312B68B3
:1027B000C4F8CA915B6AA4F8FEB19847002863D0B8
:1027C0004FF400720021204605F0F0F9009B84F8D8
:1027D0006D804FF000086366F421059B04F17800DA
:1027E000069AE3652023266423726372A372EB23A7
:1027F000A665464623707623C4F8489063709023FC
:1028000084F86EA0A3704523E370582323714623F8
:1028100063714123A3715423E371042323664FF4AE
:102820008073A4F86830092384F86C308023C4E9ED
:10283000142284F86F304FF4C37205F0B7F9A4F88E
:10284000FEB1A8F16A03012B06D9B8F1700F03D0CD
:1028500014F8083003EB760608F10108B8F5007F9C
:10286000EFD12B682246DDF8049028465B6A494682
:10287000984748B12B684946224628465B6A0C3186
:10288000CDF80490984740BB2FB13B680F22B84960
:1028900038465B6898470026304609B0BDE8F08F9F
:1028A0001A2B4FF0080800F2A6814FF48043CDF8B0
:1028B000088001934FF4004303934FF48073079310
:1028C0004FF4005306934AE7002FE4D03B681522EB
:1028D000A84938465B689847D7E74246002120461A
:1028E00009F1010A05F062F94AF6552309F10902D6
:1028F00004F2FF19A4F8FE3100239346A04601E03C
:1029000018F8013FC14503EB7606F9D12B68224642
:10291000514628465B6A98470028B5D02B68224666
:102920000AF10C0128465B6A98470028ACD00AF1EE
:1029300001039B4502D09A462378DFE74FF40072EB
:10294000002120469B4605F031F900220AF1030AD6
:102950001146234601E013F8011F984501EB760666
:10296000F9D12B682246594628465B6A98470028C9
:102970008AD02B6822460BF10C0128465B6A9847E7
:10298000002881D00BF101018A456AD1231F04F58B
:10299000FE7243F8046F9A42FBD12B682246284608
:1029A0005B6A984700283FF46FAF2B680BF10D016D
:1029B000224628465B6A984700283FF465AF2FB14E
:1029C0003B680C226C4938465B689847069A0021A0
:1029D000019B2046002613444FF400729946059B44
:1029E0004FEA830805F0E2F823464FF0FF3208F281
:1029F0000728F821B7F1000B4FEA582A03F8011B0A
:102A00004FEA9838C4F8012018BF4FF0010BDA6084
:102A10005A609A60C3F80F2002E00136B24523D015
:102A2000B6FBF8F308FB136343B9BBF1000F05D005
:102A30003B680122514938465B6898472B6809EB8F
:102A40000601224628465B6A984700283FF41CAFDF
:102A5000002EE2D131464FF40072204605F0A6F870
:102A6000DBE78B46217874E7002F34D03B680222E5
:102A7000434938465B689847059E079A0736F6082B
:102A800006F2FF13B2EB532F4FEA5329FFF4FDAECA
:102A90004FF400720021204605F088F807232370C8
:102AA000B9F1000F00F08A804FF0000808E0B8F19B
:102AB000000F01D184F8008008F10108C1457BD9DD
:102AC000039A28462B6802EB080122465B6A984766
:102AD0000028ECD1D8E6059E079A0736F60806F2DC
:102AE000FF13B2EB532F4FEA5329FFF4D4AE4FF448
:102AF00000723946204605F059F807232370B9F1D2
:102B0000000FD1D1039B079A04989918FFF79AFDFB
:102B100000283FF4C0AE029A4FF400739340049A29
:102B200092689A423FF6B7AE4FF00208029B4FF40C
:102B30000072002108FA03F9039B2046994405F02E
:102B400035F881220323049909F1FF3984F8202004
:102B50008222237084F84020C4E90D864A684FF031
:102B60000108636562648B68A3650023E3650EE07A
:102B7000480A0020E4090020FC0900200C0A00207B
:102B8000240A0020079B98453BD208F101082B68D6
:102B900009EB0801224628465B6A9847064600284A
:102BA0003FF472AEB8F1010FECD14FF40072002186
:102BB000204604F0FBFFE8E7002FA3D03B68162275
:102BC000144938465B689847039B079A04989918FC
:102BD000FFF738FD00283FF458AE029A4FF4007317
:102BE0009340049A92689A423FF64FAE0A4938469B
:102BF000FFF7BAFC98E74FF48072CDF8088007928F
:102C0000A1E5002F3FF448AE04493846FFF7ACFC7D
:102C100042E600BF100A0020280A0020380A0020DF
:102C20002DE9F843DDF82090A2B105460C46984600
:102C3000571801E0BC420DD02B68204649465E6A19
:102C4000C0472146024628460134B0470028F1D14A
:102C5000BDE8F8830120BDE8F88300BF486810B5DF
:102C60000C4630B10B894A8901339BB29A420B81E1
:102C700001D9206810BD0368012203495B689847A9
:102C800000232068238110BD0C0A00202DE9F04F9D
:102C9000054687B08846924600214FF40072406A8C
:102CA00004F084FF286A28B103680C223A495B6863
:102CB0009847286A6B6A4FF00009EE690AF1FF3203
:102CC000DFF8E0C0E968ADF814904C1CCDE90330A2
:102CD0004FEA5A13ADF816303368DF6A674526D1DC
:102CE0006AB301EB0A07DFF8C0A00AE02146039AA5
:102CF00030460134D84700283FD0A7421ED0336861
:102D00000498D3F824B00028F0D0BDF81430BDF8F2
:102D1000162001339BB29A42ADF81430E6D803680E
:102D2000514601225B689847ADF81490DEE703AB8B
:102D3000214630460093194BB847F0B1286A20B1BC
:102D40000368022216495B689847B8F1100F4FF0EC
:102D5000F8016A6A4FF001030CBF04200C201170C7
:102D6000FF216A6AD15401339842FAD1E8696A6A4C
:102D70000368E9685B6A984718B9002007B0BDE8A6
:102D8000F08FD5E90231E86919446A6A03685B6A21
:102D9000984707B0BDE8F08FFC090020910C0100B6
:102DA000240A0020550C01000C0A002038B5436AA3
:102DB0004FF40075044600212A46184604F0F6FE3A
:102DC0004FF02031EB22A0F80B50C0F8031003465F
:102DD000C0F8071090210270762099700222587076
:102DE00094F82B1059734AF65521208D1A74F82245
:102DF000D8815A752269DA61A269A3F8FE111A62B4
:102E000038BD00BF70B504464FF400720021406A1F
:102E100004F0CCFE656A2269216805F2BF1002F059
:102E2000C5FBA369226905F2C31021681A44013A5F
:102E300002F0BCFB94F82A204AF6552385F8C221FB
:102E40002269E069C5F8C621626AA169A5F8FE3168
:102E50000368C5F8CA1100215B6ABDE870401847D5
:102E600070B546694FF4807390F82BE00446A6F5E0
:102E70008072456A4360B2FBFEF202F2011C4FEA27
:102E80001C214FEA410C81600CF1A10098420ED93F
:102E90008033F21AB2FBFEF202F20111090A4FEA84
:102EA000410C0CF1A1008342F2D3C4E901311B1A99
:102EB000A2F6F57103F18000B1F5704F20614FD299
:102EC0000CF1210C8133204602FB0EC2E360B2F507
:102ED000803FA26134BF0423062384F82A300123F3
:102EE0002385FFF78FFF08B9002070BD2046FFF74C
:102EF0005DFF2922A1684FF0203385F82620462265
:102F0000C5F82F30802085F836205422C5F82B30A4
:102F1000C5F83230312385F838203622E982412144
:102F200085F8393085F837104FF4007185F82400A2
:102F300085F83A200F4BE069C5F827300368A5F8FB
:102F40001110626A21695B6A98470028CCD06268D8
:102F50002046E3681021D21ABDE87040FFF796BE04
:102F6000206A0028C0D00368132203495B68984791
:102F7000002070BD87D61200D0090020F8B5466940
:102F80004FF4005390F82BC04FF48042A6F58041D7
:102F9000036142F2090E0446456A4260B1FBFCF14E
:102FA00001F18103DB0983600EEB4300904240F2A4
:102FB000B68002F50052B11AB1FBFCF101F18103B8
:102FC000DB090EEB43005F008242F2D3C4E9012328
:102FD0004FF6F473994240F2978001FB0C2CA2F556
:102FE00000522046D21B92B202F5005322854D4A70
:102FF000E360ACF50053944594BF4FF00B0C4FF0D9
:103000000C0CA36184F82AC0FFF7FCFE08B900206D
:10301000F8BD2046FFF7CAFEA16829224FF02033F1
:103020008020696285F8422054214622C5F84B3041
:1030300085F840004120C5F84730C5F84E300223DE
:1030400085F85220332285F85410322185F8552016
:1030500085F8530085F85610EB62E069324B334A2D
:103060002B630368C5F843205B6A626A216998474D
:103070000028CCD0E069216903680631626A5B6A86
:1030800098470028C3D04FF400720021606A04F012
:103090008DFDE069264A0368C5F8FC2121695B6A59
:1030A0000231626A98470028B1D0E069216903685B
:1030B0000831626A5B6A98470028A8D04FF0FF3356
:1030C000E0691C4AC5E97A331B4B2A60C5F8E43134
:1030D00003682169626A5B6A01319847002896D0CB
:1030E000E06921690368626A07315B6A98470028D2
:1030F0008DD0A268204694F82B30202103EB4202A9
:10310000BDE8F840FFF7C2BD206A00283FF47FAF5A
:103110000368132209495B6898470020F8BD5F00E7
:1031200056E700BF0004FB000100060087D612002E
:10313000000055AA5252614172724161D0090020CB
:1031400038B504460D68C16108466262EA692362C7
:10315000904700F2FF736061DB0A062B236024D9DD
:10316000102B13D80223B0F5800F84F82B302046A3
:103170002ED2FFF775FE0546206A05B320B103681D
:103180000D2219495B689847284638BD202B23D962
:10319000402B23D9802B23D9B3F5806F22D9B3F5E7
:1031A000004F8CBF80234023DDE7206A20B10368F5
:1031B00014220E495B6898470025284638BD002830
:1031C000FAD003680F220A495B689847284638BD41
:1031D000FFF7D4FE0546CFE70423C4E70823C2E780
:1031E0001023C0E72023BEE7B00900209809002083
:1031F000C00900204FF0FF30704700BF407C70478F
:10320000007D7047407D704701207047007F704708
:103210002DE9F0471E46C37C05460C46022B91461D
:10322000089F28D02B68214628461B6E984798B1E6
:10323000AC61B9F1000F12D004EB090801E0A04520
:103240000DD039462046B0472B6801462846DB6D35
:10325000013498470028F2D10020BDE8F087AB691F
:10326000287F4B44AB610028F7D12B6828465B6E62
:10327000BDE8F047184783698B42D3D1D9E700BF37
:10328000704700BF043002F03DB900BF10B50446DE
:103290002021FDF799F9204610BD00BF2DE9F0412E
:1032A0001F46C37C05460E46022B144624D02B68CD
:1032B000314628461B6E984778B1AE6187B100262B
:1032C00001E0B7420CD02A68214628460136D26D6B
:1032D00004F5007490470028F3D10020BDE8F08188
:1032E000AB69287F3B44AB610028F7D12B682846A7
:1032F0005B6EBDE8F041184783698B42D7D1DDE7AB
:103300002DE9F041204E074600F10408356805F527
:103310001675ADB203E03368EB1A1B0410D44046B7
:1033200002F0F4F8FF280446F5D1FD21404602F0F2
:103330000BF9BB7CCBB900230120FB74BDE8F08105
:103340001E23B87C7B740028F8D0387C012102F061
:1033500009F8FF21404602F0F7F8404602F0AAF8CB
:1033600000231846BB74BDE8F0810121387C01F0D0
:10337000F9FF2146404602F0E7F8404602F09AF88D
:103380000023BB74D7E700BFE0C400202DE9F04163
:10339000C37C012B35D0867C04464EB1043002F04C
:1033A000B5F8B0F1FF0518BF01252846BDE8F0814A
:1033B000071D4FF00108384602F05EF83146207CC8
:1033C00001F0D0FFFF21384602F0BEF8384684F8FD
:1033D000128002F09BF8A37CB0F1FF0518BF012515
:1033E000002BE2D04146207C01F0BCFFFF21384693
:1033F00002F0AAF8384602F05DF82846A674BDE847
:10340000F08100252846BDE8F08100BF2DE9F84392
:10341000204F0446884691463D68061D05F5967581
:10342000ADB203E03B68EB1A1B040DD4304602F04A
:103430006DF8FF282075F5D0FE281AD01823A07C3F
:10344000637430B9BDE8F8831D23A07C6374002841
:10345000F8D0207C012101F085FFFF21304602F0E9
:1034600073F8304602F026F800231846A374BDE82E
:10347000F8834A464146304602F054F8207538B980
:10348000304602F043F8304602F040F80120D9E718
:103490002523D4E7E0C40020F0B5002783B00C2139
:1034A00004463A46C77400F05BF8B0B9A67C1EB972
:1034B0000126304603B0F0BD05460121207C01F015
:1034C00051FF201DFF21019002F03EF8019801F00C
:1034D000F1FF3046A57403B0F0BD0923A67C6374E8
:1034E000002EE6D0251D207C01213E4601F03AFF4A
:1034F000FF21284602F028F8284601F0DBFF30467D
:10350000A77403B0F0BD00BFC27C022A03D0012A19
:1035100004D00120704703685B6E1847FFF7BCBFFB
:1035200038B503680D460D4904461A6A8A420CD123
:10353000C27C022A04D0012A0BD00120257738BD95
:103540005B6E98470028F8D138BD90470028FBD023
:10355000F3E7FFF7A1FF0028F6D0EEE73D150100E5
:103560002DE9F041036882B00F46354901920646C5
:103570001A6A8A425ED1C27C022A41D0012A5BD0FB
:10358000B47C002C47D0351D0C2F11D0DFF8B4804F
:10359000D8F8004004F59674A4B204E0D8F80030DE
:1035A000E31A1A0434D4284601F0B0FFFF28F5D1FD
:1035B0000DF1040802AC47F04001284601F0C4FFB9
:1035C00014F8011D284601F0BFFFA045F8D1002FD7
:1035D00028464FF00A040CBF9521872101F0B4FF63
:1035E000284601F093FF2846013C01F08FFF0306B7
:1035F000A4B2307501D5002CF5D102B0BDE8F08140
:103600005B6E98470028BBD1FF2002B0BDE8F08177
:10361000002FCDD0F8E7351D284601F02DFF2146BB
:10362000307C01F09FFEFF21284601F08DFF012331
:10363000B374A9E79047E5E7FFF72EFFE2E700BF85
:103640003D150100E0C400202DE9F04788B0054693
:103650004FF00008174601AC2E1D85F8128085F842
:10366000118085F8158084E80E009DF80400287408
:1036700001F074FE0121287C01F074FE6C490723DF
:10368000C5E9021394E8070005AB83E8070030465C
:103690000ECB01F0FBFEAC7C85F81380002C67D0CC
:1036A0000A240121287C01F05DFEFF21304601F053
:1036B0004BFF611E11F0FF04F7D121460A24287C3C
:1036C00001F050FE002228461146FFF749FF01286D
:1036D00004F1FF3304460AD013F0FF04F2D10123B2
:1036E000A87C6B74002851D108B0BDE8F0874FF476
:1036F000D57208212846FFF733FF420757D56C756E
:103700002B68DFF830A19B6D534561D1687DA0F136
:103710000204DFF82491B4FA84F4D9F80030640983
:1037200003F5FA68A4071FFA88F805E0D9F8003015
:10373000A8EB03031B0449D4372100222846FFF7D6
:103740000FFF224629212846FFF70AFF0028EDD166
:103750002B689B6D534565D1687D022849D0AB7CB1
:10376000CBBB07230120C5E9027308B0BDE8F08791
:10377000304601F081FE2146287C01F0F3FDFF2157
:10378000304601F0E1FE0123AB7489E7287C01217A
:1037900001F0E8FDFF21304601F0D6FE304601F091
:1037A00089FE00231846AB7408B0BDE8F0870223F9
:1037B00004246B75304601F0A9FE631E287513F0D2
:1037C000FF04F7D1AA289BD0062389E7172387E7B0
:1037D000284698479BE70121287C01F0C3FDFF2183
:1037E000304601F0B1FE304601F064FE0023AB74B8
:1037F000B7E700223A212846FFF7B2FEA8B93046C3
:1038000001F084FE00F0C000C02801D103236B75D5
:10381000304601F07BFE304601F078FE304601F084
:1038200075FE9CE72846984797E7122358E700BFA4
:10383000801A060039120100E0C40020F8B5002209
:103840000D463A210646FFF78BFEE0B9371D2C1DC9
:10385000384601F05BFE04F8010DA542F8D1B47CB6
:1038600014B901242046F8BD307C012101F07AFD15
:10387000FF21384601F068FE384601F01BFE0023A8
:103880002046B374F8BD1223B47C7374002CE9D0C5
:10389000341D307C012101F065FDFF21204601F03F
:1038A00053FE204601F006FE00231C46B37420465A
:1038B000F8BD00BF70B5164682B000220446FFF77F
:1038C0004FFEB0B11B236374A07C08B902B070BD79
:1038D000251D207C012101F045FDFF21284601F036
:1038E00033FE284601F0E6FD00231846A37402B01B
:1038F00070BD0546102231462046FFF787FD00289F
:10390000E2D0A67C002EE1D0207C012101F02AFD2E
:10391000201DFF21019001F017FE019801F0CAFD62
:103920003046A57402B070BD0368254ADB6C934233
:1039300000B585B00FD16A460921FFF7BBFF38B14A
:103940009DF8003013F0C00308D0402B27D0002092
:1039500005B05DF804FB69469847F0E79DF809302B
:103960009DF80A2003F003039DF806109DF8070058
:103970005B0001F0030180009DF808C043EAD21308
:103980009DF8052040EA812002F00F0240EA9C10D9
:1039900013440130073B984005B05DF804FB9DF8E7
:1039A00009009DF8073001309DF8082003F03F031F
:1039B00000EB034000EB0220800205B05DF804FB41
:1039C000191D010003680A4630B59B6D83B0164D82
:1039D0000446AB4224D1407D03284FF0120120461B
:1039E00018BF5202FFF7BCFD20B901231846E3744B
:1039F00003B030BD0C23A07C63740028F8D0251DD3
:103A0000207C012101F0AEFCFF21284601F09CFD45
:103A1000284601F04FFD00231846A37403B030BDC3
:103A200001919847019AD7E739120100F8B5144679
:103A3000C27C06460D46012A1F4602D183698B428D
:103A400005D029463046FFF7BDFF80B1B56187B18B
:103A5000002501E0AF420CD021464FF40072304601
:103A6000013504F50074FFF7D1FC0028F2D10020E5
:103A7000F8BDB369307F3B44B3610028F8D13046CC
:103A8000BDE8F840FFF708BD2DE9F84F9B46C37C21
:103A900006460C46012B1546DDF82890DDF82C80F3
:103AA00002D183698B4205D021463046FFF78AFF59
:103AB000B0B1B461BBF1000F15D004EB0B0A02E00A
:103AC000C847A2450FD04FF4007229463046FFF791
:103AD0009DFC07464246204629460134002FEFD17F
:103AE0000020BDE8F88FB369307F5B44B3610028E4
:103AF000F7D13046BDE8F84FFFF7CEBC03682DE99B
:103B0000F0415F69164B9F421FD1C37C04460D46AE
:103B10001646012B02D18369994205D029462046D9
:103B2000FFF750FF70B1A5614FF400723146204697
:103B3000FFF76CFC30B1A369207F0133A36148B16A
:103B4000BDE8F0810020BDE8F081BC460123BDE85E
:103B5000F04160472046BDE8F041FFF79DBC00BF43
:103B6000611A010003680A4630B59B6D83B0164D9B
:103B70000446AB4224D1407D03284FF01901204672
:103B800018BF5202FFF7ECFC20B902230120E374B6
:103B900003B030BD0E23A07C63740028F8D0251D2F
:103BA000207C012101F0DEFBFF21284601F0CCFC46
:103BB000284601F07FFC00231846A37403B030BDF3
:103BC00001919847019AD7E73912010003682DE95E
:103BD000F043DB6C1746414A85B004460E469342DB
:103BE00045D16A460921FFF765FE0546B5B19DF846
:103BF0000A305A0618D5637D032B01D076027F0266
:103C0000324620212046FFF7ABFC28B93A46212155
:103C10002046FFF7A5FC70B326236374A57C9DB9ED
:103C2000284605B0BDE8F08303F03F039DF80B2064
:103C30005B0043EAD2137A1C32431342DBD02723C2
:103C4000A57C6374002DEBD0251D207C012101F0A3
:103C500089FBFF21284601F077FC284601F02AFC69
:103C600000231D46A374284605B0BDE8F0836946CD
:103C700098470546BAE7024626212046FFF770FC22
:103C80000028C9D1DFF8588042F2107704F1040906
:103C9000D8F800301F44BFB204E0D8F80030FB1A57
:103CA0001B0417D4484601F031FCFF280646F4D126
:103CB000A37C002BB4D00121207C1D4601F052FBD7
:103CC0003146484601F040FC484601F0F3FB002332
:103CD000A374A5E728236374A0E700BF191D0100A2
:103CE000E0C4002070B5002282B00E4609210446CF
:103CF000FFF736FCB0B11B236374A07C08B902B097
:103D000070BD251D207C012101F02CFBFF212846E0
:103D100001F01AFC284601F0CDFB00231846A374DD
:103D200002B070BD0546102231462046FFF76EFBFB
:103D30000028E2D0A67C002EE1D0207C012101F0F9
:103D400011FB201DFF21019001F0FEFB019801F005
:103D5000B1FB3046A57402B070BD00BF70B5002243
:103D600082B00E460A210446FFF7FAFBB0B11B23CE
:103D70006374A07C08B902B070BD251D207C0121B0
:103D800001F0F0FAFF21284601F0DEFB284601F0A1
:103D900091FB00231846A37402B070BD05461022A3
:103DA00031462046FFF732FB0028E2D0A67C002EE9
:103DB000E1D0207C012101F0D5FA201DFF210190E6
:103DC00001F0C2FB019801F075FB3046A57402B00A
:103DD00070BD00BF70B5051D16460446284601F0AB
:103DE000B3FB4FF400723146284601F0B7FBFF21C8
:103DF000284601F0A9FBFF21284601F0A5FB284633
:103E000001F084FB00F01F032075052B04D0202354
:103E1000A07C637410B970BD012070BD207C0121AD
:103E200001F0A0FAFF21284601F08EFB284601F0A0
:103E300041FB00231846A37470BD00BF2DE9F0417B
:103E4000174D06460F4600F104082C6804F5167459
:103E5000A4B203E02B68E31A1B040CD4404601F023
:103E600055FBFF28F6D13A46FC213046FFF7B2FF5A
:103E700018B1BDE8F08124237374B07C0028F8D019
:103E8000307C012101F06EFAFF21404601F05CFB1D
:103E9000404601F00FFB00231846B374BDE8F081E3
:103EA000E0C40020036870B59B6D1646224A82B0BC
:103EB00004460D4693423CD1407D03284FF0180143
:103EC000204618BF6D022A46FFF74AFB0546B0B1EF
:103ED0000D236374A07C08B902B070BD251D207C41
:103EE000012101F03FFAFF21284601F02DFB284671
:103EF00001F0E0FA00231846A37402B070BD324608
:103F0000FE212046FFF766FF0028E3D0A67C002EA6
:103F1000E2D0207C012101F025FA201DFF21019033
:103F200001F012FB019801F0C5FA3046A57402B009
:103F300070BD9847C1E700BF3912010010B4047F7B
:103F400034B104680123A46AA4465DF8044B6047B9
:103F50005DF8044BFFF7A6BF10B584B004460DF121
:103F6000040C8CE80E009CE80E00FFF76DFB20B1FE
:103F70009DF8053003F00103237704B010BD00BFA6
:103F8000002070470020704700207047704700BF36
:103F9000084B0021084A094810B499631C6B14604F
:103FA00012685DF8044B1A639A6C22F081029A64DD
:103FB0000170704700002C40F0B2002014C50020B2
:103FC000034B586A80F08070C0F30060704700BFF8
:103FD00000002C40014B1878704700BF14C500202A
:103FE0002B4A2C4B526AD3F800312B49C2F3C22220
:103FF00003F03F03013270B5284C4FF47A75A4FBEF
:10400000034305FB00F09B08B1FBF3FEBEFBF2FE91
:10401000B0EB1E1F35D201231E465B001A01BEFB0A
:10402000F2F2824201D9FF2BF6D9BEFBF3F236023F
:1040300090422AD24FEA430C012200E0A4461546E2
:1040400003EB0C040132BEFBFCF1814217D9102AAC
:10405000F4D1F0254FF47A731149124A03FB0CFC9A
:10406000BEFBFCF30B60104BD16A0B402B43334378
:1040700043F46023D362536A1B07FCD570BD2D0146
:10408000E8E7724600260123D2E79C460025E1E7D7
:1040900000C00F4000800D4000EC695EABAAAAAAE8
:1040A00068B1002000002C400F00F0FF014B187891
:1040B000704700BF22990020014B1868704700BF6D
:1040C000F0B2002010B4074C8C460FCCCCF80000A6
:1040D0000120CCF80410CCF80820CCF80C305DF8A6
:1040E000044B7047C4B2002010B4074C8C460FCC70
:1040F000CCF800000120CCF80410CCF80820CCF853
:104100000C305DF8044B7047D4B20020024B012004
:104110001B680B60704700BFE4B20020704700BF0F
:1041200010B504460C21FCF74FFA204610BD00BF25
:10413000044B1B7823B1044B18780230C0B270478F
:104140000120704711C5002012C50020184B1A78B5
:1041500012F0C0020FD0402A01D000207047587AD8
:10416000DA79197A013002F03F0300EB034000EBEB
:104170000120800270475A7A9979D87902F00302B7
:1041800093F808C001F003018000520040EA81204A
:1041900000B593F80AE040EA9C105B7942EADE122F
:1041A000013003F00F031344073B98405DF804FB14
:1041B000D4B20020404A0520404938B5D2F8004129
:1041C0003F4B44F080043F4DC2F80041D2F800411B
:1041D00024F03F04C2F80041D2F8004144F0180432
:1041E000C2F80041D2F8004124F08004C2F8004136
:1041F000D3F8802042F00C02C3F880205A6A22F4DF
:1042000060525A62DA6942F48032DA615A6A42F4E0
:1042100000625A62C1F8CC01C1F8D001C1F8BC01FA
:10422000C1F8C001C1F8C401C1F8C801AA6C264B8D
:1042300042F00042AA64EA6A1343EB62EC6A14F0AB
:104240008074FBD14FF4C870FFF7CAFE1B4B47F2D6
:10425000B80241F2B801C3F8CC411C48C3F8D041C0
:10426000C3F8BC41C3F8C041C3F8C441C3F8C84156
:10427000C3F8BC23C3F8C023C3F8AC23C3F8B013FE
:10428000C3F8B4231249C3F8B823124B6863C1F8CA
:10429000F8314FF0E0234FF480420F49602081F85D
:1042A0006E00C3F80C21EB6A064A43F00063EB6230
:1042B000D36A1B01FCD438BD00800D4000801F4034
:1042C00000C00F4000002C40008000010B007F1157
:1042D000009C0020C51F010000E400E02DE9F04132
:1042E000FBF724FE174E184D0746DFF8748004E0F4
:1042F000FBF71CFEC01B40451BD8346B2C40F7D08D
:10430000124A0021124B1170326B1A601968114A5F
:1043100031631B68134209D00F491F240F4B40F231
:104320007A2200200C701A60BDE8F0810120BDE8FF
:10433000F081064A064B1470326B1A601B683363B7
:10434000EAE700BF00002C4002007F1113C50020E7
:10435000F0B2002000007F1122990020BCB20020A2
:1043600040420F002DE9F843264C0F462378002BDE
:1043700038D1254B5A6AD2052BD5234DDFF89480CE
:10438000AB6A43F48033AB62FBF7D0FD064604E032
:10439000FBF7CCFD801B40452AD86B6A13F480697B
:1043A000F6D007F13C0C184807F50F77436A5B0518
:1043B000FCD5ACF1400353F8042F9C450262FAD1BE
:1043C0000CF1400CBC45F1D1012318462370BDE827
:1043D000F8839A6A22F480329A629A6A42F400322E
:1043E0009A62CAE7FFF77AFF0028C2D1BDE8F883D6
:1043F00006492124064B4FF47E7248460C701A6021
:10440000BDE8F88313C5002000002C40229900204D
:10441000BCB2002040420F002DE9F041074688461B
:104420001F4CFBF783FD1F4E054604E0FBF77EFDA6
:10443000431BB34224D8636AD907F7D4BB02C4F83C
:10444000088020D427F0FF03154C174EE360FBF7DC
:104450006DFD144F054604E0FBF768FD401BB842B4
:104460000ED8236B3342F7D0226B104B1A601A68B8
:1044700022631A68D20703D51B6813F4702F0BD080
:104480000020BDE8F081A26CFBB222F0FF02A26422
:10449000A26C1343A364D5E70120BDE8F08100BFFF
:1044A00000002C4040420F0001000F00F0B200203D
:1044B000154B30B50D4685B01968FFF7ADFF08B351
:1044C000124B05F10F041A6900925969019199691B
:1044D0000291DB690393002301E05EF8102C03F0E6
:1044E000030C01334FEACC0C23F0030E0F2B22FAFE
:1044F0000CF20EF1100104F8012D0DEB010EECD1C0
:104500000023EB7305B030BDE8B2002000002C4062
:1045100010B5037ADB0705D5154B1B68B3B1BDE8B1
:1045200010401847134B1B783BB9134B5C6A84F05F
:104530008074C4F30064204610BD0F4B0F4C1B6BFE
:104540001C40B4FA84F46409204610BD0C4B1C785E
:10455000002CF0D00B4B0C481968FFF75DFF0028CA
:10456000E9D0054B1C6984F48074C4F30024E2E7AD
:10457000ECB2002013C5002000002C4002007F1187
:1045800010C50020E8B2002000001A0D08B5044B49
:1045900004481968FFF740FF08B1034B186908BDCC
:1045A000E8B2002000001A0D00002C4008B5074BAF
:1045B00007481968FFF730FF30B1064B186980F4DF
:1045C0008070C0F3002008BD012008BDE8B20020C3
:1045D00000001A0D00002C402DE9F047294B8946B8
:1045E000DFF8C0A0284ECAF80030FBF79FFC274D2B
:1045F0000446DFF8B480264F06E0FBF797FC001B6B
:10460000B84229D8FDF716FC31682846FFF704FFA9
:104610000028F2D0D8F81030DB05EED500234FF497
:104620000072CAF80030D8F8283023F48033C8F874
:104630002830184BC8F804201B78CBB149461648DF
:10464000FFF7EAFE30B915490E24154B40F25742E8
:104650000C701A60BDE8F087104A0A210020104B48
:10466000117040F24B42CAF800001A60BDE8F087B2
:104670004FEA492908484946FFF7CEFE0028E9D10C
:10468000E1E700BFE1250100E8B2002000001A0DBB
:1046900040420F0012C5002020003A192299002044
:1046A000BCB20020ECB2002000002C402DE9F0410B
:1046B000254C00212548A36A23F48033A362FFF729
:1046C000ABFE054648B922490920224B40F23D2263
:1046D00008701A602846BDE8F0811F4BDFF8808023
:1046E000C8F80030FBF722FC636A0646D80118D4EC
:1046F0001A4F04E0FDF79EFB636AD90111D4FBF762
:1047000015FC831BBB42F5D9114A0A210025114B28
:1047100011704FF410722846C8F800501A60BDE8B6
:10472000F0810022084BC8F800205A6A9207D1D5C0
:10473000586B9A6AD96A22F4803241F08061D9625A
:1047400058639A62C6E700BF00002C400000DB0CF3
:1047500022990020BCB20020F51F010040420F004A
:10476000ECB200202DE9F04782468946364EFBF731
:10477000DDFB364D0446DFF80081354F04E0FBF7E2
:10478000D5FB031BBB4227D831682846FFF744FE00
:104790000028F4D0D8F81030DA05F0D501232D4DDB
:1047A0002D4F51462B7000232C483B602C4BC8F8F2
:1047B0000090C8F804302B4BC8F83830FFF72CFEB7
:1047C0000446A0B928490420284B40F29F120870E3
:1047D00020461A60BDE8F08723490A20234B4FF496
:1047E000CC72002408701A602046BDE8F087204B88
:1047F000DFF88890C9F80030FBF798FB2B78064665
:10480000BBB1DFF84C8003E0FDF714FB2B7883B1DC
:10481000FBF78CFB831B4345F6D90023C9F8003016
:1048200011492520114B4FF4D172002408701A60F1
:10483000DAE73B6800229B07C9F80020F0D53A6808
:104840000C4B1A42D0D0EBE7E8B2002000001A0D62
:1048500040420F0014C50020F0B2002011003A06BB
:104860004000010002007F1122990020BCB200200C
:104870000920010000007F1100002C40ECB2002054
:104880002DE9F041324D1446AB7A13F0400012D1BD
:1048900003F03F03EA7A5B0043EAD213621C0A4347
:1048A000134208D02B4927242B4B40F202320C70C4
:1048B0001A60BDE8F081294B1B780BB949026402EC
:1048C0002748FFF7A9FD40B922490F24224B40F2A7
:1048D0000A320C701A60BDE8F08121462148FFF7CA
:1048E0009BFD40B91B4910241B4B40F20D320C704C
:1048F0001A60BDE8F08100211B48FFF78DFD38B933
:1049000014491124144B4FF444720C701A60E2E7FE
:10491000FBF70CFB154E164D0446DFF85C80154F77
:1049200031682846FFF778FD18B1D8F81030DB055C
:10493000D1D4FBF7FBFA001BB842F1D90549282472
:10494000054B40F2133200200C701A60C3E700BF21
:10495000D4B2002022990020BCB2002012C5002051
:1049600000001A2000001A2100001B26E8B20020D7
:1049700000001A0D40420F0000002C402DE9F04FBE
:1049800012F0030483B018BF012401900093002BA0
:1049900008BF44F001045CB140492520404B40F27F
:1049A000F512002408701A60204603B0BDE8F08FAD
:1049B0003C4B15463C4A0E46DFF80C911360FBF762
:1049C000B5FADFF808810746DFF804B1DFF8F0A098
:1049D00006E0FBF7ABFAC01B504544D8FDF72AFAB6
:1049E000D9F800104046FFF717FD0028F1D0DBF89A
:1049F0001030DA05EDD5009A2C4B2B4903EA02431F
:104A000000222B4F0A6043F400730121DFF8C480B9
:104A10003970C8F80020CBF80050CBF80430254B93
:104A2000CBF83830244B1B7843B331460198FFF75D
:104A3000F3FC81460028B7D0204B1B4A1360FBF7DC
:104A400075FA3B780546DBB11D4E03E0FDF7F2F940
:104A50003B78ABB1FBF76AFA401BB042F6D90023B2
:104A6000114A1360A0E70D4B0A2200210E481A706C
:104A70004FF4FC720A4B01601A6095E77602D4E7A6
:104A80000023094A1360D8F800309B078CD5D8F86A
:104A900000200C4B1A4208BF4C4685E722990020A3
:104AA000BCB20020E1250100ECB200200000FF1F95
:104AB00014C5002002007F1112C50020092001004A
:104AC00040420F0000007F11E8B2002000001A0DE4
:104AD00000002C40F0B20020F8B50646007A0C46E3
:104AE0001546C0071F4613D483B10F4401E0BC42F2
:104AF0000CD033682A46214630461B69013405F53F
:104B0000007598470028F2D10020F8BD0120F8BDBB
:104B1000900712D0002BF9D00F4401E0BC42F5D031
:104B200033682A46214630461B69013405F5007575
:104B300098470028F2D10020E7E70648FFF71EFF5C
:104B40000028E3D104490C24044B40F2A1320C703C
:104B50001A60F8BD37003A1222990020BCB200203A
:104B6000F8B50646007A0C461546C0071F4613D412
:104B700083B10F4401E0BC420CD033682A46214681
:104B800030465B6A013405F5007598470028F2D17C
:104B90000020F8BD0120F8BD900712D0002BF9D0FD
:104BA0000F4401E0BC42F5D033682A462146304626
:104BB0005B6A013405F5007598470028F2D10020A2
:104BC000E7E70648FFF7DAFE0028E3D104490E24A0
:104BD000044B40F23D420C701A60F8BD27003A19B0
:104BE00022990020BCB200202DE9F04F0025DFF80B
:104BF000C0929B4C91B0DFF8BC829A4E0172457214
:104C000089F80050257088F800503570FFF7D2FA07
:104C100029462846FFF700FC50B90121924B40F28B
:104C20008E22054621701A60284611B0BDE8F08F2B
:104C300003258E4F4FF4D5713846FFF7EDFB002862
:104C40004ED1013DF6D13378002B3DD0DFF868B26C
:104C5000FBF76CF9864E0546DFF860A2854F002110
:104C60003046FFF7D9FB50B9002517217E4B4FF492
:104C70002A72284621701A6011B0BDE8F08F59469B
:104C80005046FFF7C9FB0028EED0FBF74FF9401B59
:104C9000794BB842E8D81A69002AE0DA1969774AEC
:104CA00011601B695A0002D5012388F800300021E9
:104CB0007348FFF7B1FB054610BB02216A4B40F277
:104CC000B12221701A60AFE7FFF774FA294628462F
:104CD000FFF7A2FB3378002BB8D14FF4401BB7E7A6
:104CE000654B1B69B3F5D57F07D006215E4B4FF4AA
:104CF0002572002521701A6096E701233370A5E71D
:104D000000216048FFF788FB054630B90321564B68
:104D10004FF42D7221701A6086E7574E5A4B326954
:104D20005A4F13405A495B483B60FFF7C1FB0546A9
:104D300030B907214C4B40F2B92221701A6073E759
:104D400055495648FFF7B4FB054630B90821464B94
:104D50004FF42F7221701A6066E739685048FFF7E8
:104D60005BFB054630B905213F4B40F2BF22217065
:104D70001A6059E739683E48FFF74EFB38B91421ED
:104D8000394B40F2C322002521701A604CE7022102
:104D90004448FFF741FB05460028F0D0B36A694656
:104DA0006FF07F4023F00603B362B36A43F002035F
:104DB000B3624FF010137364FFF7D4FC9DF80D300D
:104DC0009B0743D5002841D0274E6946364894F8C2
:104DD00000803768FFF7C6FC9DF8103003F00F0322
:104DE000012B36D1A8B34CF25030304C0523C4F817
:104DF000CC31C4F8D031C4F8BC31C4F8C031C4F8E7
:104E0000C431C4F8C831FFF7EBF8002347F2B80209
:104E1000C4F8CC31C4F8D031C4F8BC31C4F8C031C6
:104E2000C4F8C431C4F8C83141F2B803C4F8BC2393
:104E3000C4F8C023C4F8AC23C4F8B0330123C4F8C9
:104E4000B423C4F8B82389F80030EDE646F2A81080
:104E5000CBE746F2A81084F800803760C5E700BFB2
:104E60002299002011C50020BCB2002000001A08C1
:104E700000001A3740420F0000002C40E4B200202E
:104E80000000090200001A030000FFFFE8B2002042
:104E9000D4B2002000000909C4B200200000090AB1
:104EA00000001B0700001A06F1FFFF8000801F4072
:104EB00010C5002012C5002000003040000002296B
:104EC000374B5A6A92052DE9F0410F460DD49A6A84
:104ED00022F480329A6272B69A6A42F400329A627E
:104EE0009A6A42F480329A6262B6FBF71FF82C4E3F
:104EF000DFF8C480054604E0FBF718F8431B434580
:104F000037D8746A14F40064F6D007F13C0C2448D6
:104F100007F50F77436A1B05FCD5ACF14003026A25
:104F200043F8042F9C45FAD10CF1400C6745F1D1B0
:104F3000FAF7FCFF1A4F1B4D0646DFF87C8004E0B1
:104F4000FAF7F4FF831B43451DD83C6B2C40F7D088
:104F50003B6B154A136013683B63136813F002033D
:104F60001BD01268114B1A420CBF01200020BDE873
:104F7000F0810F491A250F4B40F2563220460D7032
:104F80001A60BDE8F0810A491D250A4B40F26132E2
:104F900020460D701A60BDE8F0811846BDE8F0812A
:104FA00000002C4002007F11F0B2002000007F11B1
:104FB00022990020BCB2002040420F002DE9F047AA
:104FC000294B8946DFF8C0A0284ECAF80030FAF70E
:104FD000ADFF274D0446DFF8B480264F06E0FAF710
:104FE000A5FF001BB84229D8FCF724FF31682846EA
:104FF000FFF712FA0028F2D0D8F81030DB05EED512
:1050000000234FF40072CAF80030D8F8283043F477
:105010008033C8F82830184BC8F804201B78CBB16F
:1050200049461648FFF7F8F930B915490C24154BD5
:1050300040F2BD320C701A60BDE8F087104A0A21B8
:105040000020104B117040F2B132CAF800001A6013
:10505000BDE8F0874FEA492908484946FFF7DCF9DF
:105060000028E9D1E1E700BFE1250100E8B2002016
:1050700000001A0D40420F0012C5002030003A1205
:1050800022990020BCB20020ECB2002000002C408D
:105090002DE9F04100221D4C0D4642721146A36AD3
:1050A0001B4823F48033A362FFF7B6F940B91949CE
:1050B0000924194B40F2D3320C701A60BDE8F0811C
:1050C000002DFBD0154B164E3360FAF72FFF636AA5
:1050D0000746DA0116D4DFF84C8004E0FCF7AAFE9C
:1050E000636ADB010ED4FAF721FFC01B4045F5D9F6
:1050F000084A0A210020084B117040F2D732306074
:105100001A60DBE7002328463360D7E700002C4015
:105110000000DB0C22990020BCB20020F51F01002A
:10512000ECB2002040420F000A4B1B7810B5044639
:105130001BB9637A43B9012010BDFFF7CFF80028EF
:10514000FAD0637A002BF6D020460121BDE810404A
:10515000FFF79EBF13C500202DE9F0410446007AF9
:10516000ADF5007D164610F0010513D093073CD035
:10517000012338486A46FFF701FC00283AD04FF473
:10518000007269463046FBF783F928460DF5007D2D
:10519000BDE8F081DFF8CC800F4698F80030002B96
:1051A00035D1637A012B39D022682B49126A8A42A1
:1051B0004AD198F80020002A34D1002B39D1394641
:1051C0002046FFF7FBFEE8B10123676063723146BA
:1051D0002046FFF775FEA8B16368054601332846EF
:1051E00063600DF5007DBDE8F08101231948FFF7EC
:1051F000C5FB38B919490B20194B4FF45D720025D6
:1052000008701A6028460DF5007DBDE8F081FFF7B3
:1052100065F80028F6D0637A012BC5D16268BA42DE
:10522000C2D1D4E7FFF75AF80028EBD0637A002BFD
:10523000C5D001212046FFF72BFF0028BFD128460B
:105240000DF5007DBDE8F081204690470028F6D09E
:10525000B5E700BF11003A115D310100229900202D
:10526000BCB2002013C500202DE9F041047AADF551
:10527000007D0F46904614F001041DD012F0030F7C
:1052800006D0684611464FF400728046FBF700F9DD
:105290000123424639462C48FFF770FB044630B9DB
:1052A0002A490D202A4B40F2114208701A6020460C
:1052B0000DF5007DBDE8F081264D06462B782BBB11
:1052C000737A022B29D032682349126A8A4236D176
:1052D0002A7832BB002B2BD13368394630461B6EFF
:1052E00098470028E3D00223776073723368414601
:1052F0003046DB6D98470028D9D0736804460133E7
:10530000204673600DF5007DBDE8F081FEF7E6FFF5
:105310000028CCD0737A022BD5D17268BA42D2D190
:10532000E4E7FEF7DBFF0028C1D0737A002BD3D06F
:1053300001213046FFF7ACFE0028B8D0CCE730465C
:1053400090470028B3D0C7E701003A1822990020FF
:10535000BCB2002013C500205D3101000121FAF725
:105360004BBE00BFFAF70CBE30B482B00C4602ABA5
:1053700003E90600C37C002B30D072B6C37CDA0789
:1053800008D54FF0E0214569D1F880212A4082629A
:10539000C1F880219D0708D54FF0E0218569D1F83B
:1053A00084212A40C262C1F88421590708D54FF0F0
:1053B000E021C569D1F888212A400263C1F888211B
:1053C0001A0708D54FF0E021056AD1F88C212A4050
:1053D0004263C1F88C21DB062FD462B683689C42FD
:1053E00035D0224B84609B69214AC3F30111C3F37A
:1053F000826352F821100133B1FBF3F2CCB1944235
:1054000027D8B2FBF4F3B2FBF3F294422CD3B3F5FA
:10541000817F20D3174CC4600368032200200199C8
:1054200018615A6201221C6419661A6102B030BC0C
:1054300070479942EFD3531CE9E74FF0E022416AED
:10544000D2F890310B408363C2F89031C5E7C4684D
:10545000E2E70024DFE7022BFBD9023B5A081402E3
:1054600044EA02441C43D6E71A46E4E700C00F4072
:105470007C1C0020FF7F7F0008B5034653F8040B17
:1054800093E80600FFF770FF08BD00BF84B00DF180
:10549000100C0CE90E00024623B11846136004B04C
:1054A00000F072B9024B1846136004B000F06CB9FA
:1054B000E09000200268D37C13B3D80704D5906A2B
:1054C0004FF0E021C1F80001990704D5D06A4FF0F0
:1054D000E021C1F80401580704D5106B4FF0E0211A
:1054E000C1F80801190704D5506B4FF0E021C1F84D
:1054F0000C01DB0604D5926B4FF0E023C3F81021BA
:10550000704700BF006800F05DBA00BF0268FF236B
:1055100012685366D36D13F4F81FFBD0506FC0B2FE
:10552000704700BF30B50C4683B00546FF212046CA
:10553000019202F03BFB2868019B2246214600F0C5
:105540003DFA002003B030BD03681A685166D36D80
:1055500013F4F81FFBD0536F704700BF531EB3F511
:10556000007F30B51446ADF5017D054611D36AB113
:105570000368481E1968821810F8013F4B66CB6D0E
:1055800013F4F81FFBD090424B6FF5D10DF5017D60
:1055900030BD6846FAF77CFF6A4623462868114604
:1055A00000F00CFA0DF5017D30BD00BFB1F5807F34
:1055B00021D810292ED840234FF0200CB2FBF3F154
:1055C000B1F5806F20D203FB112300B5B2FBFCFEC6
:1055D000B3FBFCF30CFB1E224FEA910CDBB2013251
:1055E0002CF03F0CC9B2037042EA0C028170D2B2B7
:1055F00042705DF804FB3F239C46802910D9B1F529
:10560000FC7F0FD81B01D9E7FF21FE2341700370F7
:1056100081707047202916D880234FF0200CCDE7E9
:10562000DB00CBE7B1F57C7F04D9B1F5FC6F03D883
:105630009B01C3E75B01C1E7B1F57C6F94BFDB0160
:10564000C3EB0323BAE720239C46D6E7F0B40468F3
:1056500040F201251E462561A3B121B311F8015B7B
:10566000013B6566256FAF0707D41546013E676F9E
:105670001AB105F8017B2A4604686569ED07F1D582
:10568000002BEAD16EB10368196F8907FAD411466D
:10569000013E5B6F002AF5D001F8013B0A46002E5F
:1056A000F1D1F0BC704790F83C50D9E7324B334908
:1056B00030B5D3E911542079C8771A6C95F804C035
:1056C00081F81CC0087752B1B2F5004F23D32C49A2
:1056D00011442A4A1964D07682F81BC030BD19687B
:1056E0000F24D86C8C6540F20134CA610C614FF410
:1056F0007C544C6103210468246883F83D10214BDD
:105700009C4226D1037F4260022BC26026D183686F
:10571000BDE8304018472D68E98B090422D492B2C5
:10572000EA832168EC8BA4B2EC82CC8B240405D5EF
:10573000CC8BC2F3080204F47E442243CA83CA8B92
:1057400092B2CA8200210D4A1964D07682F81BC039
:1057500030BD23461146BDE830401847BDE8304013
:10576000FCF7D4BBE98BC2F3080E92B201F47E4180
:1057700041EA0E01E983D4E7E090002000800E406A
:105780000180FFFFC5FF000043682DE9F04FD3E91A
:105790000041814D4FF0B80A22684FF0020822EA1A
:1057A00001027E492260AA6911407D4A0A43AA612A
:1057B00090F810E07B4A03EB0E0603EB8E0E317C73
:1057C00002EB01118968C1F800A090F811C003EB49
:1057D0000C050CF10A0C95F8241002EB01118968F4
:1057E000C1F800A0817C03EB010903EB810199F86A
:1057F00038B002EB0B1BDBF808B0CBF800A0D4F8F4
:1058000000A05F684AEA070AC4F800A0347CDEF80A
:1058100014E002EB04146468C4F800E095F8244036
:1058200053F82CC002EB04146468C4F800C0C96BC0
:1058300099F8384002EB0412526811609A6C99F89A
:10584000441011601A6A317F5B6B116095F830204B
:105850001A600F220368C3F810809A65C27C002A80
:1058600031D072B6C37CDC0708D54FF0E021446923
:10587000D1F8802122408262C1F88021990708D5A1
:105880004FF0E0218469D1F884212240C262C1F83E
:1058900084215A0708D54FF0E021C469D1F8882146
:1058A00022400263C1F888211F0708D54FF0E0218C
:1058B000046AD1F88C2122404263C1F88C21DE06B3
:1058C00055D462B60368384C8268A24259D0324A35
:1058D000846092693549C2F30116C2F38262344D85
:1058E00051F826100132B1FBF2F2AA4231D800225F
:1058F000C260002403211C610724596201211A643B
:105900001C661961C37C13B3DD0704D5816A4FF0AF
:10591000E022C2F800119C0704D5C16A4FF0E022D2
:10592000C2F80411590704D5016B4FF0E022C2F808
:1059300008111A0704D5416B4FF0E022C2F80C1190
:10594000DB0604D5826B4FF0E023C3F81021BDE8DD
:10595000F08F1849A1FB0251090DB2FBF1F2A242EE
:1059600088BF0131B1F5817F0DD3134AC0E74FF0F5
:10597000E022416AD2F890310B408363C2F8903143
:105980009FE7C268B5E70229B1D902394C08220263
:1059900042EA04420A43ABE700C00F40CFFFFFE3F7
:1059A00010000008F08A002000093D007C1C002047
:1059B000FF083D0083DE1B43FF7F7F000BB1FFF735
:1059C00045BE70474368D3E900120968114200D10F
:1059D000704710B502680446002005211061227C42
:1059E0001344187CFAF708FB627C636805211344B2
:1059F00093F82400FAF700FB6368A27C05211344A6
:105A0000BDE8104093F83800FAF7F6BA53B94AB92E
:105A1000002908BF00281CBF4FF0FF314FF0FF30B6
:105A200000F070B9ADF1080C6DE904CE00F006F895
:105A3000DDF804E0DDE9022304B070472DE9F0470A
:105A4000089E0D4604460F46002B4AD18A429446D2
:105A500065D9B2FA82F343B102FA03FCC3F1200222
:105A60009F4020FA02F217439C404FEA1C4E1FFA57
:105A70008CF5B7FBFEF1220C0EFB117742EA0742D0
:105A800001FB05F090420AD91CEB020201F1FF373D
:105A900080F01C81904240F2198102396244121A4E
:105AA000A4B2B2FBFEF00EFB102244EA024400FB5B
:105AB00005F5A5420AD91CEB040400F1FF3280F081
:105AC0000781A54240F204816444023840EA014063
:105AD000641B00211EB1DC400023C6E90043BDE881
:105AE000F0878B4208D9002E00F0ED800021C6E936
:105AF00000050846BDE8F087B3FA83F1002949D1D3
:105B0000AB4202D3824200F2F880841A65EB0302B2
:105B100001201746002EE2D0C6E90047DFE702B9B0
:105B2000FFDEB2FA82F3002B40F090808A1A4FEA2F
:105B30001C471FFA8CFE0121B2FBF7F507FB15206D
:105B4000220C42EA00420EFB05F0904208D91CEB01
:105B5000020205F1FF3802D2904200F2CB804546A6
:105B6000121AA4B2B2FBF7F007FB102244EA024477
:105B70000EFB00FEA64508D91CEB040400F1FF3221
:105B800002D2A64500F2BB801046A4EB0E0440EA08
:105B900005409FE7C1F120078B4022FA07FC4CEA41
:105BA000030C05FA01F420FA07F3FD404FEA1C4903
:105BB0002343B5FBF9F81FFA8CFE09FB18551C0CA2
:105BC00044EA054408FB0EF5A54202FA01F200FA88
:105BD00001F00BD91CEB040408F1FF3A80F0888037
:105BE000A54240F28580A8F102086444641B9DB27E
:105BF000B4FBF9F309FB134445EA044403FB0EFE2E
:105C0000A64508D91CEB040403F1FF356CD2A64568
:105C10006AD9023B644443EA0843A3FB0295A4EB20
:105C20000E04AC42C846AE4656D353D056B1B0EB84
:105C3000080264EB0E0404FA07F7CA40CC4017438D
:105C4000C6E9007418460021BDE8F087C3F12001C1
:105C500002FA03FC20FA01F225FA01F19D402A43E1
:105C60004FEA1C471FFA8CFEB1FBF7F007FB10153B
:105C7000110C41EA054100FB0EF58D4204FA03F4D4
:105C800008D91CEB010100F1FF382FD28D422DD92C
:105C900002386144491B92B2B1FBF7F507FB1511BD
:105CA00042EA014205FB0EF1914208D91CEB0202C7
:105CB00005F1FF3816D2914214D9023D6244521ABE
:105CC00045EA004138E73146304608E73946E6E61E
:105CD0001046FBE64845A9D2B9EB020865EB0C0E6D
:105CE000013BA3E74546EAE72B4694E74046D1E768
:105CF000D0467BE7023D624432E708460AE7644447
:105D0000023842E7704700BF931E222B10B50C46A5
:105D10000CD80A2A03D001F0F7FC204610BD002859
:105D2000F9DA2D2301F8013B4042F4E700230B7020
:105D3000184610BD024B0146186800F00BB800BFB2
:105D4000B8980020024B0146186802F091BB00BFD2
:105D5000B89800202DE9F04F01F10B06162E83B004
:105D6000044624D8102900F2BA8000F0A3FA1026C5
:105D700018220220B54F3A44A2F1080153688B4221
:105D800000F0BA805A68D96822F003021A449D686C
:105D9000E9608D60516841F001012046516003F1D6
:105DA000080500F08DFA284603B0BDE8F08F36F004
:105DB000070600F19480B14200F2918000F07AFA77
:105DC000B6F5FC7FC0F09A81730A00F08F80042B37
:105DD00000F26F81B30903F1390003F1380CC300FD
:105DE0009A4F3B44A3F108055B689D4206D10CE045
:105DF000002980F22781DB689D4206D05A6822F094
:105E00000302911B0F29F3DD60463D69DFF850C2A4
:105E100065457CD06A6822F00302931B0F2B00F3C8
:105E20007B81002BC7E904CC80F26C81B2F5007F46
:105E300080F01A81D308796801334FEA521E01229B
:105E400002FA0EF20A4357F833E0C5F808E007EB10
:105E5000C3010839E9607A6047F83350CEF80C5036
:105E6000831001219940914257D8114206D120F068
:105E700003004900114200F10400FAD007EBC00909
:105E80004D468646D5F80C80454508D11DE1002BCE
:105E900080F22481D8F80C80454500F01681D8F8AE
:105EA000042022F00302931B0F2BF0DD2046D8E9DB
:105EB000025408EB060146F00106C8F80460EC60E5
:105EC000A56043F00104C7E90411C1E902CC4C60AC
:105ED00048F8023000F0F4F908F1080502E00C235C
:105EE00023600025284603B0BDE8F08F4FF400730F
:105EF00040204FF03F0C73E7D3689A4208BF02304E
:105F00007FF440AF3D69DFF858C1654582D17A68BA
:105F10008310012199409142A7D9BD686B6823F095
:105F200003094E4503D8A9EB06030F2B7ADCDFF8F3
:105F300034B1474BDBF800201B680132334405EBDA
:105F4000090A00F0338103F580530F3323F47F688F
:105F500028F00F084146204601F042FF411C02464E
:105F600000F0F380824500F2EE803A4B196841441C
:105F70001960084600F04E81DBF8001001930131F2
:105F80001BBFA2EB0A010918CBF80020196012F020
:105F9000070B00F01781CBF108010A44CBF58051C3
:105FA00090440831A1EB0801C1F30B0A5146204689
:105FB000009201F015FF421CDDE9002300F04F8143
:105FC000801A00EB0A081968BA6048F001005144D1
:105FD000BD425060196000F02981B9F10F0F40F205
:105FE00027816868A9F10C0C2CF0070C00F0010067
:105FF00040EA0C0068604FF0050E05EB0C00BCF1A8
:106000000F0FC0E901EE00F2328150681546124BC5
:106010001A688A4238BF1960104B1A688A4238BF22
:10602000196094E0AA1943F0010346F001066E607E
:106030002046BA60536000F043F90835284603B0A3
:10604000BDE8F08FD9681A44A1E600BF9C940020F7
:106050009CB500206CB5002094B5002098B50020B8
:10606000A4940020A4980020B2F5206F4FEA522398
:1060700063D3142B00F2B78003F15C01C9005B33DA
:1060800007EB010E7958AEF1080E8E4500F09180B5
:106090004B6823F00303934202D989688E45F7D1F8
:1060A000D1F80CE07A68C5E9021ECEF80850CD6040
:1060B000D6E6142B59D9542B00F29D80330B03F1F3
:1060C0006F0003F16E0CC3008AE60EF1010E1EF0A4
:1060D000030F05F108057FF4D5AE51E04244454673
:1060E0005368D8F80C1043F00103536055F8083F8B
:1060F0002046D9608B6000F0E3F8F3E6F00806F183
:10610000080237E62A442046536843F001035360EF
:10611000083500F0D5F8E5E6A919204646F0010655
:1061200043F001046E60C7E90411C1E902CC4C6080
:10613000AB5000F0C5F80835D4E6930903F13901F6
:10614000C90038339CE7BD425FD0BD68686820F065
:1061500003084645A8EB060302D80F2B3FF762AFB2
:10616000204600F0ADF80025BCE603F15C0003F129
:106170005B0CC30034E659F808394B4540F0968073
:1061800010F0030F00F1FF30F5D17B6823EA010323
:106190007B60490099423FF6C0AE19B9BDE649009F
:1061A0000EF1040E1942FAD0704667E603F11008AA
:1061B000D0E69A104FF001087B6808FA02F21A4301
:1061C0007A6070E702EB08014942C1F30B0A5146BD
:1061D0002046009201F004FE431CDDE900237FF419
:1061E000EFAEDA46EFE6542B25D8130B03F16F011F
:1061F000C9006E3344E7B3F5AA7F25D8F30B03F14A
:10620000780003F1770CC300EAE5294B1868404495
:106210001860B1E6CAF30B0CBCF1000F7FF4ACAE12
:10622000BD68C84448F001006860F0E61546EEE637
:106230000123536094E7B3F5AA7F23D8D30B03F16E
:106240007801C90077331BE740F25452934223D8B8
:10625000B30C03F17D0003F17C0CC300C0E5ABF18E
:10626000080BD844A8EB02084FF0000AABE605F192
:1062700008012046009302F0FBF8BD68009B6868A7
:106280001968C4E640F254518B420BD8930C03F1C9
:106290007D01C9007C33F3E64FF47E737F204FF01D
:1062A0007E0C9DE54FF47E717E23E9E67B6870E706
:1062B0006CB50020014801F0BDBF00BF64B50020EF
:1062C000014801F0B9BF00BF64B5002010B4044C10
:1062D00003460A4620685DF8044B194600F002B8F0
:1062E000B89800202DE9F84F1746002900F0988053
:1062F0000C4607F10B058046FFF7DCFF162D54F81E
:10630000041C5BD810252A46AF425CD821F0030656
:106310009642A4F1080962DABC4BD3F808C009EB35
:106320000600844500F09780D0F804C02CF00103EB
:1063300003445B68DB0768D42CF0030C06EB0C030A
:10634000934247DACB0710D454F8083CA9EB030A70
:10635000DAF8043023F003018C44B444944580F20D
:1063600011817318934280F2E88039464046FFF766
:10637000F1FC0746E0B154F8043C23F001034B4420
:10638000A0F10802934200F0D280321F242A00F2CA
:10639000F580132A00F2AC8003462246116819608A
:1063A0005168596092689A602146404602F060F850
:1063B0004046FFF785FF3846BDE8F88F25F0070512
:1063C000002D2A46A0DA0C23C8F8003000273846F2
:1063D000BDE8F88F1E46D0E90223D3609A60731B94
:1063E0000F2B22D8D9F8043003F0010333434E4475
:1063F000C9F80430736843F00103736040462746D0
:10640000FFF75EFF3846BDE8F88FC907ADD454F8F2
:10641000083CA9EB030ADAF8041021F00301A0E715
:10642000BDE8F84F1146FFF795BCD9F8042009EBF9
:10643000050102F001024E4443F001032A43C9F86A
:1064400004204B60736843F00103083173604046D9
:1064500002F00EF8D2E7DCF8040020F0030B06EBA4
:106460000B0C05F1100084454DDAC9073FF57DAFEF
:1064700054F8081CA9EB010ADAF8041021F0030112
:106480008B44B34458453FF76CAF5746DAF80C10CD
:1064900057F8080F321F242AC160886000F2DB80A1
:1064A000132A40F2D6802168CAF808106168CAF839
:1064B0000C101B2A00F2DF8008340AF11002216858
:1064C000116061685160A16891600AEB0501ABEB56
:1064D000050242F0010299604A60DAF8043003F0E4
:1064E00001032B434046CAF80430FFF7E9FE6EE78C
:1064F00023680360636843601B2A68D804F10802BC
:1065000000F108034AE709EB05029A60ACEB0503CA
:1065100043F00103536054F8043C03F001032B43A0
:10652000404644F8043CFFF7CBFE27464FE750F8BF
:10653000043C23F003031E4451E75746DAF80C10DD
:1065400057F8080F321F242AC16088604CD8132ADC
:1065500048D92168CAF808106168CAF80C101B2ACB
:1065600056D808340AF110021E4623681360636887
:106570005360A3689360D1463C4630E7214601F062
:1065800099FA11E7D0E902135746CB60996057F8A2
:10659000081FDAF80C30CB60321F242A99602DD8FE
:1065A000132A29D92368CAF808306368CAF80C305E
:1065B0001B2A42D808340AF1100322681A60626864
:1065C0005A60A2689A606646D1463C4607E7A368CF
:1065D0008360E368C360242A26D004F1100200F12E
:1065E0001003DBE63A46BFE7214638461E46D14651
:1065F00001F060FA3C46F2E63B46DEE721463846CB
:106600006646D14601F056FA3C46E8E69C940020E6
:10661000A168CAF81010E168CAF81410242A20D022
:1066200010340AF118029FE723690361616941612F
:1066300004F1180200F11803B0E6A368CAF810309C
:10664000E368CAF81430242A21D010340AF1180360
:10665000B3E73A4633E72146384601F02BFA164BAA
:1066600033E72269CAF818206269CAF81C20183476
:106670000AF1200278E7A168CAF81010E168CAF8A8
:106680001410242A0DD010340AF1180217E72369D8
:10669000CAF818306369CAF81C3018340AF12003AC
:1066A0008BE72269CAF818206269CAF81C201834DE
:1066B0000AF1200203E700BF9C9400200CB410B53F
:1066C0001F4B00291C689CB035DB4FF40273ADF8FA
:1066D0001430029006901FAB18D001394FF6FF72AC
:1066E00004910791ADF8162002A91E9A0193204645
:1066F00002F0ECFB421C01DA8B232360029B002298
:106700001A701CB0BDE8104002B070474FF6FF721F
:1067100004910791ADF8162002A91E9A0193204614
:1067200002F0D4FB431C01DA8B2323601CB0BDE8CC
:10673000104002B070478B2323604FF0FF30F5E725
:10674000B89800202DE9F04F2DED108B97B08A46B8
:1067500000210792129100220021CDE90412804607
:10676000514611910F4611F8012B2D2A5ED801A038
:1067700050F822F0494901006148010061480100D8
:106780006148010061480100614801006148010061
:1067900061480100614801009747010097470100E7
:1067A00097470100974701009747010061480100A2
:1067B0006148010061480100614801006148010031
:1067C0006148010061480100614801006148010021
:1067D0006148010061480100614801006148010011
:1067E0006148010061480100614801006148010001
:1067F00061480100974701006148010061480100BC
:1068000061480100614801006148010061480100E0
:1068100061480100614801006148010061480100D0
:10682000834F0100614801006F4F01000021099171
:10683000302A7DD0002308932F2A144640F2CD84BD
:106840004FF0000938464E464D4612E00130082D03
:106850001190C8BF09EB89090478C6BF02EB490251
:10686000A2F13009A3F130062F2C05F101052246D3
:106870006FDD06EB8603392C02EB4303E6DD9F490F
:10688000012201F0E5F9002837D1119B1A460133A6
:1068900011935478002D40F04385302C40F024852E
:1068A000C3F101029818013311931C78302CF9D0F0
:1068B000A4F13103082B00F20183119F431CA4F1C2
:1068C000300B0B930125BC464FF0000E06EB8606FD
:1068D0000BEB460600200CF1010311939CF80140DC
:1068E000A4F13001092900F2BB8201308B46002956
:1068F00040F04F84DDF844C0EDE70020652CAE4643
:106900000B90844601D0452C30D1002D6BD1089BD3
:10691000034367D1079B9FED778B13B1079BC3F8A8
:1069200000A0B0EE480B17B0BDEC108BBDE8F08FA7
:106930007A7802F0DF02582A00F00C8401371197B0
:106940003A78302AFAD0002A00F0B7800123089361
:1069500072E76A49012201F07BF9002800F0C0804B
:10696000AE464FF0000CCDF82CC060464FF0000B47
:10697000002D7ED007EE906A0B9BB8EE677BABEBE9
:106980000303BEF1000F08BFAE46102D0A932B463D
:10699000A8BF1023092D8DED047B0CDD584A02EBB6
:1069A000C30212ED125B06EE909AB8EE666BA7EE8C
:1069B000056B8DED046B0F2D00F3A8800A9A002A59
:1069C00000F0E4830A9A40F33C83162A40F398844B
:1069D0000A99C5F125028A4280F2A6840A9AEB1A26
:1069E000134499E00025DDF844A00AF10103119356
:1069F0009AF801402B2C00F05E822D2C00F0F781DC
:106A000000230A93A4F13003092B00F2EB81302C10
:106A100005D1119B013311931C78302CFAD0A4F1CD
:106A20003103082BA2D8119A0C92531C1193A4F194
:106A3000300B54782F2C07DCDEE3013311934C78B4
:106A40002F2CA2F1300B06DD0BEB8B02392C1946F3
:106A500004EB4202F1DD0C9A9B1A082B40F3CC8325
:106A600044F61F6B0A9B002B82D0CBF1000B002D4C
:106A700080D1089B034320D1BCF1000F7FF44AAFC3
:106A8000692C00F0CF8300F3F382492C00F0CA8315
:106A90004E2C7FF43FAF1B4911A802F00BF90028E0
:106AA0003FF438AF119B1B78282B00F0F284164876
:106AB00001F080FCB0EE408B01E09FED0E8B079A59
:106AC0000AB1119B1360099B002B3FF42AAFB1EE72
:106AD000488BB0EE480B17B0BDEC108BBDE8F08FC3
:106AE000119B0B905A1C11925C78AE46F8E600BFE1
:106AF000AFF3008000000000000000000C0A00203E
:106B0000A802002078200020AC0900200A9AEB1A85
:106B10001344002B40F3B08213F00F010AD0C34A94
:106B200002EBC1029DED046B92ED007B27EE067B2C
:106B30008DED047B33F00F0240F038820023089380
:106B400000962B4672463946404605F00BFC8146BE
:106B5000002800F0E1820B9BA3EB0B0B0A9B9FED3F
:106B6000A9EB002B9FEDA9CB9FEDAADB9FEDABBB63
:106B7000B4BF5A4600224FF0000A23EAE3730B9297
:106B80000C935446D9F80410404605F069FB0646BC
:106B9000002800F00E81D9F810209DED048B023200
:106BA000920009F10C010C30F9F772FCB0EE480BC1
:106BB00014AA13A9404605F091FF1290002800F096
:106BC000E4800121404605F075FC0446002800F0F1
:106BD000F080139A002AC0F2DE800B9B0C9F02EB20
:106BE000030B089B149DD21A2A44914B013A9A42F6
:106BF000C5F1360580F29880991A1F29A5EB010589
:106C000000F3E380012202FA01F30D9300230E93B7
:106C10002F44089B5D44AB455A461F44A8BF2A46F3
:106C2000BA42A8BF3A46002A03DDAD1ABF1AABEB41
:106C3000020B0B9B002B00F38880002D00F39C803F
:106C40000A9B002B00F3B780002F00F3A980BBF153
:106C5000000F08DD21465A46404605F067FD044610
:106C6000002800F0A68012993246404605F0F8FD53
:106C70008246002800F09D800023C568C36021463D
:106C800005F0CCFD0028C0F2C78300F061832146E7
:106C9000504605F08DFFB0EE007BB4EEC70BF1EE71
:106CA00010FA46D8002D00F0CB80B7EE009B059877
:106CB000604B00226049DFF884C100EA01076745A4
:106CC00000F0D480089959B1B7F1D46F08D8B4EE68
:106CD000CB9BF1EE10FA40F2568103F1D661CB1B4B
:106CE000B0EE480B43EC1A2B05F064FEAAEE008BC5
:106CF0008DED048B18EE903A089A22B94E4A1A404C
:106D0000974200F0E4801299404605F0CFFA3146F0
:106D1000404605F0CBFA2146404605F0C7FA5146F9
:106D2000404605F0C3FA2DE701230021CDE90D31DE
:106D30006EE7B6EE009B20EE099B002D5FD1B1EE11
:106D4000497B059853EC172BB4E721461A46404679
:106D500005F08CFC044660B30146129A404605F0EB
:106D6000D7FB30B30F901299404605F09FFA0F9A67
:106D70001292002D7FF764AF12992A46404605F023
:106D8000D5FC129000287FF45BAF22239FED258B6A
:106D9000C8F80030BCE00C9BDDF82CB09F1A20E74F
:106DA00031463A46404605F0C1FC064600287FF4CD
:106DB0004EAF1298E9E731460C9A404605F056FC72
:106DC000064600287FF440AFF3E7C2F17F4202F5A8
:106DD0007F0202F57B420121E23201FA02F3CDE9A2
:106DE0000D1315E7CDF844A04FF0000BC0E50123CB
:106DF0000A930AF1020311939AF8024002E6B0EEF8
:106E0000497B9EE79535A094FFFFCF3F9535A09431
:106E1000FFFFDF3F35E5AF350000E03F0000C0FF7A
:106E2000FFFFDF41000000000000F07FA80200200B
:106E300002FCFFFF0000F03F0000F07F0000E07F59
:106E4000DDE90412002900F08580DDE90412012942
:106E500000F0D8811046B74BB7EE009B002229E71F
:106E6000652C4FF0010C3FF4BEAD4CE543EC1A2B02
:106E7000A0F1547305939DED04FBB0EE4F0B05F0AC
:106E800099FDAD49AAEE00FB1FEE903AAB4A1940BE
:106E900091428DED04FB72D9A94B18EE902A9A42CB
:106EA00003D118EE103A013383D0A54A4FF0FF33D7
:106EB000CDE9043227E700230A939AE7652C00F016
:106EC000D080452C00F0CD804FF0010CD1E551EC85
:106ED000190B0D9309F01EFC09F0EEFB049B1D43FA
:106EE0000D9B41EC170BC3F313031D4339EE479B76
:106EF00000F0A080B4EECC9BF1EE10FA05D4B4EE15
:106F0000CD9BF1EE10FA7FF7FEAE9DED048B12984B
:106F10000146404605F0CAF93146404605F0C6F93B
:106F20002146404605F0C2F94946404605F0BEF903
:106F30005146404605F0BAF9C1E501220992791C93
:106F400011917A78002A3FF4E5AC0F4670E40022F4
:106F50000992F4E7C2F313031046002B7FF47BAFD2
:106F6000B7EE007BB4EEC70BF1EE10FA00F1D3815F
:106F7000B6EE009B20EE099BB1EE497BE2E603F101
:106F800054730593B8E6BCEEC99B19EE103A012B79
:106F900038BF012309EE103AB8EE499B002D40F0AE
:106FA0003E81B1EE497B53EC172B96E6B2F59A7F02
:106FB00000F3B280102A4FEA221340F38682614C1C
:106FC0009DED047B00202246014613F0010F01F1E4
:106FD00001014FEA630304D092ED006B012027EE1C
:106FE000067B012B02F10802EFD108B18DED047B85
:106FF000059BA3F15473059304EBC1049DED046B51
:1070000094ED007B4C4B27EE067B17EE902A4E4901
:1070100013408B428DED047B7ED8A1F580118B420D
:1070200040F2D681464C4FF0FF33CDE904340023C3
:10703000089385E5B4EECE9BF1EE10FA7FF563AED2
:1070400063E71632FFF662AD0B9BA3EB0B0B3F4BD6
:1070500003EBCB0393ED007B9DED046B86EE078B7A
:107060002DE54FF0000ECDF82CE04FF0010C4EE472
:107070006E2C3FF410AD4DE43FF460AD5B4213F075
:107080000F010AD0314A02EBC1029DED046B92ED73
:10709000007B86EE077B8DED047B1B113FF44EAD2C
:1070A0001F2B33DC13F0100218BF6A229DED047B06
:1070B0000892274A0021D80704D592ED006B0121E0
:1070C00027EE067B5B1002F10802F4D109B18DEDC9
:1070D000047B089B93B1DDE90401C1F30A52C2F1BC
:1070E0006B03002B0ADD1F2B40F32F820020342B73
:1070F000049040F340824FF05C7305939DED047B58
:10710000B5EE407BF1EE10FA7FF41AAD22239FED2D
:10711000058BC8F80030D2E422239FED048BC8F819
:107120000030CCE40000000000000000000000007F
:107130000000F07F0000F0BF0000F07FFFFF9F7CA9
:10714000FFFFEF7F800200200000A07CA80200204B
:10715000700300200293099B019312AB0093A74A8E
:1071600013AB11A9404601F0DBFA10F00F050446FD
:107170003FF4A3AC062D74D1079B9FED9A8B01378A
:10718000002B3FF4CEAB1F60FFF7CBBB9DED048B14
:1071900095E40B9BDDF844C003440B93012805F1F3
:1071A00001031A4614D02844441E03E046009C42C2
:1071B0000DD001332A46082A1D4606EB8600F5D974
:1071C000102BDCBF09EB89094FEA4909EFE70232CE
:1071D000082D3CDC1546FFF779BB8949012238466A
:1071E00000F036FD002800F082804FF0000EF146DE
:1071F00076467546FFF7B5BB44F61F639B45A8BFAF
:107200009B462FE4DDE904231846002B7FF423AED0
:1072100022239FED748B1298C8F8003078E6B0EE08
:10722000497BC0E6774911A801F044FD00283FF4EE
:1072300071AB119B7449013B11A8119301F03AFD08
:1072400010B9119B013311939FED688B37E4102A1D
:10725000DCBF09EB890901EB490915460020FFF75E
:107260003ABB129A3AB1352114A805F0D3FC129911
:10727000404605F01BF8013D139B042D00F28F8161
:10728000DFE805F0032D2A1F0300149A049203F28D
:107290003342159B23F4801343EA02530593E5051B
:1072A00002D543F000430593584A1A409DED048BE4
:1072B000002A7FF404AC00F0BBFD22230360FFF73B
:1072C000FEBB4FF0FF336FF00046CDE90436E30517
:1072D0007FF55CAF059BE4E74C4B0593F7E7149B08
:1072E0000493159B0593DAE70020FFF7E1BA119BA1
:1072F0001A4601331193547806468146FFF7CDBAFA
:10730000434B03EBC20393ED008B9DED047B28EE12
:10731000078BFFF7D4BBBEEE007BB6EE009B11E5FA
:10732000AE460B90FFF7DCBA394BC5F10F054A1B8F
:1073300003EBC50503EBC20395ED008B93ED007BDA
:107340009DED046B28EE068B28EE078BFFF7B7BB8D
:10735000002D00F09580DDE904BC2E4BCCF3130129
:107360009942624600F0D2800E9B002B00F0A5806F
:10737000DDE90412134217461AD0B0EE480B002D77
:1073800000F0A68005F016FB089B7BB1C7F30A53FB
:10739000C3F16B03002B09DD1B0503F17F510020B6
:1073A00001F5401141EC170B20EE070B38EE008B76
:1073B000089B5BB19FED0F7B144B28EE078B18EEFB
:1073C000902A134013B92223C8F8003012989FE581
:1073D00002F15473059300230893FFF7B1BB00BF7C
:1073E000AFF300800000000000000000000000007B
:1073F0000000F07F0000000000005039688E00207F
:107400000C0A00206C200020702000200000F07F7B
:10741000A8020020FFFF0F00DDE904120D43C7D1D1
:10742000C2F313031746002BC2D122F000431B0DF9
:107430001B05B3F1D66FBBD9DAF814301BB9DAF8F3
:107440001030012BB4DD51460122404605F06EF9A3
:107450002146824605F0E2F90028A9DD089B002BB1
:107460007ED1504B3B40A3F580136FEA13536FEA74
:10747000035305934FF0FF3304939DED048B97E77F
:10748000DDE90412C2F313030B4317467FF46CAF1C
:10749000E4E7454911A814AA01F028FC05287FF467
:1074A00006AB159B43F0FF4343F4E0030593149BA5
:1074B00004939DED048BFFF702BBDDE904010D9BF6
:1074C00003423FF475AF0F4657E7384C00218FE574
:1074D00005F070FA089B002B55D0C7F30A53C3F18F
:1074E0006B03002B09DD1B0503F17F5101F54011F2
:1074F000284641EC170B20EE070B38EE408BB5EE1B
:10750000408BF1EE10FA7FF455AF81E6089B0499A9
:107510001BB3244B1340B3F1D46F1ED81B0DC3F122
:107520006B034FF0FF3000FA03F399427FF41CAF76
:107530001F4B9A4230D01B4B134003F58013059329
:10754000002304939DED048B32E74FF0FF3202FAE3
:1075500003F3049A1A400492D0E54FF0FF33E4E7B6
:10756000104B3B40B3F1D66F3FF77DAFB3F15C7F7B
:107570003FF720AF4CE6C2F14B024FF0FF33934090
:107580000B400593BAE538EE408BB5EE408BF1EE3B
:1075900010FA7FF41BAF3BE60131CCD109E40023A4
:1075A0007DE600BF0000F07F7C8E0020800200207E
:1075B000FFFFEF7F014BFFF7C5B800BF30930020FE
:1075C000012B2DE9F84F40D0242B98463DD84C4D47
:1075D0008E4676461EF801BB15F80B4014F00804E1
:1075E000F7D1BBF12D0F72D0BBF12B0F08BF9EF866
:1075F00000B06FF0004908BF06F1020E002B42D028
:10760000102B57D0B9FBF8F700252E4608FB179A28
:1076100005E033D008FB06C601251EF801BBABF11F
:10762000300CBCF1090F06D9ABF1410CBCF1190FBC
:1076300012D8ABF1370C634517DDB5F1FF3FECD045
:10764000B742E6D24FF0FF35E7E700F0F1FB162333
:1076500003600020BDE8F88FABF1610CBCF1190F9D
:1076600003D8ABF1570C6345E7DC6B1C27D08CB912
:107670000AB1A5BB11603046BDE8F88FE245C9DA12
:107680004FF0FF35C9E7BBF1300F05D04FF00A08C6
:107690004346B7E77642EBE79EF8003003F0DF039E
:1076A000582B21D14FF010089EF801B043460EF13F
:1076B000020EA7E7BBF1300F1AD09846A2E72223AB
:1076C000036072B10EF1FF314E461160D3E79EF8B0
:1076D00000B04FF0004906F1020E01248EE7B146DA
:1076E000F0E74E463046C7E74FF00808434689E7C3
:1076F0009EF8005005F0DF05582DD3D0984681E75D
:10770000E11E0020FFF75CBFF0B5254FA2F1020E8D
:10771000164605460C460FCF8BB0EC46ACE80F0082
:107720000FCFACE80F0097E803004CF8040BBEF154
:10773000220F8CF800102ED804F1FF3E70464FF057
:10774000000CB5FBF6F206FB125328336B4461467E
:1077500013F828CC00F801CF2B469E4201F1010C12
:107760001546EED9002304F80C3089B1A4447246C2
:107770001EF8010F1CF8015D8EF80050A4EB0E03FB
:107780000232013B121B0B449A428CF80000EEDBE4
:1077900020460BB0F0BD0023184623700BB0F0BD9F
:1077A000B81E00200EB410B59FB021AC4FF401718B
:1077B00054F8042B0192ADF81C100490089000F0CE
:1077C00045FD059009900B480B490C9100234FF69D
:1077D000FF7C10931593019A0068ADF81EC02346F4
:1077E00004A9039403F014F91FB0BDE8104003B0DE
:1077F000704700BFB89800205558010010B50C46DE
:10780000B1F90E1000F0D0FA002803DB236D034419
:10781000236510BDA38923F48053A38110BD00BF4D
:10782000002070472DE9F0410C46B1F90C101F46BD
:10783000CB05054616460BD421F48051A1813B4669
:10784000B4F90E1032462846BDE8F04100F0DABA2D
:10785000B4F90E100223002200F08AFAB4F90C10D9
:10786000EAE700BF10B50C46B1F90E1000F080FA3F
:10787000A389421C0EBF23F4805343F48053206538
:10788000A38110BDB1F90E1000F060BA024A03499D
:10789000034800F0BBB800BFAC98002009AD010060
:1078A000B88F00200C4B4168994210B5044601D0B6
:1078B00005F010FAA168094B994202D0204605F064
:1078C00009FAE168064B994204D02046BDE8104011
:1078D00005F000BA10BD00BFA0B5002008B600201A
:1078E00070B600202DE9F8432A4C2B4B2B48DFF8CB
:1078F000C090DFF8C0802A4F1860002504230822BA
:10790000294604F15C00274E6566C4E90253C4E9C8
:107910000055C4E90455A56100F048F9224B63679E
:107920000822294604F1C400C4E90749C4E90987CB
:10793000C4E91A55C4E91E55C4F8CC502567C4F8EB
:107940008050E66200F032F9184BC4F8DC3029466A
:1079500004F16803082204F59670C4F88430C4E981
:107960002298C4E92476C4E93455C4E93855C4F8EA
:107970003451C4F8D850C4F8E85000F017F904F1B5
:10798000D003C4E93C98C4E93E76C4F8EC30BDE8C5
:10799000F88300BFA0B50020D8B60020C158010070
:1079A00099580100B95801000900010012000200B5
:1079B000315801005958010010B504460A4800F03A
:1079C00039FC636B23B9094B094A1B68626323B115
:1079D000BDE81040044800F02FBCFFF783FFBDE86E
:1079E0001040014800F028BC68B50020D8B600203F
:1079F000D9580100014800F01DBC00BF68B5002047
:107A0000014800F019BC00BF68B500202DE9F8431B
:107A100080460F4616464FF00009D6E90154013D55
:107A200011D4A389012B05F1FF3508D9B4F90E3023
:107A30000133214603D04046B84749EA00096B1C90
:107A400004F16804EDD13668002EE6D14846BDE861
:107A5000F88300BF032A70B514D940EA01039B07DD
:107A600022D104460B46194620460E680568B542E9
:107A700004F1040403F1040316D1043A032A204656
:107A80001946F0D8541E9AB1421E013901E0C318BC
:107A90000CD012F801EF11F801CFE645A4EB020378
:107AA000F5D0AEEB0C0070BD541EEDE7184670BD6E
:107AB000104670BD88420DD98B1883420AD900EB5D
:107AC000020CBAB1624613F801CD02F801CD994219
:107AD000F9D170470F2A0ED8034602F1FF3C4AB194
:107AE0000CF1010C013B8C4411F8012B03F8012F20
:107AF0006145F9D1704740EA01039B0750D1A2F1DB
:107B0000100370B501F1200C23F00F0501F1100EE8
:107B100000F11004AC441B095EF8105C44F8105CE2
:107B20005EF80C5C44F80C5C5EF8085C44F8085C99
:107B30005EF8045C44F8045C0EF1100EE64504F1B6
:107B40001004E9D1013312F00C0F01EB031102F024
:107B50000F0400EB031327D0043C24F003064FEA84
:107B6000940C1E441C1F8E465EF8045B44F8045FB0
:107B7000B442F9D10CF1010402F0030203EB8403D7
:107B800001EB840102F1FF3C4AB10CF1010C013B15
:107B90008C4411F8012B03F8012F6145F9D170BD18
:107BA00002F1FF3C03469BE72246EBE7830730B533
:107BB00048D0541E002A3FD0CAB2034601E0013C1F
:107BC0003AD303F8012B9D07F9D1032C2DD9CDB25F
:107BD00045EA05250F2C45EA054536D9A4F11002E2
:107BE00022F00F0C03F1200EE6444FEA121C03F1C1
:107BF000100242E9045542E9025510327245F8D1AB
:107C00000CF1010214F00C0F03EB021204F00F0C44
:107C100013D0ACF1040323F003030433134442F8FC
:107C2000045B9342FBD10CF003042CB1C9B21C4499
:107C300003F8011B9C42FBD130BD64461346002C67
:107C4000F4D1F9E703461446BFE71A46A446E0E735
:107C5000002A3ED040EA01039B0730B584462FD16D
:107C6000032A2DD90B4608E0043A8446194625D04C
:107C70001EF0803F22D1032A22D90468194653F806
:107C8000045BA4F1013EAC4284462EEA040E00F1EE
:107C90000400E9D09CF800000C78A0421BD1E64615
:107CA00068B11EF8010F11F8014FA2EB0E03A042BC
:107CB00003F1FF330FD11CEB0303F1D1002030BDE2
:107CC0009CF800000C78844205D1012AF6D0E646E3
:107CD000E6E710467047001B30BD00BF40EA0103D5
:107CE0009B0730B501D1032A0FD8844601F1FF3E2E
:107CF00007E01EF8011F03F8011B541EC1B19C468A
:107D000022466346002AF4D130BD0B46844619460C
:107D100053F8045BA5F1013424EA050414F0803F14
:107D2000E4D1043A032A4CF8045B1946EFD8DDE7A6
:107D30009444002CE8D003F8011B6345FBD130BD0F
:107D4000014B93F8280170473093002038B5074D58
:107D50000022044608462A60F8F7CCFF431C00D0F6
:107D600038BD2B68002BFBD0236038BDECB600205B
:107D700038B50C46084D8446114620461A46002365
:107D80002B606446F8F7C2FF431C00D038BD2B6857
:107D9000002BFBD0236038BDECB6002013460A460A
:107DA0000146022000F0C0BA38B50C46084D8446A2
:107DB000114620461A4600232B606446F8F798FFC8
:107DC000431C00D038BD2B68002BFBD0236038BD8E
:107DD000ECB60020B7EEC00A002305F0EBB900BFF7
:107DE00038B5074D0022044608462A60F8F766FFBA
:107DF000431C00D038BD2B68002BFBD0236038BD5E
:107E0000ECB6002038B50C46084D84461146204695
:107E10001A4600232B606446F7F70AFB431C00D088
:107E200038BD2B68002BFBD0236038BDECB600209A
:107E3000014B1868704700BFB89800200000000090
:107E4000000000000000000000000000A2EB0300A2
:107E5000704700BF02780B78012A28BF9A42F5D1FB
:107E60006DE9044540EA0104CDE902676FF0000CBA
:107E70004FEA447212B380EA010414F0070F6AD18A
:107E800000F0070420F0070004F0030521F00701CB
:107E90004FEAC505F0E8042314F0040FF1E8046785
:107EA0000CFA05F462EA040266EA04060AD063EA00
:107EB0000403624667EA0407664603E0F0E8042329
:107EC000F1E8046782FA4CF582EA0604A4FA8CF41D
:107ED0006CBB83FA4CF583EA0705A5FA8CF595B9D6
:107EE00050E9022351E9026782FA4CF582EA06045E
:107EF000A4FA8CF483FA4CF583EA0705A5FA8CF50D
:107F00002543DBD09CB92DBAB5FA85F424F00704DB
:107F100027FA04F1DDE9026723FA04F303F0FF0016
:107F200001F0FF01FDE80445A0EB0100704724BA11
:107F3000B4FA84F424F0070426FA04F1DDE90267B8
:107F400022FA04F202F0FF0001F0FF01FDE804450F
:107F5000A0EB0100704714F0030F3CD110F00304B4
:107F600028D150F8082B51F8083B82FA4CF582EAE8
:107F70000305A5FA8CF55DB950F8042C51F8043CC2
:107F800082FA4CF582EA0305A5FA8CF5002DE8D0BB
:107F90002DBAB5FA85F424F0070423FA04F122FA85
:107FA00004F202F0FF0001F0FF01FDE80445A0EB40
:107FB000010070474FEAC40420F0030050F8082B7A
:107FC00021F0030151F8083B0CFA04F462EA0402C0
:107FD00063EA0403C9E710F003041AD0A1EB04011B
:107FE00020F00300E40750F8042B06D00FD28B7862
:107FF0005FFAA2F4E41A06D12BB1CB785FFAB2F49F
:10800000E41A00D11BB920465DF8104B704701F10E
:10801000040150F8042BCC0721F0030151F8043B74
:1080200048D824D222F07F4482FA4CF594EA1325F2
:10803000A5FA8CF50AD165B951F8043B84EA02042B
:10804000B4EB036F0ED150F8042BEBE74FEA132388
:1080500055E035F07F454DD10878FDE80445C0F185
:10806000000070474FEA126203F0FF0347E002EAA4
:108070001C4482FA4CF594EA1345A5FA8CF50AD112
:1080800065B951F8043B84EA0204B4EB034F0CD108
:1080900050F8042BEBE74FEA134330E015EA1C4598
:1080A00028D10B884FEA124229E04FEA124203EA34
:1080B0001C4324E002F0FF0482FA4CF594EA1365B5
:1080C000A5FA8CF50AD165B951F8043B84EA02049B
:1080D000B4EB032F09D150F8042BEBE74FEA1363FD
:1080E0000DE015F0FF0F05D10B684FEA122223F0C7
:1080F0007F4304E04FF00000FDE80445704712BAEA
:108100001BBA82FA4CF482EA0304A4FA8CF5B5FA9D
:1081100085F402FA04F203FA04F34FEA1260FDE870
:108120000445A0EB1360704780EA0102844612F018
:10813000030F4FD111F0030F32D14DF8044D11F060
:10814000040F51F8043B0BD0A3F101329A4312F013
:10815000803F04BF4CF8043B51F8043B16D100BFEC
:1081600051F8044BA3F101329A4312F0803FA4F17D
:1081700001320BD14CF8043BA24312F0803F04BF04
:1081800051F8043B4CF8044BEAD023460CF8013B71
:1081900013F0FF0F4FEA3323F8D15DF8044B70471B
:1081A00011F0010F06D011F8012B0CF8012B002A59
:1081B00008BF704711F0020FBFD031F8022B12F048
:1081C000FF0F16BF2CF8022B8CF8002012F47F4F03
:1081D000B3D1704711F8012B0CF8012B002AF9D10B
:1081E000704700BF70B50D4E0D4D761BB61006D012
:1081F000002455F8043B01349847A642F9D1094EB2
:10820000094D761B08F0BEFAB61006D0002455F8CA
:10821000043B01349847A642F9D170BD801E00602E
:10822000801E0060A41E0060801E0060704700BFBA
:10823000704700BF704700BF704700BF00000000DC
:1082400000000000000000000000000090F800F0B6
:108250006DE9024520F007016FF0000C10F00704F3
:1082600091F820F040F049804FF000046FF00700D3
:10827000D1E9002391F840F000F1080082FA4CF2B5
:10828000A4FA8CF283FA4CF3A2FA8CF34BBBD1E93B
:10829000022382FA4CF200F10800A4FA8CF283FA6D
:1082A0004CF3A2FA8CF3E3B9D1E9042382FA4CF23D
:1082B00000F10800A4FA8CF283FA4CF3A2FA8CF3D2
:1082C0007BB9D1E9062301F1200182FA4CF200F1D9
:1082D0000800A4FA8CF283FA4CF3A2FA8CF3002B78
:1082E000C6D0002A04BF04301A4612BAB2FA82F28B
:1082F000FDE8024500EBD2007047D1E9002304F00D
:108300000305C4F100004FEAC50514F0040F91F80D
:1083100040F00CFA05F562EA05021CBF63EA0503AA
:1083200062464FF00004A9E72DE9F047DFF87CA092
:108330000646DAF8000098460F469146FFF77AFFA6
:10834000184B1C6824B365681F2D24DC5EB96B1CB8
:108350000235DAF80000636044F82570FFF76CFF1F
:108360000020BDE8F08704EB85010123C1F8889067
:10837000D4F88821AB401A43022EC4F88821C1F8F2
:108380000881E4D1D4F88C211A43C4F88C21DEE7AB
:10839000054C1C60D7E7DAF80000FFF74DFF4FF0FF
:1083A000FF30DEE7CCB30020D0B3002024930020C0
:1083B000000000009FED010B704700BF00000000AF
:1083C0000000F87F9FED010A704700BF0000C07FEA
:1083D000F8B5244F0C460646FDF76CFFBB685D6898
:1083E000C4F57E610F3125F003054B1923F47F633B
:1083F00023F00F03A3F58054B4F5805F07DB002161
:108400003046FFF7EDFCBB682B44984204D0304661
:10841000FDF756FF0020F8BD61423046FFF7E0FC53
:1084200001300DD0104ABB682D1B45F001055D6081
:10843000136830461B1B1360FDF742FF0120F8BD97
:1084400000213046FFF7CCFCBA68831A0F2BDEDD23
:1084500043F001035360054B03491B68C01A0860D1
:10846000D5E700BF9C9400206CB50020A4980020A4
:10847000002961D0F8B50C460646FDF71BFF54F8FD
:10848000042C7B4FA4F1080522F0010105EB010C3F
:10849000B868DCF80430604523F0030300F08B80FB
:1084A000D207CCF8043032D454F8082CAD1A114459
:1084B000AA6807F1080082426AD00CEB0304D4F8E2
:1084C00004E0EC68D4601EF0010FA26000F0978019
:1084D00041F001036B60CCF80010B1F5007F35D29C
:1084E0007868CB080122490901338A40024357F8D2
:1084F00033107A6007EBC302083AC5E9021247F865
:108500003350CD603046BDE8F840FDF7D9BE0CEBE6
:1085100003025268D00710D4194407F10800DCF8B0
:108520000830834273D0DCF80C20DA60936041F0AD
:1085300001036B606950D0E7704741F00103B1F56A
:10854000007F44F8043CCCF80010C9D3B1F5206F8B
:108550004FEA512348D28B0903F1390003F1380265
:10856000C300F818FB580838984259D05A6822F0CE
:1085700003028A4202D99B689842F7D1D868C5E9BC
:1085800002308560DD603046BDE8F840FDF798BEFA
:108590000CEB03025268D20763D40B44DCE90212ED
:1085A000CA60916043F001026A603046EB50BDE85A
:1085B000F840FDF785BE0B44D10707D454F8082CCA
:1085C000AD1A1344D5E90212CA60916043F001026A
:1085D0006A60284ABD6012689A4293D8264B30469A
:1085E0001968FFF7F5FE8DE7142B0AD9542B1FD815
:1085F0000B0B03F16F0003F16E02C300B1E71944E6
:108600008DE703F15C0003F15B02C300A9E741F0D1
:108610000103C7E90455C5E902006B60695071E7C1
:1086200079689210012404FA02F20A437A60A6E7FC
:10863000B3F5AA7F06D8CB0B03F1780003F17702DC
:10864000C3008EE740F25452934206D88B0C03F1DC
:108650007D0003F17C02C30083E74FF47E737E222A
:108660007FE741F001036B60CCF800104AE700BFE0
:108670009C940020A89800209CB500202DE9F04192
:108680000469B4EB611F2FDD00F1140E4E1111F0DF
:108690001F0C0EEB84050EEB86032BD05EF8261024
:1086A00004339D4221FA0CF1CCF1200818D9774609
:1086B0001A6802FA08F20A4347F8042B53F8041B1D
:1086C0009D4221FA0CF1F3D8A31B9B00053B9B08AC
:1086D00001330EEB83044EF82310C9B1043417E0C4
:1086E000416174460029F9D10023036100234361ED
:1086F000BDE8F0819D4288BF00F11002F4D953F823
:10870000041B42F8041F9D42F9D8A41B0EEB8404FD
:10871000A4EB0E039B1074450361E7D0BDE8F08124
:108720002DE9F04F2DED028B0C688B46A17885B0BA
:10873000302908EE100A9246029340F0CE816FF085
:108740000100001BE21C8318144612F8011B30299B
:10875000F9D0DFF8008318F80120002A00F0E58046
:108760002278002718F802203D4626462AB116F83E
:10877000012F18F80220002AF9D1B54901930122EE
:108780003046FFF765FA019B814600284DD0002D49
:108790004ED13278A94602F0DF02502A354650D039
:1087A000CBF80060002F69D12B1B013B072B39460A
:1087B00004DD5B10072B01F10101FADC18EE100A51
:1087C00003F04EFD8346002800F0668200F1140697
:1087D000AC42019680F0D2810027CDF80C909C49E4
:1087E000A1463C460CE0202F19D0384604372A78A1
:1087F00018F8022002F00F02824014434D4547D082
:1088000015F8012D2E2AEED14D45ECD30122284634
:10881000FFF71EFA8E490028F0D0202FE5D1002066
:1088200046F8044B04270446E1E7002D00F042819E
:10883000327802F0DF02AD1B502A4FEA8509354637
:10884000AED16A782B2A00F025812D2A00F0A58070
:108850006E1C002018F802104A1E182A00F29B8095
:10886000727818F8022010390136002A5AD100B166
:1088700049428944CBF80060002F95D0002B14BFEB
:1088800000250625284605B0BDEC028BBDE8F08F1B
:10889000DDF80C90234646F8043B1846019BF61A77
:1088A000B610CBF8106003F0B5FD7601DAF80040A1
:1088B000301AA04275DCC0F2EF800027DAF80830E9
:1088C0004B45C0F25181DAF804304B454ADDA3EB49
:1088D00009094C4500F38280DAF80C20022A00F0E6
:1088E0006581032A00F08181012A00F06F8118EE72
:1088F000100A594603F0DAFC5025109A0023284646
:10890000136005B0BDEC028BBDE8F08F01EB810177
:1089100002EB4102A2F1100116F8012F18F8022013
:10892000002AA4D0192AF1DDA1E7494901930122C7
:108930002046FFF78DF9019B00286DD1617818F86A
:108940000120651C002A69D030292C4605D114F875
:10895000013F302BFBD018F80320B2FA82F77F09D1
:10896000012302E7012557B1DAF80C30022B5DD064
:10897000032B5FD0012B00F0848045F01005109B85
:10898000C3F800B0029B2846C3F8009005B0BDECC8
:10899000028BBDE8F08F2E4602E70120AA78AE1CBC
:1089A00058E7061B3146584604F062F9074678B18D
:1089B000721E53110199012751F8231002F01F0371
:1089C00007FA03F30B4203D0BA4200F3E280022716
:1089D00031465846B144FFF751FE6FE709F1FF35C4
:1089E000002F40F0CE80002D40F0CD806B11019A19
:1089F00005F01F0552F823200123AB4013424946DE
:108A0000584618BF47F00207A4EB0904FFF736FEEB
:108A10000225DAF80490A6E72178254601F0DF0167
:108A2000502900F0BF80CBF8005027E7119BC3F11D
:108A300001031193119B002B9FD0DBF81070DDF820
:108A40000480BA004346019208EB8700002107E04A
:108A50000C0A00204C1D0020984243F8041C3FD90A
:108A60001E4653F8042BB2F1FF3FF5D00132022D20
:108A7000326000F0BF8014F01F0440F0E780212531
:108A80007DE7BA077FF579AF019B1B681F43FB07A2
:108A9000D3D472E7002081E7221A594618EE100A53
:108AA000A9EB020903F042FE00F11403834601938F
:108AB000002703E7727818F80200711C002800F004
:108AC000A0800D4611F8012F18F802000028F8D1F7
:108AD000751B4FEA85090E465DE60234002338E631
:108AE000DBF808309F4280F28E803B460BEB83021E
:108AF00001210133022DCBF8103051617AD09F4211
:108B0000B9DA002B40F39B80DBF8142008EB8303D9
:108B10000BF1180083424FEA520240F2B180444602
:108B2000016842EAC17244F8042B50F8042B8342D6
:108B30004FEA5202F4D8A3EB0B03193B9B08013315
:108B400048F8232008EB8303002A40F09D80A3EB24
:108B5000080292104345CBF8102073D0DAF80830A1
:108B600009F101094B458ADA18EE100A594603F05B
:108B70009DFB109A00231360A32583E6019E00232A
:108B800089E6012732E72946584604F071F807467E
:108B90002CE7B11E584604F06BF800283FF417AFDD
:108BA000032715E74FF0000901274AE6119A002A2A
:108BB0007FF49DAE02990B60019B0122CBF810203F
:108BC0001A60109B6225C3F800B05BE64C457FF449
:108BD0008EAE012CEED0611E584604F049F80028F4
:108BE0003FF485AEDAF80430E4E7119A002A3FF446
:108BF0007EAEDFE7DAF80030013BA34234D0222515
:108C0000BDE60E46C7E5DBF8041018EE100A013188
:108C100003F026FB0646C8B3DBF8103002339A0097
:108C20000BF10C010C30F7F733FC594618EE100A23
:108C300003F03CFB06F114083369B34656E7002302
:108C4000CBF810300023CBF8143087E7019B434466
:108C5000C4F1200453F8040C03F0DCFBA042BFF67F
:108C60000EAFDBF810304CE7631104F01F0458F826
:108C700023200123A34013420CBF222521257EE699
:108C8000C8F8002043466AB1043360E7074B084840
:108C90003246842104F06AFD044B05485A46E4211B
:108CA00004F064FDCBF81020CCE700BFCC1C002002
:108CB000E01C002010B4046809E014F8013FA3F19F
:108CC000410CBCF1190F98BF2033934209D111F820
:108CD000012B002AF1D10134046001205DF8044B1E
:108CE000704700205DF8044B704700BF2DE9F04F3E
:108CF000096885B04B1111F01F01029002EB83034C
:108D0000039140F08F801D1F0193029B01991C6805
:108D1000002341F8043C61780134002900F0988078
:108D2000DFF87491A846AC469A461E460EE020290C
:108D300000F28C80564506DDC44501D2072B5BDD71
:108D4000624551D3082314F8011FA1B119F801009D
:108D50000028ECD00133082B06F101063ADCDCF8E0
:108D60000010090100F00F000843CCF8000014F8CF
:108D7000011F0029EAD1002E6AD0C44501D2072B79
:108D800074DD624552D2111F634653F8040B41F85B
:108D9000040FAB42F9D9A5EB0C0323F00303691CC4
:108DA00004330CF1010C614538BF04231344002146
:108DB00043F8041BAB42FBD9019B53F8043C2BB98D
:108DC000AA4249D055F8043D002BF9D0052005B042
:108DD000BDE8F08F6245B6D200234CF8043C19463A
:108DE000ACF1040C0123BDE70023ACF104084CF8FE
:108DF000043CB246C446A6E7C3F10801DCF80030E3
:108E00008900C1F1200E60469B46476807FA0EF3C1
:108E100043EA0B0327FA01FB036040F804BF404517
:108E2000F3D38DE7191D01911D466EE7039B002BBF
:108E3000C2D0039B0198C3F120014FF0FF33CB4018
:108E400050F8041C0B4040F8043CB8E7292909D02D
:108E5000042005B0BDE8F08F012305202B6005B08C
:108E6000BDE8F08F029901340C6084E7DCF8001053
:108E7000C3F108039B00C3F12007644608466668F7
:108E800006FA07F1014326FA03F0216044F8040FC3
:108E90004445F4D375E700BF4C1D002082B049B1B2
:108EA0005AB16BB113780B601278101E18BF0120F5
:108EB00002B0704701A9002AF3D1104602B07047F2
:108EC0006FF00100F4E700BF000000002DE9F04F53
:108ED0002DED088BD1B00C460BEE101A904608937E
:108EE000834604F063F9036812931846FFF7AEF95E
:108EF00020AF1090082200213846FEF757FEA389C4
:108F00001B0603D52369002B00F0558700239FED36
:108F1000838B9FED849BCDE92533CDE91333CDE9D8
:108F2000153327AA0E932492924611930493444634
:108F3000A1467E4BD3F8E450FEF702FF4A460346B3
:108F40001CA900975846A847002800F0B080C0F23E
:108F5000A6801C9A252A034601D09944E9E7B9EB7B
:108F60000405064640F0A78000234FF0FF328DF83D
:108F700067309846069309F1010999F80030039289
:108F80002B25202609F10109A3F120025A2A00F21B
:108F9000CF80DFE812F0E802CD00CD00E302CD0083
:108FA000CD00CD006A00CD00CD0005028402CD00C9
:108FB0001002C902CD00BD025B005B005B005B00DC
:108FC0005B005B005B005B005B00CD00CD00CD0073
:108FD000CD00CD00CD00CD005301CD0083011A029C
:108FE000530153015301CD00CD00CD00CD0015023A
:108FF000CD00CD009602CD00CD00CD00AB01CD005F
:10900000AA02CD00CD00E306CD00CD00CD00CD00FD
:10901000CD00CD00CD00CD005301CD008301DE0198
:109020005301530153017702DE017F00CD00890215
:10903000CD005F02E0062F027F00CD00AB017C0077
:10904000B806CD00CD00BD06CD007C00A3F13002F6
:10905000002119F8013B01EB810102EB4101A3F171
:109060003002092AF5D906918EE7584604F09EF899
:10907000436815931846FFF7E9F81690584604F030
:1090800095F883681393169B002B40F02D8699F872
:10909000003077E799F8003048F0200872E708229E
:1090A00000213846FEF782FD0123994441E7B9EBE0
:1090B0000405064611D0269B2B442693259B01339D
:1090C000072BCAE9004525931CDC0AF1080A049B1A
:1090D0002B440493002E7FF447AF269B002B41F0D6
:1090E0000B821BEE103AB3F90C3013F0400F049BC7
:1090F00018BF4FF0FF330493049851B0BDEC088BB8
:10910000BDE8F08F1BEE101A24AA584605F0A4FB08
:109110000028E6D10DF19C0AD9E700BF000000004D
:1091200000000000FFFFFFFFFFFFEF7F30930020F4
:109130000B93002BD1D00021CDE90C118DF8DC3040
:1091400001238DF8671002930791059303910F9106
:1091500037AC18F00203099302D0029B023302934A
:1091600018F084030A9305D1069B029A9D1A002DDC
:1091700000F36983269A89B125990DF167000131C1
:109180000132CAF8000007294FF00100269225910C
:10919000CAF8040000F3A2830AF1080A099B83B10C
:1091A000259B1AA901330232CAF80010072B4FF091
:1091B000020126922593CAF8041000F3A3830AF152
:1091C000080A0A9B802B00F06C82039B05995D1AAC
:1091D000002D00F3A58218F4807F40F00D82059BDE
:1091E000CAF804301A44259BCAF800400133072B03
:1091F0002692259300F31B830AF1080A18F0040F46
:1092000005D0069B02995C1A002C00F38883049B0E
:10921000069902988142ACBF5B181B180493002A80
:1092200040F0B08200232593079B1BB10799584655
:10923000FFF71EF90DF19C0A4C4679E60B93089B4B
:10924000073323F00703B3EC028BB0EEC87BB4EE18
:10925000497BF1EE10FA089340F3E984B5EEC08B38
:10926000F1EE10FA01F159809DF86710AB4CAC4B50
:1092700028F080080B9A472AC8BF1C460023CDE976
:109280000C33032207930292059203930F93002954
:109290003FF45FAF029B013302935AE7432B0B93DA
:1092A00003D018F0100F00F05D85089D0822002102
:1092B00022A837ACFEF77AFC22AB55F8042B2146E6
:1092C000584604F0CDF903460133059001F0EE82D3
:1092D000059B089523EAE37302930021CDE90C1165
:1092E0008DF86710079103910F9132E70B93089B5C
:1092F0001A4600238DF86730134653F8044B089341
:10930000002C00F048850B9B532B00F0EC8618F0E6
:1093100010030C9340F0E786039B5D1C01F0E58091
:109320000C991A46204604F021F90790002801F014
:109330002883079B1A1B05920C9B039322EAE27277
:109340000F930D93079373239DF8671002920B936D
:109350009DE718F0200F0B93089B3DD0073323F0B7
:1093600007031A4611465B6851F8082B0891194605
:10937000002BC0F20C84039B013300F09E8228F086
:10938000800052EA0103029040F09982039B002B77
:1093900040F09A82804600230393059350AC06E187
:1093A000089B53F8042B0692002A80F21984069A2F
:1093B00008935242069299F8003048F00408E1E51B
:1093C00099F8003048F00808DCE548F0100818F07B
:1093D000200F0B93089BC1D118F0100F40F00B84A5
:1093E00018F0400F00F0038433F9042B0893D117D1
:1093F0000B46BDE7089B48F00202029253F8042B8B
:10940000089347F63003ADF868307820454B119348
:10941000002102230B900020039C8DF86700601C44
:1094200000F0AD80029820F0800852EA010040F080
:10943000A480002C40F0AE86002BACD1029B13F030
:109440000103059300F0D18330238DF83F310DF2F5
:109450003F14ACE018F0200F40F0D48318F0100F48
:1094600040F09F8618F0400F40F0978718F4007F77
:1094700000F09786089B049953F8042B0893117009
:109480004C4655E599F80030682B03BF99F8013038
:1094900048F4007809F1010948F0400872E599F8AC
:1094A00000308DF867506DE599F800306C2B03BFE4
:1094B00099F8013048F0200809F1010948F0100836
:1094C00060E50B9348F0100818F0200100F051837C
:1094D000089B073323F00703596853F8082B0893B8
:1094E00028F480630293002395E70B9348F0100360
:1094F0000293029B13F0200100F02983089B07339D
:1095000023F00703596853F8082B0893012382E7D7
:1095100099F8003048F0800834E500BF7C20002036
:109520002419002084200020494611F8013B2A2BF1
:1095300001F04982A3F13002092A894698BF00212F
:1095400001F2448119F8013B01EB810102EB410179
:10955000A3F13002092AF5D9039115E599F80030F5
:1095600048F001080EE59DF86730002B7FF48FADC1
:1095700099F800308DF8676004E5CDF80880012B7C
:1095800000F09D81022B50AC20D1119802F00F0306
:109590001209C35C04F8013D42EA0172090952EA6A
:1095A0000103F3D150AB1B1BDDF808800593059A2E
:1095B00003989DF8671082424FF00003B8BF02463F
:1095C000CDE90C33079302920F9360E602F0070394
:1095D000D20842EA4172C908303352EA01052046F6
:1095E00004F8013DF2D1029AD10700F14D8250AB4F
:1095F0001B1B90460593DAE70B9B652B40F3D48049
:10960000B5EE408BF1EE10FA40F0C181259BBA49CE
:10961000CAF80010013301320121072B269225934D
:10962000CAF8041000F351850AF1080A1B9B0E9931
:109630008B4280F2D082109B12991A44CAE900131F
:10964000259B26920133072B259300F397830AF17C
:10965000080A0E9B5C1E002C7FF7D0AD102C259BBA
:1096600040F36E851BEE106A102505E00AF1080A2A
:10967000103C102C40F364850133A0491032072BB5
:10968000CAE90015CDE92532F0DD24AA3146584655
:1096900005F0E2F800287ED1DDE925320DF19C0AC3
:1096A000E6E7069B02995D1A002D7FF78EAD102D1F
:1096B000259B21DD099410261BEE104A04E0103D85
:1096C000102D0AF1080A16DD01338C491032072BE0
:1096D000CAE90016CDE92532F1DD24AA2146584613
:1096E0000DF19C0A05F0B8F8002854D1103D102D5A
:1096F000DDE92532E8DC099C8049CAF804500133D1
:109700002A44072BCDE92532CAF8001000F326853C
:10971000039B05995D1A002D0AF1080A7FF75BADDE
:10972000102D259B1FDD514610261BEE10AA04E0CC
:10973000103D102D01F1080114DD01336F48103286
:10974000072BC1E90006CDE92532F1DD24AA5146F7
:10975000584605F081F8F0B9103D102DDDE92532AD
:1097600027A9EADC8A4601336449CAF804502A442E
:10977000072BCDE92532CAF8001000F3DA810AF18F
:10978000080A28E51BEE101A24AA584605F064F8CA
:1097900000283FF447AD079B002B3FF4A2AC07998C
:1097A0005846FEF765FE9CE40E9B012B40F37A8140
:1097B000259BCAF80040013301320121072B269274
:1097C0002593CAF8041000F3F8810AF1080A1099E9
:1097D000129801330A44072BCAE90001CDE925326A
:1097E00000F3DD810AF1080AB5EE408BF1EE10FAC4
:1097F00000F077810E990133013901340A44072BB7
:10980000CAF800402593CAF80410269200F35B8141
:109810000AF1080A1499CAF8041001330A44072B04
:109820001EA9CDE92532CAF800107FF7E5AC1BEE82
:10983000101A24AA584605F00FF80028ABD1269A32
:109840000DF19C0ADAE4102DDDE925122C4E24DD01
:10985000179410231BEE104A084604E0103D102D0B
:109860000AF1080A17DD013010320728CAE900633F
:10987000CDE92502F2DD24AA214658460DF19C0AC5
:1098800004F0EAFF002886D1103D102DDDE9250205
:109890004FF01003E7DC179C014601312A440729E9
:1098A000CDE92512CAF80060CAF8045000F3BD8360
:1098B0009DF867100AF1080A5DE4CDF808800A2ACD
:1098C00071F1000380F0458330320123DDF8088018
:1098D0008DF83F2105930DF23F1468E61BEE101A38
:1098E00024AA584604F0B8FF00287FF454AF269A03
:1098F0000DF19C0A52E400BF608E0020908F002082
:109900002C3B00201BEE101A24AA584604F0A4FF9A
:1099100000287FF440AF269A0DF19C0A51E4102CE8
:10992000259BBE4E1FDD1BEE108A102504E0103C67
:10993000102C0AF1080A16DD01331032072BCAE990
:109940000065CDE92532F2DD24AA414658460DF1E5
:109950009C0A04F081FF00287FF41DAF103C102CFE
:10996000DDE92532E8DC01332244072BCAE9006433
:10997000CDE925327FF74BAC1BEE101A24AA5846CE
:1099800004F06AFF00287FF406AF269A3FE41B9993
:10999000002940F35A830C9E0E9B9E42A8BF1E4690
:1099A000002E0BDD259B01333244072BCAE900460C
:1099B0002692259300F389860AF1080A0C9D002E51
:1099C000A8BFAD1B002D00F303820C9B18F4806F21
:1099D0002344059340F01F821B9B0E998B4203DBAF
:1099E00018F0010F00F0CF84109912980A44CAE9C8
:1099F00000012599269201310729259100F3A586BA
:109A00000AF1080A0E996518CC1A059BED1AA542B1
:109A1000A8BF2546002D0DDDCAF80030259BCAF8E9
:109A2000045001332A44072B2692259300F3BB866A
:109A30000AF1080A002DA8BF641B002C7FF7DEABDB
:109A4000102C259B40F37C831BEE106A102505E04B
:109A50000AF1080A103C102C40F37283013370495C
:109A60001032072BCAE90015CDE92532F0DD24AA12
:109A70003146584604F0F0FE00287FF48CAEDDE954
:109A800025320DF19C0AE5E7302B3FF48BAD3023F6
:109A9000023804F8013C50AB1B1ADDF8088005932E
:109AA000044684E518F0010F7FF482AE259BCAF8C6
:109AB0000040013301320121072B26922593CAF879
:109AC00004107FF7A5AE1BEE101A24AA584604F026
:109AD000C3FE00287FF45FAEDDE925320DF19C0A5C
:109AE00098E60E994C1E002C7FF794AE102C40F394
:109AF00061831BEE106A102505E00AF1080A103C8C
:109B0000102C40F35783013345491032072BCAE923
:109B10000015CDE92532F0DD24AA3146584604F07F
:109B20009BFE00287FF437AEDDE925320DF19C0A5B
:109B3000E5E71BEE101A24AA584604F08DFE002813
:109B40007FF429AE269A0DF19C0AFFF744BB029BD5
:109B500013F0100340F0C180029A12F0400200F0AE
:109B60007A83089850F8042B0890194692B2012382
:109B700051E418F0100355D118F0400200F05D8355
:109B8000089850F8042B0890194692B2A8E4524263
:109B900061EB4101CDF808802D2001233CE41BEE50
:109BA000101A24AA584604F057FE00287FF4F3AD9B
:109BB000DDE925320DF19C0A16E61BEE101A24AAE7
:109BC000584604F049FE00287FF4E5ADDDE9253272
:109BD0000DF19C0AFBE518F0010F3FF40FAB2AE5ED
:109BE000089399F80030FFF7CDB950ACDFE418F4D2
:109BF000007F40F0DB8353F8042B0893D1170B460A
:109C0000FFF7B6BB089B049853F8041B0893C217D0
:109C1000C1E900024C46FFF78BB900BF2C3B002086
:109C2000908F0020089B53F8042B089358E4B4EE5F
:109C3000488BF1EE10FA80F194860B9B612B00F0BB
:109C40005285412B00F0C085039B01330B9B23F011
:109C5000200500F08084472D04D1039B002B08BF12
:109C60000123039318EE903A002B48F48072464685
:109C7000C0F21886B0EE48AB0023904609930793D4
:109C80000B9B413B252B00F29883DFE813F06F0418
:109C900096039603960368046C0496039603960352
:109CA00096039603960396039603960396039603EC
:109CB00096039603960396039603960396039603DC
:109CC00096039603960396039603960396039603CC
:109CD00096039603960368046C04089B53F8042BC0
:109CE00008930123FFF797BB139B002B3FF4CFA9E9
:109CF000139B1B78002B3FF4CAA999F8003048F455
:109D00008068FFF73FB90B93CDF80880FFF7F1BBF0
:109D10000B939A4B119318F0200100F00581089BDA
:109D2000073323F00703596853F8082B089318F0FA
:109D3000010F0AD052EA010307D00B9B8DF869305E
:109D4000302348F002088DF8683028F480630293CD
:109D50000223FFF760BB0B93FFF7B6BB0B93884B57
:109D60001193D8E7089B012153F8042B02918DF839
:109D7000DC200893059137ACFFF7AFBA1BEE101A41
:109D800024AA584604F068FD00287FF404AD269A02
:109D90000DF19C0A5DE4039B0794062B224628BF25
:109DA000062303942146CDE90C22764C02930593B9
:109DB0000F92FFF76CBA40215846FBF7CBFF2060AB
:109DC0002061002800F00F8640236361FFF79EB8F2
:109DD000102D259B40F35D82514610261BEE10AAE4
:109DE00004E00831103D102D40F3528201336648E3
:109DF0001032072BC1E90006CDE92532F1DD24AA96
:109E00005146584604F028FD00287FF4C4ACDDE933
:109E1000253227A9E6E70E9BCDF82490E31803939B
:109E20000D9BCDF82880139E059DDDF85890DDF838
:109E30003C800B941BEE101A5046002B34D0B8F126
:109E4000000F35D10D9B013B013E0D93159BC0E9E1
:109E50000039259B01334A44072B269225936CDC5D
:109E60000830039B96F800C05B1B6345A8BF6346A0
:109E7000002B9A460CDD259C01341A44072CC0E9BE
:109E800000532692259400F3778196F800C008309D
:109E9000BAF1000FACBFACEB0A046446002C0ADC3C
:109EA00065440D9B002BCAD1B8F1000F00F0AC83C4
:109EB00008F1FF38CAE7102CDDF894C024DD0595C1
:109EC0004FF0100A63460D4604E0103C102C00F1E0
:109ED000080016DD01332C491032072BC0E9001AA7
:109EE000CDE92532F1DD24AA2946584604F0B4FC18
:109EF00000287FF450AC103C102CDDE9253227A857
:109F0000E8DC2946059D9C460CF10103224444608F
:109F1000072B1D4C0460CDE9253200F3C68396F86B
:109F200000C008306544BCE718F0100300F0C280A0
:109F3000089B53F8042B0893F9E624AA5846059188
:109F400004F08AFC00287FF426AC269A059927A8FD
:109F500087E70298CDF81CA050AC00F48060002583
:109F60000AEE10BA094BDDF84CA0CDF81490A346C8
:109F70004FF00508AC46044610E000BF84200020E6
:109F800098200020AC200020908F0020CDCCCCCC9D
:109F90000A2A71F1000136D34A463146501840F181
:109FA0000000A3FB005626F0030505EB9605401BB9
:109FB000151A4FF0CC3661F1000E06FB05F6A5FB35
:109FC000039503FB0E6609F0010E2E44AEFB085EFE
:109FD0002D184FEA590930350BF8015C49EAC6796A
:109FE0000CF1010C0BF1FF3B7608002CD0D09AF855
:109FF00000008445CCD1BCF1FF0FC9D00A2A71F111
:10A00000000180F08F815C4650AB1B1BDDF8149083
:10A01000CDF84CA01AEE10BADDF81CA0DDF80880CF
:10A02000CDF838C00593FFF7C2BA1BEE101A24AA68
:10A03000584604F011FC00287FF4ADAB9DF8671082
:10A04000269A0DF19C0AFFF796B8259BBE48CAF8E0
:10A050000000013301320120072B26922593CAF814
:10A06000040000F377810AF1080A002940F0AF806C
:10A070000E9908F001030B433FF4C0A8109B1299FE
:10A080001A44CAE90013259B26920133072B259316
:10A0900000F352820AF1080A0E99CAF8004001330F
:10A0A0000A44072BCDE92532CAF804107FF7A4A88B
:10A0B000FFF7BDBB18F0400200F0DD80089850F8B3
:10A0C000042B0890194692B231E61BEE101A24AA0E
:10A0D000584604F0C1FB00287FF45DAB269A0DF1D1
:10A0E0009C0AFFF7A3BA22AE0822002130461D9435
:10A0F000FDF75CFD039B5A1C00F0DB800025CDF8CA
:10A100000890CDF81C809946A8460CE037A958461F
:10A1100003F0A6FA431C404400F0C883484508DC1D
:10A1200000F0188480461D9A525933460435002A9F
:10A13000ECD1CDF81480DDF80890DDF81C80C5E086
:10A1400001338249CAF804402244072BCAF80010A0
:10A15000CDE925327FF750A8FFF769BB1BEE101A37
:10A1600024AA584604F078FB00287FF414AB269A02
:10A170000DF19C0AFFF729B824AA5846059104F06E
:10A180006BFB00287FF407AB96F800C0269A059970
:10A1900027A87DE6012BCDF808807FF4F3A9FFF70F
:10A1A00093BB089B049953F8042B4C461160089309
:10A1B000FEF7BEBE01336549CAF804402244072BAE
:10A1C000CDE92532CAF800107FF722AB7BE4109B63
:10A1D00012981A44CAE90003259B26920133072BE3
:10A1E000259300F3A9810AF1080A0029BFF654AFAC
:10A1F0004D42103180F20F831BEE101A102605E03D
:10A200000AF1080A103D102D40F3058301334F4831
:10A210001032072BCAE90006CDE92532F0DD24AA69
:10A220005846039104F018FB00287FF4B4AADDE936
:10A23000253203990DF19C0AE4E7089B18F400719C
:10A240001ABF114653F8042B53F8042B089318BF78
:10A25000D2B2FFF745B9029B13F40071089B1ABFF5
:10A26000114653F8042B53F8042B089318BFD2B2AD
:10A270000123FFF7D0B8089B18F400711ABF1146EC
:10A2800053F8042B53F8042B089318BFD2B24EE5B1
:10A290008A4601332D49CAF804502A44072BCDE9D8
:10A2A0002532CAF8001000F339810AF1080AFFF7D5
:10A2B0008CBB0023194600961DAA584603F0F6F9F8
:10A2C00003460133059000F0F1821D94059B002B9D
:10A2D0004ED0632B00F318810023079337AC08227C
:10A2E00000213046FDF762FC059D00962B461DAA15
:10A2F0002146584603F0DAF9854240F07C83059AFE
:10A300000023A35422EAE272CDE90C339DF86710D2
:10A31000039302920F93FEF7BABF2D218DF86710B9
:10A32000FEF7A4BF169B1599ABEB030B1A465846D4
:10A33000FDF7D4FC9AF80120054B0AB10AF1010A95
:10A340004FF0000C28E600BF608E0020908F0020A8
:10A35000CDCCCCCC1BEE101A24AA584604F07CFAC3
:10A3600000287FF418AA1B99269A0DF19C0A7CE616
:10A37000059B9DF867100F93CDE90233CDE90C33AF
:10A380000793FEF784BF0E99059865182D1ACC1A0D
:10A39000A542A8BF2546FFF74DBB089B049953F87B
:10A3A000042B089311804C46FEF7C2BD13F9042B11
:10A3B0000893D1170B46FEF7DBBF039A022122ABAD
:10A3C00001931DAB009358461BABB0EE4A0B0292B3
:10A3D00003F088FB472D029A044600F06181462D68
:10A3E000104405D12378302B00F06F821B9A104463
:10A3F000B5EE40ABF1EE10FA40F0468103461B1B70
:10A400000E93472D00F01081462D00F0B5811B9B67
:10A410000C930C9B412D03F1FF331B9300F0E5815E
:10A420009DF82C200021002BB8BF0C9B8DF87820C4
:10A43000BABFC3F101032D222B22092B8DF87920FD
:10A4400040F3DA810DF18F05DFF81CC42A4610466F
:10A450008CFB0321DA17C2EBA10202EB8201A3EB12
:10A460004101303100F8011C19466329134600F1FF
:10A47000FF32ECDC3033D9B2831E9D4202F8011C5E
:10A4800040F28B8213460DF17A0201E013F8011BB2
:10A4900002F8011B9D42F9D10DF191030DF17A02F1
:10A4A0001B1A13441EAA9B1A14930E9B149A012B79
:10A4B0001A44059240F30382059B109A13440593B6
:10A4C00026F48063059A43F480780023CDE90C33A9
:10A4D00022EAE2720F930292099B002B40F0B180B6
:10A4E0009DF867100393FEF7D2BE2046FDF7AEFE3F
:10A4F00002460590FEF720BF1BEE101A24AA58460C
:10A5000004F0AAF9FEF7EDBD591C5846FBF722FCF2
:10A510000446002800F0CA810790E0E61BEE101AFE
:10A5200024AA584604F098F900287FF434A9269A02
:10A530000DF19C0AFFF749BA1BEE101A24AA5846DF
:10A5400004F08AF900287FF426A9DDE925321B9959
:10A550000DF19C0A49E606230393FFF783BB039B97
:10A5600002215A1C2BE7039A032128E71BA8B0EE0F
:10A570004A0B03F0BFF8B4EE007B20EE070BB5EEFC
:10A58000400BF1EE10FA01D101231B93B348039B5A
:10A59000B3EE005B013B224604E0B5EE400BF1EE6A
:10A5A00010FA13D020EE050BFDEEC07BB3F1FF3F98
:10A5B00017EE901A415CB8EEE76B944630EE460B0E
:10A5C00002F8011B194603F1FF33E6D1B6EE006B2A
:10A5D000B4EEC60BF1EE10FA00F34881B4EE460B70
:10A5E000F1EE10FA04D117EE903ADB0700F13E814C
:10A5F000002906DB4B1C1344302102F8011B934257
:10A60000FBD1131B0E93FCE60B9C0E9BDDF82490F4
:10A61000DDF828801396E3189D42294628BF194685
:10A6200082460591FFF7D8B91B9B0C93DA1C02DB1D
:10A63000039A93420CDD0B9B023B0B9323F0200506
:10A64000E7E62D2100238DF867100393FEF722BE65
:10A650000C9B0E9A9342C0F2BD80F0070C9B40F118
:10A660003281109A13440593710503D50C9B002B7E
:10A6700000F33581059B23EAE373029367230B9371
:10A6800000230F930D9327E7229B8342BFF4B7AEBD
:10A6900030215A1C22921970229B9842F9D8AEE6BA
:10A6A000F30700F1A780229BA9E624AA584605914A
:10A6B00004F0D2F800287FF46EA896F800C0269A1D
:10A6C000059927A86544FFF7ECBB1BEE101A24AAD6
:10A6D000584604F0C1F800287FF45DA8269A0DF1D1
:10A6E0009C0AFFF76BB978238DF8693030238DF819
:10A6F0006830039B632B48F0020600F3A68000231A
:10A70000079337AC18EE903A002B48F481782BDB96
:10A71000B0EE48AB0B9B23F02005002309930B9B65
:10A72000612B7FF4ADAAB0EE4A0B1BA802F0E2FF4A
:10A73000B4EE007B20EE070BB5EE400BF1EE10FA05
:10A7400001D101231B93464821E71BEE101A24AACE
:10A75000584604F081F800287FF41DA81B9B269A18
:10A760000DF19C0AFFF74EB90B9B23F020052D231A
:10A770000993B1EE48ABD2E71B9A0C92002A06F07F
:10A78000010340F30D8103990B4340F0CF800C9BF4
:10A79000059366230B93720500F1A380059B23EAC2
:10A7A000E37302936CE71BEE101A24AA584604F0D8
:10A7B00053F800287EF4EFAF1B9C0E9B269A1C1BBF
:10A7C0000DF19C0AFFF736B958238DE7002203925A
:10A7D000FEF7DABB0E9B109A9A180C9B0592002B81
:10A7E00040F3AB8067230B93D5E70B9A0F32D2B2BD
:10A7F000012118E6A018FBE5002940F0A8803022CE
:10A800008DF87A200DF17B02303302F8013B1EAB4C
:10A81000D31A149349E601331249CAF804502A4462
:10A82000072BCDE92532CAF800107FF733AC1BEEB9
:10A83000101A24AA584604F00FF800287EF4ABAF93
:10A84000DDE925320DF19C0A26E4591C5846FBF738
:10A8500081FA044650B3079054E700BF98200020C7
:10A8600084200020908F002067666666CDF888C03F
:10A8700012F8011C90F80FC0614513460AD14FF041
:10A88000300E03F801EC229B591E229113F8011C93
:10A890008C45F6D0392916BF0131817AC9B203F847
:10A8A000011CAEE600239046079360E71BEE102ADA
:10A8B000B2F90C3043F040039381FEF716BCF50764
:10A8C0007FF5FEADF8E50593CEE6B5EE40ABF1EED3
:10A8D00010FA3FF48BADC2F101021B9287E56723AA
:10A8E0000B9313990B78FF2B79D000250C9A2846EF
:10A8F00003E001300131FF2B08D0934206DAD21A6F
:10A900004B78002BF5D10B780135F4E70C921391BD
:10A910000D900F950F9A0D9B16991344059A01FB04
:10A920000323059323EAE3730293D5E5109BD31821
:10A930001944662305910B932DE7C3F101031A44D3
:10A9400022EAE2730293672305920B9398E60DF1D6
:10A950007A0259E7039BDDF80890DDF81C80059327
:10A96000B4E418EE903A002BB4BF2D219DF8671087
:10A97000254C264BB8BF8DF8671028F08008FEF7ED
:10A9800079BC039B0293059373239DF86710039092
:10A990000F900D900B93FEF77ABC0223149384E57D
:10A9A000039A134305D10123662202930B92059368
:10A9B00066E6109B01331A4422EAE273029366238F
:10A9C00005920B935CE6089A99F80130894652F893
:10A9D000041B089241EAE1710391FEF7D3BA002308
:10A9E0000F930D9396E70C23CBF800304FF0FF3315
:10A9F0000493FEF781BB1BEE102A938943F04003BA
:10AA00009381FEF7C8BE00BF8020002020190020DF
:10AA10002DE9F04F2DED028BADF5377D8B46B1F969
:10AA20000C1002AF8C048146FA643B6309D4DBF856
:10AA3000643041F4005123F40053ABF80C10CBF810
:10AA4000643000231C460822194607F15800FB62B7
:10AA5000A246FDF7ABF83C647C62BC637C64834B2C
:10AA6000D3F8E440FDF76CF907F158020346009271
:10AA700007F15401FA6C4846A047051EFB6C33DB16
:10AA80002B44FB647B6D2E46002B00F0B680012D1D
:10AA900038D0252B40D0002DE1D0FB6C9E1BDBF87D
:10AAA0000430741E002B40F39880DBF8001094F8FB
:10AAB00001C091F800E0A31C0AEB0300E64501F198
:10AAC0000101A3EB060204F10104A0EB060040F033
:10AAD0009480DBF80430CBF80010013BAA42CBF89D
:10AAE0000430DFDB8246BAE70133FB6408224FF60D
:10AAF000FD73002107F158007B65FDF757F87B6D6A
:10AB0000002B7AD05A4EF25C100700F11C85252BE1
:10AB100040F0868001252E46F86C00240278A0467D
:10AB2000A2F12503411C552B67D8DFE813F00A0773
:10AB30006600660066006600010766006600660043
:10AB4000660066000C060C060C060C060C060C06CD
:10AB50000C060C060C060C06660066006600660015
:10AB6000660066006600180666008E04C9041806B2
:10AB70001806180666006600660066008200660019
:10AB80006600BF0466006600660089006600660015
:10AB9000660066006B0666006600DD0666006600FD
:10ABA000660066006600180666009004CB0418066E
:10ABB00018061806BE06D20682006600E706F306EF
:10ABC000AC06C104DA06660066008B007D00CA068A
:10ABD000660066006B0666007D005946484603F035
:10ABE000FBFE00283FF461AF7B6C002B01F052802C
:10ABF000BBF80C305A0601F14D803B6C43B13B6C05
:10AC0000D3F80080B8F1000F02D04046FBF79AF865
:10AC1000786C07F53577BD46BDEC028BBDE8F08F4B
:10AC2000FB6C01255E1E3AE72307E6D14278084611
:10AC300076E72207E1D1427844F0020408466FE744
:10AC400044F00104F9640225DBF80430002B40F3E2
:10AC50000884600640F10F846B1E032B01F2EB8029
:10AC6000DFE813F07B02F1014B0108003093002074
:10AC7000E11E0020484602F099FA03683B6208F1A1
:10AC8000FF33B3F5AE7F40F25A856FF4AE7508EB33
:10AC900005033B6140F25D18002607F5B87308EE26
:10ACA000109AC7E90566FE637E63FE61BE6444F4E4
:10ACB000F064BB621D464646DBF800100A78A2F13C
:10ACC0002B034E2B50D8DFE813F07E034F007E039A
:10ACD0004F004F00A300A600A600A600A600A600F5
:10ACE000A600A600A600A6004F004F004F004F0090
:10ACF0004F004F004F0074030B030B030B039E0325
:10AD000094034F004F0084034F004F004F004F004B
:10AD10005D034F003A034F004F004F0033034F00D5
:10AD20004F004F001E036D034F004F004F004F00B8
:10AD30004F004F004F0074030B030B030B039E03E4
:10AD400094034F004F0084034F004F004F004F000B
:10AD50005D034F003A034F004F004F0033034F0095
:10AD60004F004F001E036D03A0056FD5386A0378AE
:10AD700093426BD1C7E902457E60814618EE106AA6
:10AD80004FF000085C4607E0216091F800E099F878
:10AD9000000086451CD1DA4619F8010F45460AF134
:10ADA000010B013108F10108002800F06486606899
:10ADB000013800286060E7DC2146304603F00CFED5
:10ADC00030B9216899F8000091F800E08645E2D09A
:10ADD000A3463A6ABC683D612B46B146BE6CFD682D
:10ADE000BD6401335D4602EB0308B34626461446B4
:10ADF00018F8011D2A46484603F0AEFD4445F7D138
:10AE00003B693446AAEB030A5E46AB46BD6C20E0C4
:10AE1000E00500F10185BB6CF96BD94216D124F431
:10AE2000C07405F8012B013EDBF80430013B002B18
:10AE30000AF1010ACBF8043040F36F83DBF80030ED
:10AE40000133CBF80030002E7FF436AFBE6C18EE25
:10AE5000109A7B6B002B40F0DC82FB6B013B012BDB
:10AE600041F21680731E062B40F22786E3051BD5A0
:10AE7000660501F1B58015F8011C652905F1FF3360
:10AE80000AF1FF360AD0452908D05A46484603F051
:10AE900063FD15F8021CAAF10206AB1E5A4648468D
:10AEA000B2461D4603F058FD14F010027FF4D7ADF2
:10AEB00004F4C063B3F5806F2A7000F0D284BB69DC
:10AEC000002B40F02C874846B96A0022FCF772FB41
:10AED000E0073B6B00F1C985A10700F1C685B4EE20
:10AEE000400BF1EE10FA53F8044B80F1F486B7EE04
:10AEF000C00B3B6384ED000AA2E308F1FF33B3F516
:10AF0000AE7F40F2A2836FF4AE7208EB0203FB63E4
:10AF100040F25D1807F5B8730022BE6BBB6259465C
:10AF200044F45864D3461D4692460A681078A0F14E
:10AF30002B034D2B60D8DFE813F082025F00820202
:10AF40005F005F00CD02E001E001E001E001E0010F
:10AF5000E001E0016F026F025F005F005F005F00D1
:10AF60005F005F005F004E004E004E004E004E003E
:10AF70004E005F005F005F005F005F005F005F00EA
:10AF80005F005F005F005F005F005F005F005F00C9
:10AF90005F005F0076025F005F005F005F005F00A0
:10AFA0005F005F005F004E004E004E004E004E00FE
:10AFB0004E005F005F005F005F005F005F005F00AA
:10AFC0005F005F005F005F005F005F005F005F0089
:10AFD0005F005F0076020A2E0EDD24F438644B68B1
:10AFE00005F8010B013B002B4B6040F38D820132D1
:10AFF0000A60B8F1010898D1E005D046BE63DA4690
:10B000008B4607D5BB6A9D4200F22284BB6A9D42F3
:10B010003FF4F3AD14F0100210D1B96ABB6BFE6AB5
:10B020002A704846B047A10640F108843B6B53F8AC
:10B03000042B10603B637B6C01337B64BB6AED1AAD
:10B040004544AA440BE5B8F1000F08BF4FF0FF38A4
:10B05000E00740F1958214F010037B6340F07484A4
:10B06000210640F166863C6B54F8043BFB63002BE1
:10B070003FF4C3AD8020FAF75DFEB864002800F00D
:10B080007887FB6BBA6C1A603A6CD58893889D42BE
:10B0900080F052851068FB6B40F825303B6C3C63B8
:10B0A0000135DD80BB6CBB6220233B62DBF80030E6
:10B0B000B14E1B78F35C13F0080340F0BB847C6A4C
:10B0C0007E621D46FCF73CFEA8423FF48DADDBE9F5
:10B0D000003207F5B87013F8011B4155013A032CF3
:10B0E000CBE9003205F1010507F1680602D13368AA
:10B0F000042B04D0082200213046FCF757FD07F549
:10B10000B872B96C00962B46484602F07FFA421C92
:10B1100004463FF469AD002840F07884BB6C1860A9
:10B1200002F0D0FA002840F05C86AA4408F1FF380B
:10B130007B6B002B40F03386BB6CFA6B0433BB6433
:10B14000002A00F02C86BA6A9D1A3B6AB3EBA50F61
:10B1500040F256877D6B00F05CBCB8F1000F08BF71
:10B160004FF0FF38E00740F17B8214F01003BB6220
:10B1700040F0F383210640F1ED853E6B56F8043B29
:10B180003B62002B3FF439AD8020FAF7D3FD044633
:10B19000002800F0EE863B6A3A6C1860D5889388E8
:10B1A0009D4280F0DD8410683B6A40F825303B6C9E
:10B1B0003E630135DD802023FC61BB617E6AC7F8F8
:10B1C0003CA00025C246A046FCF7BAFDA8423FF4C9
:10B1D0000BADDBE9003213F8011B013A07F5B8703B
:10B1E000CBE90032032E05F101034155BB6407F1A1
:10B1F000600402D12368042B04D0082200212046D9
:10B20000FCF7D4FC07F5B872BB6C00944146484685
:10B2100002F0FCF9421C06463FF4E6AC002840F080
:10B22000CA82C8F80000054607F168030822002119
:10B2300018467B63FCF7BAFC50497B6BD1F8E010F1
:10B240002A4648460D4607F15001A847012800F05C
:10B25000D583002207F170039B5C002B00F0A185D1
:10B26000FB6BBA6C032E1344FB6300F0CA830AF134
:10B27000FF3ABB6A5BB93B6A08F104083BB1FB6962
:10B28000A8EB0304BB69B3EBA40F40F20584DBF821
:10B290000430002B4FF0000540F39682BAF1000F06
:10B2A00092D1D7F83CA07E624446BB6A002B7FF463
:10B2B000D6AB23603B6A002B00F0C281FB69BA6900
:10B2C000E11A8B1001339A4240F2BA813C6A043190
:10B2D0002068FAF7FBFF002800F0B2812060AFE1A0
:10B2E00021057FF5B3ADFB6BB96C5B187FF4AEAD98
:10B2F000BB6424F4C074FB6393E5214B24F43864ED
:10B3000033F916606BE604F41863B3F5807F7FF4BD
:10B310009DAD7B6B012B7FF499AD302305F8013B8C
:10B3200024F48074002344F40064013E7B6378E5D8
:10B33000BB6C062B40F074850723BB6471E52305C5
:10B340007FF584AD04F4A063B3F5806F05D061058B
:10B350007FF57CAD7B6B002B47D0A30504D47B6BC2
:10B36000F9695B1AC7E9055324F47864002344F4AF
:10B37000C0747B6355E500BFE11E002030930020C0
:10B38000083B0020FB6B002B00F0FF81FB6B022BC6
:10B3900000F0B083BB6C012B00F0F181042B00F0B6
:10B3A000EE8153E5BB6C072B40F03A850823BB6464
:10B3B00037E5200500F1F981FB6B012B7FF446ADE9
:10B3C0000223FB632DE523067FF540AD24F08004C6
:10B3D00027E5BB6C002B40F0CC817B6BB3B904F448
:10B3E000E063B3F5E06F00F02085BE6C18EE109AB4
:10B3F00033E5210500F1B781BB6C022B40F01085CD
:10B400000323BB640DE520059CD56CE7BE6C18EEEC
:10B41000109A24F4807420E58D4B33F91660082EC1
:10B420003FF7DBADE8E504F4C063B3F5007F7FF4DC
:10B43000E3AD24F4007444F4A0641026CFE52306A1
:10B440007FF5DAAD24F08004C9E544F00104DBF8AF
:10B450000430F964002B44F040044FF000053FF73E
:10B46000F8AB5946484603F0B7FA00287FF4BCAB66
:10B4700060063FF5F1ABDBF80020764E1378F35C05
:10B4800019077FF5E9ABDBF80430013B002B0AF12B
:10B49000010ACBF8043002F101024ADDCBF80020AA
:10B4A0001378F35C19077FF5D7ABECE744F00104A0
:10B4B000694BFB620823F964BB630325FFF7C4BB38
:10B4C00044F00104654BFB620A23F964BB63032566
:10B4D000FFF7BABB23057FF582AD16B944F40074BB
:10B4E0000826630500F1A681FB6B24F460741BB190
:10B4F000013BFB6308F101084B68013B002B0AF19B
:10B50000010A4B603FF773AD4846B96403F064FA33
:10B51000B96C00283FF46DAD6EE518EE100A59467F
:10B5200003F05AFA00287FF491AC002E7FF4C4ABEC
:10B530008CE45946484603F04FFA00287FF454AB98
:10B54000DBF800209AE7DBF804200FE0DBF800309E
:10B550001A78B25C110703F101037FF580AADBF8CA
:10B560000420013ACBE900320AF1010A002AEDDC9D
:10B570005946484603F030FA0028E7D0FFF76FBA83
:10B58000E10600F1498314F0800400F0AB833C6BCA
:10B5900054F8046BBE64002E3FF42FAB2020FAF762
:10B5A000C9FB0546002800F062843A6C306093883D
:10B5B000D6889E4280F0A8821068BB6C40F8263086
:10B5C0003B6C3C630136DE802023FB63DBF800200C
:10B5D000204E1178715C080700F1AC8233462C468E
:10B5E00010462E46DBF80410BA6C0139CBF8041073
:10B5F000411CCBF800103546017805F8011B22B13B
:10B60000FA6B2E1B964280F07A83B8F101080BD0BA
:10B61000DBF8041000292E4640F3AE83DBF800006F
:10B620000178595C0907DDD5291B8A4401314FF0A7
:10B6300000032B70BB6C1BB1FB6B8B4200F294833D
:10B640007B6C01337B64FFF70ABA0023FB6361E480
:10B65000083B0020E11E002099AF0100395701008E
:10B66000E60600F1818114F0800400F06D833C6BEC
:10B6700054F8046BBE64002E3FF4BFAA2020FAF7F2
:10B6800059FB0546002800F0F2833A6C306093883D
:10B69000D6889E4280F07A821068BB6C40F82630D3
:10B6A0003B6C3C630136DE802024DBF8002007F190
:10B6B000700319461378CB5C002B3FF49EAA08EE6A
:10B6C000109AD7F84890C7F83CA02E46A2461046DC
:10B6D0000C46DBF80410431C0139CBE90031294644
:10B6E000007801F8010BB9F1000F02D08D1B554510
:10B6F0007AD20D46B8F101080AD0DBF8041000290F
:10B7000040F36A81DBF800000178615C0029E0D138
:10B71000544618EE109AD7F83CA0AE1B3FF46DAA21
:10B720004FF000032B70BB6C1BB1711C8C4200F2FC
:10B730002D837B6C0133B2447B64FFF790B9002307
:10B740003B61FFF7A9BA14F08F0F7FF456AA08EBFC
:10B75000880802EB4808A8F13008FFF767BAF964D7
:10B760000425FFF771BAFB6BB96C5B187FF444AE2C
:10B77000BEE5BB6C032B02D0052B7FF467ABBB6C23
:10B780000133DBB2BB64FFF74CBB7B6B002B7FF458
:10B7900001AE04F4E063B3F5E06F7FF4FBAD012389
:10B7A00024F4F064FB63FFF73CBBFB6BB96C5B18E4
:10B7B0007FF402AE9CE5831C40F05B84DBF8043030
:10B7C000BD6C002B3FF700AD5946484603F004F925
:10B7D00000283FF463ADD7F83CA07E624446002DBC
:10B7E0003FF463ADFFF700BA4FEA4A0A30465146CC
:10B7F000FAF76CFD0646002800F039830544C9F8C5
:10B80000000077E744F40074BC4BFB621023F9643A
:10B81000BB630325FFF718BA7B6B01337B633B697E
:10B8200024F08004002B3FF4FEAA3B69013B3B61FE
:10B83000FFF7FABA24F4B064FFF7D1BB220740F156
:10B84000C7813B6B53F8042B3B631070FFF7F3BBCE
:10B8500015F8011C5A464846013D03F07DF8FFF7F4
:10B86000D5BBFB697A6B93423FF42DAB9A1A07F272
:10B87000C3239D4228BF07F2C225A149284601F0F3
:10B8800035FCFFF720BBE20600F13181230700F110
:10B89000BA81660740F1B4823B6BF96453F8042B1C
:10B8A0003B63A2F800A0FFF7DAB823077FF4A5A94D
:10B8B0004278682A00F0868144F004040846FFF7C5
:10B8C0002FB98E4BFB620A23F964BB630325FFF794
:10B8D000BBB98C4BFB620023F964BB630325FFF704
:10B8E000B3B944F408748FE707F1700001F056FA19
:10B8F00044F04004F8640125FFF7A6B922077FF45D
:10B900007CA942786C2A00F0578144F00104084673
:10B91000FFF706B914F08F037FF46FA93A6C002A81
:10B9200000F0E781427844F080040846FFF7F8B859
:10B9300058EA04087FF461A9427810240846FFF70A
:10B94000EFB8F964FFF7A7B800233B62BB62FB6363
:10B9500007F15403BB64FFF7A9BB0023C7E9063313
:10B960003B6207F1540429E4DBF8003007F1700270
:10B9700011461A788A5C002A3FF43FA90133CBF8BC
:10B980000030DBF80430B8F1010F03F1FF33CBF8DE
:10B99000043018BF0C4614D1FFF753BBDBF800305E
:10B9A0001A78A25C0133002A3FF44BABCBF800308D
:10B9B000DBF804300135013B4545CBF804303FF45A
:10B9C00040AB002BEADC5946484603F005F8002856
:10B9D000E4D0AA44FFF743B818EE100A594602F023
:10B9E000FBFF00283FF48EAEB542544618EE109A85
:10B9F000D7F83CA07FF491AEFFF7F6B897F8502047
:10BA000028E42368042B7FF432AC32E4831C40F03A
:10BA10003983DBF80430002B40F3D781DBF80030AA
:10BA20007A6A1B78D35C180703D4B8F1000F7FF44F
:10BA300049AB7C627B6B002B7FF411A8BA6C13605E
:10BA4000FB6B002B3FF4FCADBB6AD11A8B103A6A3A
:10BA500001339A427FF6F4ADFC6B04312068FAF7AB
:10BA600035FC00287FF43AACEAE553F8042B82ED6C
:10BA7000000B3B63E4E5FD68396A7E682846424670
:10BA8000A346BC6801F060FB7B6BFB6124F420746F
:10BA9000013E0546FFF7C8B9F869D9001D46FAF717
:10BAA00015FCF861002800F064823A6A6B0000EB34
:10BAB00004081060BB61FFF7EABB022E40F2C482AB
:10BAC000032E3FF4D3A9043E5FFA86F86FEA080319
:10BAD000EE1815F8011D5A46484602F03DFFAE42E9
:10BAE000F7D10AF1FF3AAAEB080AFFF7BFB9F964E8
:10BAF000FEF7B5BF0323FB63FFF793B999AF0100CE
:10BB0000B01E0020395701004FF6F672934200F242
:10BB100097823A6C08339BB21068F86399007B6394
:10BB2000FAF7D4FB002800F07B823A6C7B6B9380A1
:10BB3000106042E501217AE54FF6F672934200F279
:10BB4000938208339EB23B6CB1001868FAF7BEFBD3
:10BB50003B6C002800F03E829E801860FFF79BBA85
:10BB60004FF6F672934200F27F823A6C08339BB232
:10BB700099001068BB64FAF7A9FBBB6C002800F0C1
:10BB800028823A6C93801060FFF70EBB4FF6F67276
:10BB9000934200F255823A6C08339BB21068F86306
:10BBA00099007B63FAF792FB002800F039823A6C27
:10BBB0007B6B9380106070E5827844F00204023061
:10BBC000FEF7AEBF827844F008040230FEF7A8BF4B
:10BBD000630758D414F001027FF428AAA6077FF562
:10BBE00025AAB34BF96A99424846BB6BB96A00F083
:10BBF0003D8201F0E7FB3B6B53F8042B3B63C2E94A
:10BC00000001FFF718BA3B6BF96453F8042B3B6350
:10BC100082F800A0FEF723BFDBF80030A54E1A78AB
:10BC2000B25C12073EF51BAF0133CBF80030DBF8F6
:10BC30000430B8F1010F03F1FF33CBF8043008BF33
:10BC40000AF1010A3EF40BAF012411E0DBF80030E9
:10BC50001A78B25C150703F1010311D4CBF8003058
:10BC6000DBF804300134013B4445CBF8043007D005
:10BC7000002BEBDC5946484602F0AEFE0028E5D02A
:10BC8000A244FEF7ECBE3B6B53F8042B3B631080E1
:10BC9000FFF7D1B93B6C002B00F06E813B6CD3F801
:10BCA0000080DE8876B10024A8F10405A14655F88D
:10BCB000043F1868FAF746F801342B68A642C3F827
:10BCC0000090F4D14FF0FF337B64B8F1000F7EF4A5
:10BCD0009CAFFEF79DBF78483B63FCF773FB84ED98
:10BCE000000AADE43A6BFC6352F8045B3A63BC644F
:10BCF0006CE482B0CDE9023302AB3B6412E67B63B5
:10BD0000530020461946FB63FAF7E0FA0446002880
:10BD100000F0AD80BB6C851918607B6B75E47D69A4
:10BD200029460A2301314846FBF7ECFCBB69C21ADD
:10BD30009DE5D7E90C3253F8041B3A62B9643B63C2
:10BD4000BA62FA63FFF7B2B93B6BBC6453F8045BA9
:10BD50003B63AAE43B6BBA6A53F8044BBA61C7E988
:10BD600007223B63FFF72ABABC6C2068FAF7AEFAE9
:10BD700000287FF4B3AA63E4594648467B6302F087
:10BD80002BFE7B6B00283FF449AC4DE418681C4641
:10BD9000FAF79CFA00283FF4CCAC2060C9E40025F7
:10BDA00037E6BD6CD7F83CA07E624446002D3FF4D8
:10BDB0007CAA013D07F5B8735A46595D484602F022
:10BDC000CBFD002DF5D1FFF770BA5946484602F079
:10BDD00003FE00283FF422AE7C62002D7EF404AF07
:10BDE00028E67C62002D3FF425AE013D07F5B873CF
:10BDF0005A46595D484602F0AFFD002DF5D119E6CF
:10BE0000E5073CD4A4073AD53B6BF96453F8042BFF
:10BE10003B634FEAEA73C2F800A05360FEF71FBE0F
:10BE200018EE109A1E46FFF714B8012324F4F064AC
:10BE3000BB64FEF7F6BFB8F1010F38BF4FF0010841
:10BE400014F001033AD1E50600F13681240640F1F1
:10BE50004C813B6B53F8045BBB64002D3EF4CDAECC
:10BE60004046F9F767FF0346002840F0DC803B6C52
:10BE7000002B00F08180D3F80080DE8812E73B6B56
:10BE8000F96453F8042BC2F800A03B63FEF7E7BD4A
:10BE90002B46BD6AAB427EF6B0AE1C4614F8011DBF
:10BEA0005A46484602F058FDAC42F7D1FEF7A5BE0F
:10BEB00099AF0100E11E0020AC09002014F010032E
:10BEC0007B635ED00025FD63BD642E4600244B4697
:10BED000C146A84625461C46FBF732FFA8423EF461
:10BEE00083AEDBE9003213F8011B013ACBE90032E3
:10BEF0007A6A07F5B870032A415505F1010307F185
:10BF0000680502D12A68042A06D0082200212846A2
:10BF1000BB62FBF74BFEBB6A009507F5B872314672
:10BF20002046BB6201F072FB431C78623EF45CAEBB
:10BF3000BB6A002840F047817A6B02B932609A44AC
:10BF400009F1FF397B6B002B40F07581BB6C002B36
:10BF500000F07081FB6BF51AB8EBA50F00F26A8157
:10BF600018464FEAC801FAF7B1F9F863002840F023
:10BF70005C813B6C002B2DD14FF0FF337B64FEF7CF
:10BF800047BE220640F18F803C6B54F8043BBB64F3
:10BF9000002B3EF432AE8020F9F7CCFE0646002896
:10BFA000E7D0BB6C18603B6CDD889A889542C0F086
:10BFB000B3804FF6F6718A4256D8083293B23A6C83
:10BFC000FB6399001068FAF781F9FB6B002840F0D9
:10BFD000AE803B6CDB883A6C1E46D2F8008061E68E
:10BFE0002B46BD6AAB427EF608AE1C4614F8011D16
:10BFF0005A46484602F0B0FCAC42F7D1FEF7FDBD10
:10C000001046D9001E46FAF761F9B8620028B0D090
:10C010004219BA64FA6B7D6B106073003B62F8E4FE
:10C02000D7F83C803EE6396C2860CE888A889642F4
:10C03000C0F08E804FF6F6718A42386340F2A580D8
:10C040003B6CD3F800802DE6BA6A95427EF6D5ADFA
:10C050002C46BD6A14F8011D5A46484602F07CFC85
:10C06000AC42F7D1FEF7C9BD2B46B4E701F07AFA2E
:10C07000C1E5D8F800301D4601337FF4D5A82A4623
:10C08000FFF7E8B8BB6C186801F01CFB00287FF4D0
:10C09000A8AE032CAA447FF449A83368042B7FF48C
:10C0A00045A8FFF745B8D7E90C3253F8046B3B635A
:10C0B0001546FA63BA6409E71C46DBF80430984574
:10C0C00039DDDBF800201A44CBF8002059464846F9
:10C0D0001C44A8EB030802F07FFC0028EDD0002CE4
:10C0E0003EF482ADA244FEF7BABC3D6B43462968DC
:10C0F000CDF800B00122484602F08CFC044600282E
:10C100003EF472AD0435BD647B6C01337B64BB6C63
:10C110003B63A244FEF7A3BC1868BB6C40F8253013
:10C120003B6C3C630135DD80FE632025CEE63A6C36
:10C1300093801060F1E7A3EB0803CBF80430DBF841
:10C14000003044444344CBF80030A244FEF787BC9F
:10C150000A68FA63FA6B42F826503A6C0136B6B2B6
:10C16000D6801946CDF800B043460122484602F079
:10C1700051FC0446D8B18045C6D928682146FAF753
:10C18000A5F80028C0D02860BEE73B6C083294B206
:10C190001A687A631046A100FAF798F87A6BF86388
:10C1A00000285BD03B6C9C8018603B6BD2E77B6CBB
:10C1B000D7F83C80002B3FF475ADBBF80C305B0624
:10C1C0007EF51DAD6AE57A6A02321DD1DBF80420E6
:10C1D000002A1D463FF780AE5946204602F0FCFB80
:10C1E000E0B9B9F1000F7FF477AE4546A146BB6CCC
:10C1F00023B1FB6BF11AB5EBA10F27D87B6B002B9A
:10C200007EF42DACFFF71CBA9A447B6A032B7FF4B3
:10C2100097AE2B68042B7FF493AE93E6A1462C4691
:10C220004546002CE3D0FEF7DFBCBA6C461910601F
:10C230004FEA48080436DBF80430002B4FF00005C5
:10C24000CADDB9F1000F7FF447AECEE7BC6C2068C1
:10C25000FAF73CF80028D1D02060CFE7904621E5DE
:10C26000436C70B505460C464BB153F8240080B1C1
:10C27000026843F824200023C0E9033370BD212263
:10C28000042101F05FFB034668640028EDD1002023
:10C2900070BD012101FA04F6721D9200284601F0DA
:10C2A00051FB0028F3D0C0E90146E4E731B1436C0B
:10C2B0004A6853F82200086043F82210704700BF14
:10C2C0002DE9F0410E6980460F461D4601F1140E1E
:10C2D0000020DEF800108CB202FB0453090C4FEA78
:10C2E000134C02FB01CC01309CB204EB0C4486429F
:10C2F0004EF8044B4FEA1C45EBDC3DB1BB68B34242
:10C3000007DD07EB860301365D613E613846BDE817
:10C31000F081796840460131FFF7A2FF0446B0B1D1
:10C320003A69023207F10C0192000C30F4F7B0F8D0
:10C33000D8F844307A6853F82210396043F82270F4
:10C34000274607EB860301365D613E61DEE7034B5E
:10C3500003482246BA2101F009FA00BFCC1C002094
:10C360004C1E00202DE9F8431746274A1E46083385
:10C370000C46092E82FB03124FEAE3730546C3EB1A
:10C38000620339DD4FF0010C00214FEA4C0C63458C
:10C3900001F10101F9DC2846FFF762FF014668B3AD
:10C3A000089B4361092F4FF00103036112DC0A343B
:10C3B0000927BE420BDDF21BA61814F8013B0A2226
:10C3C000303B2846FFF77CFFA6420146F5D10846E0
:10C3D000BDE8F88304F10909C8463C4418F8013B5C
:10C3E0000A22303B2846FFF76BFFA0450146F5D1F6
:10C3F000A7F108044C44DCE70021CCE70A46034BD4
:10C400000348D32101F0B2F9398EE338CC1C002067
:10C410004C1E0020030C1B04D3B90004102310F0A1
:10C420007F4F04BF0002083310F0704F04BF0001BB
:10C43000043310F0404F04BF80000233002805DBB6
:10C4400010F0804F03F1010308BF20231846704706
:10C450000023E4E7036813F0070208D0D9071FD4CC
:10C460009A0722D55B08036001221046704799B2F3
:10C4700009B91B0C1022D9B209B908321B0A1907D5
:10C4800004BF1B090432990704BF9B080232D90775
:10C4900003D45B0802F1010205D003601046704727
:10C4A0000022104670472022DFE79B08022203602B
:10C4B0001046704738B5436C04460D464BB158687A
:10C4C000B0B102685A6000220123C0E90435C2609D
:10C4D00038BD2122042101F035FA034660640028AA
:10C4E000EDD1094B0948002240F2451101F03EF917
:10C4F0001C220121204601F025FA0028F1D001225A
:10C500000223C0E90123DEE7CC1C00204C1E0020E2
:10C510002DE9F04F0E691569AE4285B08846144684
:10C5200005DB2A46234635460C4616469846A36840
:10C530006168AF19BB42B8BF0131FFF791FE0190AE
:10C54000002800F08780019B03F1140909EB870A9A
:10C55000D14505D24B46002243F8042B9A45FBD81F
:10C5600008F1140808EB860B04F11403D8451A46A9
:10C5700003EB85055FD22B1B153B23F0030304332C
:10C580001534A54238BF0423CDE902A7AC461F46A7
:10C59000924605E0090C29D1C34509F1040948D99F
:10C5A00058F8041B8DB2002DF4D056464C4600239B
:10C5B00056F8041B22681FFA81FE90B2090C05FB95
:10C5C0000E00120C034405FB012202EB13429BB246
:10C5D00043EA0243B44544F8043B4FEA1243E7D828
:10C5E00049F8073058F8041C090CD5D0D9F80030A8
:10C5F00050461A464C4600260588120C01FB0522BF
:10C6000016449BB243EA064344F8043B50F8045BEB
:10C6100022682D0C93B201FB053303EB16438445CE
:10C620004FEA1346E8D8C34549F8073009F1040931
:10C63000B6D8DDE902A7002F02DC05E0013F03D0F8
:10C640005AF8043D002BF9D0019B18461F6105B034
:10C65000BDE8F08F034B0448019A4FF4B17101F02B
:10C6600085F800BFCC1C00204C1E002012F00303F4
:10C670002DE9F0411446064632D10D46A41020D0D3
:10C68000D6F84080B8F1000F33D0E3074FF0000731
:10C6900007D4641015D0D8F80000A8B18046E3078D
:10C6A000F7D5424629463046FFF732FFB5B16968F3
:10C6B000736C641053F821202A6043F8215005461A
:10C6C000E9D12846BDE8F081424641463046FFF7B1
:10C6D0001FFFC8F8000007608046E0E70546D8E77E
:10C6E000013B0F4A52F823200023FFF7E9FD0546DE
:10C6F000C4E701213046FFF7B3FD804640B1012376
:10C7000040F27122C0E90432002330640360BCE7C8
:10C71000044B0548424640F2451101F027F800BF9E
:10C72000908E0020CC1C00204C1E00202DE9F047EC
:10C730000D4614462F69AB68496807EB62177E1CEB
:10C740009E4280464FEA621904DD5B009E4201F181
:10C750000101FADC4046FFF783FD8446002852D0F1
:10C76000B9F1000F00F114020EDD09F105014FEAE5
:10C77000810E134600EB8101002043F8040B8B422D
:10C78000FBD1AEF114031A44296905F1140314F026
:10C790001F0E03EB81012ED0CEF1200910464FF081
:10C7A000000A1C6804FA0EF444EA0A0440F8044B38
:10C7B00053F8044B994224FA09FAF2D84B1B153B63
:10C7C00023F00303043305F11500814238BF04232D
:10C7D000BAF1000F18BF374642F803A0D8F844302A
:10C7E0006A68CCF8107053F822102960604643F84C
:10C7F0002250BDE8F087043A53F8040B42F8040FC6
:10C800009942F9D8EAE7034B034862464FF4EF71C7
:10C8100000F0ACFFCC1C00204C1E00200B698446AD
:10C820000069C01A16D10CF1140C14310CEB830200
:10C8300010B401EB830301E0944508D252F8044D93
:10C8400053F8041D8C42F7D005D24FF0FF305DF84D
:10C85000044B7047704701205DF8044B704700BFE0
:10C860002DE9F84F0F691369FF1A002F0E46904605
:10C870007FD101F11405143202EB830205EB83032F
:10C8800001E09D4278D253F8041D52F8044DA142B4
:10C89000F7D069D37168FFF7E3FC8146002877D0B1
:10C8A0003569D8F81020C76008F1140E06F114009D
:10C8B00009F1140A06F110010EEB820200EB850764
:10C8C00056464FF0000C5EF8044B51F804BFA3B27B
:10C8D0001CFA8BFCACEB03034FEA144CCCEB1B4C67
:10C8E0000CEB234C9BB243EA0C43724546F8043BE5
:10C8F0004FEA2C4CE7D8A2EB0801153908F11508CE
:10C90000424521F0030404F1040438BF0424204408
:10C9100021F0030238BF002287425244544418D900
:10C920002646014651F8043B1CFA83FC4FEA2C4290
:10C9300002EB13421FFA8CFC4CEA02438F4246F88A
:10C94000043B4FEA224CEDD8013F3F1A27F0030782
:10C95000E21923B952F8043D013D002BFAD0C9F881
:10C9600010504846BDE8F88F3346012746469846A2
:10C9700090E7F9DB00278DE70021FFF771FC814686
:10C9800068B101220023C9E904234846BDE8F88FB5
:10C99000064B07484A4640F2452100F0E7FE034BAC
:10C9A00003484A4640F2372100F0E0FECC1C00204C
:10C9B0004C1E002082B08DED000B164B019A1340E7
:10C9C000A3F15073002B06DD00221946104641ECFE
:10C9D000100B02B070475B42B3F1A07F4FEA2352C5
:10C9E00009DA4FF40023134100221946104641ECA6
:10C9F000100B02B07047A2F114031E2BDABF4FF0E8
:10CA00000042DA40012200231946104641EC100B87
:10CA100002B070470000F07FF8B5046900F1140619
:10CA200006EB8404271F54F8045C2846FFF7F2FC49
:10CA3000C0F120030A280B601BDDBE420BD20B386D
:10CA400054F8081C2ED145F07F5343F440130A4696
:10CA500043EC102BF8BDB0F10B01F4D005FA01F155
:10CA600041F07F53002143F440130A4643EC102B5E
:10CA7000F8BDC0F10B0C25FA0CF1BE4241F07F531A
:10CA800038BF54F8081C00F1150034BF21FA0CF12E
:10CA9000002105FA00F0014343F440130A4643EC39
:10CAA000102BF8BDC0F1200C854021FA0CF345EAAB
:10CAB0000307A4F10805AE4201FA00F13CBF54F8A7
:10CAC0000C0C20FA0CF047F07F5338BF014343F4BD
:10CAD00040130A4643EC102BF8BD00BF2DE9F0438C
:10CAE000884683B0012157EC106B1546FFF7B8FB61
:10CAF0000446002851D0C7F30A59C7F31303B9F10C
:10CB0000000F01D043F48013002E019318D101A827
:10CB1000FFF7A0FC019A6261012200F1200322616B
:10CB2000B9F1000F25D0A9F2334909EB03022046E1
:10CB3000C3F13503C8F800202B6003B0BDE8F083D3
:10CB400068460096FFF786FC034610B3DDE9000255
:10CB5000C3F1200102FA01F10143DA40616101925F
:10CB6000002AA26114BF022201222261B9F1000F42
:10CB7000D9D1A3F23243C8F8003004EB820318691C
:10CB8000FFF748FCC0EB421320462B6003B0BDE822
:10CB9000F083009A6261019AE2E7034B0348224660
:10CBA00040F20F3100F0E2FDCC1C00204C1E0020B2
:10CBB000F0B583B00E4669460746FFF72DFF01A981
:10CBC000304655EC104BB0EE407BFFF725FF336944
:10CBD0003A69D21ADDE900315B1A03EB4213002BEC
:10CBE00009DD17EE902A02EB035545EC174B87EE53
:10CBF000000B03B0F0BD10EE902A51EC100BC3EB0C
:10CC0000033302EB035141EC100B87EE000B03B032
:10CC1000F0BD00BF0139491101F1010C116902F1A8
:10CC2000140303EB81018B4200EB8C0C17D210B57F
:10CC3000A0F1040E53F8044B4EF8044F9942F9D872
:10CC40008A1AA2F1150323F0030304331844844520
:10CC500004D9002340F8043B8445FBD810BD84452B
:10CC600005D9002340F8043B8445FBD87047704742
:10CC700003694A11934200F1140009DA00EB8303BF
:10CC800002E053F8042DC2B98342FAD8002070475D
:10CC900010DD11F01F010DD010B450F8224000EB50
:10CCA000820324FA01F28A4094420CD001205DF8FC
:10CCB000044B704700EB8203E6E70120704753F80E
:10CCC000042D002AF2D18342F9D800205DF8044BEC
:10CCD000704700BF70B500294BD006460C4610B116
:10CCE000436B002B48D0636ED80734D5B4F90C30B1
:10CCF000002B3ED02146304600F036F9E36A054667
:10CD000033B1E169304698470028B8BF4FF0FF358E
:10CD1000A3891A063CD4216B41B104F14003994226
:10CD200002D03046FBF7A4FB00232363616C21B1E2
:10CD30003046FBF79DFB00236364FAF75BFE636EEE
:10CD40000022DB07A2811FD5A06DFBF771FAFAF76D
:10CD500057FE284670BDA3899905CBD4A06DFBF77B
:10CD600069FAB4F90C30002BC4D1656E15F00105D9
:10CD700005D00025284670BDFAF71EFEB3E7A06D6A
:10CD8000FBF75AFA284670BDA06DFBF755FADBE7B2
:10CD900021693046FBF76CFBBDE700BF70B50C782E
:10CDA0005E2C86461ED00022481C94460EF1FF33AE
:10CDB0000EF1FF0103F8012F8B42FBD184B18CF0FF
:10CDC00001010EF80410451C15F8013C2D2B0ED066
:10CDD0005D2B03D01BB11C462846F2E7284670BDE8
:10CDE000013870BD01224C78881C9446DEE790F82B
:10CDF00001C0BCF15D0FEED06445ECDC661C023076
:10CE00000EEB060202F8011BA2EB0E03013B9C4550
:10CE1000F8DCACEB0403013B6445A8BF00230235FA
:10CE20009C19D1E72DE9F04707464C480E46354698
:10CE300016F801EB10F80EC01CF0080CF7D1BEF18B
:10CE40002D0F5AD0BEF12B0F03BF96F800E06446B9
:10CE5000AE1C64465BB1102B54D04FF0FF38B8FBCA
:10CE6000F3F803FB08FA6FEA0A0A994608E0BEF1F4
:10CE7000300F5AD00A23DFF8E8804FF0050A9946B0
:10CE80000025284605E02CD009FB00C0012516F836
:10CE900001EBAEF1300CBCF1090F06D9AEF1410C3B
:10CEA000BCF1190F0BD8AEF1370C634510DDB5F1AD
:10CEB000FF3FECD04045E6D94FF0FF35E7E7AEF154
:10CEC000610CBCF1190F03D8AEF1570C6345EEDCD1
:10CED0006B1C0BD004B140420AB165B91160BDE8CA
:10CEE000F087D445D0DD4FF0FF35D0E722233B60FB
:10CEF0002846002AF3D0711EF0E796F800E00124DE
:10CF0000AE1CA7E7BEF1300F21D1307800F0DF0072
:10CF1000582816D14FF0100996F801E04FF00F0A8B
:10CF200002366FF070484B46AAE7337803F0DF0310
:10CF3000582BEFD008234FF0070A6FF0604899464E
:10CF40009EE799466FF070484FF00F0A98E74FF050
:10CF50000F0A6FF07048994692E700BFE11E00206B
:10CF600099999919FFF75EBFB1F90C202DE9F041AD
:10CF70000C461107804647D4636842F40062002BD8
:10CF8000A2815EDDA56A002D58D00023D8F800608C
:10CF9000C8F8003093B212F4805256D10123E169EF
:10CFA0004046A847431C67D0A389A56A5F0705D5FB
:10CFB0006368C01A236B0BB1E36BC01AE1690246C8
:10CFC00000234046A847411C41D1D8F80030002B2F
:10CFD0003DD01D2B01D0162B56D1A389226922608A
:10CFE00023F4006300216160A381216BC8F8006015
:10CFF00021B304F14003994202D04046FBF738FACE
:10D0000000202063BDE8F0812669BEB193B2256897
:10D0100026609A070CBF63690023AD1BA3600BE079
:10D020002B463246E169676A4046B847B0F1000CCA
:10D03000A5EB0C05664417DD002DF1DC0020BDE8F2
:10D04000F081E36B002B9DDCF8E7206DAEE7B4F9CF
:10D050000C302269226023F40063A3810022DB04E8
:10D060006260C2D52065C0E7A38943F040034FF05A
:10D07000FF30A381BDE8F081D8F80030002B93D0B9
:10D080001D2B06D0162B04D0A38943F04003A381A7
:10D09000D5E7C8F80060D1E738B50C46054608B1B9
:10D0A000436B03B3B4F90C0088B1636EDB0701D4A2
:10D0B00081050FD528462146FFF756FF636EDA0734
:10D0C000054602D4A3899B0508D5284638BD0546E8
:10D0D000284638BDA06DFBF7ADF8EBE7A06DFBF778
:10D0E000ABF8284638BDFAF767FCDBE70EB410B59D
:10D0F0009DB06FF000411FABCDE9060104910949D5
:10D1000053F8042B0290084C0868019302A9059477
:10D11000FBF7DCFE029B00221A701DB0BDE8104038
:10D1200003B07047B89800200802FFFF49B1FF2AFA
:10D1300002D80A70012070478A2303604FF0FF3045
:10D1400070470846704700BF41EA00039B0730B4B0
:10D1500001D1032A0FD801F1FF3C07E01CF8011FA1
:10D1600003F8011B541EC1B1224618460346002A8B
:10D17000F4D130BC70470B46194653F8045BA5F157
:10D18000013424EA050414F0803FE4D1043A032A70
:10D1900040F8045B1946EFD8DDE70244002CE8D0E4
:10D1A00003F8011B9342FBD130BC70470048704725
:10D1B000209400202DE9F0430E46264987B00F68E1
:10D1C000044690461D4653B305AA334601920321F7
:10D1D0002246CDF80080384600F084FC059B32687A
:10D1E00098428446C2F10002294609D2101A1CF85E
:10D1F000013B01F8013B059B634500EB0C02F6D8AF
:10D20000944224DDA21A0A44302301F8013B9142E2
:10D21000FBD100231370284607B0BDE8F083BA6C39
:10D2200000F123039A4201DDFD6CCDE700F12409F2
:10D23000F96C4A4638468DED020BF9F753F805466E
:10D240000028E8D0C7E912909DED020BBCE70A4622
:10D25000DFE700BFB89800202DE9F04F85B01F46EA
:10D26000574B03908A4600920D462A4615F8014B0B
:10D270001E5D16F00806F8D12D2C75D02B2C05BF9D
:10D280002C7802960296951C4FF0FF366FF0004BFB
:10D290002FB1102F6FD0B8464FEAE77905E0302C58
:10D2A00074D04FF00A08B946474642464B463046CE
:10D2B0005946F8F7ABFB0023019284460A4618460C
:10D2C000194611E08A4208BF84453DD000FB09F3AE
:10D2D00008FB0133A0FB08010B441EEB000043EBED
:10D2E000EE71012315F8014BA4F1300EBEF1090FC8
:10D2F00006D9A4F1410EBEF1190F0CD8A4F1370ED6
:10D30000774511DD5C1CEDD0844572EB0103D9D269
:10D310004FF0FF33E6E7A4F1610EBEF1190F03D819
:10D32000A4F1570E7745EDDC5A1C13D0029A12B1C6
:10D33000404261EB4101009A1AB1A3BB009BC3F8C4
:10D3400000A005B0BDE8F08F019B7345BEDA4FF039
:10D35000FF33C7E7039A22231360009B33B305F121
:10D36000FF3A30465946E9E701232C780293951C91
:10D370004FF0004B8CE7302C04D12B7803F0DF0307
:10D38000582B08D0B8464FF000098EE72B7803F0F1
:10D39000DF03582B0FD14FF010086C784FF00009C5
:10D3A0000235474681E706468B46D8E73046594660
:10D3B00005B0BDE8F08F4FF00808B946474674E75E
:10D3C000E11E0020FFF748BF2DE9F04F85B08B46E6
:10D3D0000192624A03901E460D46294615F8014BFC
:10D3E000135D13F00803F8D12D2C00F082802B2C54
:10D3F00003BF2C7802938D1C0293BEB1102E7DD0FA
:10D400004FEAE67A324653464FF0FF304FF0FF3195
:10D41000F8F7FCFA32460746884653464FF0FF308D
:10D420004FF0FF31B146F8F7F1FA0AE0302C79D02D
:10D430004FF00A09DFF82881B24605224FF09937EC
:10D440004E464FF0000C6046614611E0414508BF72
:10D45000B8423ED000FB0AF409FB0141A0FB0904DD
:10D460002144181841EBE3714FF0010C15F8014B02
:10D47000A4F13003092B05D9A4F14103192B0DD8D0
:10D48000A4F137039E4211DDBCF1FF3FEED087428D
:10D4900078EB0104DAD24FF0FF3CE7E7A4F1610337
:10D4A000192B03D8A4F157039E42EDDCBCF1FF3FDA
:10D4B00014D0029B13B1404261EB4101019B2BB19F
:10D4C000BCF1000F12D1019BC3F800B005B0BDE85C
:10D4D000F08F9342BEDD4FF0FF3CC7E7039A222353
:10D4E0001360019B60466146002BEFD005F1FF3BC6
:10D4F000E9E701232C7802938D1C7EE7302C23D1A1
:10D500002B7803F0DF03582B1BD14FF010096C78F8
:10D510000F2202354FF0FF376FF070484FF0000ACE
:10D520004E468EE72B7803F0DF03582BEDD04FF0FB
:10D530000809B24607224FF0FF376FF060484E46A9
:10D540007FE74FF0000A5DE70F224FF0FF376FF0E3
:10D550007048B1464FF0000A73E700BFE11E00209B
:10D5600099999919FFF730BF0000000001F0FF0101
:10D57000102A2BDB10F0070F08D010F8013B013AFE
:10D580008B422DD010F0070F42B3F6D1F0B441EA30
:10D59000012141EA014122F007047FF00007002346
:10D5A000F0E80256083C85EA010586EA010685FA9C
:10D5B00047F5A3FA87F586FA47F6A5FA87F68EB9F6
:10D5C000EED1F0BC01F0FF0102F0070232B110F819
:10D5D000013B013A83EA010313B1F8D100207047FF
:10D5E00001387047002D06BF35460338073815F05F
:10D5F000010F07D1013015F4807F02BF013015F40F
:10D60000C03F0130F0BC0138704700BF70B582B038
:10D610000446069D55B16AB10F480095D0F8E46004
:10D620002046B047431C10D002B070BD00F1F40595
:10D63000002AF1D1084B0095D3F8E460114601238C
:10D64000064A2046B047431CEED100228A232A60B6
:10D65000236002B070BD00BF30930020AC090020F1
:10D6600070B5054684B05BB11C4669B10E4B2846C7
:10D67000D3F8E0602346B047431C0FD004B070BD20
:10D6800000F582740029F1D1074A2346D2F8E06000
:10D6900028460A4601A9B047431CEFD100228A233D
:10D6A00022602B6004B070BD3093002010B582B0B2
:10D6B000049CCDE900344FF0FF3302F071FD02B05D
:10D6C00010BD00BF002100F001B800BF10B500F090
:10D6D00007F9044601F07CF8A0F11A03DBB2022B33
:10D6E00006D9A4F1090004288CBF0020012010BD38
:10D6F000012010BD30B482B08DED000B019A194CA1
:10D7000022F000430021A342016021DC009C1C4365
:10D710001ED0154C144054B99FED107B20EE077BB2
:10D720008DED007B019A6FF0350122F0004322F06D
:10D73000FF42DDE9004522F4E00242F07F551B156F
:10D7400045F40015A3F2FE33CDE900450B44036018
:10D750009DED000B02B030BC704700BF0000000020
:10D7600000005043FFFFEF7F0000F07F00B50B4C3F
:10D7700025681446EE681A4685B003460D464CB13E
:10D7800007490095CDE901143046064901F050F8EB
:10D79000F3F7C2FA04490C46F3E700BFB89800203B
:10D7A0008C1C00209C1C0020AC090020022932D0D7
:10D7B0000329C0F307231DBFA0F1800283F080037B
:10D7C000D2B2C2B203F15001C9B21F2906D84CF639
:10D7D000D371884269D94FF0FF30704703F13001AF
:10D7E000C9B224290ED84FF2A6418842F3D8D03BC3
:10D7F000C3EBC313A2F1A10000EB4300304A32F89F
:10D8000010007047A13B072BE5D8DFE803F0483E46
:10D81000342E29252119C2B29E2AC0F307210BD923
:10D820002332D2B280239F2994BF7039503103EB49
:10D83000410303F0FF03C5E77E3AD2B27F23F2E74C
:10D84000C02AC8D81F4BA2F1A10033F810007047BE
:10D85000F12AC0D81C4B19E0D82ABCD81B4B15E0C4
:10D86000F62AB8D802F540507047F32AB3D802F52B
:10D870003E5020307047164B134413F8A13C002B48
:10D88000A9D002F57E4060307047124BA2F1A10092
:10D8900033F81000002808BF4FF0FF3070470E4BE0
:10D8A000A2F1A10033F810007047B03BC3EBC313E3
:10D8B000A2F1A10000EB4300084A32F810007047C3
:10D8C000747000209C230020F82200208822002071
:10D8D0002C22002070210020B4200020DC23002016
:10D8E00038B50546B9B101F5957412492046FAF7E5
:10D8F000B1FA28B928460121BDE83840FFF756BFE4
:10D900000D492046FAF7A6FA38B928460221BDE8A3
:10D910003840FFF74BBF094CE7E709492046FAF7C3
:10D9200099FA28B928460321BDE83840FFF73EBFE1
:10D93000284638BD582000205C2000205A94002042
:10D940006420002038B5A1FB02148CBBF8F702FA62
:10D950000546E0B150F8042C22F00302043A242AD0
:10D9600017D8132A1AD91B2AC0E900441DD9242A22
:10D9700014BF00F1100200F118024FF00003C0E9DB
:10D98000024404BF04614461C2E900339360284645
:10D9900038BD2146FAF70AF9284638BD0246002369
:10D9A000C2E900339360284638BD00F10802F6E76B
:10D9B000FAF73EFA0C2300250360E8E72DE9F04F63
:10D9C00003690C69A34283B0C0F28780013C01F176
:10D9D0001405A30000F11408009355F8243058F8FA
:10D9E0002420013381469A4208EB840005EB84072A
:10D9F0000190B2FBF3F63BD34FF0000CAE4640462D
:10DA0000E24663465EF804BB02681FFA8BFC06FB25
:10DA10000C334FEA134C4FEA1B4B06FB0BCC9BB26B
:10DA2000AAEB03031FFA8CFA13FA82F3CAEB124231
:10DA300002EB23429BB243EA0243774540F8043BA2
:10DA40004FEA224A4FEA1C43DCD2009B58F80330CD
:10DA500073B9019B043B984504D307E0984504F152
:10DA6000FF3403D253F80429002AF7D0C9F8104034
:10DA70004846FEF7D3FE00282BDB01364146002343
:10DA800055F8040BD1F800C082B29A1A030C12FAAE
:10DA90008CF2C3EB1C4303EB224392B242EA0342F3
:10DAA000AF4241F8042B4FEA2343E9D258F824202F
:10DAB00008EB84036AB9043B984504D307E0984512
:10DAC00004F1FF3403D253F80429002AF7D0C9F82F
:10DAD0001040304603B0BDE8F08F002003B0BDE831
:10DAE000F08F00BF2DE9F04F2DED028B8FB08DED43
:10DAF000020B0191816B1A9D059357EC106B044644
:10DB0000934641B1C26B4A60012393408B60FEF79C
:10DB1000CDFB0023A363B7F10008B4BF01230023AA
:10DB20002B60BE4BBCBF28F00048CDF80C8033EA18
:10DB3000080300F09F809DED028BB5EE408BF1EE67
:10DB400010FA11D1059A012313601B9B002B00F0E2
:10DB50003F82B34B1B9A1360013B009300980FB0B8
:10DB6000BDEC028BBDE8F08F0CAA0DA92046B0EEEB
:10DB7000480BFEF7B3FF5FEA1853054640F092806A
:10DB8000DDE90C130B4403F23242202A40F3FA82FF
:10DB9000C2F1400208FA02F803F21242D64048EA03
:10DBA000060207EE102AB8EE477B581E17EE906A61
:10DBB00053EC172B4FF0010AA6F1F8739FED913B40
:10DBC0009FED927B9FED935B06EE900A43EC122B48
:10DBD000B8EEE64BB7EE086B32EE466BA6EE037B73
:10DBE000A4EE057BFDEEC76BB5EEC07BF1EE10FA3F
:10DBF00016EE907A08D5B8EEE66BB4EE476BF1EE10
:10DC000010FA18BF07F1FF37162F00F24581854B38
:10DC100003EBC70393ED007BB4EEC78BF1EE10FA74
:10DC200057D5091A0023B1F1010807F1FF370A930C
:10DC300000F1398100230693002F52DA069B0497E6
:10DC4000DB1B06937B420893019B092B4FF00007D7
:10DC50004ED8052B40F39D82043B01930026019B87
:10DC60009A1E032A00F22581DFE812F0AA03A70317
:10DC70009D037E03059AC8F3130842F20F7358EA16
:10DC8000060813601ED11B9B002B00F09185664B8C
:10DC9000009308331B9A009813600FB0BDEC028B01
:10DCA000BDE8F08F18EE906AC6F31306A3F2FF30BA
:10DCB00053EC182B46F07F530C994FF0000A43F4B5
:10DCC00040137BE71B9B002B40F03B83574B00939B
:10DCD00044E7091A0023B1F101080A9300F1E38037
:10DCE000069300230893019B0497092BB844B0D9ED
:10DCF00000230126019307964FF0FF399B46002130
:10DD0000E163CDF82C902046FEF7AAFA0090002897
:10DD100000F04085009BA363B9F10E0F00F2DC8098
:10DD2000002E00F0D980049B002B40F3DE833D4A97
:10DD300003F00F0102EBC10292ED007B1A11DB052B
:10DD400040F182833A4991ED086B02F00F02032003
:10DD500088EE065B5AB13649D60704D591ED006BC3
:10DD6000013027EE067B521001F10801F4D185EE57
:10DD7000076B0A9B3BB1B7EE007BB4EEC76BF1EECD
:10DD800010FA00F1AE8407EE900AB8EEE75BB1EE50
:10DD90000C7BA5EE067B17EE902A51EC170BA2F137
:10DDA0005071B9F1000F00F08883049E4A46079B2A
:10DDB000002B00F04784B6EE003B1A4BFDEEC64B3D
:10DDC00003EBC20CB8EEE47B36EE477B1CED026B36
:10DDD00083EE065B41EC160B14EE900A35EE465BC3
:10DDE0000099B4EEC75B3030F1EE10FA01F8010B88
:10DDF00000F3AC84B7EE002BB2EE044B4FF0000CF6
:10DE000031E000BF61436F63A787D23FB3C8608B27
:10DE1000288AC63FFB799F501344D33F0000F07F10
:10DE2000618E0020A8020020E41F0020F01F0020C7
:10DE3000800200200CF1010C94454DDA27EE047BA2
:10DE400025EE045BFDEEC76B16EE903AB8EEE63BAE
:10DE5000303337EE437BB4EEC57BF1EE10FA01F8B8
:10DE6000013B00F1738432EE476BB4EEC56BF1EE0B
:10DE700010FADFD5009A049602E08A4200F050843E
:10DE8000894611F8013D392BF7D00133DBB20B7015
:10DE9000049B0133049355E1091A0123B1F10108F0
:10DEA0000A937FF5C7AEC1F1010306934FF0000856
:10DEB000C2E60026E66331462046FEF7D1F900901F
:10DEC000002800F06784009BA3634FF0FF330B939F
:10DED00099460123B34607930D9A002A55DB04990E
:10DEE0000E2952DCB74BBBF1000F03EBC10393EDDE
:10DEF000006B15DAB9F1000F12DC40F0F282B1EEDE
:10DF0000047B26EE077BB4EEC78BF1EE10FACA460F
:10DF10004E4600F26D82DDF800806FEA0B0B70E276
:10DF200088EE067BBDEEC77B009917EE103AB9F17B
:10DF3000010F03F13003B8EEC75B01F8013BA5EE1A
:10DF4000468B00F03483B2EE044B012311E088EEDF
:10DF5000067BBDEEC77B013317EE102A4B4502F15D
:10DF60003002B8EEC75B01F8012BA5EE468B00F03E
:10DF70001E8328EE048BB5EE408BF1EE10FAE6D14D
:10DF8000049B013304938946DCE0079B43B3019B68
:10DF9000012B40F37682089B09F1FF3A534580F24A
:10DFA0003F82089BCDF820A0AAEB030217444FF054
:10DFB000000AB9F1000FC0F22583069B09934B4478
:10DFC000C844069301212046FEF774FA06460CE089
:10DFD0007D4B009300980FB0BDEC028BBDE8F08F35
:10DFE000069BDDF820A0079E0993099B6BB1B8F151
:10DFF000000F0ADD434506991A46A8BF4246891A12
:10E000009B1A06910993A8EB0208089B63B1079B32
:10E01000002B00F0A782BAF1000F00F30482089BE6
:10E02000B3EB0A0240F0FF8201212046FEF742FADC
:10E03000002F824600F3AF80019B012B40F38781C4
:10E04000002308930120002F40F0B180404410F0DD
:10E050001F0000F07A81C0F12002042A00F38880BA
:10E0600040F0F681069B002B05DD29461A46204626
:10E07000FEF75CFB0546B8F1000F05DD5146424650
:10E080002046FEF753FB82460A9B002B40F03F815F
:10E09000B9F1000F40F32581079B002B40F0A380CE
:10E0A000049B01330493DDF80080012707E0294633
:10E0B00000230A222046FEF703F9013705465146A0
:10E0C0002846FFF77BFCB94500F1300008F8010B4A
:10E0D000EDDCB9F1000F009ACCBFCB464FF0010B3D
:10E0E0000346934400272946012220460193FEF768
:10E0F0001DFB51460546FEF791FB002840F3AF811A
:10E100001BF8013C009A0BF1FF3B04E05A4500F07C
:10E11000B1811BF8013D392B0BF10109F6D0013318
:10E120008BF8003051462046FEF7C0F856B12FB1AB
:10E13000B74203D039462046FEF7B8F831462046AC
:10E14000FEF7B4F829462046FEF7B0F8002389F818
:10E150000030DDE904231A601B9B002B3FF4FEAC6A
:10E160000098C3F800900FB0BDEC028BBDE8F08FB3
:10E17000C0F11C00069B03440693099B03440993CA
:10E1800080446FE7C2F1200206FA02F207EE102A7D
:10E1900009E5012663E501463A462046FEF766FAA0
:10E1A000019B012B824640F3C58100230893DAF8D6
:10E1B00010200AEB82021069FEF72CF9C0F1200052
:10E1C00044E700BFA8020020608E002031460023F3
:10E1D0000A222046FEF774F80B9B002B064640F3FC
:10E1E000CE8204979946099B002B05DD31461A46DD
:10E1F0002046FEF79BFA0646089B002B40F0EB8179
:10E20000B046029B009F03F001027B1E4B44089323
:10E21000019B0A921343099351462846FFF7CEFB10
:10E22000314683462846FEF7F9FA42465146814672
:10E230002046FEF715FBC26801460BF13003002AA9
:10E2400042D1CDE906032846FEF7E8FA0699029086
:10E250002046FEF72BF8029A079B1AB90999002964
:10E2600000F07E82B9F1000FC0F28381019949EA82
:10E2700001090A9951EA090900F07B81002A00F39B
:10E28000C681089A3B7007F101099742CB4600F01E
:10E29000C481294600230A222046FEF711F846458C
:10E2A000054631464FF000034FF00A02204612D0D7
:10E2B000FEF706F84146064600230A222046FDF7EF
:10E2C000FFFF4F468046A7E720460293FDF7EEFF8B
:10E2D000029B0122C6E7FDF7F3FF4F460646804644
:10E2E0009AE7019B022B71DC079B002B7FF47BAF2D
:10E2F000049B5146013328460493FFF75FFBDDF88A
:10E3000000B000F130030BF8013B0027EBE651466B
:10E310002846FEF783FA0028BFF6BAAE2946002346
:10E320000A222046FDF7CCFF049B5F1E079B054693
:10E33000002B7FF44BAF0B9B002B40F318829946C8
:10E34000B1E6BC4B00930333A4E41C2012E7DDE9E3
:10E35000020100287FF474AEC1F31302002A00F01A
:10E36000F480029B08936DE601230793049B5B44B2
:10E3700003F10109B9F1010FCC460B93B8BF4FF07F
:10E38000010C0021BCF1170FE1637FF7BCAC012049
:10E390000422520002F114036345014600F101001A
:10E3A000F7D9E163AFE401230793BBF1000F52DD1E
:10E3B000CDF82CB0D946DC46E3E700230793D5E738
:10E3C00000230793F1E7DDF82C900497B9F1000FD3
:10E3D0007FF4A1AD51464B4605222046FDF770FF64
:10E3E000014682462846FEF719FA00287FF793ADCA
:10E3F000049B03F1010B009B3122984603F8012B8B
:10E40000009351462046FDF751FF0BF10103DDF863
:10E4100000900493CDF80080002E7FF48FAE91E63B
:10E42000A3EB0A0AC5E5314652462046FEF71EF91F
:10E430002A46014606462046FEF76AF82946054662
:10E440002046FDF733FFEAE50220B0EE485B81E4A9
:10E45000C0F13C008EE64FF0010BD9464FE403D1EA
:10E46000019BDB073FF54CAED9461BF8013D302B35
:10E47000FAD057E6049B009A0133049331231370BA
:10E4800050E6BAF1000F00F0238102F23342069BFE
:10E4900009931344DDF820A00693904492E507EE1B
:10E4A000900AB1EE0C5BB8EEE77BA6EE075B15EECB
:10E4B000902A51EC150BA2F1507141EC150BB1EE05
:10E4C000047B36EE477BB4EEC57BF1EE10FA00F329
:10E4D0003781B1EE455BB4EEC57BF1EE10FA7FF506
:10E4E000FBAC4FF0000A564615E500F0F580049BA2
:10E4F00051495A4202F00F0001EBC00191ED006B4F
:10E50000121128EE066B00F04281B0EE467B4B49BB
:10E5100000260220D30705D591ED005B01300126CE
:10E5200027EE057B521001F10801F3D1002E06FE03
:10E53000076B1EE4029B002B7FF437AEDDE902017E
:10E54000C1F31302002A40F037813D4A0A40002AF5
:10E5500000F0FA80069B01330693012308F10108BD
:10E5600008936FE52946089A2046FEF77FF805468E
:10E570005AE5002A12DD2946012220460193FEF7C2
:10E58000D5F851460546FEF749F90028019B40F3AE
:10E59000E180392B00F0CA800BF13103B94609F84C
:10E5A000013B049B0133374604934646BAE538EEF7
:10E5B000088BB4EEC68BF1EE10FA0ADCB4EE468B93
:10E5C000F1EE10FA7FF4DCAC17EE103AD8077FF5C5
:10E5D000D7AC009A54E471682046FDF741FE074627
:10E5E000002800F0DE80336902339A0006F10C0146
:10E5F0000C30F1F74DFF394601222046FEF796F820
:10E600008046FEE5069BA3EB09030993DAE4392B68
:10E6100000F08C80B9460133C1E7049A01323746D5
:10E62000049246465FE529462046FEF71FF8054658
:10E63000FAE400BFF01F0020A802002080020020A2
:10E640000000F07F5E4BFDEEC65B03EBC20C1CEDE1
:10E65000023BB8EEE57B36EE477B41EC160B15EE40
:10E66000901A23EE063B00983031012A00F8011B76
:10E6700000F08380B2EE044B009B991827EE047BD8
:10E68000FDEEC76B16EE903A303300F8013B814245
:10E69000B8EEE65B37EE457BF0D1B6EE006B33EEBD
:10E6A000065BB4EEC75BF1EE10FA3FF5E3AB36EE76
:10E6B000436BB4EEC76BF1EE10FA7FF70DAC8946F1
:10E6C000013919F8013C302BF9D0731C049339E55A
:10E6D0000C9AC2F13602DAE60220B0EE486BFFF780
:10E6E00048BBB9F1000F3FF4DAAE0B9A002A7FF76E
:10E6F000F3ABB2EE044B26EE046B013007EE900A4A
:10E70000049BB8EEE75BB1EE0C7BA6EE057B17EE43
:10E7100090CA51EC170B5E1EACF15071FFF747BB6E
:10E72000049B013304933123FFF7B1BB049BBB4629
:10E7300001330493392337460BF8013B4646E1E4A5
:10E740004FF0000A564653E608927BE4731C04938C
:10E750008946F7E47FF422AFDA077FF51FAF18E7A9
:10E76000392BE3D0B9F1000F3FF716AF16E7019B45
:10E77000022B3FF728AE0497BAE501468DE7019BCF
:10E78000022B3FF720AEDDF82C9004972BE50220FA
:10E79000FFF7EFBA0B4B0C48002240F2AF11FEF727
:10E7A000E5FF084B08483A4640F2EF21FEF7DEFF4E
:10E7B000064B0093FFF7D2B9029B0893F7E400BF22
:10E7C000A8020020CC1C0020F41F0020E41F002021
:10E7D000154B984223D870B5144E4FF0000E40F6FA
:10E7E000DB0403E002F1010EA64516DC04EB0E0289
:10E7F00022F0010303EB620306EB43035210597846
:10E800005D88B3F804C041EA05218C446045E9D82D
:10E81000884206D2541EA645E8DDFF2070BDFF20C9
:10E820007047187870BD00BFEF010E004C3B002010
:10E830000EB410B583B005AB064C53F8042B01930E
:10E840000146206800F07CF903B0BDE8104003B039
:10E85000704700BFB89800202DE9F04F9368176803
:10E8600083B09246002B70D081468A6808680C46B7
:10E87000083743E0A38913F4906F2ED0D4E904162F
:10E88000A0EB010806EB460606EBD67608F1010080
:10E8900076102844B042324684BF064632465B05B5
:10E8A00037D511464846F7F755FA019000283AD077
:10E8B00042462169F1F7ECFDA289019B22F49062A6
:10E8C00042F08002A281A6EB080203EB0800666119
:10E8D000A260236120602E46A84642465946F9F7B9
:10E8E000E9F8DAF80830A2682068921B40445B1B04
:10E8F000A2602060CAF808303BB3083757E902B578
:10E90000002DFAD0AA4216469046B3D92E46A84604
:10E91000E3E74846F7F7E6FC03460028D3D1216930
:10E920004846F9F7A5FDA3890C2243F04003C9F836
:10E9300000204FF0FF30A38100220023CAF80820F6
:10E94000CAF8043003B0BDE8F08F00200023CAF8F5
:10E95000043003B0BDE8F08F38B54B1C1AD0938952
:10E960001446126B23F02003A381CDB2AAB16268D2
:10E97000636B9A4209DA23685A1E226003F8015C2D
:10E98000636801336360284638BD214601F0DEF834
:10E990000028F0D04FF0FF35F5E7236922682BB14E
:10E9A000934203D212F8013CAB420FD06168E1639D
:10E9B0002346A26304F1400103226263216303F84A
:10E9C000425F0122C4E90032284638BD6368013A3B
:10E9D0000133C4E90023D6E710B50C46096B69B1D1
:10E9E00004F14003994201D0F9F742FDE36B636003
:10E9F0000020206313B1A36B236010BDA38921699C
:10EA0000002243F02003C4E90012A3814FF0FF303D
:10EA100010BD00BF2DE9F04F85B0CDE9023202FBF9
:10EA200003F30E9C0193A3B3D4F804A0019B5345B8
:10EA30008B4646D9A046019D58F8401B0746002644
:10EA400052465846F1F724FD2368226B5344A946E9
:10EA5000C4E9003611463846D344A5EB0A05E2B1B5
:10EA6000424501D0F9F704FDE36B26636360A3B16F
:10EA7000A16B2160AB429A46E2D3029B01932A46E6
:10EA80005846F1F705FDD4E90032521B2B44C4E986
:10EA90000032019805B0BDE8F08F019A039B524403
:10EAA000A2EB0902B2FBF3F30193A3892269019857
:10EAB00043F02003A3810023C4E9002305B0BDE88F
:10EAC000F08F21681D46D8E72DE9F84F4B6E9C0466
:10EAD00090462DD59368126843B38B46064602F1E3
:10EAE000080959E9025A5FEA9A0715D0043D002443
:10EAF00001E0A7420ED055F8041F5A46304601F0F7
:10EB000097FA431C04F10104F3D10023C8E901334F
:10EB1000BDE8F88FD8F808302AF0030AA3EB0A03FF
:10EB2000C8F8083009F10809002BDAD10020ECE719
:10EB300001F048F80023C8E90133BDE8F88F00BFB1
:10EB40002DE9F04F2DED028BC5B00DF1500A834633
:10EB500008EE101A16460021082250461C4607935C
:10EB6000F9F724F8BBF1000F04D0DBF83430002BA8
:10EB700000F0A08618EE102A536EDB0740F11385D3
:10EB8000B2F90C108AB295040BD418EE103A41F485
:10EB9000005199815B6E8AB218EE101A23F400536B
:10EBA0004B66100740F1058118EE103A1B69002BE7
:10EBB00000F0FF8002F01A030A2B00F00A81002304
:10EBC000CDE91933CDE90D331BAA0C931892914668
:10EBD0000B930593B0464446A84BD3F8E450F9F79D
:10EBE000AFF82246034612A9CDF800A05846A84720
:10EBF000002800F04581C0F23981129A252A034687
:10EC000001D01C44E8E7B4EB0806054640F03C811F
:10EC1000002361788DF8433004F1010806934FF02A
:10EC2000FF371E462B2408F10108A1F120035A2BBF
:10EC300000F27881DFE813F0B50276017601B002C8
:10EC40007601760176016A00760176017D028D02F9
:10EC5000760188029702760192025B005B005B00FE
:10EC60005B005B005B005B005B005B007601760194
:10EC700076017601760176017601760176015C02F5
:10EC800084007601760176017601760176017601BF
:10EC9000760176017601E80076017601760133028D
:10ECA0007601DA02760176018B057601760176012E
:10ECB00076017601760176017601760176015C02B5
:10ECC0008600760176017601CD0286007F0076010E
:10ECD000C0027601FD02EA00ED027F0076013302F8
:10ECE0007C006905760176016B0576017C00A1F157
:10ECF0003003002218F8011B02EB820203EB4202F0
:10ED0000A1F13003092BF5D906928EE75846FEF79C
:10ED10004DFA43680D931846F9F798FA0E90054698
:10ED20005846FEF743FA83680B93002D40F0D684D3
:10ED300098F8001077E798F8001046F0200672E780
:10ED400046F01006B40640F18E81079B073323F08E
:10ED500007031A46596852F8083B07920A460029E9
:10ED6000C0F27084791C00F0A28526F08001039126
:10ED700053EA020100F03F840A2B72F1000180F097
:10ED8000418530338DF80F31039E012304930DF23A
:10ED90000F14049BBB42B8BF3B4603930023089368
:10EDA0009DF84330002B00F0CB80039B013303938D
:10EDB000C6E018EE101A584618EE105A01F07CF80A
:10EDC000002840F05286AA8902F01A030A2B7FF429
:10EDD000F6AE18EE101AB1F90E30002BFFF6EFAEBA
:10EDE0004B6EDB0702D4970540F1128618EE101A1D
:10EDF00023463246584600F069FE0590059845B016
:10EE0000BDEC028BBDE8F08F46F0100616F0200234
:10EE100000F03681079B073323F0070319465A6831
:10EE200051F8083B079126F48061039100210020EE
:10EE30008DF84300781C00F01082039820F08006C3
:10EE400053EA020040F00882002F40F03885002984
:10EE500040F0D583039B13F00103049300F0118469
:10EE600030238DF80F310DF20F1492E708220021A4
:10EE70005046F8F79BFE01231C44ADE6309300207A
:10EE8000B4EB080605461BD0199B1A9A013332448D
:10EE9000072BC9E900861A9219931CDD002A00F09D
:10EEA000A68318EE101A18AA5846FFF70DFE20BBCD
:10EEB0000DF16C09059B33440593002D7FF4A8AE3A
:10EEC0001A9B002B40F0C18518EE103A0022B3F9CE
:10EED0000C30199215E009F10809EBE718EE101A49
:10EEE00018AA5846FFF7F0FD002800F0A680089BFE
:10EEF0001BB108995846F9F7BBFA18EE103AB3F966
:10EF00000C3018EE102A526E12F0010F9AB200F077
:10EF1000A080500600F1B285059845B0BDEC028B8B
:10EF2000BDE8F08F0029CBD000238DF843300123BA
:10EF3000CDE903338DF8AC102BAC002308931F46AA
:10EF400016F00203099302D0039B0233039316F0D9
:10EF500084030A9305D1069B039A9D1A002D00F3A2
:10EF60007B82DDE91903411C9DF8432082B1012217
:10EF70000133C9F8042007290DF14302CDE9191323
:10EF8000C9F8002000F34A82084609F10809013156
:10EF9000099AE2B111AA0233C9F8002007294FF0FB
:10EFA0000202CDE91913C9F8042040F35082002B66
:10EFB00000F0438318EE101A18AA5846FFF784FD94
:10EFC000002894D1DDE919030DF16C09411C0A9A5E
:10EFD000802A00F08481049ABD1A002D00F3D781A5
:10EFE000049AC9F8004013440729CDE91913C9F858
:10EFF000042040F36E81002B00F0758218EE101A89
:10F0000018AA5846FFF760FD00287FF470AF1A9BDE
:10F010000DF16C09750705D5069A0399541A002C51
:10F0200000F36B82DDE9052103988142ACBF5218E1
:10F0300012180592002B7FF451AF08990023199301
:10F04000002900F049815846F9F712FA0DF16C09D0
:10F05000C1E59C053FF55DAF18EE104AA06DF9F7CC
:10F06000EBF8A28955E7F006079A00F11F837106B5
:10F0700040F1198332F9043B0792DA1711466EE624
:10F0800016F01003079940F0098316F0400000F0D5
:10F0900001831A4651F8043B07919BB2C3E6079BD4
:10F0A0001A4600238DF84330134653F8044B03935C
:10F0B000002C00F01284532900F0658316F010052F
:10F0C00040F061837B1C00F0B3843A462946204619
:10F0D000FEF74CFA0890002800F09F84031B039A67
:10F0E000049323EAE3732F4607920393089557E6A8
:10F0F000432902D0F50640F12D83079D0822002107
:10F1000016A82BACF8F752FD16AB55F8042B214688
:10F110005846FEF7A5FA03460133049000F0B38485
:10F12000049B079523EAE373039300238DF8433090
:10F1300003E7079B53F8042B0692002A80F29C8277
:10F14000069A5242CDE9062398F8001046F00406CC
:10F1500069E598F800108DF8434064E598F80010D0
:10F1600046F080065FE5424612F8011B2A2900F0AE
:10F170009684A1F13003092B90464FF000073FF62B
:10F1800054AD18F8011B07EB870703EB4707A1F104
:10F190003003092BF5D948E598F8001046F0010630
:10F1A00041E59DF84330002B7FF4C2AD202398F851
:10F1B00000108DF8433036E598F800106C2903BF35
:10F1C00098F8011046F0200608F1010846F01006F4
:10F1D00029E598F80010682903BF98F8011046F453
:10F1E000007608F1010846F040061CE546F01003E1
:10F1F0000393039B13F0200200F00682079B073362
:10F2000023F0070319465A6851F8083B079101217A
:10F210000DE6079A46F00203039352F8043B079267
:10F2200047F63002ADF84420B84A0C920221002281
:10F23000FDE5B70600F14882F50600F14683740645
:10F2400000F1D583B00540F14083079B059953F841
:10F25000042B07931170BEE4039601293FF48CAD93
:10F26000022944AC11D10C9803F00F011B09415C39
:10F2700004F8011D43EA0273120953EA0201F3D1B3
:10F28000039E44AB1B1B049383E503F00701DB08DB
:10F2900043EA4273D208303153EA0205204604F8AB
:10F2A000011DF2D1039EF307EBD53029E8D03023BE
:10F2B000023804F8013C44AB1B1A039E0493044635
:10F2C00067E5049B1B9401221C931A9319920DF17C
:10F2D0006C0909F108099DE60DF16C097BE4069AB9
:10F2E000039D551B002D7FF776AE102D40F3BB8399
:10F2F000099418EE104A07E000F1020C09F1080920
:10F300001046103D102D1EDD8149C9F80010421C29
:10F3100010331021072ACDE91923C9F80410EBDDB9
:10F3200018AA002B74D0214658460DF16C09FFF73E
:10F33000CBFB00287FF4DBADDDE91903103D102D78
:10F3400000F1010CE0DC099C714AC9F804502B441F
:10F35000BCF1070FCDE919C3C9F8002040F394812F
:10F36000002B00F01F8318EE101A18AA5846FFF75A
:10F37000ABFB00287FF4BBAD049ADDE91903BD1A8D
:10F38000002D00F101010DF16C097FF729AE102D60
:10F3900029DD0994102718EE104A07E000F1020C4D
:10F3A00009F108091046103D102D1ADD421C58497C
:10F3B0001033072AC9E90017CDE91923EEDD18AA91
:10F3C00003B3214658460DF16C09FFF77DFB002879
:10F3D0007FF48DADDDE91903103D102D00F1010C16
:10F3E000E4DC099C61464A4AC9F804502B440729C9
:10F3F000CDE91913C9F8002000F3E78009F10809E5
:10F400000131EDE54FF0010C18460DF16C09CAE72A
:10F410004FF0010C18460DF16C0972E7002B00F05B
:10F42000048118EE101A18AA5846FFF74DFB002861
:10F430007FF45DADDDE919030DF16C09411CA7E511
:10F44000022311AA1C931B9201210DF16C0908469D
:10F4500009F10809411CBAE5102D40F3E582DDE908
:10F4600019130F94084618EE104A07E000F1020C39
:10F4700009F108091046103D102D1DDD2549C9F878
:10F480000010421C10331021072ACDE91923C9F8B6
:10F490000410EBDD18AA03B3214658460DF16C09A0
:10F4A000FFF712FB00287FF422ADDDE91903103DC0
:10F4B000102D00F1010CE1DC0F9C6046154AC9F8E3
:10F4C00004502B440728CDE91903C9F8002000F3A4
:10F4D000C18009F10809411C46E518464FF0010CAE
:10F4E0000DF16C09C7E77607199353D5069A03996E
:10F4F000541A002C4EDD0DF16C09102C40F3B08233
:10F50000199918EE106A10250DE000BF8420002024
:10F51000A08F00203C3B0020881C09F108091146FF
:10F52000103C102C1ADD4A1CB3481033072AC9E9D5
:10F530000005CDE91923EFDD18AA33B3314658464B
:10F54000FFF7C2FA00287FF4D2ACDDE91913103CB2
:10F55000102C01F101000DF16C09E4DCA64AC9F898
:10F56000044023440728CDE91903C9F800207FF798
:10F5700059AD7BB118EE101A18AA5846FFF7A4FA35
:10F5800000287FF4B4AC1A9B4CE5012019460DF11C
:10F590006C09C5E7DDE9053203998A42ACBF9B18C7
:10F5A0005B18059349E5B2F90C108F0518EE103A77
:10F5B0008AB23FF5E8AA18EE105A986DF8F73AFEAD
:10F5C000B5F90C108AB2FFF7DEBA002B3FF479AE22
:10F5D00018EE101A18AA5846FFF776FA00287FF49A
:10F5E00086AC19991A9B01310DF16C09F8E4199256
:10F5F0000DF16C095EE4002F7FF4C3AB039E00277E
:10F60000049744ACFFF7C5BB039B13F0100354D120
:10F61000039A12F0400000F06B8107991A4651F8E6
:10F62000043B07919BB2012101E4099A002A64D1AD
:10F63000184601210DF16C09C9E4012118460DF1AC
:10F640006C09C4E45B4262EB420203962D20012167
:10F65000FFF7EEBB002B00F0888018EE101A18AAF6
:10F660005846FFF731FA00287FF441ACDDE9190371
:10F670000DF16C09411C77E498F800100793FFF72F
:10F68000D2BA44ACFFF785BB09F108090CF10101BE
:10F690006046A0E416F4007240F0978151F8043BF4
:10F6A0000791FFF7C0BBB30500F1888152F8043B16
:10F6B0000792DA171146FFF752BB079951F8043B3E
:10F6C00007910121FFF7B3BB079B059853F8041B73
:10F6D0000793C217C1E90002FFF77DBA0B9B002B0D
:10F6E0003FF426AB0B9B1B78002B3FF421AB98F823
:10F6F000001046F48066FFF796BA022311AA1C9305
:10F700001B9201200DF16C09A2E6039671E53B4BBB
:10F710000C9316F0200259D0079B073323F0070300
:10F7200018465A6850F8083B0790F40709D553EA81
:10F73000020006D08DF84510302146F002068DF803
:10F74000441026F4806103910221FFF770BB2C4B1B
:10F750000C93DEE7079B012153F8042B03918DF8EE
:10F76000AC20079304912BACDFE49DF84320002AE2
:10F7700040F03281099A002A7FF462AE18460121D6
:10F780000DF16C0927E40021082216A81394F8F75C
:10F790000DFA791C00F0BC80002507942C460CE083
:10F7A0002BA95846FDF75CFF421C204400F06B81FA
:10F7B000B84208DC00F070810446139A525916AB27
:10F7C0000435002AECD10494079CAFE016F0100336
:10F7D00007980CD116F0400405D01A4650F8043BA7
:10F7E00007909BB2A1E716F4007240F0E18050F858
:10F7F000043B079099E700BF3C3B00208420002099
:10F80000982000200399049744AC9E4608EE90BAD5
:10F8100001F480664FF0000C234606E0BEF10A0FAB
:10F8200072F1000239D3A6462A46A6491EEB020011
:10F8300040F100000F46A1FB001424F0030101EB8E
:10F840009401401ABEEB00014FF0CC3562F1000488
:10F8500005FB01F507FB0455A1FB07410D440527F6
:10F8600004F00101A1FB071B09186408303103F8FB
:10F87000011C44EAC5740CF1010C013B6D08002E1B
:10F88000CCD00B9909786145C8D1BCF1FF0FC5D028
:10F89000BEF10A0F72F100026CD21C4644AB1B1B76
:10F8A000049F039E049318EE90BAFFF772BA039672
:10F8B000FFF762BA5846F8F77FF8FFF75BB90129FE
:10F8C00003967FF4CDACFFF75CBA079B059953F81C
:10F8D000042B11600793FFF77EB9062F3B46039A6E
:10F8E000794C079228BF062304930393FFF725BBA7
:10F8F000039B079913F4007214BF51F8043B51F8AD
:10F90000043B07911CBF0246DBB20121FFF78FBA0F
:10F9100016AB00930023194613AA5846FDF7C6FEFE
:10F9200003460133049000F0AE801394049B002B37
:10F9300030D0632B63DC002308932BAC082200211A
:10F9400016A8F8F733F9049D16AB009313AA2B46BB
:10F9500021465846FDF7AAFE854240F0AB80039B46
:10F96000049A07930023A3541F4622EAE2730393E9
:10F97000FFF716BA0E9A0D999B1A18460893F8F7D6
:10F98000ADF90B99089B4A780AB101310B914FF000
:10F99000000C48E7039B0793049B03931F460893BF
:10F9A000FFF7FEB9012118460DF16C09FFF713BBF3
:10F9B00050F8043B07902246DBB2B6E612F9043B4E
:10F9C0000792DA171146FFF7CAB951F8043B0791BD
:10F9D0000246DBB2FFF727BA01231C9301210DF188
:10F9E00043031B930DF16C090B46FFF7CDBA079B40
:10F9F000059953F8042B07931180FFF7ECB8591CB5
:10FA00005846F6F7A7F9044600283CD0089095E739
:10FA1000886DF8F711FCFFF7E9B9039B0793CDE96F
:10FA20000377089FFFF7BCB919981A9B013045E589
:10FA3000039B07932046F8F709FC20EAE0732F4662
:10FA4000049003930895FFF7ABB918EE101A18AAA3
:10FA50005846FFF739F800283FF436AAFFF74DBAA9
:10FA6000199801307AE58C466EE46B6ED90705D49F
:10FA7000AB899A0502D4A86DF8F7DEFB4FF0FF338F
:10FA80000593FFF749BA18EE102AB2F90C3043F08B
:10FA900040039381FFF735BA079C049746E7079B1D
:10FAA00098F8011053F8047B0793904647EAE777EC
:10FAB000FFF7B9B818EE102A938943F040039381F9
:10FAC000FFF715BACDCCCCCCAC20002070B50C46DD
:10FAD0008989ADF58E6D21F00201ADF81410616ECB
:10FAE0001B91E189ADF81610E1690991616A0B91EA
:10FAF0001CA9029106914FF480610646049107917A
:10FB000018A80021CDE900320891F8F78FFBDDE954
:10FB1000003202A93046FFF713F8051E07DB02A9E1
:10FB20003046FDF7B9FA002818BF4FF0FF35BDF891
:10FB300014305B0603D5A38943F04003A3811898D2
:10FB4000F8F776FB28460DF58E6D70BD01F1400388
:10FB50002DE9F0410C46096B994214D0666B770091
:10FB60003A46F6F7BFFB054640B300EB06080146F0
:10FB700032464046F0F78CFCC4E90C57C4F80080CC
:10FB80000020BDE8F0814FF48061F6F7E3F8A8B1FA
:10FB900094F842304FF48062C4E90C0280F8FF33DD
:10FBA00094F8413080F8FE3394F8402080F8FD232B
:10FBB00000F2FD3323600020BDE8F0814FF0FF30FC
:10FBC000DFE700BF9368002B00F085802DE9F04F40
:10FBD000B1F90C300C461907804683B0174698B22D
:10FBE00025D523691BB310F002033D682DD04FF0DB
:10FBF000000ADFF8C0B25646B9465E453346524663
:10FC000028BF5B464046002E52D0E169676AB8477C
:10FC1000002856DDD9F808301B1A8244361AC9F874
:10FC20000830002BE9D1002003B0BDE8F08F214659
:10FC3000404600F041F9002840F03881B4F90C301A
:10FC40003D6898B210F00203D1D110F0010944D1FF
:10FC50004E46009746B38205D4F808B040F185803F
:10FC6000B3455A4600F2B48010F4906F40F0C18062
:10FC7000206801924946F7F71DFFA368019AA3EB9C
:10FC80000B012368A1601344B24623600026009A4A
:10FC90009368A3EB0A03D1449360002BC3D0B4F95B
:10FCA0000C0080B2002ED6D1D5E900960835D1E7F8
:10FCB000D5E900A60835A0E721464046FDF7ECF956
:10FCC00088B3B4F90C3043F040034FF0FF30A38108
:10FCD00003B0BDE8F08F002070471E46BA46994633
:10FCE000184600951F4666B3002832D04A46D4E92C
:10FCF00004132068A568B24228BF3246884204D95E
:10FD000005EB030B5A4500F3A780934264DCE169DD
:10FD1000656A3A464046A847B0F1000BD1DDB9EB21
:10FD20000B09C9D00120DAF80830A3EB0B035F44BC
:10FD3000A6EB0B06CAF80830002B3FF474AF002E78
:10FD4000D2D1009A5668134608320092002EF8D09D
:10FD50001F6832460A213846FDF708FC002800F0EB
:10FD60009C800130A0EB0709C0E720682369984216
:10FD700016D86269B24213D86FF00043B34228BF6D
:10FD80003346E16993FBF2F3676A02FB03F34046F3
:10FD90004A46B847B0F1000A93DDA6EB0A0676E7BB
:10FDA000B345DA4628BFB24652464946F7F782FEC7
:10FDB000A3682268A3EB0A035244A3602260002BCD
:10FDC000EBD121464046FDF767F90028E5D078E7FA
:10FDD0002068B34632464CE739460192F7F76AFE8F
:10FDE000019AA3689B1AA360236813442360934677
:10FDF00095E723682169A3EB010B636903EB430AD1
:10FE00000AEBDA7A0BF101034FEA6A0A33445345ED
:10FE1000524684BF9A46524643052CD51146404669
:10FE2000F5F798FF00283BD05A4621690190F0F77A
:10FE30002FFBA289019B22F4906242F08002A281F2
:10FE400003EB0B002361AAEB0B03C4F814A0A3601F
:10FE50002060B34632460CE739465A46F7F72AFE89
:10FE600023685B44236021464046FDF715F90028CE
:10FE70003FF455AF25E74046F6F734FA034600282D
:10FE8000DED121694046F8F7F3FAB4F90C300C22C0
:10FE900023F08003C8F8002015E7721C914626E77E
:10FEA0000C22B4F90C30C8F800200CE74FF0FF30FA
:10FEB000BAE600BF00FCFF7F38B5314B1B68054632
:10FEC0000C4613B15A6B002A4ED0B4F90C30180707
:10FED0009AB21CD5216929B312F0010007D0002085
:10FEE000A06060694042A06139B1002038BD95072B
:10FEF00058BF6069A0600029F7D1120658BF0846B4
:10FF0000F4D543F04003A3814FF0FF3038BDD10654
:10FF10002ED5520714D4216943F00803A3819AB265
:10FF20000029D9D102F42070B0F5007FD4D0214649
:10FF3000284600F047F9B4F90C3021699AB2CBE7B2
:10FF4000216B51B104F14002914204D02846F8F7E8
:10FF50008FFAB4F90C300022226321690022C4E92F
:10FF6000001223F02403D7E71846F7F725FDACE786
:10FF7000092243F040032A604FF0FF30A38138BDCF
:10FF8000B89800202DE9F04782B082468846144692
:10FF9000F7F7D6FE012803D108F1FF33FE2B36D93F
:10FFA0000DF10409424604F15C0349465046FDF751
:10FFB00057FB421C064632D020B39DF804C00025F2
:10FFC00009E023685A1C226083F800C00135B5425D
:10FFD00018D219F801CFA368013B002BA360F0DA17
:10FFE000A769BB4261462246504602DBBCF10A0FBC
:10FFF000E7D100F053F9431CE8D10646304602B081
:02000004600298
:10000000BDE8F0874646304602B0BDE8F0875FFAAB
:1000100088FC8DF804C006460DF10409CFE7A389DA
:10002000304643F04003A38102B0BDE8F08700BF33
:1000300030B5536E13F0010FB2F90C30144683B093
:1000400005469AB201D198051CD5900406D4626E7B
:1000500043F4005342F40052A381626622462846CC
:10006000FFF790FF636EDA07054602D4A3899B056C
:1000700002D5284603B030BDA06DF8F7DDF828465C
:1000800003B030BDA06D0191F8F7D4F8B4F90C308D
:1000900001999AB2D9E700BF2DE9F04F8BB0DDE9A5
:1000A000158A149F0391814605921E46B8F1000FF0
:1000B0005CD0039B002B5ED0059B1D68002F6AD08F
:1000C000741E4EB3039B0493043D002601950BE080
:1000D000039B2BBB019B1A68002A3AD0BC455CD21B
:1000E000013C631C664617D0D8F800300293019B90
:1000F000DAF8E05053F8042F019307A94346484625
:10010000D8F804B0A847421C3AD000EB060CBC4516
:10011000DED9029BC8E9003B30460BB0BDE8F08F4A
:1001200000280EDD049B019D18445A1E07A900F10A
:10013000FF3E11F8013B02F8013F7245F9D10195EC
:100140000490059B1A6804321A60019B1A68002A01
:10015000C4D1039B0BB1059B1A600CF1FF36002242
:100160003046C8F800200BB0BDE8F08F039B00F5C7
:100170008678002BA0D1059B4FF0FF371D689FE7C5
:1001800006468A2100223046C9F80010C8F800202F
:100190000BB0BDE8F08F3E46BEE76646BCE700BF49
:1001A00010B584B0054C069800900798019004485B
:1001B00000680294FFF770FF04B010BD3093002078
:1001C000B89800202DE9F0418B890C46990796B02C
:1001D00008D504F143030122C4E90432236016B0B8
:1001E000BDE8F081B4F90E100029064625DB6A4609
:1001F00000F0ACF800281FDB019D05F47045A5F563
:100200000055B5FA85F54FF480686D094FF4006725
:1002100041463046F5F79EFDE0B1B4F90C30C4F824
:10022000148043F0800320602061A38135BB3B43F1
:10023000A38116B0BDE8F081A38913F0800519D021
:100240004FF040080025414630462F46F5F782FD25
:100250000028E2D1B4F90C309A05C0D423F003038E
:1002600004F1430243F002030121C4E90421A38104
:100270002260B4E74FF480682F46C9E7B4F90E1046
:10028000304600F079F810B9B4F90C30CFE7A38903
:1002900023F0030343F001031BB2C8E7F8B50D4692
:1002A0001446064610B1436B002B4CD0B4F90C2019
:1002B000A369A360170790B21BD52369CBB1EDB238
:1002C00081042F4622D522686169D31A994229DD1B
:1002D0000133A1680139A160511C21601570626968
:1002E0009A4227D0A389DB0701D50A2D22D03846B0
:1002F000F8BD21463046FFF7DFFD08BBB4F90C20FE
:10030000236990B2EDB281042F46DCD442F400524E
:10031000A281626E616922F4005262662268D31A79
:100320009942D5DC21463046FCF7B6FE40B922683A
:100330000123CEE721463046FCF7AEFE0028D6D09A
:100340004FF0FF37D3E7F7F737FBAFE770B50C4651
:10035000084D03460026204611461C462E60F0F745
:10036000CDFC431C00D070BD2B68002BFBD023605C
:1003700070BD00BFECB6002038B5074D0022044622
:1003800008462A60F0F7C0FC431C00D038BD2B683B
:10039000002BFBD0236038BDECB6002081F000417B
:1003A00002E000BF83F0004330B54FEA41044FEA5A
:1003B000430594EA050F08BF90EA020F1FBF54EAF5
:1003C000000C55EA020C7FEA645C7FEA655C00F091
:1003D000E2804FEA5454D4EB5555B8BF6D420CDD62
:1003E0002C4480EA020281EA030382EA000083EAE5
:1003F000010180EA020281EA0303362D88BF30BD85
:1004000011F0004F4FEA01314FF4801C4CEA1131DA
:1004100002D0404261EB410113F0004F4FEA033339
:100420004CEA133302D0524263EB430394EA050FC4
:1004300000F0A780A4F10104D5F1200E0DDB02FA33
:100440000EFC22FA05F2801841F1000103FA0EF2C7
:10045000801843FA05F359410EE0A5F120050EF18D
:10046000200E012A03FA0EFC28BF4CF0020C43FABE
:1004700005F3C01851EBE37101F0004507D54FF0CB
:10048000000EDCF1000C7EEB00006EEB0101B1F51B
:10049000801F1BD3B1F5001F0CD349085FEA300061
:1004A0004FEA3C0C04F101044FEA445212F5800F6C
:1004B00080F09A80BCF1004F08BF5FEA500C50F109
:1004C000000041EB045141EA050130BD5FEA4C0CEC
:1004D000404141EB0101013C28BFB1F5801FE9D249
:1004E00091F0000F04BF01460020B1FA81F308BF6C
:1004F0002033A3F10B03B3F120020CDA0C3208DD38
:1005000002F1140CC2F10C0201FA0CF021FA02F112
:100510000CE002F11402D8BFC2F1200C01FA02F182
:1005200020FA0CFCDCBF41EA0C019040E41AA2BFA7
:1005300001EB0451294330BD6FEA04041F3C1CDA6F
:100540000C340EDC04F11404C4F1200220FA04F08F
:1005500001FA02F340EA030021FA04F345EA030139
:1005600030BDC4F10C04C4F1200220FA02F001FAFB
:1005700004F340EA0300294630BD21FA04F029467D
:1005800030BD94F0000F83F4801306BF81F4801116
:100590000134013D4EE77FEA645C18BF7FEA655C89
:1005A00029D094EA050F08BF90EA020F05D054EA5B
:1005B000000C04BF1946104630BD91EA030F1EBF60
:1005C0000021002030BD5FEA545C05D14000494164
:1005D00028BF41F0004130BD14F580043CBF01F557
:1005E000801130BD01F0004545F0FE4141F470013D
:1005F0004FF0000030BD7FEA645C1ABF1946104618
:100600007FEA655C1CBF0B46024650EA013406BF18
:1006100052EA033591EA030F41F4002130BD00BFD7
:1006200090F0000F04BF0021704730B54FF4806494
:1006300004F132044FF000054FF0000150E700BF15
:1006400090F0000F04BF0021704730B54FF4806474
:1006500004F1320410F0004548BF40424FF0000161
:100660003EE700BF42004FEAE2014FEA31014FEAA4
:1006700002701FBF12F07F4393F07F4F81F06051F3
:10068000704732F07F4208BF704793F07F4F04BF3E
:1006900041F40021704730B54FF4607401F000451B
:1006A00021F000411CE700BF50EA010208BF70477B
:1006B00030B54FF000050AE050EA010208BF70476C
:1006C00030B511F0004502D5404261EB41014FF4D5
:1006D000806404F132045FEA915C3FF4D8AE4FF0DD
:1006E00003025FEADC0C18BF03325FEADC0C18BFC0
:1006F000033202EBDC02C2F1200300FA03FC20FA11
:1007000002F001FA03FE40EA0E0021FA02F114445D
:10071000BDE600BF08B502460B4643EC172BB5EE0D
:10072000C07BF1EE10FA03D4BDE8084000F00AB82F
:10073000B1EE477B51EC170B00F004F8404261EB3F
:10074000410108BD9FED0B6B41EC170B9FED0B5B5F
:1007500027EE066BBCEEC66BB8EE464BA4EE457BAF
:10076000FCEEC77B16EE101A17EE900A704700BF1A
:10077000AFF30080000000000000F03D000000002A
:100780000000F0415FF800F0351E00605FF800F0F7
:0C079000E11D00600000000000000000FF
:04079C00F8B500BFED
:0807A0004019FF7F0100000079
:1007A8000000000000000000000000000000000041
:1007B8000000000000000000000000000000000031
:1007C8000000000000000000000000000000000021
:1007D8000000000000000000000000000000000011
:1007E8000000000000000000000000000000000001
:1007F80000000000000000000000000000000000F1
:1008080000000000000000000000000000000000E0
:1008180000000000000000000000000000000000D0
:1008280000000000000000000000000000000000C0
:1008380000000000000000000000000000000000B0
:1008480000000000000000000000000000000000A0
:100858000000000000000000000000000000000090
:100868000000000000000000000000000000000080
:100878000000000000000000000000000000000070
:100888000000000000000000000000000000000060
:100898000000000000000000000000000000000050
:1008A8000000000000000000000000000000000040
:1008B8000000000000000000000000000000000030
:1008C8000000000000000000000000000000000020
:1008D8000000000000000000000000000000000010
:1008E8000000000000000000000000000000000000
:1008F80000000000000000000000000000000000F0
:1009080000000000000000000000000000000000DF
:1009180000000000000000000000000000000000CF
:1009280000000000000000000000000000000000BF
:1009380000000000000000000000000000000000AF
:10094800000000000000000000000000000000009F
:10095800000000000000000000000000000000008F
:10096800000000000000000000000000000000007F
:10097800000000000000000000000000000000006F
:10098800000000000000000000000000000000005F
:10099800000000000000000000000000000000004F
:1009A800000000000000000000000000000000003F
:1009B800000000000000000000000000000000002F
:1009C800000000000000000000000000000000001F
:1009D800000000000000000000000000000000000F
:1009E80000000000000000000000000000000000FF
:1009F80000000000000000000000000000000000EF
:100A080000000000000000000000000000000000DE
:100A180000000000000000000000000000000000CE
:100A28000080E03779C34143176E05B5B5B89346E2
:100A3800F5F93FE9034F384D321D30F94877825AAE
:100A48003CBF737FDD4F1575000000000000F03FCC
:100A58000000000000002440000000000000594091
:100A68000000000000408F40000000000088C340E4
:100A780000000000006AF8400000000080842E4159
:100A880000000000D01263410000000084D79741A5
:100A98000000000065CDCD41000000205FA00242AB
:100AA800000000E876483742000000A2941A6D4220
:100AB800000040E59C30A2420000901EC4BCD64213
:100AC80000003426F56B0C430080E03779C34143BE
:100AD80000A0D8855734764300C84E676DC1AB4334
:100AE800003D9160E458E143408CB5781DAF154452
:100AF80050EFE2D6E41A4B4492D54D06CFF080442D
:100B0800F64AE1C7022DB544B49DD9794378EA4441
:100B1800BC89D897B2D29C3C33A7A8D523F64939CB
:100B28003DA7F444FD0FA5329D978CCF08BA5B25ED
:100B3800436FAC642806681161480000000000009B
:100B4800DD480000000000008149000000000000AE
:100B5800294B000000000000914D0000000000003B
:100B680061500000000000000D520000000000006D
:100B7800000000000000A040000000C000606A46BD
:100B88000000280000000000000000000000A04055
:100B9800000000C000606A46000029000000000054
:100BA8000000000000009040000000C00000FA446F
:100BB8000000270000000000000000000000A04026
:100BC800000000C00000FA440000260000000000F9
:100BD8000000000000002041000000C00000803F2D
:100BE80000000F0000000000000000000000FA43B1
:100BF8000000FAC30000FA430000000000000000F3
:100C08000000FA430000FAC30000803F0000000023
:100C1800564D4F4E5F000000494D4F4E5F0000009B
:100C280054454D505F0000004552525F00000000DF
:100C38004D4F545F00000000FF007801800143021F
:100C4800880187018C018B01920191019501F601C0
:100C5800990198019A013D029E012002A801A7016D
:100C6800AD01AC01B001AF01B901B801BD01BC01D2
:100C7800BF01F701C601C401C901C701CC01CA01FE
:100C8800DD018E01F301F101F501F4013A02652C51
:100C98003C023B023E02662C4202410253028101A1
:100CA800540286015602890157028A0159028F01AE
:100CB8005B0290016002930163029401680297014C
:100CC800690296016B02622C6F029C0172029D01FF
:100CD80075029F017D02642C8002A6018302A9018E
:100CE8008802AE01890244028A02B1018B02B20174
:100CF8008C0245029202B7017B03FD037C03FE03CD
:100D08007D03FF03AC038603C203A303CC038C0358
:100D1800CD038E03CE038F03F203F903F803F70321
:100D2800FB03FA03CF04C0047D1D632C511F591F18
:100D3800531F5B1F551F5D1F571F5F1F781FF81F2D
:100D4800791FF91FB31FBC1FCC1FC31FE51FEC1F62
:100D5800FC1FF31F4E21322184218321612C602C3A
:100D6800762C752C0019000009D300000000000043
:100D780074C00F40C0000000000000000200000026
:100D880050851F40010000003400000002000000F0
:100D980050851F4000000000010000000200000014
:100DA80054851F40010000003500000002000000CB
:100DB80054851F4000000000FF0040002600180076
:100DC8007C0000006100E01AE000E017F800E0078E
:100DD8000001013032010106390101104A01012EDA
:100DE8007901010682010104A0010106B301010491
:100DF800CD010110DE010112F801012822020112C1
:100E08004602010AAD03DB03B103E011C303E009A5
:100E1800D80301183004E0205004B0106004012207
:100E28008A040136C104010ED00401446105D026AC
:100E3800001E0196A01E015A001F0808101F080670
:100E4800201F0808301F0808401F0806601F0808F0
:100E5800701F4A02721F5604761F64027A1F7002BE
:100E68007C1F7E02801F0808901F0808A01F080822
:100E7800B01F0802D01F0802E01F08027021F010FE
:100E8800D024E61A302CD02F672C0106802C016460
:100E9800002D002641FFE01A1F1C1F1E1F1E1F1FCA
:100EA8001E1F1E1F4F76657220746F727175652C38
:100EB800207265656C0000004D4342205265656CE8
:100EC80020546F72717565204C696D69742C20749B
:100ED8003D256600556E64657220746F7271756584
:100EE8002C207265656C00004F76657220746F72F5
:100EF8007175652C206C6576656C2077696E640069
:100F08004D4342204C5720546F72717565204C69CF
:100F18006D69742C20743D2566000000556E64656B
:100F28007220746F727175652C206C6576656C2003
:100F380077696E64000000004F76657220637572F1
:100F480072656E74000000004F43206368616E6E26
:100F5800656C3A20000000004D43422043757272D0
:100F6800204C696D69742C2063682025752C2049F4
:100F78003D256600556E6465722063757272656EF4
:100F8800740000004F76657220766F6C7461676537
:100F9800000000004D434220566F6C74204C696D70
:100FA80069742C2063682025752C20563D25660021
:100FB800556E64657220766F6C7461676500000019
:100FC80054656D70733A2000566F6C746167657371
:100FD8003A20000043757272656E74733A200000FF
:100FE800556E6B6E6F776E206D6F6E69746F7220C1
:100FF8007175657565206572726F720053656E74E0
:10100800206D6F74696F6E20544D207061636B653D
:10101800740000004572726F7220637265617469B2
:101028006E6720544D206275666665720000000088
:101038004572726F72207570646174696E67207290
:1010480065656C20706F736974696F6E00000000CD
:101058004572726F72207570646174696E67206C76
:101068006576656C2077696E6420706F7369746942
:101078006F6E00004F7665722074656D70657261E1
:1010880074757265000000004D43422054656D7010
:10109800204C696D69742C2063682025752C207498
:1010A8003D256600556E6465722074656D706572C5
:1010B800617475726500000073656E736F722063EA
:1010C8007263206261642C20636865636B207365BA
:1010D8006E736F7220636F6E6E656374696F6E00F6
:1010E800257500002C2566002C2575002566000056
:1010F800436F6E74726F6C6C65722053796E6365A2
:1011080064000000435243206973206E6F74207698
:10111800616C696421000000205363617463687026
:10112800616420435243206973206E6F7420766196
:101138006C696421000000004361726420697320B7
:10114800746F6F20736D616C6C2E0D0A00000000C7
:10115800466F726D617420446F6E650D0A00000061
:10116800466F726D6174204661696C65640D0A0092
:1011780042616420636C757374657220636F756E69
:10118800740D0A0044657669636520697320746F7D
:101198006F20736D616C6C0D0A00000057726974E2
:1011A800696E672046415420000000002E000000B0
:1011B80057726974696E672075706361736520740E
:1011C80061626C650D0A000057726974696E672068
:1011D800726F6F740D0A0000466F726D617420643F
:1011E8006F6E650D0A000000466F726D61742066AF
:1011F80061696C65640D0A00455846415400000059
:101208004572726F72207265676973746572696E70
:101218006720454550524F4D20636F6E666967736E
:10122800000000006C6F675F646174612F0000004C
:101238004552523A20756E61626C6520746F206D5C
:10124800616B65206C6F67206461746120646972EA
:101258006563746F727900006673775F64617461A7
:101268002F0000004552523A20756E61626C65206D
:10127800746F206D616B65204653572064697265F1
:1012880063746F72790000006C6F675F64617461EA
:101298002F626F6F740000004552523A20756E61DC
:1012A800626C6520746F206D616B65206261736587
:1012B800206469726563746F72793A2000000000D7
:1012C8005741524E3A2042617365206469726563E2
:1012D800746F727920616C726561647920657869D0
:1012E8007374733A200000002E74787400000000B4
:1012F8004572726F72206F70656E696E67206C6FD1
:10130800672066696C6500004552523A20556E6147
:10131800626C6520746F207374617274205344206A
:1013280063617264000000004552523A20457272AF
:101338006F7220636F6E6669677572696E67206485
:1013480069726563746F7269657300004572726FC4
:10135800722073657474696E672074656D70206C93
:10136800696D6974730000004572726F722073654D
:101378007474696E6720746F72717565206C696D1D
:1013880069747300556E6B6E6F776E204449422006
:101398005258206D65737361676500002D2D2D2DE2
:1013A800204465627567204D656E75202D2D2D2DA5
:1013B800000000003B092863616E63656C206D6F57
:1013C80074696F6E290000003B09286C6F772070E4
:1013D8006F776572290000003B092872656164799E
:1013E800290000003B0928686F6D65206C657665EB
:1013F8006C2077696E6429003B09287A65726F2032
:101408007265656C290000003B09286765742074C3
:10141800656D7073290000003B09286765742076A4
:101428006F6C7473290000003B092867657420639A
:1014380075727273290000003B09286272616B653E
:10144800206F6E29000000003B09286272616B65FD
:10145800206F6666290000003B0928636F6E74726E
:101468006F6C6C657273206F6E2900003B092863EE
:101478006F6E74726F6C6C657273206F666629008C
:101488003B092866756C6C207265747261637429F7
:10149800000000003B092869676E6F7265206C695F
:1014A8006D697473290000003B0928757365206C09
:1014B800696D6974732900003B09286765742045C4
:1014C8004550524F4D20636F6E74656E74732900DA
:1014D8002D2D2D2D2D2D2D2D2D2D2D2D2D2D2D2D34
:1014E8002D2D2D2D000000002C6E756D5F72657618
:1014F800732C73706565643B09287265656C206F91
:10150800757429002C6E756D5F726576732C737017
:101518006565643B09287265656C20696E29000061
:101528002C6E756D5F726576732C73706565643BA0
:101538000928646F636B29002C6E756D5F72657680
:10154800732C73706565643B09287265656C206946
:101558006E20776974686F7574204C5729000000F5
:101568002C6163633B09286F757420616363656C44
:1015780065726174696F6E29000000002C616363F5
:101588003B0928696E20616363656C6572617469E3
:101598006F6E29002C6163633B0928646F636B20BD
:1015A800616363656C65726174696F6E2900000020
:1015B8002C6D74723168692C6D7472316C6F2C6D7E
:1015C80074723268692C6D7472326C6F2C6D633171
:1015D80068692C6D63316C6F3B092874656D7020E8
:1015E8006C696D69747329002C7265656C5F686934
:1015F8002C7265656C5F6C6F3B0928746F7271752E
:1016080065206C696D697473290000002C7265652A
:101618006C5F68692C7265656C5F6C6F092863750F
:101628007272656E74206C696D69747329000000AC
:1016380023000000556E696D706C656D656E74658C
:1016480064206D65737361676520747970652066C1
:10165800726F6D2044494200454550524F4D2073EA
:10166800657269616C206275666665722063726571
:101678006174696F6E206572726F720053656E7463
:1016880020454550524F4D20627566666572206F41
:101698007665722073657269616C00004D43422063
:1016A800426F6F74200000004572726F722075706F
:1016B800646174696E67206C6576656C2077696E05
:1016C80064206472697665207374617475730000B0
:1016D8004661696C656420746F2075706461746517
:1016E800206C6576656C2077696E64206472697613
:1016F80065207374617475732031302074696D6569
:10170800730000004D6F74696F6E206661756C74AC
:1017180020286C77290000004465706C6F7920647C
:10172800656E6965642C207265656C206F70732026
:101738006F6E676F696E67005265747261637420BB
:1017480064656E6965642C207265656C206F7073C2
:10175800206F6E676F696E6700000000446F636BEF
:101768002064656E6965642C207265656C206F70F5
:1017780073206F6E676F696E670000005265656C55
:1017880020696E206E6F204C572064656E69656411
:101798002C207265656C206F7073206F6E676F699F
:1017A8006E670000486F6D652064656E6965642C1E
:1017B800207265656C206F7073206F6E676F696E3D
:1017C800670000005265656C206E6F7420696E6951
:1017D8007469616C697A656420666F7220627261EF
:1017E8006B6500004572726F7220706F7765726961
:1017F8006E6720636F6E74726F6C6C657273000035
:1018080057726F6E6720737461746520666F7220FB
:10181800706F776572696E6720636F6E74726F6C34
:101828006C657273000000005A65726F696E6720FC
:101838007265656C0000000046756C6C20726574FA
:101848007261637420636F6D6D616E64207265638D
:10185800656976656400000046756C6C2072657475
:101868007261637420756E6E6563657373617279F6
:101878002C20616C7265616479207265656C6564A1
:1018880020696E00537769746368696E6720746FA6
:101898002069676E6F7265206C696D6974730000EA
:1018A800537769746368696E6720746F2075736510
:1018B800206C696D69747300556E6B6E6F776E205E
:1018C8007374617465206D616E6167657220616310
:1018D80074696F6E000000004572726F7220737435
:1018E800617274696E67207265656C20636F6E74CF
:1018F800726F6C206C6F6F7073000000556E6162C0
:101908006C6520746F2073796E63207265656C2036
:10191800636F6E74726F6C6C65720000486F6D65F2
:1019280064203D207472756500000000556E616288
:101938006C6520746F20636F6D6D616E64206E65D9
:101948007874206C77207365676D656E740000008D
:1019580052657365742063617573656420627920CC
:101968007761746368646F67000000004572726F86
:1019780072207374617274696E67206C6576656C29
:101988002077696E6420636F6E74726F6C206C6F61
:101998006F7073004572726F72207374617274692C
:1019A8006E67207265656C20636F6E74726F6C2051
:1019B8006C6F6F707320696E206C6576656C20772C
:1019C800696E64206F6E00004C5720436F6E74720E
:1019D8006F6C6C6572206F666620486F6D65642059
:1019E8003D2066616C736500456E746572696E674B
:1019F80020646F636B000000566F6C74616765202C
:101A0800746F6F206C6F7720746F20646F636B2125
:101A1800000000004E6F7420726561647920666F63
:101A28007220646F636B3A205265656C204E6F7448
:101A380020496E697469616C697A65640000000008
:101A48004E6F7420726561647920666F7220646FCE
:101A5800636B3A204C6576656C57696E64204E6FEF
:101A68007420496E697469616C697A656400000064
:101A78004E6F7420726561647920666F7220646F9E
:101A8800636B3A204C6576656C57696E64206861B3
:101A980073206E6F74206265656E20686F6D656473
:101AA800000000004E6F7420726561647920666FD3
:101AB8007220646F636B3A204C6576656C57696E6B
:101AC80064206973206E6F7420646F636B656400B3
:101AD8004572726F7220636F6D6D616E64696E67B7
:101AE800207265656C20696E20666F7220646F6372
:101AF8006B000000446F636B696E673A200000005A
:101B08004572726F722073657474696E67206C77A2
:101B18002063656E74657220666F7220646F636BF4
:101B280000000000556E6B6E6F776E20646F636BFC
:101B3800207375627374617465000000456E746586
:101B480072696E672072656164790000457869740E
:101B5800696E67207265616479000000556E6B6E6E
:101B68006F776E2072656164792073756273746132
:101B780074650000456E746572696E6720686F6DE4
:101B880065206C7700000000566F6C7461676520F3
:101B9800746F6F206C6F7720746F20686F6D65218C
:101BA800000000004572726F7220706F776572696D
:101BB8006E6720636F6E74726F6C6C657273206FE2
:101BC8006E20666F72204C5720686F6D65000000AC
:101BD8004572726F7220686F6D696E67204C57008E
:101BE80045786974696E6720686F6D65206C770049
:101BF800556E6B6E6F776E20686F6D65206C772001
:101C0800737562737461746500000000566F6C74BC
:101C180061676520746F6F206C6F7720746F207216
:101C280065656C20696E20286E6F204C572921004D
:101C38004572726F7220636F6D616E64696E6720A2
:101C48007265656C20696E20286E6F204C572900DC
:101C58005265656C696E6720696E20286E6F204C2E
:101C680057293A200000000045786974696E67209A
:101C78007265656C20696E20286E6F204C572900AC
:101C8800556E6B6E6F776E207265656C20696E207D
:101C9800286E6F204C5729207375627374617465C0
:101CA80000000000456E746572696E672072656594
:101CB8006C20696E00000000566F6C7461676520C7
:101CC800746F6F206C6F7720746F207265656C205D
:101CD800696E21004572726F7220706F7765726944
:101CE8006E67207265656C206F6E00004572726FBA
:101CF8007220706F776572696E67204C57206F6E1F
:101D0800000000004572726F7220636F6D6D616E26
:101D180064696E67207265656C20696E000000005A
:101D28005265656C696E6720696E3A200000000094
:101D38004572726F72207374617274696E67206382
:101D4800616D6D696E670000486F6D652064696438
:101D58006E277420636F6D706C6574652C20706FCE
:101D6800776572696E67206F6666000045786974EA
:101D7800696E67207265656C20696E00556E6B6EC2
:101D88006F776E207265656C20696E20737562735B
:101D98007461746500000000456E746572696E6751
:101DA800206E6F6D696E616C000000004578697483
:101DB800696E67206E6F6D696E616C00556E6B6E33
:101DC8006F776E206E6F6D696E616C2073756273CC
:101DD8007461746500000000566F6C74616765205B
:101DE800746F6F206C6F7720746F207265656C203C
:101DF8006F757421000000004572726F7220636F66
:101E08006D6D616E64696E67207265656C206F75B3
:101E1800740000005265656C696E67206F75743ACE
:101E28002000000045786974696E67207265656CEA
:101E3800206F757400000000556E6B6E6F776E2012
:101E48007265656C206F7574207375627374617444
:101E5800650000004D4342206275696C6420666F1E
:101E68007220000052414348755453004A756C2053
:101E7800313320323032360031353A35323A353561
:101E8800000000004D4342206572726F7220696E37
:101E9800697469616C697A696E6720454550524F6B
:101EA8004D21205265636F6E6669677572656400BF
:101EB800436F6E666967206D616E61676572206940
:101EC8006E6974207375636365737366756C00005F
:101ED8004D4342206572726F722073746172746927
:101EE8006E67205344206361726421005344206369
:101EF80061726420737461727475702073756363A2
:101F080065737366756C0000496E697469616C6904
:101F18007A652053656E736F727300005570646143
:101F28007465204C696D6974730000004D6F7469A5
:101F38006F6E206661756C742C20756E61626C65BD
:101F480020746F2067656E657261746520726565BF
:101F58006C20696E666F00004D6F74696F6E206645
:101F680061756C7420726C3A000000002C0000004F
:101F78004D6F74696F6E206661756C742C20756E78
:101F880061626C6520746F2067656E657261746547
:101F9800206C6576656C2077696E6420696E666F63
:101FA800000000004D6F74696F6E206661756C7477
:101FB800206C773A000000004572726F72207570CD
:101FC800646174696E67207265656C2064726976F5
:101FD8006520737461747573000000004661696C54
:101FE800656420746F20757064617465207265651E
:101FF8006C2064726976652073746174757320311E
:10200800302074696D6573004D6F74696F6E20665A
:1020180061756C7420287265656C29005265656C61
:10202800206D6F74696F6E20636F6D706C65746579
:10203800000000006673775F646174612F706F73CE
:102048005F6C6F672E646174000000005265766FE4
:102058006C7574696F6E732057726F6E670000003D
:1020680053706565642057726F6E67004163632023
:1020780057726F6E67000000536574436F6D6D6132
:102088006E64506F736974696F6E2057726F6E67F4
:1020980000000000536574536C65775261746520C5
:1020A80057726F6E67000000536574416363656C17
:1020B80065726174696F6E2057726F6E67000000F9
:1020C8006E616E00696E66006F7666005458204532
:1020D80052523A20000000006CC00F40C0000000BF
:1020E800504F0000E13601000CFF00001300000013
:1020F800000000000000000024851F400BFF0000C6
:1021080013000000000000000000000028851F40A8
:102118000DFF000013000000000000000000000098
:1021280020851F400A25240013000000120000002B
:102138001200000001020300000000001C851F407F
:102148000000000000000000000000000000000087
:102158003D010000B1000000000000000000000088
:102168001D010000690000000000000000000000E0
:102178005D010000DD00000000000000000000001C
:102188002D0100008D00000000000000000000008C
:102198007D010000010100000000000000000000B7
:1021A8001D0C0000090C0000A1060000CD0B00006A
:1021B800F10C0000950B00003D0B00000000000032
:1021C8000000000049ED00000000000000000000D1
:1021D8009D0100000000000000000000B512010091
:1021E800C1120100B9120100C1130100311B010025
:1021F800611A0100BD1A01005D1901003D150100B9
:10220800711F0100D112010045120100011C0100DB
:1022180031120100351201003D1201004112010086
:1022280055150100911D0100191D010071180100CB
:102238002912010039120100711E0100991B0100C9
:10224800351301000000000000000000BD6200001E
:102258000DF7000009F7000005F70000B162000063
:10226800B5620000B962000001F70000000000003C
:1022780000000000B9D10000ADD30000D5CB0000AC
:102288002DCD0000F5CB000099CC00001DCC00003E
:10229800B1CD000049CD0000D1CB00000000000006
:1022A800000000003D0D00009D090000A10600008F
:1022B800410A0000E1090000950A0000690A0000CF
:1022C8009D0F00005D0E00000000000000000000EF
:1022D8001D0C0000090C0000A1060000CD0B000039
:1022E800F10C0000950B00003D0B00000000000001
:1022F80000000000910D0000D10D00007D0B0000D2
:10230800F50B0000A50C0000250B0000E10B0000F8
:10231800E50700000D0F0000ED0A0000090B0000A2
:10232800BD060000A906000095070000550B000037
:10233800E5060000750800002D090000BD08000032
:10234800510C0000210800000000000000000000FF
:1023580049ED0000ADD30000A1060000A50600006D
:1023680049ED000049ED000049ED000000000000C3
:102378000000000089150000A915000000000000F9
:10238800000000001DC500002DC70000F1C60000B8
:1023980039C600009DC60000E5C5000065C70000FD
:1023A80055C8000091C800006DC900000000000079
:1023B800000000005121010055210100C11F01004A
:1023C800452501008D3101000D2B0100C9B7000022
:1023D800812101005D3101009D320100952B010032
:1023E800550C0100B5280100E1200100ED20010095
:1023F800B51F0100B91F0100BD1F0100F920010030
:102408001D21010041210100C125010065210100B4
:10241800992301000D260100E1260100D8399D27E6
:102428000054EA2A00A4781F007B9A172C206675AE
:102438006E6374696F6E3A20000000006173736503
:102448007274696F6E2022257322206661696C653B
:10245800643A2066696C6520222573222C206C69F9
:102468006E65202564257325730A000042616C6C33
:102478006F632073756363656564656400000000BD
:102488002F566F6C756D65732F646174612F6A6563
:102498006E6B696E732F776F726B73706163652FE4
:1024A800474E552D746F6F6C636861696E2F61724A
:1024B8006D2D31312F7372632F6E65776C69622DC4
:1024C80063796777696E2F6E65776C69622F6C69BF
:1024D80062632F7374646C69622F6764746F612D13
:1024E8006765746865782E630000000000000000CE
:1024F80000000000000000000000000000000000D4
:1025080000000000000000000000000000000000C3
:10251800000000000000000000000000101112136D
:10252800141516171819000000000000001A1B1CCB
:102538001D1E1F0000000000000000000000000039
:10254800000000000000000000000000001A1B1C32
:102558001D1E1F0000000000000000000000000019
:102568000000000000000000000000000000000063
:102578000000000000000000000000000000000053
:102588000000000000000000000000000000000043
:102598000000000000000000000000000000000033
:1025A8000000000000000000000000000000000023
:1025B8000000000000000000000000000000000013
:1025C8000000000000000000000000000000000003
:1025D80000000000000000000000000000000000F3
:1025E8000000000000000000000000002F566F6C83
:1025F800756D65732F646174612F6A656E6B696EA2
:10260800732F776F726B73706163652F474E552D0B
:10261800746F6F6C636861696E2F61726D2D3131F3
:102628002F7372632F6E65776C69622D6379677794
:10263800696E2F6E65776C69622F6C6962632F73A0
:1026480074646C69622F6D707265632E630000009C
:1026580065256C640000000030313233343536377C
:1026680038396162636465666768696A6B6C6D6E48
:102678006F707172737475767778797A00000000DC
:10268800002020202020202020202828282828203A
:102698002020202020202020202020202020202032
:1026A800208810101010101010101010101010109A
:1026B800100404040404040404040410101010108A
:1026C8001010414141414141010101010101010154
:1026D80001010101010101010101010110101010A6
:1026E8001010424242424242020202020202020226
:1026F800020202020202020202020202101010107A
:1027080020000000000000000000000000000000A1
:1027180000000000000000000000000000000000B1
:1027280000000000000000000000000000000000A1
:102738000000000000000000000000000000000091
:102748000000000000000000000000000000000081
:102758000000000000000000000000000000000071
:102768000000000000000000000000000000000061
:102778000000000000000000000000000000000051
:1027880000000000496E66696E69747900000000F7
:102798004E614E002F566F6C756D65732F646174B2
:1027A800612F6A656E6B696E732F776F726B7370CA
:1027B8006163652F474E552D746F6F6C636861694F
:1027C8006E2F61726D2D31312F7372632F6E6577A5
:1027D8006C69622D63796777696E2F6E65776C69AE
:1027E800622F6C6962632F7374646C69622F6474FE
:1027F8006F612E63000000004A495300534A495351
:10280800000000004555434A500000006E66000075
:10281800696E697479000000616E0000494E4600D7
:102828004E414E00303132333435363738396162F3
:102838006364656600000000303132333435363762
:10284800383941424344454600000000286E756C03
:102858006C2900000030013002300CFF0EFFFB3005
:102868001AFF1BFF1FFF01FF9B309C30B40040FF85
:10287800A8003EFF3E203FFFFD30FE309D309E30D9
:102888000330DD4E053006300730FC3014201020B0
:102898000FFF3CFF1C3016205CFF26202520182047
:1028A80019201C201D2008FF09FF143015303BFF9C
:1028B8003DFF5BFF5DFF083009300A300B300C30FC
:1028C8000D300E300F30103011300BFF1222B100D6
:1028D800D700F7001DFF60221CFF1EFF662267223B
:1028E8001E22342242264026B00032203320032103
:1028F800A50004FFA200A30005FF03FF06FF0AFFCF
:1029080020FFA70006260526CB25CF25CE25C725DF
:10291800C625A125A025B325B225BD25BC253B206C
:102928001230922190219121932113300000000050
:10293800000000000000000000000000000000008F
:10294800000008220B2286228722822283222A2242
:102958002922000000000000000000000000000024
:10296800000027222822AC00D221D42100220322F1
:102978002922000000000000000000000000000004
:102988000000000000002022A522122302220722B4
:10299800612252226A226B221A223D221D223522EE
:1029A8002B222C2200000000000000000000000084
:1029B80000002B2130206F266D266A26202021203A
:1029C800B6002C22000000000000EF2500000000E7
:1029D80000000000000000000000000101010101EA
:1029E80001010101010000000000000001010101D6
:1029F80001010101010101010101010101010101BF
:102A080001010101010100000000000000010101B5
:102A1800010101010101010101010101010101019E
:102A28000101010101010100910392039303940341
:102A3800950396039703980399039A039B039C03B2
:102A48009D039E039F03A003A103A303A403A5035F
:102A5800A603A703A803A9030000000000000000C4
:102A68000000000000000000B103B203B303B40388
:102A7800B503B603B703B803B903BA03BB03BC0372
:102A8800BD03BE03BF03C003C103C303C403C5031F
:102A9800C603C703C803C9031004110412041304AE
:102AA80014041504010416041704180419041A045C
:102AB8001B041C041D041E041F04200421042204FA
:102AC80023042404250426042704280429042A04AA
:102AD8002B042C042D042E042F04000000000000F9
:102AE80000000000000000000000000000000000DE
:102AF80000000000000000003004310432043304F8
:102B080034043504510436043704380439043A04CB
:102B18003B043C043D043E043F0440044104420499
:102B280043044404450446044704480449044A0449
:102B38004B044C044D044E044F04000000250225AC
:102B48000C251025182514251C252C25242534256D
:102B58003C25012503250F2513251B25172523258E
:102B680033252B253B254B2520252F2528253725A3
:102B78003F251D2530252525382542259C4E1655EF
:102B8800035A3F96C0541B612863F65922907584F6
:102B98001C83507AAA60E163256EED656684A6827F
:102BA800F59B93682757A16571629B5BD0597B861B
:102BB800F498627DBE7D8E9B16629F7CB788895B88
:102BC800B55E096397664868C7958D974F67E54E68
:102BD8000A4F4D4F9D4F4950F2563759D459015A13
:102BE800095CDF600F61706113660569BA704F7523
:102BF8007075FB79AD7DEF7DC3800E846388028B91
:102C080055907A903B53954EA54EDF57B280C190B0
:102C1800EF78004EF158A26E3890327A28838B8272
:102C28002F9C41517053BD54E154E056FB59155F38
:102C3800F298EB6DE4802D8562967096A096FB97CE
:102C48000B54F353875BCF70BD7FC28FE8966F53E9
:102C58005C9DBA7A114E9378FC81266E18560455FD
:102C68001D6B1A853B9CE559A953666DDC748F95DD
:102C78004256914E4B90F2964F830C99E153B655BC
:102C8800305B715F2066F3660468386CF36C296DFD
:102C98005B74C8764E7A3498F1825B88608AED92CC
:102CA800B26DAB75CA76C599A660018B8A8DB2954F
:102CB8008E69AD538651125730584459B45BF65E4D
:102CC8002860A963F463BF6C146F8E701471597116
:102CD800D5713F73017E7682D182978560905B9231
:102CE8001B9D6958BC655A6C2575F9512E59655953
:102CF800805FDC5FBC62FA652A6A276BB46B8B73F2
:102D0800C17F56892C9D0E9DC49EA15C966C7B83C9
:102D180004514B5CB661C68176686172594EFA4FB0
:102D280078536960296E4F7AF3970B4E1653EE4E1F
:102D3800554F3D4FA14F734FA052EF5309560F59AE
:102D4800C15AB65BE15BD17987669C67B6674C6B05
:102D5800B36C6B70C2738D79BE793C7A877BB18214
:102D6800DB8204837783EF83D3836687B28A29560D
:102D7800A88CE68F4E901E978A86C44FE85C116235
:102D880059723B75E581BD82FE86C08CC596139944
:102D9800D599CB4E1A4FE389DE564A58CA58FB5E7E
:102DA800EB5F2A6094606260D0611262D06239651C
:102DB800419B6666B068776D70704C758676757DD8
:102DC800A582F9878B958E969D8CF151BE52165926
:102DD800B354B35B165D68618269AF6D8D78CB843F
:102DE8005788728AA793B89A6C6DA899D986A35701
:102DF800FF67CE860E92835287560454D35EE162F3
:102E0800B9643C683868BB6B7273BA786B7A9A8914
:102E1800D2896B8D038FED90A39594966997665B25
:102E2800B35C7D694D984E989B63207B2B6A7F6AC3
:102E3800B6680D9C5F6F72529D557060EC623B6D79
:102E4800076ED16E5B841089448F144E399CF653FB
:102E58001B693A6A84972A685C51C37AB284DC9108
:102E68008C935B56289D226805833184A57C085283
:102E7800C582E6747E4E834FA051D25B0A52D85267
:102E8800E752FB5D9A552A58E6598C5B985BDB5BE9
:102E9800725E795EA3601F616361BE61DB63626518
:102EA800D1675368FA683E6B536B576C226F976F04
:102EB800456FB0741875E3760B77FF7AA17B217C98
:102EC800E97D367FF07F9D8066829E83B389CC8AB8
:102ED800AB8C8490519493959195A2956596D397D0
:102EE80028991882384E2B54B85CCC5DA9734C765F
:102EF8003C77A95CEB7F0B8DC19611985498589834
:102F0800014F0E4F71539C556856FA574759095B44
:102F1800C45B905C0C5E7E5ECC5FEE633A67D765FF
:102F2800E2651F67CB68C4685F6A305EC56B176C63
:102F38007D6C7F754879635B007A007DBD5F8F8902
:102F4800188AB48C778DCC8E1D8FE2980E9A3C9B94
:102F5800804E7D50005193599C5B2F628062EC64D7
:102F68003A6BA07291754779A97FFB87BC8A708BF1
:102F7800AC63CA83A09709540354AB555468586A84
:102F8800708A27787567CD9E7453A25B1A81508624
:102F98000690184E454EC74E114FCA533854AE5B73
:102FA800135F256051653D67426C726CE36C787005
:102FB8000374767AAE7A087B1A7DFE7C667DE765B7
:102FC8005B72BB53455CE85DD262E0621963206EB8
:102FD8005A86318ADD8DF892016FA6795A9BA84EE0
:102FE800AB4EAC4E9B4FA04FD1504751F67A715122
:102FF800F651545321537F53EB53AC558358E15C3E
:10300800375F4A5F2F6050606D601F6359654B6A78
:10301800C16CC272ED72EF77F880058108824E8527
:10302800F790E193FF9757995A9AF04EDD512D5C2E
:1030380081666D69405CF266756989735068817C48
:10304800C550E4524757FE5D2693A465236B3D6B3C
:1030580034748179BD794B7BCA7DB982CC837F88F2
:103068005F89398BD18FD1911F5480925D4E365034
:10307800E5533A53D7729673E977E682AF8EC699CD
:10308800C899D29977511A615E86B0557A7A765086
:10309800D35B47908596324EDB6AE791515C485C7A
:1030A80098639F7A936C7497618FAA7A8A718896CD
:1030B800827C1768707E51686C93F2521B54AB8502
:1030C800138AA47FCD8EE190665388884179C24FD8
:1030D800BE501152445153552D57EA738B575159CD
:1030E800625F845F756076616761A961B2633A6403
:1030F8006C656F664268136E66753D7AFB7C4C7D25
:10310800997D4B7E6B7F0E834A83CD86088A638ABE
:10311800668BFD8E1A988F9DB882CE8FE89B87525A
:103128001F628364C06F999641689150206B7A6CD6
:10313800546F747A507D4088238A0867F64E395058
:10314800265065507C5138526352A7550F57055881
:10315800CC5AFA5EB261F861F36272631C69296A3B
:103168007D72AC722E7314786F78797D0C77A98094
:103178008B89198BE28CD28E639075937A965598C9
:10318800139A789E43519F53B3537B5E265F1B6E01
:10319800906E8473FE73437D3782008AFA8A509654
:1031A8004E4E0B50E4537C54FA56D159645BF15D92
:1031B800AB5E275F38624565AF67566ED072CA7CD2
:1031C800B488A180E180F0834E86878AE88D3792A3
:1031D800C7966798139F944E924E0D4F4853495483
:1031E8003E542F5A8C5FA15F9F60A7688E6A5A74FD
:1031F80081789E8AA48A778B90915E4EC99BA44E53
:103208007C4FAF4F1950165049516C519F52B952CB
:10321800FE529A53E35311540E5489555157A257ED
:103228007D59545B5D5B8F5BE55DE75DF75D785EBF
:10323800835E9A5EB75E185F52604C619762D8628F
:10324800A7633B6502664366F4666D672168976805
:10325800CB695F6C2A6D696D2F6E9D6E32758776AE
:103268006C783F7AE07C057D187D5E7DB17D1580A8
:103278000380AF80B18054818F812A8252834C8829
:1032880061881B8BA28CFC8CCA90759171923F78D7
:10329800FC92A4954D9605989999D89A3B9D5B52B6
:1032A800AB52F7530854D558F762E06F6A8C5F8FBA
:1032B800B99E4B513B524A54FD56407A7791609DD6
:1032C800D29E4473096F70811175FD5FDA60A89A08
:1032D800DB72BC8F646B0398CA4EF0566457BE58B5
:1032E8005A5A6860C7610F6606663968B168F76D33
:1032F800D5753A7D6E82429B9B4E504FC9530655F9
:103308006F5DE65DEE5DFB67996C73740278508AB9
:103318009693DF885057A75E2B63B550AC508D51FC
:103328000067C9545E58BB59B05B695F4D62A163C1
:103338003D68736B086E7D70C7918072157826782A
:103348006D798E65307DDC83C188098F9B966452C8
:10335800285750676A7FA18CB45142572A963A5829
:103368008A69B480B2540E5DFC579578FA9D5C4F1B
:103378004A528B543E6428661467F567847A567BF4
:10338800227D2F935C68AD9B397B19538A51375244
:10339800DF5BF662AE64E6642D67BA6BA985D196E9
:1033A8009076D69B4C630693AB9BBF765266094ECC
:1033B8009850C253715CE860926463655F68E67117
:1033C800CA732375977B827E9586838BDB8C789175
:1033D8001099AC65AB668B6BD54ED44E3A4F7F4F88
:1033E8003A52F853F253E355DB56EB58CB59C959C7
:1033F800FF59505B4D5C025E2B5ED75F1D60076313
:103408002F655C5BAF65BD65E8659D67626B7B6B2F
:103418000F6C45734979C179F87C197D2B7DA280A1
:103428000281F38196895E8A698A668A8C8AEE8A25
:10343800C78CDC8CCC96FC986F6B8B4E3C4F8D4FB9
:103448005051575BFA5B486101634266216BCB6E52
:10345800BB6C3E72BD74D475C1783A790C803380E8
:10346800EA8194849E8F506C7F9E0F5F588B2B9DB2
:10347800FA7AF88E8D5BEB96034EF153F757315974
:10348800C95AA45B89607F6E066FBE75EA8C9F5B24
:103498000085E07B7250F4679D82615C4A851E7EE0
:1034A8000E829951045C6863668D9C656E713E79E5
:1034B800177D05801D8BCA8E6E90C786AA901F50F7
:1034C800FA523A5C53677C7035724C91C8912B93D1
:1034D800E582C25B315FF9603B4ED653885B4B6235
:1034E80031678A6BE972E0732E7A6B81A38D5291F2
:1034F80096991251D7536A54FF5B8863396AAC7D39
:103508000097DA56CE536854975B315CDE5DEE4F18
:103518000161FE62326DC079CB79427D4D7ED27FEA
:10352800ED811F82908446887289908B748E2F8FCC
:1035380031904B916C91C6969C91C04E4F4F45511E
:103548004153935F0E62D467416C0B6E6373267EA2
:10355800CD918392D4531959BF5BD16D5D792E7E7D
:103568009B7C7E589F71FA515388F08FCA4FFB5C41
:103578002566AC77E37A1C82FF99C651AA5FEC6591
:103588006F69896BF36D966E646FFE76147DE15DED
:10359800759087910698E6511D5240629166D966EA
:1035A8001A6EB65ED27D727FF866AF85F785F88AA7
:1035B800A952D95373598F5E905F5560E49264960F
:1035C800B7501F51DD5220534753EC53E85446552A
:1035D800315517566859BE593C5AB55B065C0F5CA5
:1035E800115C1A5C845E8A5EE05E705F7F62846252
:1035F800DB628C63776307660C662D6676667E678A
:10360800A2681F6A356ABC6C886D096E586E3C7179
:1036180026716771C77501775D7801796579F079E9
:10362800E07A117BA77C397D9680D6838B84498587
:103638005D88F3881F8A3C8A548A738A618CDE8C81
:10364800A49166927E9318949C9698970A4E084E79
:103658001E4E574E97517052CE573458CC58225B55
:10366800385EC560FE6461675667446DB6727375EF
:10367800637AB884728BB89120933156F457FE98C8
:10368800ED620D69966BED71547E77807282E689E2
:10369800DF985587B18F3B5C384FE14FB54F0755E1
:1036A800205ADD5BE95BC35F4E612F63B0654B66F3
:1036B800EE689B69786DF16D3375B9751F775E7922
:1036C800E679337DE381AF82AA85AA893A8AAB8EEF
:1036D8009B8F3290DD910797BA4EC14E03527558B1
:1036E800EC580B5C1A753D5C4E810A8AC58F63964F
:1036F8006D97257BCF8A08986291F356A853179047
:1037080039548257255EA863346C8A7061778B7C44
:10371800E07F708842905491109318938F965E744E
:10372800C49A075D695D7065A267A88DDB966E63B4
:1037380049671969C5831798C096FE88846F7A64AB
:10374800F85B164E2C705D752F66C4513652E252E6
:10375800D359815F276010623F6574651F66746680
:10376800F2681668636B056E72721F75DB76BE7C35
:103778005680F058FD887F89A08A938ACB8A1D904D
:1037880092915297599789650E7A0681BB962D5E5C
:10379800DC601A62A56514669067F3774D7A4D7CF4
:1037A8003E7E0A81AC8C648DE18D5F8EA9780752CC
:1037B800D962A563426498622D8A837AC07BAC8AF9
:1037C800EA96767D0C824987D94E48514353605317
:1037D800A35B025C165CDD5D26624762B064136819
:1037E8003468C96C456D176DD3675C6F4E717D7118
:1037F800CB657F7AAD7BDA7D4A7EA87F7A811B8292
:103808003982A6856E8ACE8CF58D78907790AD92A8
:1038180091928395AE9B4D528455386F367168519D
:103828008579557EB381CE7C4C565158A85CAA63E5
:10383800FE66FD665A69D9728F758E750E7956794E
:10384800DF79977C207D447D0786348A3B9661909A
:10385800209FE7507552CC53E2530950AA55EE58B1
:103868004F593D728B5B645C1D53E360F3605C638E
:1038780083633F63BB63CD64E965F966E35DCD6946
:10388800FD69156FE571894EE975F876937ADF7CE5
:10389800CF7D9C7D6180498358836C84BC84FB8583
:1038A800C588708D01906D9097931C97129ACF5090
:1038B80097588E61D3813585088D2090C34F7450F9
:1038C800475273536F6049635F672C6EB38D1F90C7
:1038D800D74F5E5CCA8CCF659A7D525396887651D5
:1038E800C363585B6B5B0A5C0D6451675C90D64E92
:1038F8001A592A59706C518A3E551558A559F060C5
:103908005362C167358255694096C499289A534FC6
:103918000658FE5B1080B15C2F5E855F20604B61AE
:103928003462FF66F06CDE6ECE807F81D4828B8835
:10393800B88C00902E908A96DB9EDB9BE34EF0536A
:1039480027592C7B8D914C98F99DDD6E2770535328
:103958004455855B58629E62D362A26CEF6F2274F5
:10396800178A3894C16FFE8A3883E751F886EA537C
:10397800E953464F5490B08F6A593181FD5DEA7A18
:10398800BF8FDA68378CF872489C3D6AB08A394E26
:10399800585306566657C562A263E6654E6BE16DDD
:1039A8005B6EAD70ED77EF7AAA7BBB7D3D80C680FC
:1039B800CB86958A5B93E356C7583E5FAD6596669E
:1039C800806AB56B3775C78A2450E57730571B5F17
:1039D80065607A66606CF4751A7A6E7FF481188770
:1039E8004590B399C97B5C75F97A517BC484109072
:1039F800E979927A3683E15A40772D4EF24E995BF7
:103A0800E05FBD623C66F167E86C6B8677883B8A4D
:103A18004E91F392D099176A26702A73E7825784D9
:103A2800AF8C014E4651CB518B55F55B165E335E1C
:103A3800815E145F355F6B5FB45FF2611163A266EC
:103A48001D676E6F52723A753A7774803981788142
:103A58007687BF8ADC8A858DF38D9A92779502984E
:103A6800E59CC5525763F4761567886CCD73C38C93
:103A7800AE937396256D9C580E69CC69FD8F9A9309
:103A8800DB751A905A580268B463FB69434F2C6F70
:103A9800D867BB8F2685B47D54933F69706F6A578A
:103AA800F7582C5B2C7D2A720A54E391B49DAD4ED5
:103AB8004E4F5C50755043529E8C485424589A5B24
:103AC8001D5E955EAD5EF75E1F5F8C60B5623A6302
:103AD800D063AF68406C87788E790B7AE07D478237
:103AE800028AE68A448E1390B8902D91D8910E9F41
:103AF800E56C5864E2647565F46E84761B7B6990A6
:103B0800D193BA6EF254B95FA4644D8FED8F44928D
:103B180078516B582959555C975EFB6D8F7E1C75E3
:103B2800BC8CE28E5B98B9701D4FBF6BB16F30755E
:103B3800FB964E51105435585758AC59605C925FFB
:103B480097655C67216E7B76DF83ED8C1490FD9022
:103B58004D9325783A78AA52A65E1F577459126079
:103B680012505A51AC51CD51005210555458585812
:103B78005759955BF65C8B5DBC6095622D647167E7
:103B88004368BC68DF68D776D86D6F6E9B6D6F70C1
:103B9800C871535FD8757779497B547B527BD67C43
:103BA800717D305263846985E4850E8A048B468C66
:103BB8000F8E03900F90199476962D98309AD89579
:103BC800CD50D5520C5402580E5CA7619E641E6DF0
:103BD800B377E57AF480048453908592E05C079D7E
:103BE8003F53975FB35F9C6D79726377BF79E47BCE
:103BF800D26BEC72AD8A0368616AF851817A3469D4
:103C08004A5CF69CEB82C55B49911E7078566F5CE6
:103C1800C76066658C6C5A8C419013985154C7667E
:103C28000D924859A39085514D4EEA5199850E8BB6
:103C380058707A634B936269B499047E77755753C9
:103C48006069DF8EE3965D6C8C4E3C5C105FE98F9B
:103C58000253D18C89807986FF5EE565734E655184
:103C680082593F5CEE97FB4E8A59CD5F8D8AE16F92
:103C7800B0796279E75B71842B73B171745EF55F1B
:103C88007B639A64C371987C434EFC5E4B4EDC5751
:103C9800A256A960C36F0D7DFD803381BF81B28FAD
:103CA8009789A486F45D8A62AD6487897767E26C38
:103CB8003E6D36743478465A757FAD82AC99F34FB1
:103CC800C35EDD62926357656F67C3764C72CC80C2
:103CD800BA80298F4D910D50F957925A85687369AA
:103CE8006471FD72B78CF258E08C6A9619907F87E0
:103CF800E479E77729842F4F65525A53CD62CF670D
:103D0800CA6C7D76947B957C36828485EB8FDD66E4
:103D1800206F06721B7EAB83C199A69EFD51B17BB5
:103D28007278B87B8780487BE86A615E8C805175C1
:103D380060756B5162928C6E7A769791EA9A104F01
:103D4800707F9C624F7BA595E99C7A565958E4860A
:103D5800BC96344F24524A53CD53DB53065E2C6431
:103D680091657F673E6C4E6C4872AF72ED73547507
:103D7800417E2C82E985A98CC47BC6916971129811
:103D8800EF983D6369666A75E476D0784385EE8678
:103D98002A53515326548359875E7C5FB260496227
:103DA8007962AB629065D46BCC6CB275AE76917863
:103DB800D879CB7D777FA580AB88B98ABB8C7F907B
:103DC8005E97DB980B6A387C99503E5CAE5F8767DC
:103DD800D86B357409778E7F3B9FCA67177A39533A
:103DE8008B75ED9A665F9D81F18398803C5FC55F16
:103DF8006275467B3C906768EB599B5A107D7E76CE
:103E08002C8BF54F6A5F196A376C026FE274687918
:103E18006888558A798CDF5ECF63C575D279D78279
:103E28002893F2929C84ED862D9CC1546C5F8C651E
:103E38005C6D1570A78CD38C3B984F65F6740D4E4E
:103E4800D84EE0572B59665ACC5BA851035E9C5E4E
:103E5800166076627765A7656E666E6D3672267B2C
:103E680050819A8199825C8BA08CE68C748D1C960B
:103E78004496AE4FAB64666B1E8261846A85E89097
:103E8800015C5369A8987A8457850F4F6F52A95FD0
:103E9800455E0D678F79798107898689F56D175F8A
:103EA8005562B86CCF4E6972929B06523B54745659
:103EB800B358A4616E621A716E59897CDE7C1B7DD1
:103EC800F09687655E80194E754F75514058635E50
:103ED800735E0A5FC467264E3D8589955B96737C41
:103EE8000198FB50C1585676A7782552A5771185B9
:103EF800867B4F5009594772C77BE87DBA8FD48FAC
:103F08004D90BF4FC952295A015FAD97DD4F1782B7
:103F1800EA9203575563696B2B75DC88148F427AD4
:103F2800DF52935855610A62AE66CD6B3F7CE983D8
:103F38002350F84F05534654315849599D5BF05C5E
:103F4800EF5C295D965EB16267633E65B9650B6794
:103F5800D56CE16CF97032782B7EDE80B3820C84EC
:103F6800EC84028712892A8A4A8CA690D292FD98FC
:103F7800F39C6C9D4F4EA14E8D5056524A57A859EE
:103F88003D5ED85FD95F3F62B4661B67D067D26871
:103F98009251217DAA80A881008B8C8CBF8C7E9247
:103FA800329620542C981753D5505C53A858B264B5
:103FB800346767726677467AE691C352A16C866B5E
:103FC80000584C5E54592C67FB7FE151C6766964F2
:103FD800E878549BBB9ECB57B95927669A67CE6B36
:103FE800E954D969555E9C819567AA9BFE67529CE6
:103FF8005D68A64EE34FC853B9622B67AB6CC48F9C
:10400800AD4F6D7EBF9E074E6261806E2B6F13852C
:1040180073542A67459BF35D957BAC5CC65B1C8734
:104028004A6ED184147A088199598D7C116C207755
:10403800D952225921715F72DB772797619D0B69ED
:104048007F5A185AA5510D547D540E66DF76F78FA6
:104058009892F49CEA595D72C56E4D51C968BF7D4E
:10406800EC7D6297BA9E7864216A028384595F5B0B
:10407800DB6B1B73F276B27D178099843251286707
:10408800D99EEE766267FF520599245C3B627E7C7E
:10409800B08C4F55B6600B7D809501535F4EB6517D
:1040A8001C593A723680CE91255FE2778453795F46
:1040B800047DAC85338A8D8E5697F367AE8553940D
:1040C80009610861B96C5276ED8A388F2F55514FC6
:1040D8002A51C752CB53A55B7D5EA0608261D6632F
:1040E8000967DA67676E8C6D367337733175507987
:1040F800D588988A4A909190F590C4968D871559DD
:10410800884E594F0E4E898A3F8F1098AD507C5E6D
:104118009659B95BB85EDA63FA63C164DC664A69CA
:10412800D8690B6DB66E94712875AF7A8A7F008056
:104138004984C9848189218B0A8E65907D960A9964
:104148007E619162326B836C746DCC7FFC7FC06D35
:10415800857FBA87F8886567B1833C98F7961B6DA9
:10416800617D3D846A91714E7553505D046BEB6FB0
:10417800CD852D86A78929520F54655C4E67A8689E
:1041880006748374E275CF88E188CC91E2967896BC
:104198008B5F8773CB7A4E84A06365758952416DB6
:1041A8009C6E097459756B78927C8696DC7A8D9F23
:1041B800B64F6E61C5655C86864EAE4EDA50214EAE
:1041C800CC51EE5B99658168BC6D1F734276AD7703
:1041D8001C7AE77C6F82D28A7C90CF91759618986A
:1041E8009B52D17D2B5098539767CB6DD071337408
:1041F800E8812A8FA396579C9F9E60744158996DB9
:104208002F7D5E98E44E364F8B4FB751B152BA5D51
:104218001C60B2733C79D3823492B796F6960A97AB
:10422800979E629FA666746B1752A352C870C28885
:10423800C95E4B609061236F49713E7CF47D6F804D
:10424800EE8423902C9342546F9BD36A8970C28C5E
:10425800EF8D3297B452415ACA5E045F17677C6982
:1042680094696A6D0F6F6272FC72ED7B01807E80CB
:104278004B87CE906D51939E84798B803293D68AEA
:104288002D508C54718A6A6BC48C0781D160A067E9
:10429800F29D994E984E109C6B8AC185688500697D
:1042A8007E6E9778558100000A0001000200030025
:1042B8000400050006000700080009000A000B00BA
:1042C8000C000D000E000F00100000002020202020
:1042D80020202020202020202020202020202020D6
:1042E8002020202020202020202020200000000046
:1042F8001F001C20000000001421000002001624EA
:10430800000000001425000002001528000000002D
:10431800112900000000142A00000000182B0000DA
:104328000000142C00000000102D00000000142EC6
:10433800000001000C3000000900143A00000100E0
:10434800183C00000200143F000001000341000077
:104358001900155B00000000145C00000000115DEE
:1043680000000000175E000000000F5F0000000062
:10437800176000000000036100001900157B0000B1
:104388000000187C00000000117D00000000187E6D
:1043980000000000007F000020001CA000000000BA
:1043A80014A10000000016A20000030019A60000D6
:1043B800000014A70000000017A80000000019A9B9
:1043C8000000000006AA0000000013AB0000000077
:1043D80018AC0000000001AD0000000019AE00009C
:1043E800000017AF0000000019B00000000018B16D
:1043F800000000000EB20000010017B40000000029
:1044080003B50000000014B60000010017B8000052
:1044180000000EB90000000006BA0000000012BB40
:10442800000000000EBC0000020014BF00000000E5
:1044380003C00000160018D70000000003D80000D1
:10444800060004DF0000000003E00000160018F773
:104458000000000003F800003F00043801000000DD
:10446800033901000F00044901000000034A01005C
:104478004200048D01000000038E01000C00049B23
:1044880001000000039C01000D0004AA01000100C6
:1044980003AC01000D0004BA0100000006BB0100D6
:1044A800000003BC0100010004BE0100000003BFBE
:1044B8000100000006C00100030003C40100000061
:1044C80007C50100000003C60100010007C801007C
:1044D800000003C90100010007CB0100000003CC64
:1044E8000100230004F00100000003F101000000B6
:1044F80007F20100000003F301002D00042102006F
:104508000000032202001100043402000500033AEF
:1045180002001A00045502000000035602000100C0
:10452800045802000000035902000000045A020067
:104538000000035B02000100045D0200020003604A
:104548000200010004620200000003630200000090
:104558000464020000000365020001000467020011
:104568000000036802000400046D02000100036FEC
:104578000200000004700200000003710200010044
:1045880004730200010003750200000004760200B3
:104598000600037D02000000047E02000100038083
:1045A80002000000048102000000038202000100F2
:1045B800048402000200038702000500048D020043
:1045C8000400039202000000049302000000069415
:1045D80002000000049502000700039D020001008C
:1045E800049F0200100005B00200110017C202006B
:1045F800030005C602000B0017D202000D0005E0FB
:104608000200040017E50200060005EC02000000A5
:1046180017ED0200000005EE0200000017EF02008F
:1046280010000B0003006F00037003000300057403
:104638000300000017750300000003760300010063
:10464800057A03000000037B03000200147E0300C8
:104658000000037F030000001784030001000386A5
:104668000300000014870300000003880300020011
:10467800038C03000000038E030001000490030074
:10468800000003910300100003A303000C0004B012
:104698000300000003B10300200008D20300020059
:1046A80003D50300200018F60300000003F70300F9
:1046B800040004FC0300000003FD030084001982C9
:1046C800040000000B83040004000A8804000100B1
:1046D800038A0400A50003310500250005590500DB
:1046E8000000145A0500050004600500000003617D
:1046F8000500250004870500010014890500000055
:10470800108A05000000198D05000100168F0500AC
:1047180000000B9105002C0010BE050000000BBF27
:104728000500000014C0050000000BC105000100D1
:1047380014C3050000000BC40500010014C60500E1
:1047480000000BC70500000006D005001A0006EFA0
:104758000500030014F30500010001000600050030
:10476800180606000200140906000100160B0600D0
:104778000000140C06000100190E060001000B10C1
:1047880006000A00141B06000000011C06000000B9
:10479800141D06000200062006001F000540060042
:1047A80000000641060009000B4B060014000C60CF
:1047B80006000900146A06000300066E06000100E0
:1047C8000B700600000006710600620014D4060093
:1047D800000006D5060000000BD60600060001DD25
:1047E8000600000019DE060000000BDF06000500C9
:1047F80005E5060001000BE70600010019E90600BF
:1048080000000BEA0600030006EE060001000CF0AB
:104818000600090006FA0600020019FD060001005C
:1048280006FF06000000140007000D00010F070036
:1048380000000610070000000B1107000000061218
:1048480007001D000B3007001A00064D070058002E
:104858000BA607000A0006B1070000000CC00700FD
:10486800090006CA070020000BEB0700080005F442
:104878000700010019F60700000014F707000200FE
:1048880005FA070000000BFD0700000016FE0700F0
:1048980001000600080015000B1608000300051AA1
:1048A800080000000B1B0800080005240800000091
:1048B8000B25080002000528080000000B29080045
:1048C8000400143008000E000640080018000B59B8
:1048D80008000200145E08000000066008000A00D4
:1048E80006700800170017880800000006890800ED
:1048F80005000190080001000B980800070006A0B9
:104908000800280005C9080000000BCA08001700A5
:1049180001E2080000000BE308001F00090309007A
:1049280000000604090035000B3A09000000093BA5
:10493800090000000B3C09000000063D09000000CA
:10494800093E090002000B41090007000949090056
:1049580003000B4D09000000094E09000100065034
:10496800090000000B51090006000658090009005B
:104978000B62090001001464090001000C660900BB
:104988000900147009000000057109000000067292
:1049980009000E000B8109000000098209000100CE
:1049A800068509000700068F090001000693090023
:1049B800150006AA0900060006B20900000006B69E
:1049C800090003000BBC0900000006BD0900000037
:1049D80009BE090002000BC10900030009C709004C
:1049E800010009CB090001000BCD0900000006CE2B
:1049F8000900000009D70900000006DC09000100D1
:104A080006DF090002000BE2090001000CE60900BC
:104A1800090006F00900010016F2090001000EF471
:104A28000900050019FA0900000016FB090000003A
:104A380006FC0900000014FD090000000BFE090037
:104A480000000B010A00010009030A000000060526
:104A58000A000500060F0A00010006130A001500E7
:104A6800062A0A00060006320A00010006350A0076
:104A7800010006380A0001000B3C0A000000093E4C
:104A88000A0002000B410A0001000B470A0001005E
:104A98000B4B0A0002000B510A00000006590A00DD
:104AA8000300065E0A0000000C660A0009000B708D
:104AB8000A00010006720A0002000B750A000000D5
:104AC80014760A0000000B810A00010009830A001D
:104AD800000006850A000800068F0A0002000693F7
:104AE8000A00150006AA0A00060006B20A0001001C
:104AF80006B50A0004000BBC0A00000006BD0A0047
:104B0800000009BE0A0002000BC10A0004000BC71E
:104B18000A00010009C90A00000009CB0A000100C7
:104B28000BCD0A00000006D00A00000006E00A00CB
:104B380001000BE20A0001000CE60A00090014F06B
:104B48000A00000016F10A00000006F90A00000039
:104B58000BFA0A0005000B010B00000009020B000C
:104B6800010006050B000700060F0B0001000613E5
:104B78000B001500062A0B00060006320B00010088
:104B880006350B0004000B3C0B000000063D0B0033
:104B98000000093E0B0000000B3F0B00000009401D
:104BA8000B0000000B410B00030009470B0001003C
:104BB800094B0B0001000B4D0B0000000B550B00BF
:104BC800010009570B000000065C0B000100065F9E
:104BD8000B0002000B620B0001000C660B000900C1
:104BE80019700B00000006710B0000000E720B001C
:104BF80005000B820B00000006830B0000000685F1
:104C08000B000500068E0B00020006920B00030045
:104C180006990B000100069C0B000000069E0B0085
:104C2800010006A30B00010006A80B00020006AE57
:104C38000B000B0009BE0B0001000BC00B000000AD
:104C480009C10B00010009C60B00020009CA0B00CC
:104C580002000BCD0B00000006D00B00000009D7A6
:104C68000B0000000CE60B0009000EF00B00020020
:104C780019F30B00050016F90B00000019FA0B00D8
:104C880000000B000C00000009010C0002000B04DE
:104C98000C00000006050C000700060E0C000200C0
:104CA80006120C001600062A0C000F000B3C0C0024
:104CB8000000063D0C0000000B3E0C0002000941FC
:104CC8000C0003000B460C0002000B4A0C0003000A
:104CD8000B550C00010006580C000200065D0C0084
:104CE800000006600C0001000B620C0001000C665D
:104CF8000C00090014770C0000000E780C00060068
:104D0800197F0C00000006800C0000000B810C00CD
:104D1800000009820C00010014840C0000000685C4
:104D28000C000700068E0C00020006920C0016000C
:104D380006AA0C00090006B50C0004000BBC0C0008
:104D4800000006BD0C00000009BE0C0000000BBFEF
:104D58000C00000009C00C0004000BC60C00000089
:104D680009C70C00010009CA0C0001000BCC0C009B
:104D7800010009D50C00010006DD0C00010006E069
:104D88000C0001000BE20C0001000CE60C0009000D
:104D980006F10C0001000B000D00010009020D00D6
:104DA800010006040D000800060E0D0002000612A0
:104DB8000D0028000B3B0D000100063D0D00000012
:104DC800093E0D0002000B410D00030009460D00CD
:104DD8000200094A0D0002000B4D0D000000064EAE
:104DE8000D000000194F0D00000006540D000200D0
:104DF80009570D0000000E580D000600065F0D0053
:104E080002000B620D0001000C660D0009000E7017
:104E18000D00080019790D000000067A0D00050044
:104E28000B810D00000009820D00010006850D00B0
:104E38001100069A0D00170006B30D00080006BD04
:104E48000D00000006C00D0006000BCA0D00000092
:104E580009CF0D0002000BD20D0002000BD60D0089
:104E6800000009D80D0007000CE60D00090009F242
:104E78000D00010014F40D00000006010E002F00C3
:104E88000B310E00000006320E0001000B340E003C
:104E98000600163F0E00000006400E0005000546FD
:104EA8000E0000000B470E000700144F0E00000014
:104EB8000C500E000900145A0E00010006810E0065
:104EC800010006840E00000006860E000400068C11
:104ED8000E00170006A50E00000006A70E00090028
:104EE8000BB10E00000006B20E0001000BB40E005C
:104EF800080006BD0E00000006C00E00040005C62E
:104F08000E0000000BC80E0005000CD00E000900B2
:104F180006DC0E00030006000F00000019010F0058
:104F2800020014040F000E0019130F0000001414DF
:104F38000F00000019150F0002000B180F000100E8
:104F4800191A0F0005000C200F0009000E2A0F0087
:104F5800090019340F0000000B350F000000193646
:104F68000F0000000B370F00000019380F00000079
:104F78000B390F000000153A0F000000113B0F001D
:104F88000000153C0F000000113D0F000000093E15
:104F98000F00010006400F00070006490F0023001C
:104FA8000B710F000D00097F0F0000000B800F0030
:104FB800040014850F0000000B860F00010006880E
:104FC8000F0004000B8D0F000A000B990F0023003F
:104FD80019BE0F0007000BC60F00000019C70F000D
:104FE800050019CE0F00010014D00F00040019D5D8
:104FF8000F00030014D90F000100060010002A005A
:10500800092B100001000B2D1000030009311000BE
:1050180000000B32100005000938100000000B39A1
:1050280010000100093B100001000B3D10000100B9
:10503800063F100000000C4010000900144A100040
:1050480005000650100005000956100001000B5815
:1050580010000100065A100003000B5E1000020049
:1050680006611000000009621000020006651000C9
:105078000100096710000600066E100002000B719F
:1050880010000300067510000C000B8210000000D1
:105098000983100001000B8510000100098710002A
:1050A80005000B8D10000000068E10000000098F0F
:1050B800100000000C9010000900099A100002006E
:1050C8000B9D10000000199E1000010003A01000A5
:1050D800250003C71000000003CD1000000003D016
:1050E80010002A0014FB1000000005FC100000004E
:1050F80003FD10000200060011004801064A1200D4
:105108000300065012000600065812000000065A56
:1051180012000300066012002800068A120003002D
:1051280006901200200006B21200030006B8120012
:10513800060006C01200000006C21200030006C8DE
:1051480012000E0006D812003800061213000300E1
:105158000618130042000B5D1300020014601300D0
:1051680008000E6913001300068013000F00199041
:105178001300090003A01300550003F813000500ED
:10518800100014000000060114006B02196D1600CF
:105198000000146E16000000066F160010001C8038
:1051A80016000000068116001900159B1600000065
:1051B800119C1600000006A016004A0014EB160009
:1051C80002000DEE1600020006F1160007000600A8
:1051D800170011000B121700020009151700000034
:1051E800061F170012000B321700010009341700C0
:1051F80000001435170001000640170011000B527B
:1052080017000100066017000C00066E1700020068
:105218000B72170001000680170033000BB417004B
:10522800010009B6170000000BB71700060009BEF9
:10523800170007000BC61700000009C71700010078
:105248000BC917000A0014D41700020005D717006D
:10525800000014D81700020016DB1700000006DC57
:10526800170000000BDD170000000CE01700090014
:105278000EF01700090014001800050010061800A9
:1052880000001407180003000B0B18000200010EA1
:10529800180000000B0F180000000C10180009007F
:1052A80006201800220005431800000006441800D4
:1052B80034000680180004000B85180001000687DA
:1052C800180021000BA91800000006AA1800000009
:1052D80006B018004500060019001E000B20190032
:1052E80002000923190003000B27190001000929EE
:1052F800190002000930190001000B3219000000E2
:105308000933190005000B3919000200194019006A
:1053180000001444190001000C4619000900065049
:1053280019001D00067019000400068019002B00E2
:1053380006B0190019000CD0190009000EDA19007E
:10534800000019DE1900210006001A0016000B17CC
:105358001A00010009191A0001000B1B1A000000AD
:10536800141E1A00010006201A00340009551A00FC
:1053780000000B561A00000009571A0000000B58CD
:105388001A0006000B601A00000009611A000000EC
:105398000B621A00000009631A0001000B651A006D
:1053A8000700096D1A0005000B731A0009000B7F2E
:1053B8001A0000000C801A0009000C901A0009005D
:1053C80014A01A00060005A71A00000014A81A0065
:1053D80005000BB01A000D000ABE1A0000000BBF32
:1053E8001A000F000B001B00030009041B0000003B
:1053F80006051B002E000B341B00000009351B009E
:1054080000000B361B000400093B1B0000000B3C8E
:105418001B000000093D1B0004000B421B0000009C
:1054280009431B00010006451B0007000C501B0028
:105438000900145A1B00060019611B0009000B6BB8
:105448001B00080019741B000800147D1B000100D4
:105458000B801B00010009821B00000006831B0053
:105468001D0009A11B0000000BA21B00030009A6D8
:105478001B0001000BA81B00010009AA1B0000006B
:105488000BAB1B00020006AE1B0001000CB01B009A
:10549800090006BA1B002B000BE61B00000009E7F9
:1054A8001B0000000BE81B00010009EA1B000200BA
:1054B8000BED1B00000009EE1B0000000BEF1B00AA
:1054C800020009F21B00010014FC1B000300060087
:1054D8001C00230009241C0007000B2C1C000700DB
:1054E80009341C0001000B361C000100143B1C0091
:1054F80004000C401C000900064D1C0002000C5062
:105508001C000900065A1C001D0005781C00050037
:10551800147E1C00010003801C00080003901C007E
:105528002A0003BD1C00020014C01C0007000BD099
:105538001C00020014D31C0000000BD41C000C003B
:1055480009E11C0000000BE21C00060006E91C0033
:1055580003000BED1C00000006EE1C0005000BF418
:105568001C00000006F51C00010009F71C000000E3
:105578000BF81C00010006FA1C00000004001D00C6
:105588002B00052C1D003E00046B1D000C00057847
:105598001D00000003791D000000047A1D000200B0
:1055A800037D1D000000047E1D000F00038E1D00FA
:1055B8000000048F1D000B00059B1D0024000BC07C
:1055C8001D003F0003001E00950004961E00040005
:1055D800039B1E000000049C1E000100039E1E0089
:1055E8000000049F1E00000003A01E0075000318A1
:1055F8001F00050003201F00250003481F000500A9
:1056080004501F00000003511F00000004521F0037
:10561800000003531F00000004541F00000003553E
:105628001F00000004561F00000003571F00000061
:1056380003591F000000035B1F000000035D1F00EB
:105648000000035F1F001E0003801F00070007887B
:105658001F00070003901F00070007981F0007009E
:1056680003A01F00070007A81F00070003B01F00C2
:10567800010004B21F00000003B31F00000004B4BF
:105688001F00000004B61F00010003B81F0003003C
:1056980007BC1F00000017BD1F00000003BE1F004D
:1056A800000017BF1F00020004C21F00000003C350
:1056B8001F00000004C41F00000004C61F000100F2
:1056C80003C81F00030007CC1F00000017CD1F00F0
:1056D800020003D01F00010004D21F00010004D6FD
:1056E8001F00010003D81F00030017DD1F00020080
:1056F80003E01F00010004E21F00020003E51F0091
:10570800000004E61F00010003E81F00040017ED75
:105718001F00020004F21F00000003F31F00000036
:1057280004F41F00000004F61F00010003F81F0026
:10573800030007FC1F00000017FD1F0001001C00EC
:1057480020000A00010B20000400101020000500B2
:105758001416200001001318200000001219200060
:105768000000151A20000000131B20000100121D64
:1057780020000000151E20000000131F200000005C
:105788001420200007001A28200000001B292000F0
:105798000000012A200004001C2F20000000143003
:1057A80020000800133920000000123A20000000F1
:1057B800143B200003000F3F20000100144120008B
:1057C8000200184420000000154520000000114682
:1057D80020000000144720000A0018522000000092
:1057E8001453200000000F5420000000145520001E
:1057F80009001C5F20000000016020000400016611
:10580800200009000E702000000005712000000033
:105818000E7420000500187A20000200157D200073
:105828000000117E20000000057F200000000E808F
:1058380020000900188A20000200158D20000000B1
:10584800118E20000000059020000C0016A02000FA
:1058580020000BD020000C000ADD200003000BE123
:10586800200000000AE2200002000BE520000B00E7
:10587800190021000100080221000000190321007D
:105888000300080721000000190821000100040A8C
:1058980021000000080B21000200040E2100010075
:1058A800081021000200041321000000191421002F
:1058B8000000081521000000191621000100181821
:1058C80021000000081921000400191E210005000C
:1058D80008242100000019252100000003262100CA
:1058E80000001927210000000828210000001929BC
:1058F80021000000032A21000100082C21000100DA
:10590800192E21000000042F21000000083021007A
:105918000100033221000000083321000000043494
:105928002100000006352100030004392100000091
:10593800193A21000100043C21000100083E210021
:105948000100184021000400084521000000044619
:1059580021000300194A21000000184B2100000013
:10596800194C21000100034E21000000194F2100AD
:1059780000000E5021000F000D602100220003835B
:10598800210001000D85210003000E89210000007F
:10599800198A21000100189021000400199521009E
:1059A8000400189A21000100199C2100030018A086
:1059B8002100000019A12100010018A32100000006
:1059C80019A42100010018A62100000019A7210030
:1059D800060018AE2100000019AF21001E0018CEE5
:1059E8002100010019D02100010018D22100000077
:1059F80019D32100000018D42100000019D5210076
:105A08001E0018F421000B011900230007001508D7
:105A180023000000110923000000150A23000000DC
:105A2800110B23000000190C230013001820230079
:105A38000100192223000600152923000000112A5D
:105A480023000000192B23005000187C23000000BD
:105A5800197D23001D00189B2300180019B423008A
:105A6800270018DC2300050019E223004400194030
:105A780024000A000E6024003B00199C24004D00FD
:105A88000EEA2400150019002500B60018B72500F5
:105A9800000019B82500080018C12500000019C227
:105AA8002500350018F825000700190026006E00AB
:105AB800186F2600000019702600F70015682700E7
:105AC8000000116927000000156A27000000116B0B
:105AD80027000000156C27000000116D270000004A
:105AE800156E27000000116F2700000015702700B1
:105AF80000001171270000001572270000001173C3
:105B08002700000015742700000011752700000009
:105B18000E7627001D00199427002B0018C02700B7
:105B2800040015C52700000011C62700000018C78B
:105B380027001E0015E62700000011E727000000D7
:105B480015E82700000011E92700000015EA2700E2
:105B5800000011EB2700000015EC2700000011EDF4
:105B68002700000015EE2700000011EF27000000B5
:105B780018F027000F0019002800FF00180029005E
:105B88008200158329000000118429000000158572
:105B9800290000001186290000001587290000004F
:105BA800118829000000158929000000118A2900A0
:105BB8000000158B29000000118C29000000158DAC
:105BC80029000000118E29000000158F290000000F
:105BD8001190290000001591290000001192290058
:105BE8000000159329000000119429000000159564
:105BF80029000000119629000000159729000000CF
:105C0800119829000000189929003E0015D829008C
:105C1800000011D92900000015DA2900000011DB65
:105C28002900000018DC29001F0015FC29000000CD
:105C380011FD2900000018FE2900010119002B00A0
:105C48002F0018302B00140019452B0001001847AD
:105C58002B000500194D2B00260019762B001F007C
:105C680019972B00680003002C00700004712C00A9
:105C7800000003722C00010004742C00000003755E
:105C88002C00010004772C000400057C2C00010086
:105C9800037E2C00650004E42C00000019E52C00AC
:105CA800050003EB2C0003000BEF2C00020003F2AD
:105CB8002C00010014F92C0003000EFD2C0000003C
:105CC80014FE2C00010003002D00250003272D00E1
:105CD8000000032D2D00000006302D003700056F51
:105CE8002D00000014702D0000000B7F2D00000017
:105CF80006802D00160006A02D00060006A82D001F
:105D0800060006B02D00060006B82D00060006C0E5
:105D18002D00060006C82D00060006D02D0006003E
:105D280006D82D0006000BE02D001F0014002E00E1
:105D3800010013022E00000012032E0000001304BD
:105D48002E00000012052E00000014062E0002008E
:105D580013092E000000120A2E000000140B2E005A
:105D68000000130C2E000000120D2E000000140E6F
:105D78002E00080010172E00000014182E00010035
:105D8800101A2E000000141B2E000000131C2E00F9
:105D98000000121D2E000000141E2E00010013200A
:105DA8002E00000012212E00000015222E000000F7
:105DB80011232E00000015242E00000011252E00AE
:105DC800000015262E00000011272E0000001528BF
:105DD8002E00000011292E000000142A2E000400B5
:105DE800052F2E00000014302E000900103A2E0056
:105DF8000100143C2E00030010402E000000144146
:105E08002E00000015422E00000014432E000C0046
:105E180019502E00010014522E00020015552E00B4
:105E2800000011562E00000015572E0000001158D2
:105E38002E00000015592E000000115A2E000000F7
:105E4800155B2E000000115C2E000000105D2E0076
:105E5800000019802E001900199B2E005800190007
:105E68002F00D50019F02F000B001C003000000097
:105E7800140130000200190430000000050530004C
:105E880000000606300000000D073000000015086D
:105E980030000000110930000000150A3000000031
:105EA800110B30000000150C30000000110D3000FF
:105EB8000000150E30000000110F30000000151012
:105EC80030000000111130000000191230000100EC
:105ED80015143000000011153000000015163000B0
:105EE80000001117300000001518300000001119CB
:105EF80030000000151A30000000111B30000000AF
:105F0800101C30000000151D30000000111E30006C
:105F180001001920300000000D21300008000B2A74
:105F280030000300092E300001001030300000005E
:105F38000531300004001936300001000D383000FA
:105F48000200053B30000000063C30000000143D14
:105F580030000000193E30000100064130005500B5
:105F68000B9930000100179B30000100059D30009F
:105F78000100069F3000000010A03000000006A1BC
:105F88003000590014FB3000000005FC300002000E
:105F980006FF30000000060531002A0006313100F6
:105FA8005D001990310001000E923100030019962E
:105FB8003100090006A031001F0019C0310023007C
:105FC80006F031000F00190032001E000E203200CA
:105FD8000900192A32001D000E4832000700195026
:105FE800320000000E5132000E00196032001F000E
:105FF8000E8032000900198A320026000EB13200E4
:106008000E0019C032003F0106003400BF1919C044
:106018004D003F0006004E0014520515A000000078
:106028000616A00076041990A400360006D0A40035
:10603800270005F8A400050014FEA40001000600CE
:10604800A5000B01050CA6000000140DA600020017
:106058000610A6000F000C20A6000900062AA600BC
:1060680001000340A6002D00066EA60000000B6F7D
:10607800A60000000A70A60002001473A600000023
:106088000B74A6000900147EA6000000057FA60078
:1060980000000380A6001B00059CA60001000B9EC3
:1060A800A600010006A0A60045000DE6A60009000E
:1060B8000BF0A600010014F2A60005001700A700C7
:1060C80016000517A70008001720A70001000322E3
:1060D800A7000D000430A70001000332A7003D000F
:1060E8000570A70000000471A70007000379A70046
:1060F8000E000588A70000001789A7000100038B80
:10610800A7000200048EA7000000068FA700000069
:106118000390A70004000495A70000000396A700B9
:10612800180004AFA700000003B0A7001A0003D0AE
:10613800A700010004D3A700000004D5A7000000B1
:1061480003D6A700030005F2A700020003F5A70085
:10615800010006F7A700000005F8A700010004FAEF
:10616800A700000006FBA70006000B02A80000001D
:106178000603A80002000B06A80000000607A800F6
:1061880003000B0BA8000000060CA800160009234A
:10619800A80001000B25A80001000927A80000009D
:1061A8001928A80003000B2CA80000000E30A80036
:1061B80005001936A80001001638A8000000193992
:1061C800A80000000640A80033001474A8000300CB
:1061D8000980A80001000682A800310009B4A800BF
:1061E8000F000BC4A800010014CEA80001000CD0B9
:1061F800A80009000BE0A800110006F2A80005009D
:1062080014F8A800020006FBA800000014FCA8006F
:10621800000006FDA80001000BFFA80000000C000C
:10622800A9000900060AA9001B000B26A9000700FF
:10623800142EA90001000630A90016000B47A9007A
:106248000A000952A9000100145FA90000000660B5
:10625800A9001C000B80A90002000983A900000006
:106268000684A9002E000BB3A900000009B4A900F8
:1062780001000BB6A900030009BAA90001000BBC74
:10628800A900010009BEA900020014C1A9000C0060
:1062980005CFA90000000CD0A900090014DEA90050
:1062A800010006E0A90004000BE5A900000005E6CE
:1062B800A900000006E7A90008000CF0A9000900E1
:1062C80006FAA90004000600AA0028000B29AA0063
:1062D8000500092FAA0001000B31AA0001000933AB
:1062E800AA0001000B35AA0001000640AA0002001E
:1062F8000B43AA0000000644AA0007000B4CAA00A2
:106308000000094DAA0000000C50AA000900145C06
:10631800AA0003000660AA000F000570AA0000008A
:106328000671AA0005001977AA000200067AAA00D9
:106338000000097BAA0000000B7CAA000000097D70
:10634800AA000000067EAA0031000BB0AA000000D7
:1063580006B1AA0000000BB2AA00020006B5AA0006
:1063680001000BB7AA00010006B9AA0004000BBE81
:10637800AA00010006C0AA0000000BC1AA00000084
:1063880006C2AA00000006DBAA00010005DDAA007B
:10639800000014DEAA00010006E0AA000A0009EBCA
:1063A800AA0000000BECAA00010009EEAA000100F7
:1063B80014F0AA00010006F2AA00000005F3AA00E2
:1063C800010009F5AA0000000BF6AA00000006016A
:1063D800AB0005000609AB0005000611AB0005007F
:1063E8000620AB0006000628AB0006000430AB0010
:1063F80022000353AB0000000454AB000600175BF7
:10640800AB000000055CAB0003000460AB000800B3
:106418000569AB000000176AAB0001000370AB0010
:106428004F0006C0AB00220009E3AB0001000BE5FA
:10643800AB00000009E6AB0001000BE8AB00000070
:1064480009E9AB00010014EBAB00000009ECAB005C
:1064580000000BEDAB0000000CF0AB0009000600DB
:10646800AC00A32B06B0D700160006CBD70030002F
:106478000200D800FF070600F9006D010670FA0057
:1064880069000400FB0006000413FB000400061D5D
:10649800FB0000000B1EFB000000061FFB000900AC
:1064A8001829FB000000062AFB000C000638FB0038
:1064B8000400063EFB0000000640FB000100064306
:1064C800FB0001000646FB006B0017B2FB00100042
:1064D80006D3FB006A01113EFD000000153FFD00D8
:1064E80000001940FD000F000650FD003F00069215
:1064F800FD00350019CFFD00000006F0FD000B007F
:1065080016FCFD00000019FDFD0002000B00FE0056
:106518000F001410FE0006001517FE0000001118E9
:10652800FE0000001419FE0000000B20FE000F0002
:106538001430FE0000001031FE0001000F33FE0091
:1065480001001535FE0000001136FE000000153769
:10655800FE0000001138FE0000001539FE000000A2
:10656800113AFE000000153BFE000000113CFE0041
:106578000000153DFE000000113EFE000000153F22
:10658800FE0000001140FE0000001541FE00000062
:106598001142FE0000001543FE0000001144FE00F9
:1065A80000001445FE0001001547FE0000001148D8
:1065B800FE0000001449FE0003000F4DFE0002001B
:1065C8001450FE0002001454FE0003001058FE0090
:1065D80000001559FE000000115AFE000000155B6E
:1065E800FE000000115CFE000000155DFE000000CA
:1065F800115EFE000000145FFE0002001862FE003B
:1066080000001063FE0000001864FE000200146819
:10661800FE0000001669FE000000146AFE0001007A
:106628000670FE0004000676FE00860001FFFE00EC
:1066380000001401FF0002001604FF00000014050A
:10664800FF0002001508FF0000001109FF0000000C
:10665800140AFF000000180BFF000000140CFF00D4
:106668000000100DFF000000140EFF0001000C10C8
:10667800FF000900141AFF000100181CFF000200A7
:10668800141FFF0001000321FF001900153BFF0044
:106698000000143CFF000000113DFF000000173E01
:1066A800FF0000000F3FFF0000001740FF00000040
:1066B8000341FF001900155BFF000000185CFF0094
:1066C8000000115DFF000000185EFF000000155F6C
:1066D800FF0000001160FF0000001461FF000000CF
:1066E8001562FF0000001163FF0000001464FF0042
:1066F80001000666FF0009000570FF000000067132
:10670800FF002C00059EFF00010006A0FF001E00F0
:1067180006C2FF00050006CAFF00050006D2FF00FA
:10672800050006DAFF00020016E0FF00010018E28B
:10673800FF00000017E3FF00000019E4FF0000005D
:1067480016E5FF00010019E8FF00000018E9FF0046
:10675800030019EDFF00010001F9FF00020019FC18
:10676800FF000100060000010B00060D00011900E2
:10677800062800011200063C00010100063F000146
:106788000E00065000010D00068000017A0014007A
:10679800010102000E0701012C0019370101080050
:1067A8000D40010134000E75010103001979010142
:1067B80010000E8A01010100198C010102001990D4
:1067C80001010C0019A00101000019D001012C00E1
:1067D8000BFD01010000068002011C0006A0020159
:1067E80030000BE0020100000EE102011A00060071
:1067F80003011F000E2003010300062D03011300EF
:106808000D41030100000642030107000D4A030180
:1068180000000650030125000B76030104000680E2
:1068280003011D00149F0301000006A003012300BB
:1068380006C80301070014D0030100000DD10301AD
:106848000400030004014F00065004014D000CA091
:106858000401090003B00401230003D80401230044
:10686800060005012700063005013300146F0501F5
:106878000000037005010A00037C05010E00038C6B
:1068880005010600039405010100039705010A00AC
:1068980003A305010E0003B30501060003BB0501B0
:1068A80001000600060136010640070115000660D2
:1068B8000701070005800701050005870701290072
:1068C80005B20701080006000801050006080801CE
:1068D8000000060A08012B00063708010100063CE3
:1068E80008010000063F08011600145708010000BF
:1068F8000E580801070006600801160019770801FC
:1069080001000E7908010600068008011E000EA786
:106918000801080006E00801120006F40801010059
:106928000EFB080104000600090115000E160901F6
:106938000500141F09010000062009011900143F71
:10694800090100000680090137000EBC0901010099
:1069580006BE090101000EC009010F000ED209018F
:106968002D0006000A0100000B010A0102000B05B8
:106978000A0101000B0C0A01030006100A010300BA
:1069880006150A01020006190A011C000B380A0143
:1069980002000B3F0A0100000E400A0108001450D3
:1069A8000A01080006600A011C000E7D0A010100A8
:1069B800147F0A01000006800A011C000E9D0A01CE
:1069C800020006C00A01070019C80A01000006C92A
:1069D8000A011B000BE50A0101000EEB0A01040085
:1069E80014F00A01060006000B01350014390B01EA
:1069F800060006400B0115000E580B010700066043
:106A08000B0112000E780B01070006800B01110024
:106A180014990B0103000EA90B01060006000C01D6
:106A2800480003800C01320003C00C0132000EFA4A
:106A38000C01050006000D0123000B240D010300C5
:106A48000C300D0109000E600E011E0006800E01BB
:106A580029000BAB0E01010010AD0E01000006B0BD
:106A68000E01010006000F011C000E1D0F01090098
:106A780006270F01000006300F0115000B460F0115
:106A88000A000E510F01030014550F01040006708F
:106A98000F0111000B820F01030014860F01030080
:106AA80006B00F0114000EC50F01060006E00F0125
:106AB80016000900100100000B0110010000090276
:106AC800100100000603100134000B3810010E00FD
:106AD8001447100106000E52100113000C66100135
:106AE80009000B70100100000671100101000B7302
:106AF800100101000675100100000B7F1001020053
:106B0800098210010000068310012C0009B0100151
:106B180002000BB31001030009B7100101000BB903
:106B28001001010014BB1001010001BD100100009B
:106B380014BE100103000BC21001000001CD1001AA
:106B4800000006D0100118000CF0100109000B001D
:106B5800110102000603110123000B271101040093
:106B6800092C110100000B2D110107000C36110131
:106B780009001440110103000644110100000945F1
:106B88001101010006471101000006501101220001
:106B98000B73110100001474110101000676110134
:106BA80000000B8011010100098211010000068319
:106BB80011012F0009B3110102000BB611010800E1
:106BC80009BF1101010006C11101030014C511011B
:106BD80003000BC91101030014CD1101000009CEF7
:106BE800110100000BCF110100000CD011010900A8
:106BF80006DA1101000014DB1101000006DC1101A6
:106C0800000014DD110102000EE11101130006005D
:106C180012011100061312011800092C12010200BA
:106C28000B2F120102000932120101000B3412016C
:106C380000000935120100000B361201010014385A
:106C4800120105000B3E1201000006801201060029
:106C5800068812010000068A12010300068F12013D
:106C68000E00069F1201090014A91201000006B0C7
:106C780012012E000BDF1201000009E012010200D0
:106C88000BE3120107000CF0120109000B001301BD
:106C98000100090213010100060513010700060F90
:106CA80013010100061313011500062A130106003B
:106CB8000632130101000635130104000B3B1301D2
:106CC8000100063D13010000093E130101000B40BD
:106CD80013010000094113010300094713010100D2
:106CE800094B130102000650130100000957130154
:106CF8000000065D130104000962130101000B6620
:106D0800130106000B70130104000600140134007F
:106D18000935140102000B38140107000940140159
:106D280001000B42140102000945140100000B4642
:106D380014010000064714010300144B1401040059
:106D48000C5014010900145A14010100145D1401B7
:106D580000000B5E14010000065F140102000680AB
:106D680014012F0009B0140102000BB3140105002F
:106D780009B9140100000BBA1401000009BB140181
:106D880003000BBF1401010009C1140100000BC26C
:106D98001401010006C41401010014C61401000006
:106DA80006C7140100000CD0140109000680150163
:106DB8002E0009AF150102000BB21501030009B836
:106DC800150103000BBC1501010009BE15010000E7
:106DD8000BBF1501010014C11501160006D81501D5
:106DE80003000BDC15010100060016012F00093015
:106DF800160102000B3316010700093B16010100BA
:106E08000B3D16010000093E160100000B3F16015C
:106E180001001441160102000644160100000C503E
:106E280016010900146016010C00068016012A00DC
:106E38000BAB1601000009AC160100000BAD1601E2
:106E4800000009AE160101000BB01601050009B6D5
:106E5800160100000BB71601000006B81601000065
:106E680014B9160100000CC016010900060017012C
:106E78001A000B1D170102000920170101000B223F
:106E8800170103000926170100000B27170104004A
:106E98000C30170109000E3A17010100143C1701C4
:106EA8000200193F170100000640170106000600FE
:106EB80018012B00092C180102000B2F18010800DB
:106EC8000938180100000B3918010100143B18019A
:106ED800000003A018013F000CE0180109000EEAA9
:106EE8001801080006FF180107000609190100002B
:106EF800060C1901070006151901010006181901E9
:106F080017000930190105000937190101000B3B69
:106F180019010100093D190100000B3E190100008B
:106F2800063F190100000940190100000641190136
:106F380000000942190100000B4319010000144424
:106F4800190102000C501901090006A019010700D7
:106F580006AA1901260009D1190102000BD419014A
:106F680003000BDA1901010009DC190103000BE029
:106F78001901000006E11901000014E219010000DE
:106F880006E31901000009E41901000006001A01CE
:106F980000000B011A010900060B1A0127000B3328
:106FA8001A01050009391A010000063A1A01000001
:106FB8000B3B1A010300143F1A0107000B471A0183
:106FC800000006501A0100000B511A01050009576C
:106FD8001A0101000B591A010200065C1A012D0062
:106FE8000B8A1A010C0009971A0100000B981A0164
:106FF8000100149A1A010200069D1A010000149E4D
:107008001A01040006B01A01480006001C01080015
:10701800060A1C012400092F1C0100000B301C016A
:1070280006000B381C010500093E1C0100000B3F3F
:107038001C01000006401C01000014411C01040052
:107048000C501C0109000E5A1C01120014701C017E
:10705800010006721C011D000B921C01150009A9F4
:107068001C0100000BAA1C01060009B11C0100004C
:107078000BB21C01010009B41C0100000BB51C0176
:10708800010006001D01060006081D010100060B8F
:107098001D0125000B311D0105000B3A1D010000E3
:1070A8000B3C1D0101000B3F1D01060006461D019A
:1070B80000000B471D0100000C501D01090006606F
:1070C8001D01050006671D010100066A1D011F005C
:1070D800098A1D0104000B901D01010009931D017F
:1070E80001000B951D01000009961D0100000B977A
:1070F8001D01000006981D0100000CA01D010900DB
:1071080006E01E0112000BF31E01010009F51E0125
:10711800010014F71E01010006B01F0100000EC097
:107128001F01140019D51F01070016DD1F010300F8
:1071380019E11F01100014FF1F01000006002001C3
:1071480099030D0024016E001470240104000680C8
:107158002401C30006902F01600014F12F010100E3
:10716800060030012E0401303401080006004401F5
:10717800460206006801380206406A011E000C60DB
:107188006A010900146E6A01010006706A014E0066
:107198000CC06A01090006D06A011D000BF06A01E3
:1071A800040014F56A01000006006B012F000B3083
:1071B8006B01060014376B010400193C6B010300D6
:1071C80005406B01030014446B01000019456B0175
:1071D80000000C506B0109000E5B6B010600066392
:1071E8006B011400067D6B01120003406E013F0025
:1071F8000E806E01160014976E01030006006F01E1
:107208004A000B4F6F01000006506F010000095142
:107218006F0136000B8F6F01030005936F010C009F
:1072280005E06F01010014E26F01000005E36F0142
:1072380000000BE46F01000009F06F010100060077
:107248007001F71706008801D50406008D010800B3
:1072580005F0AF01030005F5AF01060005FDAF011C
:1072680001000600B00122010650B10102000664C7
:10727800B10103000670B1018B010600BC016A0070
:107288000670BC010C000680BC0108000690BC0119
:107298000900199CBC0100000B9DBC010100149F52
:1072A800BC01000001A0BC0103000B00CF012D00B0
:1072B8000B30CF0116001950CF0173001900D0010F
:1072C800F5001900D10126001929D1013B000965F3
:1072D800D10101000B67D1010200196AD101020036
:1072E800096DD10105000173D10107000B7BD101A4
:1072F80007001983D10101000B85D1010600198C03
:10730800D1011D000BAAD101030019AED1013C0027
:107318001900D20141000B42D20102001945D201E5
:1073280000000EE0D20113001900D30156000E60D0
:10733800D30118000800D4011900041AD401190057
:107348000834D4011900044ED40106000456D401AF
:1073580011000868D40119000482D4011900089C9E
:10736800D4010000089ED401010008A2D401000045
:1073780008A5D401010008A9D401030008AED4016E
:10738800070004B6D401030004BBD401000004BD07
:10739800D401060004C5D4010A0008D0D40119009C
:1073A80004EAD40119000804D50101000807D50131
:1073B8000300080DD50107000816D5010600041EB4
:1073C800D50119000838D5010100083BD501030093
:1073D8000840D50104000846D5010000084AD50137
:1073E80006000452D5011900086CD501190004865D
:1073F800D501190008A0D501190004BAD501190052
:1074080008D4D501190004EED50119000808D601E1
:1074180019000422D6011900083CD60119000456A7
:10742800D60119000870D6011900048AD6011B007C
:1074380008A8D601180018C1D601000004C2D60158
:10744800180018DBD601000004DCD601050008E2AC
:10745800D601180018FBD601000004FCD60118005C
:107468001815D70100000416D7010500081CD7011C
:1074780018001835D70100000436D7011800184F36
:10748800D70100000450D70105000856D70118009D
:10749800186FD70100000470D70118001889D701A8
:1074A8000000048AD70105000890D701180018A920
:1074B800D701000004AAD701180018C3D70100009B
:1074C80004C4D701050008CAD701000004CBD701BE
:1074D80000000CCED70131001900D801FF010B00C4
:1074E800DA0136001937DA0103000B3BDA01310003
:1074F800196DDA0107000B75DA0100001976DA0157
:107508000D000B84DA0100001985DA0101001487E7
:10751800DA0104000B9BDA0104000BA1DA010E006A
:107528000400DF010900060ADF010000040BDF0187
:1075380013000B00E00106000B08E00110000B1B14
:10754800E00106000B23E00101000B26E001040026
:107558000600E1012C000B30E10106000537E101CE
:1075680006000C40E1010900064EE1010000194F38
:10757800E10100000690E2011D000BAEE2010000EF
:1075880006C0E2012B000BECE20103000CF0E20163
:10759800090016FFE201000006E0E701060006E820
:1075A800E701030006EDE701010006F0E7010E0020
:1075B8000600E801C4000EC7E80108000BD0E80186
:1075C80006000300E90143000B44E9010600054BEE
:1075D800E90100000C50E9010900145EE90101000D
:1075E8000E71EC013A0019ACEC0100000EADEC0193
:1075F800020016B0EC0100000EB1EC0103000E0110
:10760800ED012C00192EED0100000E2FED010E00EA
:107618000600EE0103000605EE011A000621EE0140
:1076280001000624EE0100000627EE0100000629ED
:10763800EE0109000634EE0103000639EE010000F0
:10764800063BEE0100000642EE0100000647EE018F
:1076580000000649EE010000064BEE010000064D51
:10766800EE0102000651EE0101000654EE01000091
:107678000657EE0100000659EE010000065BEE0118
:107688000000065DEE010000065FEE0100000661E5
:10769800EE0101000664EE0100000667EE0103003A
:1076A800066CEE0106000674EE0103000679EE0191
:1076B8000300067EEE0100000680EE010900068B3D
:1076C800EE01100006A1EE01020006A5EE0104007D
:1076D80006ABEE01100018F0EE0101001900F001F0
:1076E8002B001930F001630019A0F0010E0019B148
:1076F800F0010E0019C1F0010E0019D1F0012400AB
:107708000E00F1010C00190DF101A00019E6F101BC
:107718001C001910F2012B001940F2010800195041
:10772800F20101001960F20105001900F301FA00E5
:1077380017FBF30104001900F401D70219DDF60163
:107748000F0019F0F6010C001900F70173001980F9
:10775800F701580019E0F7010B0019F0F7010000D4
:107768001900F8010B001910F80137001950F80139
:1077780009001960F80127001990F8011D0019B0D7
:10778800F80101001900F90153011960FA010D000F
:107798001970FA0104001978FA0104001980FA0135
:1077A80006001990FA011C0019B0FA010A0019C064
:1077B800FA01050019D0FA01090019E0FA010700D9
:1077C80019F0FA0106001900FB0192001994FB0157
:1077D80036000CF0FB01090006000002DFA60600D7
:1077E800A70238100640B702DD000620B80281164D
:1077F80006B0CE02301D0600F8021D020600000386
:107808004A130101000E00000120000E5F000B006A
:10781800010EEF000C5F104E154E2A4E314E364EBB
:107828003C4E3F4E424E564E584E824E854E6B8CC5
:107838008A4E12820D5F8E4E9E4E9F4EA04EA24ED5
:10784800B04EB34EB64ECE4ECD4EC44EC64EC24EC0
:10785800D74EDE4EED4EDF4EF74E094F5A4F304FA2
:107868005B4F5D4F574F474F764F884F8F4F984F1D
:107878007B4F694F704F914F6F4F864F964F1851FE
:10788800D44FDF4FCE4FD84FDB4FD14FDA4FD04FC9
:10789800E44FE54F1A50285014502A5025500550EF
:1078A8001C4FF64F215029502C50FE4FEF4F1150CE
:1078B80006504350475003675550505048505A504F
:1078C80056506C50785080509A508550B450B250F1
:1078D800C950CA50B350C250D650DE50E550ED5092
:1078E800E350EE50F950F55009510151025116512B
:1078F800155114511A5121513A5137513C513B51AC
:107908003F51405152514C5154516251F87A69518A
:107918006A516E5180518251D8568C5189518F517C
:107928009151935195519651A451A651A251A951E3
:10793800AA51AB51B351B151B251B051B551BD512A
:10794800C551C951DB51E0515586E951ED51F0510E
:10795800F551FE5104520B5214520E5227522A521C
:107968002E52335239524F5244524B524C525E525D
:1079780054526A527452695273527F527D528D52D8
:1079880094529252715288529152A88FA78FAC523A
:10799800AD52BC52B552C152CD52D752DE52E3520B
:1079A800E652ED98E052F352F552F852F952065366
:1079B800085338750D5310530F5315531A53235347
:1079C8002F53315333533853405346534553174E6F
:1079D80049534D53D6515E5369536E5318597B53CF
:1079E800775382539653A053A653A553AE53B0531F
:1079F800B653C353127CD996DF53FC66EE71EE532F
:107A0800E853ED53FA5301543D5440542C542D542B
:107A18003C542E54365429541D544E548F54755486
:107A28008E545F5471547754705492547B548054DC
:107A38007654845490548654C754A254B854A554C8
:107A4800AC54C454C854A854AB54C254A454BE54DF
:107A5800BC54D854E554E6540F551455FD54EE540F
:107A6800ED54FA54E2543955405563554C552E554A
:107A78005C55455556555755385533555D559955A7
:107A88008055AF548A559F557B557E5598559E55C0
:107A9800AE557C558355A9558755A855DA55C55512
:107AA800DF55C455DC55E455D4551456F7551656CC
:107AB800FE55FD551B56F9554E565056DF71345636
:107AC8003656325638566B5664562F566C566A568A
:107AD800865680568A56A05694568F56A556AE5648
:107AE800B656B456C256BC56C156C356C056C856EA
:107AF800CE56D156D356D756EE56F9560057FF569E
:107B08000457095708570B570D5713571857165747
:107B1800C7551C572657375738574E573B57405766
:107B28004F576957C057885761577F578957935799
:107B3800A057B357A457AA57B057C357C657D457D7
:107B4800D257D3570A58D657E3570B5819581D58C8
:107B58007258215862584B587058C06B52583D584B
:107B680079588558B9589F58AB58BA58DE58BB58F9
:107B7800B858AE58C558D358D158D758D958D858E6
:107B8800E558DC58E458DF58EF58FA58F958FB58CC
:107B9800FC58FD5802590A5910591B59A66825590D
:107BA8002C592D59325938593E59D27A555950596C
:107BB8004E595A5958596259605967596C596959F7
:107BC800785981599D595E4FAB4FA359B259C6593F
:107BD800E859DC598D59D959DA59255A1F5A115A79
:107BE8001C5A095A1A5A405A6C5A495A355A365A1E
:107BF800625A6A5A9A5ABC5ABE5ACB5AC25ABD5A83
:107C0800E35AD75AE65AE95AD65AFA5AFB5A0C5B3B
:107C18000B5B165B325BD05A2A5B365B3E5B435B81
:107C2800455B405B515B555B5A5B5B5B655B695BC6
:107C3800705B735B755B785B88657A5B805B835B85
:107C4800A65BB85BC35BC75BC95BD45BD05BE45B1B
:107C5800E65BE25BDE5BE55BEB5BF05BF65BF35BF5
:107C6800055C075C085C0D5C135C205C225C285C8E
:107C7800385C395C415C465C4E5C535C505C4F5CE4
:107C8800715B6C5C6E5C624E765C795C8C5C915C62
:107C9800945C9B59AB5CBB5CB65CBC5CB75CC55C7C
:107CA800BE5CC75CD95CE95CFD5CFA5CED5C8C5D34
:107CB800EA5C0B5D155D175D5C5D1F5D1B5D115D0D
:107CC800145D225D1A5D195D185D4C5D525D4E5D57
:107CD8004B5D6C5D735D765D875D845D825DA25DE5
:107CE8009D5DAC5DAE5DBD5D905DB75DBC5DC95D24
:107CF800CD5DD35DD25DD65DDB5DEB5DF25DF55D9F
:107D08000B5E1A5E195E115E1B5E365E375E445E60
:107D1800435E405E4E5E575E545E5F5E625E645ECA
:107D2800475E755E765E7A5EBC9E7F5EA05EC15ED3
:107D3800C25EC85ED05ECF5ED65EE35EDD5EDA5EB2
:107D4800DB5EE25EE15EE85EE95EEC5EF15EF35EFC
:107D5800F05EF45EF85EFE5E035F095F5D5F5C5F88
:107D68000B5F115F165F295F2D5F385F415F485FCA
:107D78004C5F4E5F2F5F515F565F575F595F615F82
:107D88006D5F735F775F835F825F7F5F8A5F885F06
:107D9800915F875F9E5F995F985FA05FA85FAD5F07
:107DA800BC5FD65FFB5FE45FF85FF15FDD5FB360E8
:107DB800FF5F216060601960106029600E603160AB
:107DC8001B6015602B6026600F603A605A60416046
:107DD8006A6077605F604A6046604D6063604360D8
:107DE800646042606C606B60596081608D60E760C0
:107DF80083609A6084609B60966097609260A760D9
:107E08008B60E160B860E060D360B460F05FBD6033
:107E1800C660B560D8604D6115610661F660F760AF
:107E28000061F460FA6003612161FB60F1600D613B
:107E38000E6147613E61286127614A613F613C618B
:107E48002C6134613D6142614461736177615861BD
:107E580059615A616B6174616F61656171615F61DC
:107E68005D6153617561996196618761AC619461E7
:107E78009A618A619161AB61AE61CC61CA61C96185
:107E8800F761C861C361C661BA61CB61797FCD61B1
:107E9800E661E361F661FA61F461FF61FD61FC612D
:107EA800FE610062086209620D620C6214621B6264
:107EB8001E6221622A622E6230623262336241623D
:107EC8004E625E6263625B62606268627C6282626A
:107ED80089627E62926293629662D46283629462DD
:107EE800D762D162BB62CF62FF62C662D464C862E5
:107EF800DC62CC62CA62C262C7629B62C9620C63FE
:107F0800EE62F162276302630863EF62F562506311
:107F18003E634D631C644F6396638E638063AB63FB
:107F28007663A3638F6389639F63B5636B636963D8
:107F3800BE63E963C063C663E363C963D263F66380
:107F4800C4631664346406641364266436641D6569
:107F5800176428640F6467646F6476644E642A65E6
:107F680095649364A564A9648864BC64DA64D26483
:107F7800C564C764BB64D864C264F164E7640982F9
:107F8800E064E164AC62E364EF642C65F664F46475
:107F9800F264FA640065FD6418651C65056524656E
:107FA80023652B65346535653765366538654B75EA
:107FB8004865566555654D6558655E655D657265CC
:107FC8007865826583658A8B9B659F65AB65B765B8
:107FD800C365C665C165C465CC65D265DB65D96511
:107FE800E065E165F16572670A660366FB657367BC
:107FF8003566366634661C664F6644664966416671
:108008005E665D666466676668665F666266706619
:10801800836688668E668966846698669D66C1668C
:10802800B966C966BE66BC66C466B866D666DA66F0
:10803800E0663F66E666E966F066F566F7660F672E
:1080480016671E672667276738972E673F67366764
:1080580041673867376746675E6760675967636770
:10806800646789677067A9677C676A678C678B67CD
:10807800A667A1678567B767EF67B467EC67B367FB
:10808800E967B867E467DE67DD67E267EE67B967E7
:10809800CE67C667E7679C6A1E68466829684068B5
:1080A8004D6832684E68B3682B68596863687768AA
:1080B8007F689F688F68AD6894689D689B688368CF
:1080C800AE6AB9687468B568A068BA680F698D68DF
:1080D8007E680169CA680869D86822692669E16802
:1080E8000C69CD68D468E768D5683669126904698F
:1080F800D768E3682569F968E068EF6828692A693C
:108108001A6923692169C668796977695C69786938
:108118006B6954697E696E69396974693D69596921
:10812800306961695E695D6981696A69B269AE6968
:10813800D069BF69C169D369BE69CE69E85BCA699C
:10814800DD69BB69C369A7692E6A9169A0699C69E1
:108158009569B469DE69E869026A1B6AFF690A6B96
:10816800F969F269E769056AB1691E6AED69146A15
:10817800EB690A6A126AC16A236A136A446A0C6A5A
:10818800726A366A786A476A626A596A666A486AC7
:10819800386A226A906A8D6AA06A846AA26AA36AA7
:1081A800976A1786BB6AC36AC26AB86AB36AAC6A56
:1081B800DE6AD16ADF6AAA6ADA6AEA6AFB6A056B6A
:1081C8001686FA6A126B166B319B1F6B386B376B0E
:1081D800DC76396BEE98476B436B496B506B596B88
:1081E800546B5B6B5F6B616B786B796B7F6B806BD0
:1081F800846B836B8D6B986B956B9E6BA46BAA6B72
:10820800AB6BAF6BB26BB16BB36BB76BBC6BC66B65
:10821800CB6BD36BDF6BEC6BEB6BF36BEF6BBE9ED7
:10822800086C136C146C1B6C246C236C5E6C556CA2
:10823800626C6A6C826C8D6C9A6C816C9B6C7E6CC7
:10824800686C736C926C906CC46CF16CD36CBD6C84
:10825800D76CC56CDD6CAE6CB16CBE6CBA6CDB6C8B
:10826800EF6CD96CEA6C1F6D4D88366D2B6D3D6DCA
:10827800386D196D356D336D126D0C6D636D936DC1
:10828800646D5A6D796D596D8E6D956DE46F856D60
:10829800F96D156E0A6EB56DC76DE66DB86DC66D74
:1082A800EC6DDE6DCC6DE86DD26DC56DFA6DD96D76
:1082B800E46DD56DEA6DEE6D2D6E6E6E2E6E196ED7
:1082C800726E5F6E3E6E236E6B6E2B6E766E4D6EAB
:1082D8001F6E436E3A6E4E6E246EFF6E1D6E386EC4
:1082E800826EAA6E986EC96EB76ED36EBD6EAF6E93
:1082F800C46EB26ED46ED56E8F6EA56EC26E9F6E52
:10830800416F116F4C70EC6EF86EFE6E3F6FF26E3F
:10831800316FEF6E326FCC6E3E6F136FF76E866FF4
:108328007A6F786F816F806F6F6F5B6FF36F6D6FB0
:10833800826F7C6F586F8E6F916FC26F666FB36F6D
:10834800A36FA16FA46FB96FC66FAA6FDF6FD56FE8
:10835800EC6FD46FD86FF16FEE6FDB6F09700B7035
:10836800FA6F117001700F70FE6F1B701A70746FC6
:108378001D7018701F7030703E70327051706370CD
:1083880099709270AF70F170AC70B870B370AE70D5
:10839800DF70CB70DD70D9700971FD701C711971B7
:1083A800657155718871667162714C7156716C7125
:1083B8008F71FB7184719571A871AC71D771B971A6
:1083C800BE71D271C971D471CE71E071EC71E7716F
:1083D800F571FC71F971FF710D7210721B722872C0
:1083E8002D722C72307232723B723C723F72407244
:1083F80046724B72587274727E7282728172877280
:1084080092729672A272A772B972B272C372C6726F
:10841800C472CE72D272E272E072E172F972F772CD
:108428000F5017730A731C7316731D7334732F73ED
:10843800297325733E734E734F73D89E57736A73AF
:1084480068737073787375737B737A73C873B37357
:10845800CE73BB73C073E573EE73DE73A2740574D9
:108468006F742574F87332743A7455743F745F747A
:10847800597441745C746974707463746A74767442
:108488007E748B749E74A774CA74CF74D474F17399
:10849800E074E374E774E974EE74F274F074F174E0
:1084A800F874F7740475037505750C750E750D75FC
:1084B800157513751E7526752C753C7544754D75A7
:1084C8004A7549755B7546755A756975647567753A
:1084D8006B756D75787576758675877574758A751B
:1084E8008975827594759A759D75A575A375C275FC
:1084F800B375C375B575BD75B875BC75B175CD75F2
:10850800CA75D275D975E375DE75FE75FF75FC758C
:108518000176F075FA75F275F3750B760D760976B6
:108528001F76277620762176227624763476307662
:108538003B764776487646765C76587661766276FC
:10854800687669766A7667766C767076727676760D
:1085580078767C768076837688768B768E76967635
:10856800937699769A76B076B476B876B976BA76FE
:10857800C276CD76D676D276DE76E176E576E77681
:10858800EA762F86FB7608770777047729772477AA
:108598001E77257726771B773777387747775A7787
:1085A80068776B775B7765777F777E7779778E7774
:1085B8008B779177A0779E77B077B677B977BF77C3
:1085C800BC77BD77BB77C777CD77D777DA77DC7796
:1085D800E377EE77FC770C781278267920782A7979
:1085E80045788E78747886787C789A788C78A378B1
:1085F800B578AA78AF78D178C678CB78D478BE78B1
:10860800BC78C578CA78EC78E778DA78FD78F478B9
:1086180007791279117919792C792B794079607950
:1086280057795F795A79557953797A797F798A793F
:108638009D79A7794B9FAA79AE79B379B979BA7937
:10864800C979D579E779EC79E179E379087A0D7A0E
:10865800187A197A207A1F7A8079317A3B7A3E7AA9
:10866800377A437A577A497A617A627A697A9D9F2A
:10867800707A797A7D7A887A977A957A987A967ADA
:10868800A97AC87AB07AB67AC57AC47ABF7A83905A
:10869800C77ACA7ACD7ACF7AD57AD37AD97ADA7A7A
:1086A800DD7AE17AE27AE67AED7AF07A027B0F7B7C
:1086B8000A7B067B337B187B197B1E7B357B287BEB
:1086C800367B507B7A7B047B4D7B0B7B4C7B457BDD
:1086D800757B657B747B677B707B717B6C7B6E7B4A
:1086E8009D7B987B9F7B8D7B9C7B9A7B8B7B927BF6
:1086F8008F7B5D7B997BCB7BC17BCC7BCF7BB47B3A
:10870800C67BDD7BE97B117C147CE67BE57B607CAA
:10871800007C077C137CF37BF77B177C0D7CF67B56
:10872800237C277C2A7C1F7C377C2B7C3D7C4C7CE3
:10873800437C547C4F7C407C507C587C5F7C647CC0
:10874800567C657C6C7C757C837C907CA47CAD7C41
:10875800A27CAB7CA17CA87CB37CB27CB17CAE7CD7
:10876800B97CBD7CC07CC57CC27CD87CD27CDC7CDE
:10877800E27C3B9BEF7CF27CF47CF67CFA7C067D09
:10878800027D1C7D157D0A7D457D4B7D2E7D327DCC
:108798003F7D357D467D737D567D4E7D727D687D3E
:1087A8006E7D4F7D637D937D897D5B7D8F7D7D7D36
:1087B8009B7DBA7DAE7DA37DB57DC77DBD7DAB7D3F
:1087C8003D7EA27DAF7DDC7DB87D9F7DB07DD87D6F
:1087D800DD7DE47DDE7DFB7DF27DE17D057E0A7E2B
:1087E800237E217E127E317E1F7E097E0B7E227EB5
:1087F800467E667E3B7E357E397E437E377E327E80
:108808003A7E677E5D7E567E5E7E597E5A7E797E92
:108818006A7E697E7C7E7B7E837ED57D7D7EAE8F03
:108828007F7E887E897E8C7E927E907E937E947EEB
:10883800967E8E7E9B7E9C7E387F3A7F457F4C7FDE
:108848004D7F4E7F507F517F557F547F587F5F7F8C
:10885800607F687F697F677F787F827F867F837F7D
:10886800887F877F8C7F947F9E7F9D7F9A7FA37F61
:10887800AF7FB27FB97FAE7FB67FB87F718BC57F80
:10888800C67FCA7FD57FD47FE17FE67FE97FF37F0C
:10889800F97FDC98068004800B801280188019808C
:1088A8001C80218028803F803B804A8046805280FF
:1088B80058805A805F806280688073807280708080
:1088C800768079807D807F808480868085809B808B
:1088D80093809A80AD809051AC80DB80E580D98010
:1088E800DD80C480DA80D6800981EF80F1801B8129
:1088F800298123812F814B818B9646813E8153812B
:108908005181FC8071816E8165816681748183816A
:1089180088818A8180818281A0819581A481A381B7
:108928005F819381A981B081B581BE81B881BD8104
:10893800C081C281BA81C981CD81D181D981D881D3
:10894800C881DA81DF81E081E781FA81FB81FE81DC
:1089580001820282058207820A820D8210821682B3
:1089680029822B82388233824082598258825D82E2
:108978005A825F826482628268826A826B822E82F5
:108988007182778278827E828D829282AB829F8288
:10899800BB82AC82E182E382DF82D282F482F382FC
:1089A800FA8293830383FB82F982DE820683DC8268
:1089B8000983D98235833483168332833183408394
:1089C8003983508345832F832B83178318838583AB
:1089D8009A83AA839F83A283968323838E83878324
:1089E8008A837C83B58373837583A0838983A883F3
:1089F800F4831384EB83CE83FD830384D8830B84B1
:108A0800C183F7830784E083F2830D842284208462
:108A1800BD8338840685FB836D842A843C845A850B
:108A2800848477846B84AD846E848284698446846C
:108A38002C846F8479843584CA846284B984BF8421
:108A48009F84D984CD84BB84DA84D084C184C684CD
:108A5800D684A1842185FF84F484178518852C8504
:108A68001F8515851485FC84408563855885488550
:108A7800418502864B8555858085A48588859185A5
:108A88008A85A8856D8594859B85EA8587859C85DB
:108A980077857E859085C985BA85CF85B985D08546
:108AA800D585DD85E585DC85F9850A8613860B86FF
:108AB800FE85FA85068622861A8630863F864D868A
:108AC800554E54865F86678671869386A386A986E7
:108AD800AA868B868C86B686AF86C486C686B086FE
:108AE800C9862388AB86D486DE86E986EC86DF864F
:108AF800DB86EF8612870687088700870387FB8651
:108B0800118709870D87F9860A8734873F87378752
:108B18003B87258729871A8760875F8778874C87EF
:108B28004E877487578768876E8759875387638707
:108B38006A870588A2879F878287AF87CB87BD878B
:108B4800C087D087D696AB87C487B387C787C687C1
:108B5800BB87EF87F287E0870F880D88FE87F68747
:108B6800F7870E88D2871188168815882288218869
:108B780031883688398827883B88448842885288D3
:108B880059885E8862886B8881887E889E88758807
:108B98007D88B5887288828897889288AE889988F7
:108BA800A2888D88A488B088BF88B188C388C48803
:108BB800D488D888D988DD88F9880289FC88F4881F
:108BC800E888F28804890C890A89138943891E89EF
:108BD80025892A892B89418944893B89368938899D
:108BE8004C891D8960895E89668964896D896A896D
:108BF8006F89748977897E89838988898A89938925
:108C08009889A189A989A689AC89AF89B289BA89C5
:108C1800BD89BF89C089DA89DC89DD89E789F4895A
:108C2800F889038A168A108A0C8A1B8A1D8A258A63
:108C3800368A418A5B8A528A468A488A7C8A6D8A41
:108C48006C8A628A858A828A848AA88AA18A918A99
:108C5800A58AA68A9A8AA38AC48ACD8AC28ADA8A07
:108C6800EB8AF38AE78AE48AF18A148BE08AE28A3B
:108C7800F78ADE8ADB8A0C8B078B1A8BE18A168BC4
:108C8800108B178B208B338BAB97268B2B8B3E8BC4
:108C9800288B418B4C8B4F8B4E8B498B568B5B8B28
:108CA8005A8B6B8B5F8B6C8B6F8B748B7D8B808BF4
:108CB8008C8B8E8B928B938B968B998B9A8B3A8C11
:108CC800418C3F8C488C4C8C4E8C508C558C628CD3
:108CD8006C8C788C7A8C828C898C858C8A8C8D8C27
:108CE8008E8C948C7C8C988C1D62AD8CAA8CBD8CDF
:108CF800B28CB38CAE8CB68CC88CC18CE48CE38CF3
:108D0800DA8CFD8CFA8CFB8C048D058D0A8D078D11
:108D18000F8D0D8D108D4E9F138DCD8C148D168D4E
:108D2800678D6D8D718D738D818D998DC28DBE8D81
:108D3800BA8DCF8DDA8DD68DCC8DDB8DCB8DEA8D2E
:108D4800EB8DDF8DE38DFC8D088E098EFF8D1D8EDA
:108D58001E8E108E1F8E428E358E308E348E4A8E29
:108D6800478E498E4C8E508E488E598E648E608EFA
:108D78002A8E638E558E768E728E7C8E818E878E2D
:108D8800858E848E8B8E8A8E938E918E948E998EFC
:108D9800AA8EA18EAC8EB08EC68EB18EBE8EC58EBA
:108DA800C88ECB8EDB8EE38EFC8EFB8EEB8EFE8E1A
:108DB8000A8F058F158F128F198F138F1C8F1F8F96
:108DC8001B8F0C8F268F338F3B8F398F458F428FA8
:108DD8003E8F4C8F498F468F4E8F578F5C8F628F97
:108DE800638F648F9C8F9F8FA38FAD8FAF8FB78F4B
:108DF800DA8FE58FE28FEA8FEF8F8790F48F0590F7
:108E0800F98FFA8F1190159021900D901E90169061
:108E18000B902790369035903990F88F4F9050905E
:108E2800519052900E9049903E90569058905E9076
:108E380068906F907690A896729082907D908190BD
:108E480080908A9089908F90A890AF90B190B590BB
:108E5800E290E4904862DB9002911291199132916C
:108E680030914A91569158916391659169917391A6
:108E780072918B9189918291A291AB91AF91AA91B4
:108E8800B591B491BA91C091C191C991CB91D0914A
:108E9800D691DF91E191DB91FC91F591F6911E92CB
:108EA800FF9114922C92159211925E9257924592CC
:108EB80049926492489295923F924B9250929C921A
:108EC800969293929B925A92CF92B992B792E992C4
:108ED8000F93FA9244932E93199322931A93239300
:108EE8003A9335933B935C9360937C936E9356933C
:108EF800B093AC93AD939493B993D693D793E893E7
:108F0800E593D893C393DD93D093C893E4931A94CD
:108F18001494139403940794109436942B943594D2
:108F280021943A944194529444945B94609462944A
:108F38005E946A9429927094759477947D945A9467
:108F48007C947E9481947F94829587958A95949554
:108F5800969598959995A095A895A795AD95BC9542
:108F6800BB95B995BE95CA95F66FC395CD95CC9529
:108F7800D595D495D695DC95E195E595E29521961C
:108F880028962E962F9642964C964F964B96779605
:108F98005C965E965D965F96669672966C968D96D2
:108FA800989695969796AA96A796B196B296B096E1
:108FB800B496B696B896B996CE96CB96C996CD96EF
:108FC8004D89DC960D97D596F996049706970897DC
:108FD80013970E9711970F971697199724972A9713
:108FE800309739973D973E974497469748974297C9
:108FF80049975C976097649766976897D2526B9782
:109008007197799785977C9781977A9786978B97A9
:109018008F9790979C97A897A697A397B397B4977D
:10902800C397C697C897CB97DC97ED974F9FF29752
:10903800DF7AF697F5970F980C9838982498219826
:1090480037983D9846984F984B986B986F987098BA
:10905800719874987398AA98AF98B198B698C4986C
:10906800C398C698E998EB980399099912991499A5
:10907800189921991D991E99249920992C992E990E
:109088003D993E9942994999459950994B995199D9
:1090980052994C99559997999899A599AD99AE99DE
:1090A800BC99DF99DB99DD99D899D199ED99EE9919
:1090B800F199F299FB99F899019A0F9A059AE29910
:1090C800199A2B9A379A459A429A409A439A3E9A05
:1090D800559A4D9A5B9A579A5F9A629A659A649ADA
:1090E800699A6B9A6A9AAD9AB09ABC9AC09ACF9AC2
:1090F800D19AD39AD49ADE9ADF9AE29AE39AE69AB8
:10910800EF9AEB9AEE9AF49AF19AF79AFB9A069BE1
:10911800189B1A9B1F9B229B239B259B279B289B65
:10912800299B2A9B2E9B2F9B329B449B439B4F9BA7
:109138004D9B4E9B519B589B749B939B839B919BF0
:10914800969B979B9F9BA09BA89BB49BC09BCA9BED
:10915800B99BC69BCF9BD19BD29BE39BE29BE49B95
:10916800D49BE19B3A9CF29BF19BF09B159C149C31
:10917800099C139C0C9C069C089C129C0A9C049CB1
:109188002E9C1B9C259C249C219C309C479C329C9B
:10919800469C3E9C5A9C609C679C769C789CE79C6D
:1091A800EC9CF09C099D089DEB9C039D069D2A9DC7
:1091B800269DAF9D239D1F9D449D159D129D419DFC
:1091C8003F9D3E9D469D489D5D9D5E9D649D519D34
:1091D800509D599D729D899D879DAB9D6F9D7A9DE0
:1091E8009A9DA49DA99DB29DC49DC19DBB9DB89DFE
:1091F800BA9DC69DCF9DC29DD99DD39DF89DE69DE4
:10920800ED9DEF9DFD9D1A9E1B9E1E9E759E799E4F
:109218007D9E819E889E8B9E8C9E929E959E919E01
:109228009D9EA59EA99EB89EAA9EAD9E6197CC9E26
:10923800CE9ECF9ED09ED49EDC9EDE9EDD9EE09E7E
:10924800E59EE89EEF9EF49EF69EF79EF99EFB9E95
:10925800FC9EFD9E079F089FB776159F219F2C9F18
:109268003E9F4A9F529F549F639F5F9F609F619F4D
:10927800669F679F6C9F6A9F779F729F769F959F57
:109288009C9FA09F2F58C76959906474DC519971AD
:1092980000000042C8801F40B8821F40080000003C
:1092A80000000042C4801F40B4821F400400000038
:1092B80000C0004224801F4014821F40100000009C
:1092C80000C0004228801F4018821F402000000074
:1092D80000C000422C801F401C821F40400000003C
:1092E80000C0004234801F4024821F40000100005B
:1092F8000040004264811F4054831F400004000066
:109308000040004280811F4070831F40000002001F
:10931800004000427C811F406C831F400000010018
:109328000040004268811F4058831F400008000029
:10933800004000423C811F402C831F400100000078
:109348000040004244811F4034831F400400000055
:109358000040004240811F4030831F40020000004F
:109368000040004248811F4038831F400800000029
:109378000000004204811F40F4821F4000000400E6
:109388000000004208811F40F8821F4000000800CA
:109398000000004218811F4008831F400000800021
:1093A8000000004214811F4004831F400000400059
:1093B8000000004200811F40F0821F4000000200B0
:1093C80000000042FC801F40EC821F4000000100AA
:1093D8000000004224811F4014831F400000000445
:1093E8000000004228811F4018831F400000000829
:1093F800000000421C811F400C831F400000000138
:109408000000004220811F4010831F40000000021E
:1094180000000042EC801F40DC821F40001000006A
:1094280000000042F0801F40E0821F400020000042
:109438000000004234811F4024831F400000004088
:109448000000004238811F4028831F400000008030
:109458000080004294801F4084821F400000040066
:1094680000C0004290801F4080821F4000000080A2
:1094780000800042A8801F4098821F4000008000A2
:1094880000800042A4801F4094821F4000004000DA
:10949800004000426C811F405C831F4000100000A8
:1094A80000C0004230801F4020821F408000000022
:1094B80000400042B0811F40A0831F4000000020F0
:1094C80000400042AC811F409C831F4000000010F8
:1094D8000040004284811F4074831F400000040044
:1094E8000040004288811F4078831F400000080028
:1094F800000000422C811F401C831F400000001008
:109508000000004230811F4020831F4000000020DF
:10951800000000420C811F40FC821F400000100028
:109528000000004210811F4000831F4000002000FF
:1095380000800042C8811F40B8831F40008000009F
:1095480000800042C4811F40B4831F4000400000D7
:1095580000800042C0811F40B0831F4000200000EF
:1095680000800042BC811F40AC831F4000100000F7
:1095780000800042D0811F40C0831F4000000200CD
:1095880000800042CC811F40BC831F4000000100C6
:1095980000C0004274801F4064821F400000000128
:1095A80000C0004280801F4070821F4000000008F9
:1095B80000C0004284801F4074821F4000000010D9
:1095C80000C000426C801F405C821F4000004000C9
:1095D80000C000427C801F406C821F4000000004D5
:1095E80000C0004278801F4068821F4000000002CF
:1095F80000C0004288801F4078821F400000002081
:10960800300000003100000035000000CEFBFFFFF5
:10961800CB0300000100000000000000340000003F
:10962800CEFBFFFFCB03000001000000000000009C
:1096380005000000190000007D00000007080C0B61
:1096480006050F000D0E0102838407080C0B0605A2
:109658000F000D0E01028384FFFFFFFFFFFFFFFFD6
:10966800FFFF8182090A00004C435F434F4C4C4185
:10967800544500004C435F435459504500000000D6
:109688004C435F4D4F4E4554415259004C435F4E39
:10969800554D4552494300004C435F54494D4500E0
:1096A8004C435F4D4553534147455300000100006B
:1096B800BC9800201200000000060000A01F0060F7
:1096C8000A000000000200003C1F00606200000069
:1096D80000070000D81E006062000000EE030000D2
:1096E800F898002012000000000004EED098002036
:1096F8002800000000030000D41E006000000000E5
:1097080001030904BC1E00600000000002030904F4
:10971800A41E006000000000030309040C99002047
:109728000000000000000000000000000000000031
:109738003030303030303030303030303030303021
:109748003030303030303030303030303030303011
:10975800000000000000000000000000A0B500208C
:1097680008B6002070B600200000000000000000CD
:1097780000000000000000000000000000000000E1
:1097880000000000000000000000000000000000D1
:1097980000000000000000000000000000000000C1
:1097A80000000000000000000000000000000000B1
:1097B80000000000000000000000000000000000A1
:1097C8000000000000000000000000000000000091
:1097D8000000000000000000000000000000000081
:1097E8000000000000000000000000000000000071
:1097F80001000000000000000E33CDAB34126DE60E
:10980800ECDE05000B000000000000000000000076
:109818000000000000000000000000000000000040
:109828000000000000000000000000000000000030
:109838000000000000000000000000000000000020
:109848000000000000000000000000000000000010
:109858000000000000000000000000000000000000
:1098680000000000000000000000000000000000F0
:1098780000000000000000000029DE07007B9A17A6
:1098880000003A40381900200000000000000000E5
:1098980000000000000000000000000000000000C0
:1098A80000000000000000000000000000000000B0
:1098B80000000000000000000000000000000000A0
:1098C8000000000000000000000000000000000090
:1098D800AC1A002000000000E803000000000000AF
:1098E800D41A002000000000E80300000000000077
:1098F80000801940C4050020000000002CB20020A0
:109908006CB10020000000000000000040000000D2
:10991800400000004000000040000000000000007F
:10992800000000000000000000000000000000002F
:10993800000000000000000000000000000000001F
:10994800D41A002000000000E80300000000000016
:109958000000194060920020000000006CB2002056
:10996800ACB100200000000000000000280000004A
:109978004000000028000000400000000000000037
:1099880000000000000000000000000000000000CF
:1099980000000000000000000000000000000000BF
:1099A800D41A002000000000E803000000000000B6
:1099B80000C01940C09200200000000094B20020AE
:1099C800ECB10020000000000000000028000000AA
:1099D80040000000280000004000000000000000D7
:1099E800000000000000000000000000000000006F
:1099F800000000000000000000000000000000005F
:109A08000117000015D30000000000006CC00F40D3
:109A180000000003070000000200000040851F400E
:109A280002000000FF000000FF000000000000002E
:109A380000000000080000000200000044851F40EC
:109A480002000000FF000000FF000000000000000E
:109A580000000000FF004000260018007A00000007
:109A6800061A000021D30000000000007CC00F404F
:109A78000000000C1C0000000200000058851F4078
:109A880001000000FF000000FF00000000000000CF
:109A9800000000001D000000020000005C851F405F
:109AA80001000000FF000000FF00000000000000AF
:109AB80000000000FF004000260018007D000000A4
:109AC8000D83000060B500208030202000000000D9
:109AD800430000000000000000000000000000003B
:109AE800000000000000000000000000000000006E
:109AF800430000000000000000000000000000001B
:109B0800000000000000000000000000000000004D
:109B180043000000000000000000000000000000FA
:109B2800000000000000000000000000000000002D
:109B380043000000000000000000000000000000DA
:109B4800000000000000000000000000000000000D
:109B580043000000000000000000000000000000BA
:109B680000000000000000000000000000000000ED
:109B7800430000000000000000000000000000009A
:109B880000000000000000000000000000000000CD
:109B9800430000000000000000000000000000007A
:109BA80000000000000000000000000000000000AD
:109BB80061B10100D16E010000000000E01E00202C
:109BC8000C0A0020AC090020AC090020AC090020D8
:109BD800AC090020AC090020AC090020AC09002029
:109BE800AC090020AC090020FFFFFFFFFFFFFFFFCB
:109BF800FFFFFFFFFFFF00000100415343494900F9
:109C0800000000000000000000000000000000004C
:109C180000000000000000000000415343494900D3
:109C2800000000000000000000000000000000002C
:109C3800000000000000000000000000000000001C
:109C4800000000009C9400209C940020A494002014
:109C5800A4940020AC940020AC940020B49400207C
:109C6800B4940020BC940020BC940020C49400202C
:109C7800C4940020CC940020CC940020D4940020DC
:109C8800D4940020DC940020DC940020E49400208C
:109C9800E4940020EC940020EC940020F49400203C
:109CA800F4940020FC940020FC94002004950020EB
:109CB800049500200C9500200C9500201495002098
:109CC800149500201C9500201C9500202495002048
:109CD800249500202C9500202C95002034950020F8
:109CE800349500203C9500203C95002044950020A8
:109CF800449500204C9500204C9500205495002058
:109D0800549500205C9500205C9500206495002007
:109D1800649500206C9500206C95002074950020B7
:109D2800749500207C9500207C9500208495002067
:109D3800849500208C9500208C9500209495002017
:109D4800949500209C9500209C950020A4950020C7
:109D5800A4950020AC950020AC950020B495002077
:109D6800B4950020BC950020BC950020C495002027
:109D7800C4950020CC950020CC950020D4950020D7
:109D8800D4950020DC950020DC950020E495002087
:109D9800E4950020EC950020EC950020F495002037
:109DA800F4950020FC950020FC95002004960020E6
:109DB800049600200C9600200C9600201496002093
:109DC800149600201C9600201C9600202496002043
:109DD800249600202C9600202C96002034960020F3
:109DE800349600203C9600203C96002044960020A3
:109DF800449600204C9600204C9600205496002053
:109E0800549600205C9600205C9600206496002002
:109E1800649600206C9600206C96002074960020B2
:109E2800749600207C9600207C9600208496002062
:109E3800849600208C9600208C9600209496002012
:109E4800949600209C9600209C960020A4960020C2
:109E5800A4960020AC960020AC960020B496002072
:109E6800B4960020BC960020BC960020C496002022
:109E7800C4960020CC960020CC960020D4960020D2
:109E8800D4960020DC960020DC960020E496002082
:109E9800E4960020EC960020EC960020F496002032
:109EA800F4960020FC960020FC96002004970020E1
:109EB800049700200C9700200C970020149700208E
:109EC800149700201C9700201C970020249700203E
:109ED800249700202C9700202C97002034970020EE
:109EE800349700203C9700203C970020449700209E
:109EF800449700204C9700204C970020549700204E
:109F0800549700205C9700205C97002064970020FD
:109F1800649700206C9700206C97002074970020AD
:109F2800749700207C9700207C970020849700205D
:109F3800849700208C9700208C970020949700200D
:109F4800949700209C9700209C970020A4970020BD
:109F5800A4970020AC970020AC970020B49700206D
:109F6800B4970020BC970020BC970020C49700201D
:109F7800C4970020CC970020CC970020D4970020CD
:109F8800D4970020DC970020DC970020E49700207D
:109F9800E4970020EC970020EC970020F49700202D
:109FA800F4970020FC970020FC97002004980020DC
:109FB800049800200C9800200C9800201498002089
:109FC800149800201C9800201C9800202498002039
:109FD800249800202C9800202C98002034980020E9
:109FE800349800203C9800203C9800204498002099
:109FF800449800204C9800204C9800205498002049
:10A00800549800205C9800205C98002064980020F8
:10A01800649800206C9800206C98002074980020A8
:10A02800749800207C9800207C9800208498002058
:10A03800849800208C9800208C9800209498002008
:10A0480094980020FFFFFFFF0000020000000000BE
:10A0580003000000A0B50020B88F00201201000204
:10A06800EF020140C01683048002010203010000D0
:10A0780028000000000104000100000000000000AA
:10A08800020157494E5553420000000000000000ED
:10A09800000000000000000012034D0053004600BD
:10A0A8005400310030003000F80000000C030000BC
:10A0B8000000000000000000000000000000000098
:10A0C800000029010000000000000000000000005E
:10A0D8000000000000000000000000000000000078
:10A0E8000000000000000000000000000000000068
:10A0F8000000000000000000000000000000000058
:10A108000000000000000000000000000000000047
:10A118000000000000000000000000000000000037
:10A128000000000000000000000000000000000027
:10A138000000000000000000000000000000000017
:10A148000000000000000000000000000000000007
:10A1580000000000000000000000000000000000F7
:10A1680000000000000000000000000000000000E7
:10A1780000000000000000000000000000000000D7
:10A1880000000000000000000000000000000000C7
:10A1980000000000000000000000000000000000B7
:10A1A80000000000000000000000000000000000A7
:10A1B8000000000000000000000000000000000097
:10A1C8000000000000000000000000000000000087
:10A1D8000000000000000000000000000000000077
:10A1E8000000000000000000000000000000000067
:10A1F8000000000000000000000000000000000057
:10A208000000000000000000000000000000000046
:10A218000000000000000000000000000000000036
:10A228000000000000000000000000000000000026
:10A238000000000000000000000000000000000016
:10A248000000000000000000000000000000000006
:10A2580000000000000000000000000000000000F6
:10A2680000000000000000000000000000000000E6
:10A2780000000000000000000000000000000000D6
:10A2880000000000000000000000000000000000C6
:10A2980000000000000000000000000000000000B6
:10A2A80000000000000000000000000000000000A6
:10A2B8000000000000000000000000000000000096
:10A2C8000000000000000000000000000000000086
:10A2D8000000000000000000000000000000000076
:10A2E8000000000000000000000000000000000066
:10A2F8000000000000000000000000000000000056
:10A308000000000000000000000000000000000045
:10A318000000000000000000000000000000000035
:10A328000000000000000000000000000000000025
:10A338000000000000000000000000000000000015
:10A348000000000000000000000000000000000005
:10A3580000000000000000000000000000000000F5
:10A3680000000000000000000000000000000000E5
:10A3780000000000000000000000000000000000D5
:10A3880000000000000000000000000000000000C5
:10A3980000000000000000000000000000000000B5
:10A3A80000000000000000000000000000000000A5
:10A3B8000000000000000000000000000000000095
:10A3C8000000000000000000000000000000000085
:10A3D8000000000000000000000000000000000075
:10A3E8000000000000000000000000000000000065
:10A3F8000000000000000000000000000000000055
:10A408000000000000000000000000000000000044
:10A418000000000000000000000000000000000034
:10A428000000000000000000000000000000000024
:10A438000000000000000000000000000000000014
:10A448000000000000000000000000000000000004
:10A4580000000000000000000000000000000000F4
:10A4680000000000000000000000000000000000E4
:10A4780000000000000000000000000000000000D4
:10A4880000000000000000000000000000000000C4
:10A4980000000000000000000000000000000000B4
:10A4A80000000000000000000000000000000000A4
:10A4B8000000000000000000000000000000000094
:10A4C8000000000000000000000000000000000084
:10A4D8000000000000000000000000000000000074
:10A4E8000000000000000000000000000000000064
:10A4F8000000000000000000000000000000000054
:10A508000000000000000000000000000000000043
:10A518000000000000000000000000000000000033
:10A528000000000000000000000000000000000023
:10A538000000000000000000000000000000000013
:10A548000000000000000000000000000000000003
:10A5580000000000000000000000000000000000F3
:10A5680000000000000000000000000000000000E3
:10A5780000000000000000000000000000000000D3
:10A5880000000000000000000000000000000000C3
:10A5980000000000000000000000000000000000B3
:10A5A80000000000000000000000000000000000A3
:10A5B8000000000000000000000000000000000093
:10A5C8000000000000000000000000000000000083
:10A5D8000000000000000000000000000000000073
:10A5E8000000000000000000000000000000000063
:10A5F8000000000000000000000000000000000053
:10A608000000000000000000000000000000000042
:10A618000000000000000000000000000000000032
:10A628000000000000000000000000000000000022
:10A638000000000000000000000000000000000012
:10A648000000000000000000000000000000000002
:10A6580000000000000000000000000000000000F2
:10A66800FFFFFFFFFFFFFFFFFFFFFFFFFFFFFFFFF2
:10A67800FFFFFFFFFFFFFFFFFFFFFFFFFFFFFFFFE2
:10A68800FFFFFFFFFFFFFFFFFFFFFFFFFFFFFFFFD2
:10A69800FFFFFFFFFFFFFFFFFFFFFFFFFFFFFFFFC2
:10A6A800FFFFFFFFFFFFFFFFFFFFFFFFFFFFFFFFB2
:10A6B800FFFFFFFFFFFFFFFFFFFFFFFFFFFFFFFFA2
:10A6C800FFFFFFFFFFFFFFFFFFFFFFFFFFFFFFFF92
:10A6D800FFFFFFFFFFFFFFFFFFFFFFFFFFFFFFFF82
:10A6E800FFFFFFFFFFFFFFFFFFFFFFFFFFFFFFFF72
:10A6F800FFFFFFFFFFFFFFFFFFFFFFFFFFFFFFFF62
:10A70800FFFFFFFFFFFFFFFFFFFFFFFFFFFFFFFF51
:10A71800FFFFFFFFFFFFFFFFFFFFFFFFFFFFFFFF41
:10A72800FFFFFFFFFFFFFFFFFFFFFFFFFFFFFFFF31
:10A73800FFFFFFFFFFFFFFFFFFFFFFFFFFFFFFFF21
:10A74800FFFFFFFFFFFFFFFFFFFFFFFFFFFFFFFF11
:10A75800FFFFFFFFFFFFFFFFFFFFFFFFFFFFFFFF01
:10A76800FFFFFFFFFFFFFFFFFFFFFFFFFFFFFFFFF1
:10A77800FFFFFFFFFFFFFFFFFFFFFFFFFFFFFFFFE1
:10A78800FFFFFFFFFFFFFFFFFFFFFFFFFFFFFFFFD1
:10A79800FFFFFFFFFFFFFFFFFFFFFFFFFFFFFFFFC1
:10A7A800FFFFFFFFFFFFFFFFFFFFFFFFFFFFFFFFB1
:10A7B800FFFFFFFFFFFFFFFFFFFFFFFFFFFFFFFFA1
:10A7C800FFFFFFFFFFFFFFFFFFFFFFFFFFFFFFFF91
:10A7D800FFFFFFFFFFFFFFFFFFFFFFFFFFFFFFFF81
:10A7E800FFFFFFFFFFFFFFFFFFFFFFFFFFFFFFFF71
:10A7F800FFFFFFFFFFFFFFFF000000000000000059
:10A808000000000000000000000000000000000040
:10A818000000000000000000000000000000000030
:10A828000000000000000000000000000000000020
:10A838000000000000000000000000000000000010
:10A848000000000000000000000000000000000000
:10A8580000000000000000000000000000000000F0
:10A8680000000000000000000000000000000000E0
:10A8780000000000000000000000000000000000D0
:10A8880000000000000000000000000000000000C0
:10A8980000000000000000000000000000000000B0
:10A8A80000000000000000000000000000000000A0
:10A8B8000000000000000000000000000000000090
:10A8C8000000000000000000000000000000000080
:10A8D8000000000000000000000000000000000070
:10A8E8000000000000000000000000000000000060
:10A8F8000000000000000000000000000000000050
:10A90800000000000000000000000000000000003F
:10A91800000000000000000000000000000000002F
:10A92800000000000000000000000000000000001F
:10A93800000000000000000000000000000000000F
:10A9480000000000000000000000000000000000FF
:10A9580000000000000000000000000000000000EF
:10A9680000000000000000000000000000000000DF
:10A9780000000000000000000000000000000000CF
:10A9880000000000000000000000000000000000BF
:10A9980000000000000000000000000000000000AF
:10A9A800000000000000000000000000000000009F
:10A9B800000000000000000000000000000000008F
:10A9C800000000000000000000000000000000007F
:10A9D800000000000000000000000000000000006F
:10A9E800000000000000000000000000000000005F
:10A9F800000000000000000000000000000000004F
:10AA0800000000000000000000000000000000003E
:10AA1800000000000000000000000000000000002E
:10AA2800000000000000000000000000000000001E
:10AA3800000000000000000000000000000000000E
:10AA480000000000000000000000000000000000FE
:10AA580000000000000000000000000000000000EE
:10AA680000000000000000000000000000000000DE
:10AA780000000000000000000000000000000000CE
:10AA880000000000000000000000000000000000BE
:10AA980000000000000000000000000000000000AE
:10AAA800000000000000000000000000000000009E
:10AAB800000000000000000000000000000000008E
:10AAC800000000000000000000000000000000007E
:10AAD800000000000000000000000000000000006E
:10AAE800000000000000000000000000000000005E
:10AAF800000000000000000000000000000000004E
:10AB0800000000000000000000000000000000003D
:10AB1800000000000000000000000000000000002D
:10AB2800000000000000000000000000000000001D
:10AB3800000000000000000000000000000000000D
:10AB480000000000000000000000000000000000FD
:10AB580000000000000000000000000000000000ED
:10AB680000000000000000000000000000000000DD
:10AB780000000000000000000000000000000000CD
:10AB880000000000000000000000000000000000BD
:10AB980000000000000000000000000000000000AD
:10ABA800000000000000000000000000000000009D
:10ABB800000000000000000000000000000000008D
:10ABC800000000000000000000000000000000007D
:10ABD800000000000000000000000000000000006D
:10ABE800000000000000000000000000000000005D
:10ABF800000000000000000000000000000000004D
:10AC0800000000000000000000000000000000003C
:10AC1800000000000000000000000000000000002C
:10AC2800000000000000000000000000000000001C
:10AC3800000000000000000000000000000000000C
:10AC480000000000000000000000000000000000FC
:10AC580000000000000000000000000000000000EC
:10AC680000000000000000000000000000000000DC
:10AC780000000000000000000000000000000000CC
:10AC880000000000000000000000000000000000BC
:10AC980000000000000000000000000000000000AC
:10ACA800000000000000000000000000000000009C
:10ACB800000000000000000000000000000000008C
:10ACC800000000000000000000000000000000007C
:10ACD800000000000000000000000000000000006C
:10ACE800000000000000000000000000000000005C
:10ACF800000000000000000000000000000000004C
:10AD0800000000000000000000000000000000003B
:10AD1800000000000000000000000000000000002B
:10AD2800000000000000000000000000000000001B
:10AD3800000000000000000000000000000000000B
:10AD480000000000000000000000000000000000FB
:10AD580000000000000000000000000000000000EB
:10AD680000000000000000000000000000000000DB
:10AD780000000000000000000000000000000000CB
:10AD880000000000000000000000000000000000BB
:10AD980000000000000000000000000000000000AB
:10ADA800000000000000000000000000000000009B
:10ADB800000000000000000000000000000000008B
:10ADC800000000000000000000000000000000007B
:10ADD800000000000000000000000000000000006B
:10ADE800000000000000000000000000000000005B
:10ADF800000000000000000000000000000000004B
:10AE0800000000000000000000000000000000003A
:10AE1800000000000000000000000000000000002A
:10AE2800000000000000000000000000000000001A
:10AE3800000000000000000000000000000000000A
:10AE480000000000000000000000000000000000FA
:10AE580000000000000000000000000000000000EA
:10AE680000000000000000000000000000000000DA
:10AE780000000000000000000000000000000000CA
:10AE880000000000000000000000000000000000BA
:10AE980000000000000000000000000000000000AA
:10AEA800000000000000000000000000000000009A
:10AEB800000000000000000000000000000000008A
:10AEC800000000000000000000000000000000007A
:10AED800000000000000000000000000000000006A
:10AEE800000000000000000000000000000000005A
:10AEF800000000000000000000000000000000004A
:10AF08000000000000000000000000000000000039
:10AF18000000000000000000000000000000000029
:10AF28000000000000000000000000000000000019
:10AF38000000000000000000000000000000000009
:10AF480000000000000000000000000000000000F9
:10AF580000000000000000000000000000000000E9
:10AF680000000000000000000000000000000000D9
:10AF780000000000000000000000000000000000C9
:10AF880000000000000000000000000000000000B9
:10AF980000000000000000000000000000000000A9
:10AFA8000000000000000000000000000000000099
:10AFB8000000000000000000000000000000000089
:10AFC8000000000000000000000000000000000079
:10AFD8000000000000000000000000000000000069
:10AFE8000000000000000000000000000000000059
:10AFF8000000000000000000000000000000000049
:10B008000000000000000000000000000000000038
:10B018000000000000000000000000000000000028
:10B028000000000000000000000000000000000018
:10B038000000000000000000000000000000000008
:10B0480000000000000000000000000000000000F8
:10B0580000000000000000000000000000000000E8
:10B0680000000000000000000000000000000000D8
:10B0780000000000000000000000000000000000C8
:10B0880000000000000000000000000000000000B8
:10B0980000000000000000000000000000000000A8
:10B0A8000000000000000000000000000000000098
:10B0B8000000000000000000000000000000000088
:10B0C8000000000000000000000000000000000078
:10B0D8000000000000000000000000000000000068
:10B0E8000000000000000000000000000000000058
:10B0F8000000000000000000000000000000000048
:10B108000000000000000000000000000000000037
:10B118000000000000000000000000000000000027
:10B128000000000000000000000000000000000017
:10B138000000000000000000000000000000000007
:10B1480000000000000000000000000000000000F7
:10B1580000000000000000000000000000000000E7
:10B1680000000000000000000000000000000000D7
:10B1780000000000000000000000000000000000C7
:10B1880000000000000000000000000000000000B7
:10B1980000000000000000000000000000000000A7
:10B1A8000000000000000000000000000000000097
:10B1B8000000000000000000000000000000000087
:10B1C8000000000000000000000000000000000077
:10B1D8000000000000000000000000000000000067
:10B1E8000000000000000000000000000000000057
:10B1F8000000000000000000000000000000000047
:10B208000000000000000000000000000000000036
:10B218000000000000000000000000000000000026
:10B228000000000000000000000000000000000016
:10B238000000000000000000000000000000000006
:10B2480000000000000000000000000000000000F6
:10B2580000000000000000000000000000000000E6
:10B2680000000000000000000000000000000000D6
:10B2780000000000000000000000000000000000C6
:10B2880000000000000000000000000000000000B6
:10B2980000000000000000000000000000000000A6
:10B2A8000000000000000000000000000000000096
:10B2B8000000000000000000000000000000000086
:10B2C8000000000000000000000000000000000076
:10B2D8000000000000000000000000000000000066
:10B2E8000000000000000000000000000000000056
:10B2F8000000000000000000000000000000000046
:10B308000000000000000000000000000000000035
:10B318000000000000000000000000000000000025
:10B328000000000000000000000000000000000015
:10B338000000000000000000000000000000000005
:10B3480000000000000000000000000000000000F5
:10B3580000000000000000000000000000000000E5
:10B3680000000000000000000000000000000000D5
:10B3780000000000000000000000000000000000C5
:10B3880000000000000000000000000000000000B5
:10B3980000000000000000000000000000000000A5
:10B3A8000000000000000000000000000000000095
:10B3B8000000000000000000000000000000000085
:10B3C8000000000000000000000000000000000075
:10B3D8000000000000000000000000000000000065
:10B3E8000000000000000000000000000000000055
:08B3F80000000000000000004D
:040000056000100087
:00000001FF
