:0200000460009A
:100000004643464200000156000000000103030081
:1000100000000000000000000000000000000000E0
:1000200000000000000000000000000000000000D0
:1000300000000000000000000000000000000000C0
:1000400000000000010408000000000000000000A3
:100050000000800000000000000000000000000020
:100060000000000000000000000000000000000090
:100070000000000000000000000000000000000080
:10008000EB04180A063204260000000000000000FD
:10009000050404240000000000000000000000002F
:1000A0000000000000000000000000000000000050
:1000B0000604000000000000000000000000000036
:1000C0000000000000000000000000000000000030
:1000D00020041808000000000000000000000000DC
:1000E0000000000000000000000000000000000010
:1000F0000000000000000000000000000000000000
:10010000D8041808000000000000000000000000F3
:100110000204180804200000000000000000000095
:1001200000000000000000000000000000000000CF
:10013000600400000000000000000000000000005B
:1001400000000000000000000000000000000000AF
:10015000000000000000000000000000000000009F
:10016000000000000000000000000000000000008F
:10017000000000000000000000000000000000007F
:10018000000000000000000000000000000000006F
:10019000000000000000000000000000000000005F
:1001A000000000000000000000000000000000004F
:1001B000000000000000000000000000000000003F
:1001C000000100000010000001000000000000001D
:1001D000000001000000000000000000000000001E
:1001E000000000000000000000000000000000000F
:1001F00000000000000000000000000000000000FF
:10020000FFFFFFFFFFFFFFFFFFFFFFFFFFFFFFFFFE
:10021000FFFFFFFFFFFFFFFFFFFFFFFFFFFFFFFFEE
:10022000FFFFFFFFFFFFFFFFFFFFFFFFFFFFFFFFDE
:10023000FFFFFFFFFFFFFFFFFFFFFFFFFFFFFFFFCE
:10024000FFFFFFFFFFFFFFFFFFFFFFFFFFFFFFFFBE
:10025000FFFFFFFFFFFFFFFFFFFFFFFFFFFFFFFFAE
:10026000FFFFFFFFFFFFFFFFFFFFFFFFFFFFFFFF9E
:10027000FFFFFFFFFFFFFFFFFFFFFFFFFFFFFFFF8E
:10028000FFFFFFFFFFFFFFFFFFFFFFFFFFFFFFFF7E
:10029000FFFFFFFFFFFFFFFFFFFFFFFFFFFFFFFF6E
:1002A000FFFFFFFFFFFFFFFFFFFFFFFFFFFFFFFF5E
:1002B000FFFFFFFFFFFFFFFFFFFFFFFFFFFFFFFF4E
:1002C000FFFFFFFFFFFFFFFFFFFFFFFFFFFFFFFF3E
:1002D000FFFFFFFFFFFFFFFFFFFFFFFFFFFFFFFF2E
:1002E000FFFFFFFFFFFFFFFFFFFFFFFFFFFFFFFF1E
:1002F000FFFFFFFFFFFFFFFFFFFFFFFFFFFFFFFF0E
:10030000FFFFFFFFFFFFFFFFFFFFFFFFFFFFFFFFFD
:10031000FFFFFFFFFFFFFFFFFFFFFFFFFFFFFFFFED
:10032000FFFFFFFFFFFFFFFFFFFFFFFFFFFFFFFFDD
:10033000FFFFFFFFFFFFFFFFFFFFFFFFFFFFFFFFCD
:10034000FFFFFFFFFFFFFFFFFFFFFFFFFFFFFFFFBD
:10035000FFFFFFFFFFFFFFFFFFFFFFFFFFFFFFFFAD
:10036000FFFFFFFFFFFFFFFFFFFFFFFFFFFFFFFF9D
:10037000FFFFFFFFFFFFFFFFFFFFFFFFFFFFFFFF8D
:10038000FFFFFFFFFFFFFFFFFFFFFFFFFFFFFFFF7D
:10039000FFFFFFFFFFFFFFFFFFFFFFFFFFFFFFFF6D
:1003A000FFFFFFFFFFFFFFFFFFFFFFFFFFFFFFFF5D
:1003B000FFFFFFFFFFFFFFFFFFFFFFFFFFFFFFFF4D
:1003C000FFFFFFFFFFFFFFFFFFFFFFFFFFFFFFFF3D
:1003D000FFFFFFFFFFFFFFFFFFFFFFFFFFFFFFFF2D
:1003E000FFFFFFFFFFFFFFFFFFFFFFFFFFFFFFFF1D
:1003F000FFFFFFFFFFFFFFFFFFFFFFFFFFFFFFFF0D
:10040000FFFFFFFFFFFFFFFFFFFFFFFFFFFFFFFFFC
:10041000FFFFFFFFFFFFFFFFFFFFFFFFFFFFFFFFEC
:10042000FFFFFFFFFFFFFFFFFFFFFFFFFFFFFFFFDC
:10043000FFFFFFFFFFFFFFFFFFFFFFFFFFFFFFFFCC
:10044000FFFFFFFFFFFFFFFFFFFFFFFFFFFFFFFFBC
:10045000FFFFFFFFFFFFFFFFFFFFFFFFFFFFFFFFAC
:10046000FFFFFFFFFFFFFFFFFFFFFFFFFFFFFFFF9C
:10047000FFFFFFFFFFFFFFFFFFFFFFFFFFFFFFFF8C
:10048000FFFFFFFFFFFFFFFFFFFFFFFFFFFFFFFF7C
:10049000FFFFFFFFFFFFFFFFFFFFFFFFFFFFFFFF6C
:1004A000FFFFFFFFFFFFFFFFFFFFFFFFFFFFFFFF5C
:1004B000FFFFFFFFFFFFFFFFFFFFFFFFFFFFFFFF4C
:1004C000FFFFFFFFFFFFFFFFFFFFFFFFFFFFFFFF3C
:1004D000FFFFFFFFFFFFFFFFFFFFFFFFFFFFFFFF2C
:1004E000FFFFFFFFFFFFFFFFFFFFFFFFFFFFFFFF1C
:1004F000FFFFFFFFFFFFFFFFFFFFFFFFFFFFFFFF0C
:10050000FFFFFFFFFFFFFFFFFFFFFFFFFFFFFFFFFB
:10051000FFFFFFFFFFFFFFFFFFFFFFFFFFFFFFFFEB
:10052000FFFFFFFFFFFFFFFFFFFFFFFFFFFFFFFFDB
:10053000FFFFFFFFFFFFFFFFFFFFFFFFFFFFFFFFCB
:10054000FFFFFFFFFFFFFFFFFFFFFFFFFFFFFFFFBB
:10055000FFFFFFFFFFFFFFFFFFFFFFFFFFFFFFFFAB
:10056000FFFFFFFFFFFFFFFFFFFFFFFFFFFFFFFF9B
:10057000FFFFFFFFFFFFFFFFFFFFFFFFFFFFFFFF8B
:10058000FFFFFFFFFFFFFFFFFFFFFFFFFFFFFFFF7B
:10059000FFFFFFFFFFFFFFFFFFFFFFFFFFFFFFFF6B
:1005A000FFFFFFFFFFFFFFFFFFFFFFFFFFFFFFFF5B
:1005B000FFFFFFFFFFFFFFFFFFFFFFFFFFFFFFFF4B
:1005C000FFFFFFFFFFFFFFFFFFFFFFFFFFFFFFFF3B
:1005D000FFFFFFFFFFFFFFFFFFFFFFFFFFFFFFFF2B
:1005E000FFFFFFFFFFFFFFFFFFFFFFFFFFFFFFFF1B
:1005F000FFFFFFFFFFFFFFFFFFFFFFFFFFFFFFFF0B
:10060000FFFFFFFFFFFFFFFFFFFFFFFFFFFFFFFFFA
:10061000FFFFFFFFFFFFFFFFFFFFFFFFFFFFFFFFEA
:10062000FFFFFFFFFFFFFFFFFFFFFFFFFFFFFFFFDA
:10063000FFFFFFFFFFFFFFFFFFFFFFFFFFFFFFFFCA
:10064000FFFFFFFFFFFFFFFFFFFFFFFFFFFFFFFFBA
:10065000FFFFFFFFFFFFFFFFFFFFFFFFFFFFFFFFAA
:10066000FFFFFFFFFFFFFFFFFFFFFFFFFFFFFFFF9A
:10067000FFFFFFFFFFFFFFFFFFFFFFFFFFFFFFFF8A
:10068000FFFFFFFFFFFFFFFFFFFFFFFFFFFFFFFF7A
:10069000FFFFFFFFFFFFFFFFFFFFFFFFFFFFFFFF6A
:1006A000FFFFFFFFFFFFFFFFFFFFFFFFFFFFFFFF5A
:1006B000FFFFFFFFFFFFFFFFFFFFFFFFFFFFFFFF4A
:1006C000FFFFFFFFFFFFFFFFFFFFFFFFFFFFFFFF3A
:1006D000FFFFFFFFFFFFFFFFFFFFFFFFFFFFFFFF2A
:1006E000FFFFFFFFFFFFFFFFFFFFFFFFFFFFFFFF1A
:1006F000FFFFFFFFFFFFFFFFFFFFFFFFFFFFFFFF0A
:10070000FFFFFFFFFFFFFFFFFFFFFFFFFFFFFFFFF9
:10071000FFFFFFFFFFFFFFFFFFFFFFFFFFFFFFFFE9
:10072000FFFFFFFFFFFFFFFFFFFFFFFFFFFFFFFFD9
:10073000FFFFFFFFFFFFFFFFFFFFFFFFFFFFFFFFC9
:10074000FFFFFFFFFFFFFFFFFFFFFFFFFFFFFFFFB9
:10075000FFFFFFFFFFFFFFFFFFFFFFFFFFFFFFFFA9
:10076000FFFFFFFFFFFFFFFFFFFFFFFFFFFFFFFF99
:10077000FFFFFFFFFFFFFFFFFFFFFFFFFFFFFFFF89
:10078000FFFFFFFFFFFFFFFFFFFFFFFFFFFFFFFF79
:10079000FFFFFFFFFFFFFFFFFFFFFFFFFFFFFFFF69
:1007A000FFFFFFFFFFFFFFFFFFFFFFFFFFFFFFFF59
:1007B000FFFFFFFFFFFFFFFFFFFFFFFFFFFFFFFF49
:1007C000FFFFFFFFFFFFFFFFFFFFFFFFFFFFFFFF39
:1007D000FFFFFFFFFFFFFFFFFFFFFFFFFFFFFFFF29
:1007E000FFFFFFFFFFFFFFFFFFFFFFFFFFFFFFFF19
:1007F000FFFFFFFFFFFFFFFFFFFFFFFFFFFFFFFF09
:10080000FFFFFFFFFFFFFFFFFFFFFFFFFFFFFFFFF8
:10081000FFFFFFFFFFFFFFFFFFFFFFFFFFFFFFFFE8
:10082000FFFFFFFFFFFFFFFFFFFFFFFFFFFFFFFFD8
:10083000FFFFFFFFFFFFFFFFFFFFFFFFFFFFFFFFC8
:10084000FFFFFFFFFFFFFFFFFFFFFFFFFFFFFFFFB8
:10085000FFFFFFFFFFFFFFFFFFFFFFFFFFFFFFFFA8
:10086000FFFFFFFFFFFFFFFFFFFFFFFFFFFFFFFF98
:10087000FFFFFFFFFFFFFFFFFFFFFFFFFFFFFFFF88
:10088000FFFFFFFFFFFFFFFFFFFFFFFFFFFFFFFF78
:10089000FFFFFFFFFFFFFFFFFFFFFFFFFFFFFFFF68
:1008A000FFFFFFFFFFFFFFFFFFFFFFFFFFFFFFFF58
:1008B000FFFFFFFFFFFFFFFFFFFFFFFFFFFFFFFF48
:1008C000FFFFFFFFFFFFFFFFFFFFFFFFFFFFFFFF38
:1008D000FFFFFFFFFFFFFFFFFFFFFFFFFFFFFFFF28
:1008E000FFFFFFFFFFFFFFFFFFFFFFFFFFFFFFFF18
:1008F000FFFFFFFFFFFFFFFFFFFFFFFFFFFFFFFF08
:10090000FFFFFFFFFFFFFFFFFFFFFFFFFFFFFFFFF7
:10091000FFFFFFFFFFFFFFFFFFFFFFFFFFFFFFFFE7
:10092000FFFFFFFFFFFFFFFFFFFFFFFFFFFFFFFFD7
:10093000FFFFFFFFFFFFFFFFFFFFFFFFFFFFFFFFC7
:10094000FFFFFFFFFFFFFFFFFFFFFFFFFFFFFFFFB7
:10095000FFFFFFFFFFFFFFFFFFFFFFFFFFFFFFFFA7
:10096000FFFFFFFFFFFFFFFFFFFFFFFFFFFFFFFF97
:10097000FFFFFFFFFFFFFFFFFFFFFFFFFFFFFFFF87
:10098000FFFFFFFFFFFFFFFFFFFFFFFFFFFFFFFF77
:10099000FFFFFFFFFFFFFFFFFFFFFFFFFFFFFFFF67
:1009A000FFFFFFFFFFFFFFFFFFFFFFFFFFFFFFFF57
:1009B000FFFFFFFFFFFFFFFFFFFFFFFFFFFFFFFF47
:1009C000FFFFFFFFFFFFFFFFFFFFFFFFFFFFFFFF37
:1009D000FFFFFFFFFFFFFFFFFFFFFFFFFFFFFFFF27
:1009E000FFFFFFFFFFFFFFFFFFFFFFFFFFFFFFFF17
:1009F000FFFFFFFFFFFFFFFFFFFFFFFFFFFFFFFF07
:100A0000FFFFFFFFFFFFFFFFFFFFFFFFFFFFFFFFF6
:100A1000FFFFFFFFFFFFFFFFFFFFFFFFFFFFFFFFE6
:100A2000FFFFFFFFFFFFFFFFFFFFFFFFFFFFFFFFD6
:100A3000FFFFFFFFFFFFFFFFFFFFFFFFFFFFFFFFC6
:100A4000FFFFFFFFFFFFFFFFFFFFFFFFFFFFFFFFB6
:100A5000FFFFFFFFFFFFFFFFFFFFFFFFFFFFFFFFA6
:100A6000FFFFFFFFFFFFFFFFFFFFFFFFFFFFFFFF96
:100A7000FFFFFFFFFFFFFFFFFFFFFFFFFFFFFFFF86
:100A8000FFFFFFFFFFFFFFFFFFFFFFFFFFFFFFFF76
:100A9000FFFFFFFFFFFFFFFFFFFFFFFFFFFFFFFF66
:100AA000FFFFFFFFFFFFFFFFFFFFFFFFFFFFFFFF56
:100AB000FFFFFFFFFFFFFFFFFFFFFFFFFFFFFFFF46
:100AC000FFFFFFFFFFFFFFFFFFFFFFFFFFFFFFFF36
:100AD000FFFFFFFFFFFFFFFFFFFFFFFFFFFFFFFF26
:100AE000FFFFFFFFFFFFFFFFFFFFFFFFFFFFFFFF16
:100AF000FFFFFFFFFFFFFFFFFFFFFFFFFFFFFFFF06
:100B0000FFFFFFFFFFFFFFFFFFFFFFFFFFFFFFFFF5
:100B1000FFFFFFFFFFFFFFFFFFFFFFFFFFFFFFFFE5
:100B2000FFFFFFFFFFFFFFFFFFFFFFFFFFFFFFFFD5
:100B3000FFFFFFFFFFFFFFFFFFFFFFFFFFFFFFFFC5
:100B4000FFFFFFFFFFFFFFFFFFFFFFFFFFFFFFFFB5
:100B5000FFFFFFFFFFFFFFFFFFFFFFFFFFFFFFFFA5
:100B6000FFFFFFFFFFFFFFFFFFFFFFFFFFFFFFFF95
:100B7000FFFFFFFFFFFFFFFFFFFFFFFFFFFFFFFF85
:100B8000FFFFFFFFFFFFFFFFFFFFFFFFFFFFFFFF75
:100B9000FFFFFFFFFFFFFFFFFFFFFFFFFFFFFFFF65
:100BA000FFFFFFFFFFFFFFFFFFFFFFFFFFFFFFFF55
:100BB000FFFFFFFFFFFFFFFFFFFFFFFFFFFFFFFF45
:100BC000FFFFFFFFFFFFFFFFFFFFFFFFFFFFFFFF35
:100BD000FFFFFFFFFFFFFFFFFFFFFFFFFFFFFFFF25
:100BE000FFFFFFFFFFFFFFFFFFFFFFFFFFFFFFFF15
:100BF000FFFFFFFFFFFFFFFFFFFFFFFFFFFFFFFF05
:100C0000FFFFFFFFFFFFFFFFFFFFFFFFFFFFFFFFF4
:100C1000FFFFFFFFFFFFFFFFFFFFFFFFFFFFFFFFE4
:100C2000FFFFFFFFFFFFFFFFFFFFFFFFFFFFFFFFD4
:100C3000FFFFFFFFFFFFFFFFFFFFFFFFFFFFFFFFC4
:100C4000FFFFFFFFFFFFFFFFFFFFFFFFFFFFFFFFB4
:100C5000FFFFFFFFFFFFFFFFFFFFFFFFFFFFFFFFA4
:100C6000FFFFFFFFFFFFFFFFFFFFFFFFFFFFFFFF94
:100C7000FFFFFFFFFFFFFFFFFFFFFFFFFFFFFFFF84
:100C8000FFFFFFFFFFFFFFFFFFFFFFFFFFFFFFFF74
:100C9000FFFFFFFFFFFFFFFFFFFFFFFFFFFFFFFF64
:100CA000FFFFFFFFFFFFFFFFFFFFFFFFFFFFFFFF54
:100CB000FFFFFFFFFFFFFFFFFFFFFFFFFFFFFFFF44
:100CC000FFFFFFFFFFFFFFFFFFFFFFFFFFFFFFFF34
:100CD000FFFFFFFFFFFFFFFFFFFFFFFFFFFFFFFF24
:100CE000FFFFFFFFFFFFFFFFFFFFFFFFFFFFFFFF14
:100CF000FFFFFFFFFFFFFFFFFFFFFFFFFFFFFFFF04
:100D0000FFFFFFFFFFFFFFFFFFFFFFFFFFFFFFFFF3
:100D1000FFFFFFFFFFFFFFFFFFFFFFFFFFFFFFFFE3
:100D2000FFFFFFFFFFFFFFFFFFFFFFFFFFFFFFFFD3
:100D3000FFFFFFFFFFFFFFFFFFFFFFFFFFFFFFFFC3
:100D4000FFFFFFFFFFFFFFFFFFFFFFFFFFFFFFFFB3
:100D5000FFFFFFFFFFFFFFFFFFFFFFFFFFFFFFFFA3
:100D6000FFFFFFFFFFFFFFFFFFFFFFFFFFFFFFFF93
:100D7000FFFFFFFFFFFFFFFFFFFFFFFFFFFFFFFF83
:100D8000FFFFFFFFFFFFFFFFFFFFFFFFFFFFFFFF73
:100D9000FFFFFFFFFFFFFFFFFFFFFFFFFFFFFFFF63
:100DA000FFFFFFFFFFFFFFFFFFFFFFFFFFFFFFFF53
:100DB000FFFFFFFFFFFFFFFFFFFFFFFFFFFFFFFF43
:100DC000FFFFFFFFFFFFFFFFFFFFFFFFFFFFFFFF33
:100DD000FFFFFFFFFFFFFFFFFFFFFFFFFFFFFFFF23
:100DE000FFFFFFFFFFFFFFFFFFFFFFFFFFFFFFFF13
:100DF000FFFFFFFFFFFFFFFFFFFFFFFFFFFFFFFF03
:100E0000FFFFFFFFFFFFFFFFFFFFFFFFFFFFFFFFF2
:100E1000FFFFFFFFFFFFFFFFFFFFFFFFFFFFFFFFE2
:100E2000FFFFFFFFFFFFFFFFFFFFFFFFFFFFFFFFD2
:100E3000FFFFFFFFFFFFFFFFFFFFFFFFFFFFFFFFC2
:100E4000FFFFFFFFFFFFFFFFFFFFFFFFFFFFFFFFB2
:100E5000FFFFFFFFFFFFFFFFFFFFFFFFFFFFFFFFA2
:100E6000FFFFFFFFFFFFFFFFFFFFFFFFFFFFFFFF92
:100E7000FFFFFFFFFFFFFFFFFFFFFFFFFFFFFFFF82
:100E8000FFFFFFFFFFFFFFFFFFFFFFFFFFFFFFFF72
:100E9000FFFFFFFFFFFFFFFFFFFFFFFFFFFFFFFF62
:100EA000FFFFFFFFFFFFFFFFFFFFFFFFFFFFFFFF52
:100EB000FFFFFFFFFFFFFFFFFFFFFFFFFFFFFFFF42
:100EC000FFFFFFFFFFFFFFFFFFFFFFFFFFFFFFFF32
:100ED000FFFFFFFFFFFFFFFFFFFFFFFFFFFFFFFF22
:100EE000FFFFFFFFFFFFFFFFFFFFFFFFFFFFFFFF12
:100EF000FFFFFFFFFFFFFFFFFFFFFFFFFFFFFFFF02
:100F0000FFFFFFFFFFFFFFFFFFFFFFFFFFFFFFFFF1
:100F1000FFFFFFFFFFFFFFFFFFFFFFFFFFFFFFFFE1
:100F2000FFFFFFFFFFFFFFFFFFFFFFFFFFFFFFFFD1
:100F3000FFFFFFFFFFFFFFFFFFFFFFFFFFFFFFFFC1
:100F4000FFFFFFFFFFFFFFFFFFFFFFFFFFFFFFFFB1
:100F5000FFFFFFFFFFFFFFFFFFFFFFFFFFFFFFFFA1
:100F6000FFFFFFFFFFFFFFFFFFFFFFFFFFFFFFFF91
:100F7000FFFFFFFFFFFFFFFFFFFFFFFFFFFFFFFF81
:100F8000FFFFFFFFFFFFFFFFFFFFFFFFFFFFFFFF71
:100F9000FFFFFFFFFFFFFFFFFFFFFFFFFFFFFFFF61
:100FA000FFFFFFFFFFFFFFFFFFFFFFFFFFFFFFFF51
:100FB000FFFFFFFFFFFFFFFFFFFFFFFFFFFFFFFF41
:100FC000FFFFFFFFFFFFFFFFFFFFFFFFFFFFFFFF31
:100FD000FFFFFFFFFFFFFFFFFFFFFFFFFFFFFFFF21
:100FE000FFFFFFFFFFFFFFFFFFFFFFFFFFFFFFFF11
:100FF000FFFFFFFFFFFFFFFFFFFFFFFFFFFFFFFF01
:10100000D10020434D1600600000000000000000E9
:10101000201000600010006000A8026000000000C6
:101020000000006000B4020000000000FFFFFFFFAE
:10103000FFFFFFFFFFFFFFFFFFFFFFFFFFFFFFFFC0
:10104000FFFFFFFFFFFFFFFFFFFFFFFFFFFFFFFFB0
:10105000FFFFFFFFFFFFFFFFFFFFFFFFFFFFFFFFA0
:10106000FFFFFFFFFFFFFFFFFFFFFFFFFFFFFFFF90
:10107000FFFFFFFFFFFFFFFFFFFFFFFFFFFFFFFF80
:10108000FFFFFFFFFFFFFFFFFFFFFFFFFFFFFFFF70
:10109000FFFFFFFFFFFFFFFFFFFFFFFFFFFFFFFF60
:1010A000FFFFFFFFFFFFFFFFFFFFFFFFFFFFFFFF50
:1010B000FFFFFFFFFFFFFFFFFFFFFFFFFFFFFFFF40
:1010C000FFFFFFFFFFFFFFFFFFFFFFFFFFFFFFFF30
:1010D000FFFFFFFFFFFFFFFFFFFFFFFFFFFFFFFF20
:1010E000FFFFFFFFFFFFFFFFFFFFFFFFFFFFFFFF10
:1010F000FFFFFFFFFFFFFFFFFFFFFFFFFFFFFFFF00
:10110000FFFFFFFFFFFFFFFFFFFFFFFFFFFFFFFFEF
:10111000FFFFFFFFFFFFFFFFFFFFFFFFFFFFFFFFDF
:10112000FFFFFFFFFFFFFFFFFFFFFFFFFFFFFFFFCF
:10113000FFFFFFFFFFFFFFFFFFFFFFFFFFFFFFFFBF
:10114000FFFFFFFFFFFFFFFFFFFFFFFFFFFFFFFFAF
:10115000FFFFFFFFFFFFFFFFFFFFFFFFFFFFFFFF9F
:10116000FFFFFFFFFFFFFFFFFFFFFFFFFFFFFFFF8F
:10117000FFFFFFFFFFFFFFFFFFFFFFFFFFFFFFFF7F
:10118000FFFFFFFFFFFFFFFFFFFFFFFFFFFFFFFF6F
:10119000FFFFFFFFFFFFFFFFFFFFFFFFFFFFFFFF5F
:1011A000FFFFFFFFFFFFFFFFFFFFFFFFFFFFFFFF4F
:1011B000FFFFFFFFFFFFFFFFFFFFFFFFFFFFFFFF3F
:1011C000FFFFFFFFFFFFFFFFFFFFFFFFFFFFFFFF2F
:1011D000FFFFFFFFFFFFFFFFFFFFFFFFFFFFFFFF1F
:1011E000FFFFFFFFFFFFFFFFFFFFFFFFFFFFFFFF0F
:1011F000FFFFFFFFFFFFFFFFFFFFFFFFFFFFFFFFFF
:10120000FFFFFFFFFFFFFFFFFFFFFFFFFFFFFFFFEE
:10121000FFFFFFFFFFFFFFFFFFFFFFFFFFFFFFFFDE
:10122000FFFFFFFFFFFFFFFFFFFFFFFFFFFFFFFFCE
:10123000FFFFFFFFFFFFFFFFFFFFFFFFFFFFFFFFBE
:10124000FFFFFFFFFFFFFFFFFFFFFFFFFFFFFFFFAE
:10125000FFFFFFFFFFFFFFFFFFFFFFFFFFFFFFFF9E
:10126000FFFFFFFFFFFFFFFFFFFFFFFFFFFFFFFF8E
:10127000FFFFFFFFFFFFFFFFFFFFFFFFFFFFFFFF7E
:10128000FFFFFFFFFFFFFFFFFFFFFFFFFFFFFFFF6E
:10129000FFFFFFFFFFFFFFFFFFFFFFFFFFFFFFFF5E
:1012A000FFFFFFFFFFFFFFFFFFFFFFFFFFFFFFFF4E
:1012B000FFFFFFFFFFFFFFFFFFFFFFFFFFFFFFFF3E
:1012C000FFFFFFFFFFFFFFFFFFFFFFFFFFFFFFFF2E
:1012D000FFFFFFFFFFFFFFFFFFFFFFFFFFFFFFFF1E
:1012E000FFFFFFFFFFFFFFFFFFFFFFFFFFFFFFFF0E
:1012F000FFFFFFFFFFFFFFFFFFFFFFFFFFFFFFFFFE
:10130000FFFFFFFFFFFFFFFFFFFFFFFFFFFFFFFFED
:10131000FFFFFFFFFFFFFFFFFFFFFFFFFFFFFFFFDD
:10132000FFFFFFFFFFFFFFFFFFFFFFFFFFFFFFFFCD
:10133000FFFFFFFFFFFFFFFFFFFFFFFFFFFFFFFFBD
:10134000FFFFFFFFFFFFFFFFFFFFFFFFFFFFFFFFAD
:10135000FFFFFFFFFFFFFFFFFFFFFFFFFFFFFFFF9D
:10136000FFFFFFFFFFFFFFFFFFFFFFFFFFFFFFFF8D
:10137000FFFFFFFFFFFFFFFFFFFFFFFFFFFFFFFF7D
:10138000FFFFFFFFFFFFFFFFFFFFFFFFFFFFFFFF6D
:10139000FFFFFFFFFFFFFFFFFFFFFFFFFFFFFFFF5D
:1013A000FFFFFFFFFFFFFFFFFFFFFFFFFFFFFFFF4D
:1013B000FFFFFFFFFFFFFFFFFFFFFFFFFFFFFFFF3D
:1013C000FFFFFFFFFFFFFFFFFFFFFFFFFFFFFFFF2D
:1013D000FFFFFFFFFFFFFFFFFFFFFFFFFFFFFFFF1D
:1013E000FFFFFFFFFFFFFFFFFFFFFFFFFFFFFFFF0D
:1013F000FFFFFFFFFFFFFFFFFFFFFFFFFFFFFFFFFD
:10140000814205D051F8043B40F8043B8242F9D8B0
:10141000704700BF044A05494FF0000342F8043BFF
:101420009142FBD8704700BFC09E002060C50020DD
:101430002DE98848BFF34F8F00BF00BF00BF00BF3A
:1014400000F042F9684B0822C3F8542100BF00BFE6
:1014500000BF00BF00BF00BF00BF00BF00BF00BF94
:1014600000BF00BF00BF00BF00BF00BF5F4A6049B0
:101470006048FFF7C5FF604A60496148FFF7C0FF59
:10148000604CFFF7C7FF4FF470004FF0E0210023DE
:101490005D4AC1F8880D44F823200133B02BFAD1FE
:1014A0005A4B80215A4A03F8011B9342FBD14FF05B
:1014B000E0254D4E4FF08039DFF884B1DFF884A18C
:1014C0004FF0FF31C5F8084D0027C6F80491C6F863
:1014D00000B1C6F8F490C6F8F0A0D5F8243DDFF8C6
:1014E000688143F4E0234B4AC5F8243DD8F81C300A
:1014F00023F07F0343F04003C8F81C30D8F82430B1
:1015000023F07F0343F04003C8F824309166D1668E
:101510001167516700F0E0F83F4B4049A363404B2F
:10152000E36363236B610323AF612B613D4BC5F81C
:10153000203DD5F8FC3D43F08073C5F8FC3D3A4BA7
:101540001A6842F001021A605B680B6000F00EFB43
:10155000C6F804913548C6F800B1C6F8F490C6F84C
:10156000F0A000F085FCD8F86C10314B314A41F402
:101570004051C8F86C101F60C3F80871C3F81871A7
:10158000C3F82871C3F83871936BDB0708D442F6AF
:101590001563294951651365936B43F00103936308
:1015A000244A264C936843F00113936000F01CF921
:1015B00000F060F800F04CFC00F006FB00F086F84C
:1015C0002368132BFCD900F097FB2368B3F5967FB3
:1015D000FBD300F07FF800F07BF800F04DFC00F04A
:1015E00043FC30BFFDE700BF00800D4098E70100DD
:1015F000CC1F006000000000C09E00206807026051
:1016000000000020009C002035EB000000E400E01A
:10161000A0E400E000C00A40F1FF0000DCC40020AC
:10162000F5FF000000002020001000E00046C3236A
:101630000040084000400D400000C056E0C40020BB
:101640001B1018200C0D111300C00F40054B4FF458
:101650002A01054A05485A641864054A9963954663
:10166000FFF7E6FE00C00A40FFAAAAAA0700200072
:1016700000000620104BA020104AD96E41F44031E2
:1016800010B4D96640F23764D96E41F44071D9661E
:1016900054649064936C1B06FCD4094A40F2376191
:1016A000A02351649364936C13F08003FBD1054A2B
:1016B00013705DF8044B704700C00F4000400C40B1
:1016C00000800C4020C50020704700BF704700BF5D
:1016D000704700BF00BF704710B44FF0E0230021F7
:1016E00010243148C3F8941DC3F89C4D1124C3F84D
:1016F000A00D2E48C3F89C4D1224C3F8A00D2C4811
:10170000C3F89C4D2B4AC3F8A00D2B4C42F0150298
:101710002A48C3F89C4DC3F8A00D294C2948C3F8AA
:101720009C4DC3F8A00D284CC3F89C2D2748284A8F
:10173000C3F8A04DC3F89C0DC3F8A02D02F5A0225C
:10174000244C0C322448C3F89C4DC3F8A02D234AE6
:10175000C3F89C0D224CC3F8A02D02F14062C3F8DF
:101760009C4D2048C3F8A02D0C32C3F89C0DC3F843
:10177000A02D00BF00BF00BF00BF00BF0122C3F803
:10178000942DBFF34F8FBFF36F8FC3F8501FBFF37C
:101790004F8FBFF36F8FD3F8142D5DF8044B42F4D5
:1017A0004032C3F8142D70473F0000102500080791
:1017B0000900100060C5002013002000210002076E
:1017C0001400002025000813090000101600202036
:1017D00027000B1317000040180000602F000B07B4
:1017E000190000701A000080F0B5B84B1822B84EEE
:1017F0000120B84F83B0C3F85C62B749C3F8607288
:10180000B64DC3F86462A6F53046B54CC3F86862BD
:10181000C3F86C52C3F87052C3F87452C3F87852CC
:1018200048F20C75DA661A675A679A67DA67C3F87E
:101830008020C3F88420C3F88820C1F82C03A94A6B
:10184000C1F83003C1F83403C1F83803C1F83C03D0
:10185000C1F85003A169A44B0A40A448A44913430A
:10186000A44AA361D4F8843043F00C03C4F8843054
:101870004FF0FF34036843F00203036003682B401A
:101880004FF400551A439C4B026044608A689B4C9D
:1018900013409B4A43F000538360C36823F07803EE
:1018A000C360036A134023430362036A1340954AEB
:1018B0002343954C43628262C2620022D1F8B83061
:1018C00023F03F0343F00103C0F8B830D1F8BC3037
:1018D0008E4923F03F0343F00103C0F8BC3040F2CF
:1018E0000563026105660467C0F880304566446799
:1018F0000224C0F88430036823F00203036081618E
:10190000834B8449C46143F8042B8B42FBD1774A53
:10191000136843F001031360136813F00103FBD154
:101920007A48022140F2F564906140F29940D16119
:1019300040F26641C2F8004242F20144C2F810127D
:101940007549C2F82002C2F8301240F2354173489E
:10195000C2F83442C2F84012714CC2F8500242F24E
:1019600001207049C2F854120121C2F86042C2F845
:1019700064025E48C2F8A030C2F8A430C2F8B010C9
:101980004369DA07FCD5012300244FF4803257491C
:101990004361C0F8A040C0F8A420C0F8B0304B6943
:1019A000DB07FCD5012300244FF400304F4A4B6184
:1019B000C1F8A040C1F8A400C1F8B0305369DF07F6
:1019C000FCD501230024584848495361C2F8A0407F
:1019D000C2F8A400C2F8B0304B69DE07FCD5D1F8DC
:1019E000003145F60D5221209BB24861934265D1EA
:1019F00000244FF4802201233C48C1F8A040C1F8E4
:101A0000A420C1F8B0304369DD07FCD501234FF4B1
:101A100000040021354A4361C0F8A040C0F8A4107A
:101A2000C0F8B0305369DC07FCD501234FF4000443
:101A30004FF480302D495361C2F8A040C2F8A40091
:101A4000C2F8B0304B69D807FCD501234FF400042D
:101A50004FF40030254A4B61C1F8A040C1F8A40002
:101A6000C1F8B0305369D907FCD501234FF4000405
:101A70002D481E495361C2F8A040C2F8A400C2F824
:101A8000B0304B69DA07FCD5D1F8003145F60D527C
:101A900021209BB24861934250D008254FF40004A6
:101AA00022490020224B234A009015705A1A012324
:101AB0002148224400F0C8F903B0F0BD1E4B0022BB
:101AC000C3E90022C3E9022203B0F0BD00801F4039
:101AD000F9B00100F910010000841F40F970010005
:101AE00000C00F40FFFCFF1F000300A000402A4081
:101AF00000802A401200FFFFFF37F70040000080FF
:101B000000FFF07CFF000F8363000200F05AF05AE0
:101B100000422A4000432A409F041830EB06180A6E
:101B20003806180A0632012604000300000000707F
:101B30000000007022C50020F0B600204FF4000421
:101B40004FF4802201230848C1F8A040C1F8A42026
:101B5000C1F8B0304369DB07FCD5012310254FF0F5
:101B6000807443619CE700BF00402A40F0B4154AEE
:101B700040274FF480314FF480564FF400554FF416
:101B8000404443F24200136913F0020F0ED113F4E4
:101B9000005F0FD013F4805F0ED0002BF3DA13F444
:101BA000803F0BD15B060BD5F0BC7047946151614F
:101BB0009061E8E75561E6E75661E4E79161E2E7A5
:101BC0005761E0E700800D403F4A03203F49F3EEB4
:101BD000095AD2F880304FF0000C9FED3D6A23F097
:101BE00001039FED3C5A30B4C2F88030C2F8900037
:101BF000D1F8E010384DCBB2384C39482B6007EEA5
:101C0000903A0B0DC1F30B21F8EEE77A06EE903A0D
:101C100007EE101A334BB8EEC77A2160F8EEE66A89
:101C2000314937EEC66A37EEC55A76EEC76A77EEA7
:101C3000E57A26EE266AC3ED006A25EE265AD2F82A
:101C4000803067EEA64AC0ED007AC6EE275A2748D4
:101C500085EE276AC4EEA76A75EE875AFCEEE55A50
:101C600036EE076A15EE904ABCEEC66A43EA0453A4
:101C700076EE877AC2F8803016EE103AD2F89041AC
:101C8000FCEEE77A01EA0341214317EE903AC2F8ED
:101C90009011C3F30B03D2F890110B431449C2F80F
:101CA0009031D2F8803043F00203C2F88030114BFB
:101CB00080F840C0C1F840314FF0E023012230BC31
:101CC000C3F80821704700BF00810D4000441F4049
:101CD0000000AA420000B4424CC4002048C40020C6
:101CE00050C4002054C400200000FF0F00E400E0B6
:101CF000009C002021ED0000314B40F6617210B5D0
:101D0000C3F8202140F2044400F09AF82D4A2E49ED
:101D1000D2F880302D4843F00303C2F880302C4BBA
:101D2000C1F8604102681A4203D1D1F8A8319A077C
:101D30001BD0254A4FF00041244B5963D2F8403163
:101D400043F00203C2F84031D2F840319B07FBD484
:101D50004FF400304FF0E0211C4B4FF00042C1F82F
:101D60008C0219209A6300F07BF8184A4FF08040EB
:101D7000154C002190630A20164B11604FF420721D
:101D8000C4F8A801184600F067F84FF48002034633
:101D90004FF4810040F243111860C4F858311A64BE
:101DA0000D4B0E4AC4F84811C3F804224FF0E0224C
:101DB0004FF400310123C2F80C11C4F8403110BDBA
:101DC00000800D4000C00F4000002E4000900D40EC
:101DD000001C1E0000000020009C002009EF0000F5
:101DE00008B50E4B1B6E9B0700D4FBBE72B60C4BA6
:101DF00000200C4AC3F8400103F160430A49A3F5EF
:101E00005F2311649D46BFF34F8F4FF400130748C3
:101E1000074ADB6902609B68984700BF00441F4087
:101E200000002E4000C00A40030020000080202057
:101E3000000012EBF8B500BFF8BC08BC9E46704726
:101E40005FF800F079F600005FF800F06100010033
:101E50005FF800F01DEA00005FF800F0B15B0100E0
:101E60005FF800F089DE00005FF800F085E4000014
:101E70005FF800F099DB00005FF800F0D961010025
:101E80004500000085060000FD250000492C0000EB
:101E9000F942000025530000F16000007D6200005F
:041EA00021CB000052
:101EA40016035500530042002000530065007200E1
:101EB400690061006C0000001803540065006500AF
:101EC4006E00730079006400750069006E006F0095
:101ED4000403090409026200030100C032080B0074
:101EE40002020201000904000001020201000524AB
:101EF4000010010524010101042402060524060042
:101F0400010705820310001009040100020A000001
:101F14000007050302400000070584024000000991
:101F240004020002FF6AFF00070581024000010766
:101F3400050102400001000009026200030100C023
:101F440032080B000202020100090400000102022F
:101F540001000524001001052401010104240206E6
:101F64000524060001070582031000050904010089
:101F7400020A0000000705030200020007058402AC
:101F84000002000904020002FF6AC700070581027B
:101F94000002010705010200020100000A06000216
:101FA400EF02014001000000005EBCE2613FDD83FE
:101FB400C29C7E20A3FD1F41009D23BE46DB65F825
:081FC4008C11AF32CA57E97419
:101FCC000000000000000000000000000000000005
:101FDC0000000000000000000000000000000000F5
:101FEC000548064B1B1AD90F01EBA301491002D06F
:101FFC00034B03B118477047C09E0020C09E0020C1
:10200C000000000008B5054B1BB105490548AFF3AE
:10201C000080BDE80840FFF7E3BF00BF00000000F0
:10202C00F8C3002000B402600346012200B583B05F
:10203C0093F80DC099880DF1070083F80CC08DF84A
:10204C0007C00EF0EFF903B05DF804FB0346012264
:10205C0000B583B093F80DC099880DF1070083F893
:10206C000CC08DF807C00EF0DDF903B05DF804FB71
:10207C0000B500F1140183B0844600F10C026B46EC
:10208C0003C983E8030082E803000822BCF80410AB
:10209C0018460EF0C7F903B05DF804FB03460422A2
:1020AC0000B583B0D3F810C099880DEB0200C3F8CB
:1020BC000CC0CDF804C00EF0B5F903B05DF804FB0C
:1020CC000346042210B582B01C6999880DEB0200FE
:1020DC00DC6001940EF0A6F902B010BD10B50446F8
:1020EC0080880DF0F5FF207310BD00BF10B50446BD
:1020FC0080880DF0EDFF207310BD00BF70B5858892
:10210C0000F10C0400F114062D1A0C3D60190DF0B1
:10211C00DFFF04F8010BA642F8D170BD70B58588BD
:10212C0000F10C0400F110062D1A0C3D60190DF095
:10213C00CFFF04F8010BA642F8D170BD70B58588AD
:10214C0000F10C0400F110062D1A0C3D60190DF075
:10215C00BFFF04F8010BA642F8D170BD70B5044660
:10216C0000F1140106F04CF8054604F12801204654
:10217C0006F046F8034604F13C0120461D4006F0EB
:10218C003FF8034604F15001EDB220461D4006F025
:10219C0037F8034604F1640120461D4006F030F880
:1021AC00064604F17801204606F02AF82E40054632
:1021BC0004F18C01204606F023F83540064604F164
:1021CC00A001204606F01CF82E40054604F1BC0187
:1021DC00204606F015F83540064604F1D801204695
:1021EC0006F00EF82E40054604F1F401204606F0E8
:1021FC0007F83540064604F58871204606F000F8CD
:10220C002E40054604F59671204605F0F9FF354041
:10221C00064604F5A471204605F0F2FF2E40054653
:10222C0004F5B271204605F0EBFF3540064604F587
:10223C00C071204605F0E4FF2E40054604F5CE7132
:10224C00204605F0DDFF3540064604F5DC712046DE
:10225C0005F0D6FF2E40054604F5EA71204605F040
:10226C00CFFF3540064604F5F871204605F0C8FF4F
:10227C002E40054604F50371204605F0C1FF35409C
:10228C00064604F50A71204605F0BAFF2E400546B5
:10229C0004F51171204605F0B3FF3540064604F5F0
:1022AC001871204605F0ACFF2E40054604F51C7154
:1022BC00204605F0A5FF3540034604F52071204665
:1022CC001D4005F09DFF08B105B170BD20210448EB
:1022DC000FF014FD0348BDE870400DF07DB800BF51
:1022EC00600A00203091002070B5002245F60141B3
:1022FC00044605F029FFC44AF3EE047A0023DFF804
:10230C0040E30425C14E2260BAEE0E7AC04A4FF06B
:10231C00080C2383FAEE046A636262614FF40002D4
:10232C00A3852363A57684F82E50A4F8403063640B
:10233C0084F84250A4F85430A36584F85650A4F89D
:10234C006830E36684F86A50A4F87C30A662E663D1
:10235C0026656666C4ED0D7AC4ED0E7AC4ED177A67
:10236C00C4ED187AC4F848E0C4F84CE0C4F870E046
:10237C00C4F874E0A749A848C4E90733C4F880300E
:10238C00A667C4F88C60A54E84F87E50C4F8C8606B
:10239C00C4F8D060A24E84F892500125A4F8903075
:1023AC00C4F89430A4F8A430C4F8A830C4F8A00041
:1023BC00A4F8C030C4F8C430C4F8BC00A4F8DC30B5
:1023CC00C4F8E030C4F8D800C4ED217AC4ED227A08
:1023DC00C4F898E0C4F89CE0C4F8ACE084ED2C7A26
:1023EC00C4F8B4E084ED2E7A84F8A6C084ED337A78
:1023FC0084ED357A84F8C2C0C4F8E4E0C4F8ECE0AB
:10240C00C4F8E860C4F8F060A4F8F830C4F8FC3004
:10241C00C4F8F400C4F80011C4F80421C4F808117D
:10242C00C4F80C21A4F81431C4F81831C4F8100104
:10243C00C4F81C11C4F82021C4F82411C4F82821B4
:10244C00A4F83031C4F83431C4F82C01C4F8381174
:10245C00C4F83C21C4F84011C4F84421A4F84C3110
:10246C00C4F85031C4F84801C4F85411C4F85821C8
:10247C00C4F85C11C4F8602184F8DEC084F8FAC09A
:10248C0084F816C184F832C184F84EC1A4F86831BE
:10249C00C4F86C31C4F86401C4F87011C4F8742128
:1024AC00C4F87811C4F87C21A4F88431C4F88831BC
:1024BC00C4F88001C4F88C11C4F89021C4F89411AC
:1024CC00C4F89821A4F8A031C4F8A431C4F89C0134
:1024DC00C4F8A811C4F8AC21C4F8B011C4F8B421E4
:1024EC00A4F8BC31C4F8C031C4F8B801C4F8C411A4
:1024FC00C4F8C821C4F8CC11C4F8D02184F86AC13E
:10250C0084F886C184F8A2C184F8BEC1A4F8D8317D
:10251C00C4F8E421C4F8EC21C4F81C22C4F8242229
:10252C00404AC4F8E011C4F8FC21C4F804223E4A25
:10253C00C4F8E811C4F83422C4F83C223B4AC4F86D
:10254C001812C4F82012C4F838223949C4F84022B1
:10255C00384AC4F8DC31C4F8D401A4F8F431C4F816
:10256C00F831C4F8F001A4F81032C4F81432C4F8ED
:10257C000C02A4F82C32C4F83032C4F82802A4F8A7
:10258C00483284F8DAC1C4ED806AC4ED826A84F8FA
:10259C00F6C184F812C284F82EC2C4F84C32C4F8C6
:1025AC006012C4F8701240F60A21C4F85022C4F824
:1025BC00582240F20112A4F86432C4F86832A4F82C
:1025CC007432C4F87832A4F87C12A4F884321A4914
:1025DC00C4F88832A4F88C2243F63C42174BC4F85A
:1025EC004402204684F84AC284F8665284F8765233
:1025FC00C4F8801284F88652C4F85432C4F85C32A1
:10260C00A4F86C2270BD00BF301A0020D019002035
:10261C00F0190020FFFF7F7FB019002000007042EE
:10262C00000020C200005C410000FA430000FAC325
:10263C00E01900200000FA44C01900200000FAC480
:10264C000000A0420DF020BD00207047704700BF75
:10265C00036D0BB101207047406D003818BF01208D
:10266C00704700BF10B50446806D18B113F04CFBD9
:10267C000023A365236D2BB104F11800BDE81040B5
:10268C000BF018BC636D002BF6D110BDF0B595B0F6
:10269C0000224FF47A74244F1831054604A88DF8A3
:1026AC000C200097CDE90124CDE912220BF06EFC31
:1026BC00129B002B2DD05C2000260DF065FF019B9A
:1026CC0004464660C36004A9029B183040F8083CDD
:1026DC009DF80C3000F8043C144B40F8183C144B9B
:1026EC0040F8103C0BF0A4FB124B4FF47A72A7602D
:1026FC002B606368A66501336E602E73AA602C6133
:10270C0063600D4B04A800930BF0D4FB284615B066
:10271C00F0BD139B002BCED1064A2B732A602B6184
:10272C00C5E90134EDE700BF301B0020541B00202D
:10273C00B01B0020041B0020001A002010B504461A
:10274C00806D00B110BD4FF4807013F0D5FAA06508
:10275C00B0B10022236D02703BB101464FF4807280
:10276C0018460AF0F7FFA06D10BD636D002BE9D081
:10277C0001464FF48072184608F084FFA06D10BD1E
:10278C00014B1846A36510BD1FC5002038B5056D5B
:10279C006DB10BB1002038BD114628460AF000F887
:1027AC000028F7D02846BDE838400AF09BB9446DA4
:1027BC00002CEFD0204607F013FF0028EAD020466B
:1027CC00BDE8384008F086BD8A79A2F150031B069B
:1027DC0022D402F26C72F0B54B7985B0046D0133E2
:1027EC000D798E784F78DBB209784CB12046019682
:1027FC000095CDE9027104210AF008F905B0F0BD8D
:10280C00406D0028FAD001960095CDE902710421A3
:10281C0008F0A4FC05B0F0BD0020704710B50446CC
:10282C00006D80B1037813F0700F00D110BD002142
:10283C0009F0B6FF606D0028F8D000220023BDE837
:10284C00104007F0CDBE606D0028EFD090F831300D
:10285C0013F0500FEAD000220023BDE8104007F01F
:10286C00BFBE00BF036D10B50C4682B02BB30DF18B
:10287C00060201A9184609F039FB38B3BDF804303B
:10288C00BDF8062053EA020120D0C2F3451C02F029
:10289C001F00D20AC3F34311400084F801C0A27098
:1028AC005A0A013903F01F0302F5EA622070012075
:1028BC0061712371A27102B010BD406D30B10DF188
:1028CC00060201A907F032FD0028D7D1002002B082
:1028DC0010BD00BF036D10B50C4682B02BB30DF1CB
:1028EC00060201A9184609F0F1FA38B3BDF8043014
:1028FC00BDF8062053EA020120D0C2F3451C02F0B9
:10290C001F00D20AC3F34311400084F801C0A27027
:10291C005A0A013903F01F0302F5EA622070012004
:10292C0061712371A27102B010BD406D30B10DF117
:10293C00060201A907F0E8FC0028D7D1002002B05C
:10294C0010BD00BF0369D3B10E4810B41C68E46815
:10295C0084420FD1186D18B15DF8044B0AF0FCB825
:10296C00586D18B15DF8044B08F026BD00205DF8D9
:10297C00044B7047184623465DF8044B184700205B
:10298C00704700BFDD0B0000006990B10368154A69
:10299C001B69934225D1036D63B1187810F00800C0
:1029AC0007D0D8695B69C01A48BF6FF00040704708
:1029BC0018467047436D002BFAD093F8310010F095
:1029CC000800F6D0186919685A69401A5B6862EBFE
:1029DC000303B0F1004F73F10003EAD36FF0004032
:1029EC00704718478D0C0000036963B11A680749DA
:1029FC0092698A4208D1186D08B10AF001B8586D75
:102A0C0008B108F035BA704718461047C90B0000DA
:102A1C00036973B11A68084952698A4207D1186D63
:102A2C0008B109F049BD586D18B107F0C3BD18467F
:102A3C0010474FF0FF3070470D0B0000036923B3B4
:102A4C001968134A10B58C6882B0944214D1186D71
:102A5C0048B101220DF1070109F05AFC90B19DF823
:102A6C00070002B010BD586D0028F8D001220DF1FE
:102A7C00070107F0CFFCF1E701220DF10701184621
:102A8C00A047EBE74FF0FF30EBE74FF0FF3070471C
:102A9C00650B0000036D13B1586900217047436D3D
:102AAC0013B1D3E90001704718461946704700BFAF
:102ABC00036D13B1D86900217047436D13B1D3E98D
:102ACC000401704718461946704700BF036D13B1D7
:102ADC00184609F0F1BC406D08B107F06BBD4FF022
:102AEC00FF307047836C13B1184609F0E5BCC06C1D
:102AFC0008B107F05FBD4FF0FF307047036D33B185
:102B0C001B7813F0700F14BF012000207047406D2C
:102B1C0030B190F8313013F0500F14BF0120002069
:102B2C00704700BF036D13B1184609F0F1BB406D3F
:102B3C0008B107F06FBC4FF0FF307047836C00B5E5
:102B4C0083B063B101220DF10701184609F0E0FBD7
:102B5C0001280CD19DF8070003B05DF804FBC06C94
:102B6C0028B101220DF1070107F054FCF0E74FF0FA
:102B7C00FF30F1E7836C13B1184609F041BFC06C0C
:102B8C0008B108F075B97047036D13B1184609F018
:102B9C0037BF406D08B108F06BB97047036D13B1C6
:102BAC00184609F0D9BF406D08B108F005BC704754
:102BBC00836C13B1184609F0CFBFC06C08B108F094
:102BCC00FBBB704700B5836C83B08DF8071043B125
:102BDC0001220DF10701184609F0BEFF03B05DF8A4
:102BEC0004FBC06C0028F9D001220DF1070108F09C
:102BFC00E3FB03B05DF804FB8A79A2F150031B06DA
:102C0C0022D402F26C72F0B54B7985B0046D0133AD
:102C1C000D798E784F78DBB209784CB1204601964D
:102C2C000095CDE90271022109F0F0FE05B0F0BD6E
:102C3C00406D0028FAD001960095CDE90271022171
:102C4C0008F08CFA05B0F0BD00207047036D53B14D
:102C5C00187810F008000DD0D8695B69C01A48BF0D
:102C6C006FF000407047436DA3B193F8310010F042
:102C7C00080000D17047186919685A69401A5B68D6
:102C8C0062EB0303B0F1004F73F10003F2D36FF06A
:102C9C00004070471846EDE7836C53B1187810F07C
:102CAC0008000DD0D8695B69C01A48BF6FF00040AE
:102CBC007047C36CA3B193F8310010F0080000D139
:102CCC007047186919685A69401A5B6862EB03030C
:102CDC00B0F1004F73F10003F2D36FF00040704776
:102CEC001846EDE700B5006983B08DF8071060B1A8
:102CFC000368104ADB68934215D1036D43B101227E
:102D0C000DF10701184609F027FF03B05DF804FB2D
:102D1C00406D0028F9D001220DF1070108F04CFBA1
:102D2C0003B05DF804FB01220DF10701984703B0D5
:102D3C005DF804FBDD0B000038B504460C4B806DD0
:102D4C00236018B112F0E0FF0023A365236D04F19A
:102D5C0018054BB128460BF0ADF8064B2846A3607E
:102D6C000BF0A8F8204638BD636D002BF2D1F4E7C8
:102D7C00541B0020001A002038B504460E4B806D01
:102D8C00236018B112F0C0FF0023A365236D04F17A
:102D9C0018056BB128460BF08DF8084B2846A3603C
:102DAC000BF088F820465C210DF0F0FB204638BD76
:102DBC00636D002BEED1F0E7541B0020001A0020AD
:102DCC0038B505460C460D4801210EF097FF00233F
:102DDC000A2229460A480CF01BFB34B1204615F098
:102DEC000FFA014620460EF089FF05480CF0F4FA64
:102DFC000120BDE838400DF027B800BF900E002030
:102E0C003091002070B5264B044605690360002DF7
:102E1C0032D06E68013E6E6076BB2B68214ADB6A4D
:102E2C00934233D1A86D10B112F06EFFAE652B6DCD
:102E3C0043B305F118000BF03DF82569E5B12B689B
:102E4C00194A5B68934228D1184BA86D2B6018B1B6
:102E5C0012F05AFF0023AB652B6D05F11806C3B1B8
:102E6C0030460BF027F8124B3046AB600BF022F8D3
:102E7C005C2128460DF08AFB204614210DF086FBC0
:102E8C00204670BD6B6D002BD3D1D6E728469847F2
:102E9C00D3E76B6D002BE3D1E5E728469847EBE7CA
:102EAC00041B0020A5060000B90D0000541B0020D7
:102EBC00001A002030B4029C11469C4634B1012CFF
:102ECC001CD0022C0ED0002030BC7047056DF5B123
:102EDC004FF0FF33934274EB0C04F4D3284630BC10
:102EEC0009F05EBC026D0AB3D36959184CF10003AA
:102EFC00002BE8D1104630BC09F052BC026D62B117
:102F0C00536959184CF10003002BDCD1F2E7406DEA
:102F1C000028D8D030BC07F063BB406D0028D2D05D
:102F2C00D0E900238A184CEB0303F3E7406D00282B
:102F3C00C9D0D0E9042330BC8A184CEB030307F04A
:102F4C004FBB00BF70B5244B044605690360002DD0
:102F5C0032D06E68013E6E6076BB2B681F4ADB6A0E
:102F6C0093422FD1A86D10B112F0CEFEAE652B6D31
:102F7C0023B305F118000AF09DFF2569E5B12B6814
:102F8C00174A5B68934224D1164BA86D2B6018B17D
:102F9C0012F0BAFE0023AB652B6D05F11806A3B138
:102FAC0030460AF087FF104B3046AB600AF082FFC8
:102FBC005C2128460DF0EAFA204670BD6B6D002BA3
:102FCC00D7D1DAE728469847D7E76B6D002BE7D1C6
:102FDC00E9E728469847EFE7041B0020A506000008
:102FEC00B90D0000541B0020001A002070B50446D7
:102FFC000E460E49154606F07DFA4C22002104F5CA
:10300C000E7014F0B5FD4FF47A7200232046C4F80C
:10301C009422074AC4F88462C4F8903284F8983237
:10302C00C4F89C32C4E9A25270BD00BF409100208C
:10303C00041B002010B5037888B00446073B1A2BFC
:10304C0000F2D280DFE803F0C8C6C4C2D0C0BCB85E
:10305C00B4B2B0AEAC9F9993916A5B4C41817989C3
:10306C002A1F0E0000F5207200F51F7106F09AFB66
:10307C00002800F0C7801621D4F8840208B0BDE8FF
:10308C00104006F01DBC00F51E7200F51D7106F017
:10309C0071FB002800F0C0801521EDE700F51C71D4
:1030AC0000F51B7200F51A7004F51973CDE90121B6
:1030BC00009004F5187204F51771204606F01EFBFB
:1030CC00002800F09F801421D6E700F5127200F55D
:1030DC00117106F0C7FB002840F0A18008B010BDAC
:1030EC0000F5157200F5147106F0A4FB0028F5D05C
:1030FC000E21D4F8840206F0E3FB0421BCE700F5B2
:10310C00127200F5117106F07DFB0028E6D00D213E
:10311C00D4F8840206F0D4FB0321ADE700F50F725E
:10312C0000F50E7106F056FB0028D7D00C21D4F810
:10313C00840206F0C5FB02219EE700F5137106F030
:10314C00ABFB0028CAD0102196E700F5107106F0F1
:10315C00A1FB0028C2D00F218EE700F5167106F0F6
:10316C009DFB0028BAD0112186E71B2184E716218C
:10317C00012205F04FF91E217EE71521012205F0F1
:10318C0049F91D2178E70B21D0F8840206F098FB51
:10319C0001221421204608B0BDE8104005F03AB9D0
:1031AC000A2169E7092167E7082165E7072163E739
:1031BC000621D0F8880261E70521D0F888025DE786
:1031CC000421D0F8880259E7132155E7062153E76B
:1031DC00002151E701214FE70021D0F8840206F0CD
:1031EC006FFB01220721D5E7104905A80CF0BCFAAA
:1031FC00032205A904F5237004F0ACFB05A80CF020
:10320C00EDFA6BE719210A480EF078FD094808B071
:10321C00BDE810400CF0E0B81B210748F4E70D2185
:10322C00D4F8840206F04CFB052125E7E40B0020C2
:10323C00AC0B002030910020C80B002070B584B07E
:10324C00044605F0BBFF00B30346114D04F523768D
:10325C000EE00CF089FA032201A9304604F07AFB47
:10326C0001A80CF0BBFA204605F0A8FF034660B19C
:10327C00012B294601A8ECD12046FFF7DBFE2046A6
:10328C0005F09CFF03460028F2D104B070BD00BFCE
:10329C00940E002038B5404C142140480EF02EFD01
:1032AC0020460CF099F83E4907203E4DFFF788FD6B
:1032BC003D490820FFF784FD3C490920FFF780FDBC
:1032CC003B490A20FFF77CFD3A490C20FFF778FDBB
:1032DC0039490D20FFF774FD38490E20FFF770FDBA
:1032EC0037490F20FFF76CFD36491020FFF768FDBA
:1032FC0035491120FFF764FD34491220FFF760FDBA
:10330C0033491320FFF75CFD32491420FFF758FDB9
:10331C0031491520FFF754FD30491620FFF750FDB9
:10332C002F491720FFF74CFD142128460EF0E6FC20
:10333C0020460CF051F82B491820FFF741FD2A4983
:10334C001920FFF73DFD29491A20FFF739FD2849BF
:10335C001B20FFF735FD27491C20FFF731FD2649BF
:10336C001D20FFF72DFD25491E20FFF729FD2449BF
:10337C001F20FFF725FD23492020FFF721FD2249BF
:10338C002120FFF71DFD284614210EF0B7FC204626
:10339C00BDE838400CF020B830910020FC0B002028
:1033AC00140C0020300D0020280C0020380C0020BC
:1033BC00440C0020580C0020680C0020780C0020D5
:1033CC00880C0020980C0020A80C0020B80C0020C1
:1033DC00CC0C0020E00C0020F40C0020080D002088
:1033EC00180D0020480D0020640D0020800D0020D9
:1033FC00980D0020C00D0020DC0D0020F40D0020E5
:10340C00100E0020480E00206C0E002010B5144940
:10341C00044604F047FF0EF0E5FBC0B26D2813D054
:10342C00204605F0CBFE48B10128F9D12046FFF724
:10343C0001FE204605F0C2FE0028F5D120460949C0
:10344C00BDE8104004F02EBF0EF032FC2046FFF712
:10345C0021FF20460349BDE8104004F023BF00BF04
:10346C00309100204091002010B504460A460221FC
:10347C0006F026FE204610BD44F2220106F00CBBDD
:10348C0044F2670106F008BB44F27D0106F004BB70
:10349C0010B5044606F00EFD431C0BD007EE900A47
:1034AC00DFED056A0120F8EEE77A87EEA67A84ED67
:1034BC00077A10BD002010BD00102446000000004B
:1034CC009FED0B7BB7EEC00A10B520EE070B044640
:1034DC00B7EEC00B06F0C6FD00B910BD32200CF0E3
:1034EC00B3FC204644F22501BDE8104006F0D4BAE6
:1034FC00C294922FB2AEAB3F9FED0B7BB7EEC00ADE
:10350C0010B520EE070B0446B7EEC00B06F0AAFD73
:10351C0000B910BD32200CF097FC204644F250014B
:10352C00BDE8104006F0B8BAC294922FB2AEAB3FD1
:10353C0008B5836803B19847044AD3889BB243F417
:10354C008043D380BFF34F8F08BD00BF00800B407A
:10355C0008B5836803B19847034A137803F0F7035F
:10356C001370BFF34F8F08BD00400B400B4B186816
:10357C0088B103680A4A1B6893420DD1836810B561
:10358C0003B19847074AD3889BB243F48043D38056
:10359C00BFF34F8F10BD7047184700BFC0B200205B
:1035AC007115000000800B402DE9F04F00F54673BB
:1035BC0087B000F5BE62DFF8ECE0044600F1380994
:1035CC0000F1440800F1880B00F5B76A00F15007D0
:1035DC0000F160060493059284460025BEE80F00B6
:1035EC00ACE80F00BEE80F00ACE80F00BEE80F001F
:1035FC00ACE80F009EE8030010228CE8030039466B
:10360C00484606F04DF931461022404606F048F97E
:10361C0004F17000C4E91455C4E91655C4E91855F1
:10362C00C4E91A5502F090FE4FF47A735846A56718
:10363C00E3671A4B84F880506367C4F88450FEF734
:10364C0053FE049F424649463846FFF7CFFC012102
:10365C00504602F0CDFE059E01213046FFF704FFD7
:10366C0053464A46414604F21460CDF808B001971F
:10367C00009601F0DDFA0A4B4FF4807220461B686D
:10368C00A4F8205CC4F8285CA4F82C2C84F82E5CDC
:10369C00C4F8243C07B0BDE8F08F00BF041B002029
:1036AC00E0C400209803002090F8213C90F8202CD6
:1036BC009A4210B5044611D000EBC302012180F8E8
:1036CC002E1C5068C20725D454F8333004EB60002C
:1036DC009847002294F8203C84F82E2C04EBC3026B
:1036EC005068C2070CD5421054F8333004EB60001C
:1036FC00A258D358984794F8203C84F8213C10BD2C
:10370C0054F8333004EB6000984794F8203C84F86C
:10371C00213C10BD40FA01F254F8333004EB600048
:10372C00A258D358D4E700BF30B41A4D00211A4C1C
:10373C002B6C1A4A43F4001391602B64636F43F4AF
:10374C0040336367164C174B2260174A174CC2F86C
:10375C00B04146F2A01441F210321C804FF0E0242C
:10376C001A8044F20A02DA801A8892B242F06C0291
:10377C001A804FF080521981C4F808219B889B074E
:10378C0001D430BC70470A4900F5467030BC05F0D6
:10379C00B7BE00BF00C00A4000C00F40FCC40020F0
:1037AC00C0B2002000800B40009C0020AD15000032
:1037BC00B0110020F0B591B004467F4907A80BF07A
:1037CC00D3FF04F5B76006F0BFFA00285BD10DAD4E
:1037DC0004F17407794928460BF0C6FF03222946E9
:1037EC00384604F0B7F828460BF0F8FF04F5BE6035
:1037FC0006F0AAFA002840F09580714928460BF093
:10380C00B3FF03223846294604F0A4F828460BF0EF
:10381C00E5FFB4F8FE2504F54675B4F8FC352846EA
:10382C00CDE90332B4F8FA25B4F8F835CDE9013214
:10383C00B4F8C625B4F8C4350092B4F8C225B4F86F
:10384C00C01505F07BFE64200CF0FEFAB4F8FE25E2
:10385C00B4F8FC352846CDE90332B4F8FA25B4F8AF
:10386C00F835CDE90132B4F8C625B4F8C435009268
:10387C00B4F8C225B4F8C01505F060FE07A80BF02B
:10388C00ADFF11B0F0BD0AAE0DAD4E4904F1740799
:10389C0030460BF069FF1022B4F8C01528460BF027
:1038AC00D9FF294630460CF06FF828460BF096FFEE
:1038BC00454930460CF06CF81022B4F8C215284675
:1038CC000BF0C8FF294630460CF05EF828460BF08A
:1038DC0085FF3D4930460CF05BF81022B4F8C61554
:1038EC0028460BF0B7FF294630460CF04DF8284619
:1038FC000BF074FF0A9900295BD028460BF034FFBB
:10390C0003222946384604F025F828460BF066FFBA
:10391C0030460BF063FF04F5BE6006F015FA002884
:10392C003FF46BAF0AAE294930460BF01DFF102255
:10393C00B4F8F81528460BF08DFF294630460CF0EC
:10394C0023F828460BF04AFF1F4930460CF020F8AC
:10395C001022B4F8FA1528460BF07CFF29463046A5
:10396C000CF012F828460BF039FF174930460CF0D2
:10397C000FF81022B4F8FE1528460BF06BFF294601
:10398C0030460CF001F828460BF028FF0A9971B16B
:10399C0028460BF0E9FE03222946384603F0DAFFED
:1039AC0028460BF01BFF30460BF018FF31E7084997
:1039BC00EEE70749A1E700BFAC0900208C170020F7
:1039CC00D0170020B8170020CC17002004180020B6
:1039DC00B08F002070B5044684B000F5B76006F0D7
:1039EC0087F9E0B12C4B002294F8B8551A7025B920
:1039FC0094F8B9357BBB04B070BD132127480EF089
:103A0C007DF927480BF0E8FC012104F1380005F0A2
:103A1C0057FF204604B0BDE87040FFF7CBBE2149EC
:103A2C00054601A81C4E0BF09FFE032201A904F1D0
:103A3C00740003F08FFF01A80BF0D0FE3378013334
:103A4C00DBB20A2B3370D6D1174904F5467005F05A
:103A5C0057FD3570CFE704F5BE6004F54676FFF7E9
:103A6C000BFD142111480EF049F90D480BF0B4FC74
:103A7C00294604F1380005F023FF0121304604F0FB
:103A8C0079FD64200CF0E0F90121304604B0BDE86A
:103A9C00704004F06FBD00BF1EC5002068180020E8
:103AAC0030910020181800203C1800207C180020B1
:103ABC0070B5054684B000F5BE6006F019F950B13A
:103ACC001C4A002495F8F035147003BB95F8F145A9
:103ADC00204604B070BD1849044601A8154E0BF0E1
:103AEC0043FE032201A905F1740003F033FF01A882
:103AFC000BF074FE33780133DBB20A2B3370E7D151
:103B0C000E4905F5467005F0FBFC3470E0E7012129
:103B1C0005F1380005F0D4FE112109480EF0EEF83D
:103B2C0008480BF059FC2846FFF744FE204604B029
:103B3C0070BD00BF1CC50020080F0020300F0020F6
:103B4C00640F002030910020F0B500F5BE6685B002
:103B5C000446304606F0CCF8002831D03D4B00220C
:103B6C001A7094F8F235002B58D194F8F035002BDC
:103B7C0042D194F82D3C2BB994F8F135002B58D147
:103B8C0005B0F0BD94F8F235002BF9D094F8F1356E
:103B9C00002BF5D004F5AC63304693ED000AFFF72B
:103BAC00ABFC00284ED1012104F1380005F088FE51
:103BBC00212129480EF0A2F828480BF00DFC41E019
:103BCC002749054601A8234F0BF0CEFD032201A97E
:103BDC0004F1740003F0BEFE01A80BF0FFFD3B786E
:103BEC000133DBB20A2B3B70BBD11E4904F5467086
:103BFC0005F086FC3D70B4E7012104F1380005F0B6
:103C0C005FFE112118480EF079F814480BF0E4FB14
:103C1C00204605B0BDE8F040FFF7CCBD0C211348A1
:103C2C000EF06CF80D480BF0D7FB012384F82B3CFD
:103C3C009BE704F5AC63304693ED000AFFF740FCBC
:103C4C000028B0D094F82D3C83F0010384F82D3C6F
:103C5C0005B0F0BD1DC500208C1100203091002056
:103C6C00080F0020300F0020640F00207C11002072
:103C7C00F0B590F8285C85B004464DB300F5B765F7
:103C8C00284605F0D3FE20B1284605F097FE0546E0
:103C9C00D8B904F17000002502F030FB002104F1CA
:103CAC00380005F00DFE3B4901A80BF05DFD01A9A4
:103CBC00032204F1740003F04DFE01A80BF08EFDFD
:103CCC00344904F5467005F01BFC284605B0F0BDE0
:103CDC0000F1700700F5B766384602F0EFFA4FF4C2
:103CEC007A700CF0B1F8304605F01CFE50B34FF46E
:103CFC00FA700CF0A9F8304605F098FE28B1304661
:103D0C0005F05CFE0346002839D1384602F0F6FA7D
:103D1C00002104F1380005F0D3FD1E4901A80BF079
:103D2C0023FD01A9032204F1740003F013FE01A882
:103D3C000BF054FD04F54670164905F0E1FB2846DE
:103D4C0005B0F0BD384602F0D9FA294604F1380026
:103D5C0005F0B6FD104901A80BF006FD01A90322E0
:103D6C0004F1740003F0F6FD01A80BF037FD04F527
:103D7C004670094905F0C4FB284605B0F0BD1D4648
:103D8C00304602F09BFB0123284684F8283C05B002
:103D9C00F0BD00BF381100205C1100202DE9F0416E
:103DAC0090F8295C84B01DB990F8283C04461BB9E6
:103DBC00284604B0BDE8F08100F1700600F5BE673E
:103DCC00304602F0F1FA4FF4FA700CF03DF8384638
:103DDC0005F02CFE18B1384605F0F0FDE8B9304678
:103DEC0002F0FAFA002104F1380005F069FD2649C9
:103DFC0001A80BF0B9FC01A9032204F1740003F033
:103E0C00A9FD01A80BF0EAFC04F546701E4905F06B
:103E1C0077FB284604B0BDE8F08104F5B76840464E
:103E2C0005F004FE20B1404605F0C8FD8046E8B917
:103E3C00304602F0D1FA304602F060FA002104F16B
:103E4C00380005F03DFD114901A80BF08DFC01A9CE
:103E5C00032204F1740003F07DFD01A80BF0BEFCFD
:103E6C000B4904F5467005F04BFBA1E7B7EE000AD1
:103E7C003846FFF741FB3846FFF7FEFA012345466B
:103E8C0084F8293C94E700BFCC11002038110020A5
:103E9C00F411002010B50446703002F02FFA002304
:103EAC0084F8283C84F82A3C10BD00BF38B5044681
:103EBC000025703002F090FA1F21064884F8295C26
:103ECC0084F82B5C0DF01AFF03480BF085FA84F88C
:103EDC002A5C38BD281200203091002038B50446E9
:103EEC00084D092108480DF009FF0023D4F8A8104B
:103EFC0028460A220BF08CFA2846BDE838400BF015
:103F0C006BBA00BF30910020FC0E002000F62F4150
:103F1C00C82210B582B004468830019104F054F9DF
:103F2C000199A0B1034604F546701A46019004F0BD
:103F3C00BDF92321019804F079FC1E2105480DF0F0
:103F4C00DDFE054802B0BDE810400BF045BA232158
:103F5C000248F4E7DC0E002030910020B80E00205F
:103F6C002DE9F04F2DED068B9FEDBB9B9FEDBC8B90
:103F7C0087B09FEDBDAA044600F13805284605F030
:103F8C0099FC68BB20230DF10B0128468DF80B30F2
:103F9C0005F0B0FC20B39DF80B301E2B25D8DFE8C4
:103FAC0013F075026D02630259024F0245023D0285
:103FBC0038022F021B020002BC01AF01A2019501C5
:103FCC0082016F01480124002001BA0094006E00A8
:103FDC0024002400240024006A005700440032000E
:103FEC0007B0BDEC068BBDE8F08FA04903A80BF021
:103FFC00BBFB032203A904F1740003F0ABFC03A880
:10400C000BF0ECFBBAE70122B4F80C1303A884F80C
:10401C0014238DF80C200CF005FA172194480DF0A0
:10402C006DFE94480BF0D8F9A8E700230122B4F8F0
:10403C000C1303A884F814338DF80C300CF0F2F93F
:10404C001A218D480DF05AFE8A480BF0C5F995E7F8
:10405C0094F8203C012B91D994F81433002B8DD07B
:10406C0004F2146104F5467005F04AFA0021284662
:10407C0005F026FC82E72046FFF748FF7EE704F5B3
:10408C00B36704F2945803AE3B68D8F8002004934D
:10409C0004F521730392082296E8030083E80300D9
:1040AC003046B4F87C120CF0BDF9D8F8002004F2BC
:1040BC00847304F546701A6004F5F16339680122C3
:1040CC001960212104F0A6F958E704F5B26704F24F
:1040DC008C5803AE3B68D8F80020049304F52F737A
:1040EC000392082296E8030083E803003046B4F8F4
:1040FC00B4120CF097F9D8F8002004F2CC7304F544
:10410C0046701A6004F5FA6339680122196020219F
:10411C0004F080F932E704F5AF6B04F2745303AE8C
:10412C0004F59A7CDBF8002004F5B069019304F2E5
:10413C007C5A049204F5B1671A6804F2845803920D
:10414C00082296E803008CE80300B4F82C113046E2
:10415C000CF068F9D9F8002004F5A87C0492DAF880
:10416C0000200392082296E803008CE80300B4F8C0
:10417C00481130460CF056F93A6804F5B67C0492B6
:10418C00D8F800200392082296E803008CE803007C
:10419C003046B4F864110CF045F9019B04F54670F7
:1041AC001A6804F5D2631A6004F29463DBF80020F9
:1041BC001A6004F2A463DAF800201A6004F5D563DF
:1041CC00D9F800201A6004F5D763D8F800201A60DB
:1041DC0004F2BC633968012219601F2104F01AF93A
:1041EC00CCE60C2125480DF089FD22480BF0F4F8A3
:1041FC0094F8203C012B3FF6C1AE2046FFF738FD6A
:10420C00B0EE4A0A04F5B76002F012F9002840F04B
:10421C00948102460C2104F5467004F0FBF804F17D
:10422C00700002F06BF8002384F8283C84F82A3CD8
:10423C00A4E604F5AE63B4F8181103A804221B68B5
:10424C00C4F8203103930CF0EDF801221E2104F583
:10425C00467004F0DFF891E6D7A3703D0AD7EF3F24
:10426C000000000000F09940000000001811002030
:10427C000011002030910020E41000208810002054
:10428C0004F26453B4F8F01003A804221B68C4F8B9
:10429C00F83003930CF0C6F801221D2104F546708A
:1042AC0004F0B8F86AE604F5AB63B4F8C81003A8D8
:1042BC0004221B68C4F8D03003930CF0B3F801222D
:1042CC001C2104F5467004F0A5F857E604F26C5373
:1042DC000422B4F8041103A81B68C4F80C3103932E
:1042EC000CF0A0F84AE604F5AC630422B4F8DC1038
:1042FC0003A81B68C4F8E43003930CF093F83DE674
:10430C0004F254530422B4F8B41003A81B68C4F884
:10431C00BC3003930CF086F830E61D2104F17007D5
:10432C00894800260DF0EAFC88480BF055F8384611
:10433C0002F052F81F21864884F8296C84F82B6C03
:10434C000DF0DCFC81480BF047F8384684F82A6CF9
:10435C0001F0D4FFD4F8D43584F8286CB34284F837
:10436C002A6C80F2A3805B427A4904F25C500322EF
:10437C0007EE103A04F5467604F5AC63B8EEC77B4D
:10438C0027EE097B87EE086BB7EEC66B80ED006AF3
:10439C00196084F8202C01221421304604F03AF8DC
:1043AC00ECE5002604F17000019001F0A7FF0198E4
:1043BC0084F8286C84F82A6C02F00EF81F216448EB
:1043CC0084F8296C84F82B6C0DF098FC5F480BF08A
:1043DC0003F884F82A6CD1E594F8203C002B5FD1CB
:1043EC002046FFF745FC28B12046FFF7D7FC0028F4
:1043FC007FF4C4AD584904F5467005F081F8BDE56D
:10440C0094F8283C002B45D004F5B76002F0EAF98B
:10441C00B4E504F5B76002F0E1F9AFE594F8203C9F
:10442C00012B58D8062384F8203CA7E594F8203CAF
:10443C00012B56D9494904F5467005F061F89DE504
:10444C0094F8203C012B6AD9454904F5467005F0D7
:10445C0057F893E594F8203C012B56D9414904F5C3
:10446C00467005F04DF889E594F8203C012B42D9B3
:10447C003D4904F5467005F043F87FE594F8203C7F
:10448C00012B56D0012384F8203C77E5002384F8D7
:10449C00203C73E5354904F5467005F031F86DE5BF
:1044AC00334904F5467005F02BF867E52B2104F52C
:1044BC00467630480DF022FC24480AF08DFF01218D
:1044CC00304604F057F864200BF0BEFC0121304656
:1044DC0004F050F85FE7284904F5467005F010F831
:1044EC004CE5052301221B2104F5467084F8203C81
:1044FC0003F090FF42E502230122182104F54670D7
:10450C0084F8203C03F086FF38E5032301221921AF
:10451C0004F5467084F8203C03F07CFF2EE5042360
:10452C0001221A2104F5467084F8203C03F072FF36
:10453C0024E5002384F82E3C20E501220C2104F50F
:10454C00467003F067FF6AE6981000203091002057
:10455C00281200200000A04144100020DC0F002095
:10456C00BC0F0020980F0020780F00202410002092
:10457C0060100020B81000200410002010B5044674
:10458C0082B000F546700190FEF740FF0198FEF7EF
:10459C0055FE2046FFF7E4FC2046FFF785F804F2B1
:1045AC00146001F041FE044B45F255514AF6AA2223
:1045BC0059805A8002B010BD00800B4008B50BF03A
:1045CC0063FD034B0021034AC3E9002108BD00BF72
:1045DC00FCC40020D41B00202DE9F047474D0746B2
:1045EC00474C40F2EE29DFF850812E68DFF84CA1E1
:1045FC000DF002FC2378002B62D098F80030DB071A
:10460C005ED52B68DAF800209B1A0E2B58D90022A5
:10461C004FF4E1313B480AF093FB0E213A480DF080
:10462C006DFB042139480DF069FB012138480DF070
:10463C0065FB0B2137480DF061FB012134480DF06F
:10464C005DFB082134480DF059FB34480AF0C4FED8
:10465C0007F1880003F088FD002846D1304907F5A2
:10466C00467004F04DFFD7F8A81007F1740003F062
:10467C008BFC90BB2B4907F5467004F041FF07F209
:10468C001464204600F0ECFB122127480DF036FB99
:10469C0022480AF0A1FE204600F030FC0D212348F0
:1046AC000DF02CFB1D480AF097FE3846FFF716FC60
:1046BC000C200BF021FA3846BDE8F047FFF734B870
:1046CC002B6822789B1B2AB1B3F5FA6F9FD80DF09B
:1046DC0093FB8DE74B45FAD999E71A2114480DF055
:1046EC000DFB0E480AF078FEC9E71E2111480DF0AB
:1046FC0005FB0A480AF070FEB5E700BFE0C40020D5
:10470C002CC5002040910020B4160020C4160020B7
:10471C005C130020CC160020D8160020309100200D
:10472C00E416002030170020681700207C170020AA
:10473C004C170020101700202BC50020F0C40020BF
:10474C0010B51A4C23780133DBB20A2B237004D139
:10475C000021174B012221701A70237803F0FF01FE
:10476C0053B12378012BD9B20DD02378022B10D062
:10477C002378032B14D010BD25200BF0E3FB2378FA
:10478C00012BD9B2F1D125200BF0DCFB2378022BC5
:10479C00EED1002125200BF0D5FB2378032BEAD199
:1047AC0001212520BDE810400BF0CCBB27C5002013
:1047BC0023990020F8B59D4D0446D0F80C68C0F83C
:1047CC00FC57002E3AD07768013F7760002F35D127
:1047DC003368974ADB6A934240F00381B06D10B1A5
:1047EC0011F092FAB765336D002B00F0F28006F1F0
:1047FC00180009F05FFBD4F80C68FEB133688D4AE1
:10480C005B68934240F01C818B4BB06D336018B1E8
:10481C0011F07AFA0023B365336D06F11807002BFB
:10482C0000F0ED80384609F045FB844B3846B36008
:10483C0009F040FB5C2130460BF0A8FED4F8EC6587
:10484C00C4F8DC55002E3AD07768013F7760002F12
:10485C0035D13368764ADB6A934240F0C580B06D3F
:10486C0010B111F051FAB765336D002B00F0A48034
:10487C0006F1180009F01EFBD4F8EC65FEB13368A4
:10488C006C4A5B68934240F0CD806B4BB06D3360EB
:10489C0018B111F039FA0023B365336D06F118071E
:1048AC00002B00F0A780384609F004FB634B384618
:1048BC00B36009F0FFFA5C2130460BF067FED4F8C8
:1048CC00B465C4F8A455002E38D07768013F7760E2
:1048DC00002F33D13368564ADB6A934240F087800D
:1048EC00B06D10B111F010FAB765336D002B68D0B4
:1048FC0006F1180009F0DEFAD4F8B465F6B13368A5
:10490C004C4A5B68934240F08A804B4BB06D3360ED
:10491C0018B111F0F9F90023B365336D06F11807DE
:10492C00002B75D0384609F0C5FA444B3846B360B5
:10493C0009F0C0FA5C2130460BF028FED4F88460F4
:10494C006567002E36D07568013D7560002D31D13C
:10495C003368374ADB6A934240D1B06D10B111F025
:10496C00D3F9B565336D002B2FD006F1180009F083
:10497C00A1FAD4F88450EDB12B682E4A5B689342AF
:10498C004AD12D4BA86D2B6018B111F0BDF9002345
:10499C00AB652B6D05F11806002B35D0304609F0B0
:1049AC0089FA264B3046AB6009F084FA5C21284624
:1049BC000BF0ECFD2046F8BD736D002B7FF458AF67
:1049CC005AE7736D002B93D196E7736D002BCCD106
:1049DC00CFE7736D002B7FF40AAF0CE73046984796
:1049EC00C7E73046984706E73046984744E73046D5
:1049FC00984781E7736D002B7FF455AF56E7736DC5
:104A0C00002B7FF40FAF10E76B6D002BC6D1C8E7FE
:104A1C00736D002B86D188E728469847CAE7304645
:104A2C0098478BE73046984749E700BF041B0020A6
:104A3C00A5060000B90D0000541B0020001A002030
:104A4C0030469847FAE600BF0121252010B50BF03F
:104A5C00B5FA002125200BF075FA4D4BDFED4D6AB0
:104A6C000022D3ED007A9FED4C7AF8EE677A67EE70
:104A7C00A67A67EE877AFCEEE77A17EE903AB3F5F2
:104A8C00004F7AD301325B08082AF8D148F2010CA6
:104A9C0047F6FF734FF407624048414CB0F88C1155
:104AAC006FEA41416FEA514189B2A0F88C1108219B
:104ABC00A0F88E11B0F8881189B241F08001A0F8ED
:104ACC0088114FF40051A0F824110021A0F82621E0
:104ADC0040F60802A0F822C1A0F82A11A0F82E3145
:104AEC00A0F83211A0F83611A0F83A11A0F83E1136
:104AFC00B0F8881189B20A432A49A0F888212A4AB9
:104B0C0023801160294B2A4AC3F8E4214FF48053C7
:104B1C004FF0E02C4FF400722649A0F84431A0F875
:104B2C004631CCF80C2124480AF078FA4FF4007284
:104B3C00224921480AF08CFA4FF40072204921488E
:104B4C000AF06CFA4FF400721F491E480AF080FA02
:104B5C004FF400721D491E480AF060FA4FF40072BF
:104B6C001C491B480AF074FA1B48FFF735FD4FF43B
:104B7C00FA70BDE810400BF067B912019BB242F419
:104B8C000062C3F1000C92B21FFA8CFC84E700BFE8
:104B9C00D89000200050C347BD37063500C03D40BB
:104BAC0008C500208127000020930020009C0020D5
:104BBC00E182000088A000204091002088A2002003
:104BCC0088A400200092002088A6002088A800203D
:104BDC00A091002088AA002000B7002010B508483A
:104BEC00084CFFF7CBFC00E062B601200BF02CF96F
:104BFC0072B62378002BF7D00023237062B610BD59
:104C0C0000B700202399002010B5064C0BF03CFA9D
:104C1C002046FEF7C9FC2046034A0449BDE8104073
:104C2C000DF040BA00B700202C930020F5270000AF
:104C3C002DE9F04788467D4900251746C0F88010BD
:104C4C001E467B4A0023C0F894100446C0F8A810F6
:104C5C00DC3078494FF47A7A20F8545C00F8525CD6
:104C6C0020F8405C00F83E5C20F82C5C00F82A5CD4
:104C7C0020F8185C00F8165C40F8783C40F8743C5E
:104C8C0040F8703C40F86C3C40F8683C40F8643CA0
:104C9C0040F8583C40F8503C40F8443C40F83C3C10
:104CAC0040F8303C40F8283C40F81C3C40F8602C64
:104CBC0040F84C2C40F8382C40F8242C40F8201CA0
:104CCC0040F8143C40F8102C602240F80C1C29468B
:104CDC0040F8083C20F8045C00F8025C12F048FF35
:104CEC004FF07C53DFF870917822C4F8E83004F56B
:104CFC009E70514B4946C4F8F830504BC4F8FC3008
:104D0C004F4BC4F810314F4BC4F814314E4BC4F810
:104D1C00E0304E4BC4F8E430152384F8EE304C4BA5
:104D2C00C4F80031102384F806314A4BC4F818310A
:104D3C001B2384F81E310BF08DFB09F1780C04F564
:104D4C00DA7EDFF81891BCE80F00AEE80F00BCE883
:104D5C000F00AEE80F009CE803008EE803000B2167
:104D6C0004F50370C4F8F0A184F8F451C4F8F851B8
:104D7C00C4E97A9505F0D2F90C2104F50F7005F011
:104D8C00CDF90D2104F51B7005F0C8F94FF43A72FA
:104D9C00294604F22230C4F8BC5284F8C052C4F83C
:104DAC00C252C4F8C652C4F8CA52C4F8CE52C4F89F
:104DBC00D252C4F8D652C4F8DA52C4F8DE52C4F84F
:104DCC00E252C4F8E652C4F8EA52C4F8EE52C4F8FF
:104DDC00F252C4F8F652C4F8FA52C4F8FE52C4F8AF
:104DEC000253C4F80653C4F80A53C4F80E53C4F85B
:104DFC001253C4F81653C4F81A53C4F81E5312F0C5
:104E0C00B7FE089B2046C4F80062C4F8FC31099B2D
:104E1C00A4F8DC51C4F804320A9B84F8DE51C4F8BF
:104E2C000832C4E97887BDE8F08700BF0000C8C22B
:104E3C000000C84200C079C40000A04100004041FD
:104E4C000000D04100009041333373406666264029
:104E5C0060E5D03DE3C7983DD0030020041B002043
:104E6C00F8B500F51B750446284605F073F9E0B15A
:104E7C0004F50377384605F06DF920B304F50F7689
:104E8C00304605F067F960B304F16401384605F06B
:104E9C00BDF904F16801304605F0B8F904F16C0174
:104EAC002846BDE8F84005F0B1B92721114804F5B2
:104EBC0003770CF023FF10480AF08EFA384605F001
:104ECC0049F90028DAD127210A4804F50F760CF0AD
:104EDC0015FF09480AF080FA304605F03BF9002826
:104EEC00D2D1272103480CF009FF03480AF074FAC9
:104EFC00CAE700BF1809002030910020D0F8083212
:104F0C00D3F8AC20C267D3F8B020C0F88020D3F817
:104F1C00C820C0F89020D3F8CC20C0F89420D3F847
:104F2C00E420C0F8A420D3F8E820C0F8A820D3F8D7
:104F3C005421C0F8E020D3F85821C0F8E420D3F86D
:104F4C007021C0F8F820D3F87421C0F8FC20D3F8F5
:104F5C008C21C0F81021D3F89021C0F81421D3F87B
:104F6C00A821C0F82821D3F8AC21C0F82C21D3F803
:104F7C00C421C0F84021D3F8C821C0F84421D3F88B
:104F8C00E021C0F85821D3F8E421C0F85C21D3F813
:104F9C00FC21C0F87021D3F80022C0F87421D3F89A
:104FAC001822C0F88821D3F81C22C0F88C21D3F821
:104FBC003422C0F8B821D3F83822C0F8BC21D3F879
:104FCC005022C0F8CC21D3F85432C0F8D0317047FD
:104FDC00F0B5944F85B0944E0446944DD4F8E0014E
:104FEC0004F068FC00286BD107230DF10301D4F801
:104FFC00E0018DF8033004F07DFC002860D09DF8B2
:10500C000330062B00F2FF80DFE813F0F300EB0017
:10501C00DF00D80093005C00070094ED672AD4ED04
:10502C00611A94ED5B1AD4ED550A94ED4F0AD4F83D
:10503C00040204F02DFB0A2130460CF05FFE94EDC7
:10504C004F0A02212846B7EEC00A0AF0F5F90121F1
:10505C0077480CF053FE94ED550A02212846B7EE22
:10506C00C00A0AF0E9F9012171480CF047FE94EDF1
:10507C005B0A02212846B7EEC00A0AF0DDF90121CD
:10508C006B480CF03BFE94ED610A02212846B7EE0A
:10509C00C00A0AF0D1F9012165480CF02FFE94EDFD
:1050AC00670AB7EEC00A022128460AF0C5F928465D
:1050BC000AF092F9D4F8E00104F0FCFB002893D03C
:1050CC0005B0F0BDD4ED491A94ED431AD4ED3D0A68
:1050DC0094ED370AD4F8040204F0ACFA0A215548CE
:1050EC000CF00CFE94ED370A02212846B7EEC00AEC
:1050FC000AF0A2F901214E480CF000FE94ED3D0A95
:10510C0002212846B7EEC00A0AF096F90121484858
:10511C000CF0F4FD94ED430A02212846B7EEC00AC8
:10512C000AF08AF9012142480CF0E8FD94ED490A95
:10513C00B7E794ED322AD4ED2D1A94ED281AD4ED5C
:10514C00230A94ED1E0AD4F8040204F03DFA072158
:10515C0039480CF0D3FD94ED1E0A02212846B7EE17
:10516C00C00A0AF069F9012131480CF0C7FD94ED31
:10517C00230A02212846B7EEC00A0AF05DF9012184
:10518C002B480CF0BBFD94ED280A02212846B7EE03
:10519C00C00A0AF051F9012125480CF0AFFD94ED3D
:1051AC002D0A02212846B7EEC00A0AF045F9012162
:1051BC001F480CF0A3FD94ED320A72E70022012384
:1051CC00A4F8DC2184F8DE3108E7002294F8DE3103
:1051DC00A4F8DC21002B3FF401AF002384F8DE316E
:1051EC00FCE6012294F8DE31A4F8DC21002BF4D18A
:1051FC00F4E640F2011294F8DE31A4F8DC21002B25
:10520C003FF4ECAEE9E7394601A80AF0ADFA032207
:10521C0001A904F5F47002F09DFB01A80AF0DEFA76
:10522C00DCE600BF4008002034080020309100204C
:10523C00CC1700202808002020080020F2EE0C7A61
:10524C0090ED3D7AB4EEE77AF1EE10FACCBF012086
:10525C00002070472DE9F043704D04462B68DB07A6
:10526C002DED028B89B040F1BA8000226C4D0126E5
:10527C006C4F1346DFF8CC91DFF8CC812A705A1EA4
:10528C00032A00F2C880DFE802F05C59560294ED64
:10529C001D8A03EB8303002204EB8303D3ED1F7AF7
:1052AC0083ED1E8AF4EEC87A83F88820F1EE10FAAA
:1052BC004AD593F88960002E61D02B78B7EEC87A66
:1052CC003A466421204600268DED007B11F0D8F97A
:1052DC00B0EE480A022102A80AF0E8FA02A905A8D1
:1052EC000AF060FA504905A80AF084FB01464F48C1
:1052FC000AF04AFB05A80AF071FA02A80AF06EFA45
:10530C002B780133DBB2042B2B70B8D90023484F18
:10531C002B7047F23053474D3A6829680B4493423F
:10532C0069D3454941480AF0DDFA304609B0BDEC75
:10533C00028BBDE8F08394ED1C8AAAE794ED1B8ADE
:10534C00A7E794ED1A8AA4E7D3ED207AF4EEC87A95
:10535C00F1EE10FA0EDD93F88A6046B32B78B7EEB7
:10536C00C87A3A466421204600268DED007B11F068
:10537C0087F9ADE783F8892083F88A20A8E74146AE
:10538C0005A80AF0F1F9032205A904F5F47002F05E
:10539C00E1FA05A80AF022FA2B78012103EB83022B
:1053AC0004EB820282F8891082F88A6086E749460B
:1053BC0005A80AF0D9F9032205A904F5F47002F046
:1053CC00C9FA05A80AF00AFA2B78012103EB83022B
:1053DC0004EB820282F8896082F88A10BFE71649D2
:1053EC0012480AF0C1F90123144A15490F482B60E1
:1053FC000CF058FE39E70D4905A80AF0D3F9022242
:10540C0005A904F5F47002F0A5FA05A80AF0E6F96E
:10541C003B682B6085E794ED198A3AE764B100206C
:10542C001BC50020E8080020CC170020BCB30020CE
:10543C00E0C40020B8B30020AC0900202C9300205D
:10544C001DD8000004090020D40800202DE9F043E9
:10545C00724D89B004462B68DB0740F1A780704D74
:10546C002B7803EB430304EBC30393F8EE000AF031
:10547C00EBFA9FED6C7A80B22B789FED6B6A07EE9E
:10548C00900A03EB4302F8EE676A04EBC202A2F83F
:10549C00EC00C6EE877AD2ED3A6A92ED387A67EE76
:1054AC00867A87EEA60AB4EEC70A82ED370AF1EEC9
:1054BC0010FA36DD92F8EF7005AE002F00F0828006
:1054CC00B7EEC00A594A6421204600278DED000B27
:1054DC0011F0D6F82B7803EB430304EBC30393EDE5
:1054EC00370A022102A80AF0E1F902A930460AF0B3
:1054FC0059F94F4930460AF07DFA01464D480AF0F9
:10550C0043FA30460AF06AF902A80AF067F92B78D8
:10551C000133DBB2042B32D038462B7009B0BDE816
:10552C00F083D2ED397AB4EEE70AF1EE10FA1ED51B
:10553C0092F8F07005AE002FC2D13F4930460AF008
:10554C0013F90322314604F5F47002F003FA3046E5
:10555C000AF044F92B78012103EB430204EBC2025D
:10556C0092ED370A82F8EF7082F8F010A8E700236A
:10557C00012705AE82F8EF3082F8F030B1E74FF03A
:10558C000009DFF8CC8047F2305385F800902B4DA2
:10559C00D8F800102A6813448B422DD3284925488B
:1055AC000AF0A0F9384609B0BDE8F0832449214837
:1055BC000AF0DAF80123234A23491E482B600CF029
:1055CC0071FD4CE7214930460AF0CEF803223146F2
:1055DC0004F5F47002F0BEF930460AF0FFF82B78AF
:1055EC00012103EB430204EBC20292ED370A82F86D
:1055FC00EF1082F8F07063E70E4930460AF0D2F8EB
:10560C004A46314604F5F47002F0A4F930460AF02B
:10561C00E5F8D8F800302B60C0E700BF60B100207F
:10562C001AC5002000F07F4548E14A40F4070020ED
:10563C00CC170020ACB3002010080020A8B3002029
:10564C00AC0900202C9300201DD80000E40700209A
:10565C00E0C40020000000002DE9F041A64C0546F6
:10566C002368DB072DED028B88B040F1E3806424C6
:10567C009FEDA28AA24E337803EB430305EBC303E1
:10568C0093F84E010AF0E0F907EE900A013CF8EEAF
:10569C00E77A38EE278AEED1B7EEC88A33789FEDD9
:1056AC00905B03EB4300042B4FEA430188EE056B40
:1056BC0005EBC000BCEEC66B16EE102A92B207EEDC
:1056CC00902AA0F84C21F8EE677A00F09C809FEDB0
:1056DC008D6AD0ED526A9FED8C5AC6EE265A9FED1C
:1056EC008B7ADFED8B6A87EE856AA5EE867A27EEDC
:1056FC00260A80ED4F0ACA1805EBC202D2ED507A89
:10570C00F4EEC07AF1EE10FA38D592F84F7105AC80
:10571C00002F00F09B80B7EEC00A7E4A6421284619
:10572C0000278DED000B10F0ABFF337803EB430338
:10573C0005EBC30393ED4F0A022102A80AF0B6F859
:10574C0002A920460AF02EF8734920460AF052F9B5
:10575C00014672480AF018F920460AF03FF802A8F0
:10576C000AF03CF833780133DBB2052B34D03846E1
:10577C00337008B0BDEC028BBDE8F081D2ED517AEC
:10578C00F4EEC07AF1EE10FA1EDD92F8507105AC11
:10579C00002FC0D16249204609F0E6FF03222146C2
:1057AC0005F5F47002F0D6F820460AF017F83378B5
:1057BC00012103EB430205EBC20292ED4F0A82F882
:1057CC004F7182F85011A6E70023012705AC82F82F
:1057DC004F3182F85031AFE70023DFF8648133702A
:1057EC0047F230534F4ED8F8002031680B449342A7
:1057FC0063D34D4949480AF075F8384608B0BDECFA
:10580C00028BBDE8F0819FED3F7ADFED3F4A67EEFA
:10581C00877A9FED356B87EEA47A9FED355BB7EEFB
:10582C00C77A36EE476B86EE050BB7EEC00B85EDEF
:10583C00670A60E73C49394809F096FF01233B4A67
:10584C003B49364823600CF02DFC10E739492046C3
:10585C0009F08AFF0322214605F5F47002F07AF86C
:10586C00204609F0BBFF0C2133480CF047FA0A2202
:10587C003B463178314809F0CBFD304809F0ACFD9E
:10588C00337802212D4803EB430305EBC30393ED5F
:10589C004F0AB7EEC00A09F0CFFD284809F09CFD6D
:1058AC003378012103EB430205EBC20292ED4F0A60
:1058BC0082F84F1182F850712DE71849204609F0F3
:1058CC0071FF0122214605F5F47002F043F82046E1
:1058DC0009F084FFD8F8003033608AE7AFF300801A
:1058EC000000000000005940666666666666FA3F76
:1058FC00BA490C022B87A63F5CB1002000000000C7
:10590C0019C5002048E14A4000F07F4562BE3CB911
:10591C0000C04146B8070020CC1700209CB30020E3
:10592C00D407002098B30020AC0900202C93002051
:10593C001DD8000098070020A807002030910020F7
:10594C00E0C4002030B589B004467A4902A809F0B9
:10595C000BFF94F8DC514DB9012594F8DD31B3BB44
:10596C0002A809F03BFF284609B030BDD4F800026C
:10597C0004F0A8F9002864D0D4F80022002394ED98
:10598C00706AB2F91020D4ED6E6A07EE902A84F892
:10599C00C431F8EEE77A87EE867AB4EEE67A84EDD7
:1059AC006D7AF1EE10FA70DD94F8C551002D00F00F
:1059BC009780B7EEC77A604A6421204600258DEDAA
:1059CC00007B10F05DFE94F8DD31002BC8D0D4F8CC
:1059DC00FC0104F077F958B3D4F8FC21002394EDC2
:1059EC00756AB2F91020D4ED736A07EE902A84F828
:1059FC00D831F8EEE77A87EE867AB4EEE67A84ED63
:105A0C00727AF1EE10FA20DD94F8D951002D7CD089
:105A1C00B7EEC77A494A6421204600258DED007BFC
:105A2C0010F02EFE02A809F0D9FE284609B030BDB0
:105A3C00012302A884F8D83109F0D0FE284609B019
:105A4C0030BD012384F8C43187E7D4ED747AB4EE09
:105A5C00E77AF1EE10FA3ED594F8DA51002DD7D151
:105A6C00374905A809F080FE032205A904F5F47056
:105A7C0001F070FF05A809F0B1FE012394ED727AD4
:105A8C0084F8D95184F8DA31C2E7D4ED6F7AB4EEE8
:105A9C00E77AF1EE10FA18D594F8C651002D88D19A
:105AAC00284905A809F060FE032205A904F5F47045
:105ABC0001F050FF05A809F091FE012394ED6D7AD9
:105ACC0084F8C55184F8C63173E7054684F8C531AE
:105ADC0084F8C63141E784F8D93184F8DA313FE7EC
:105AEC00194905A809F040FE032205A904F5F47034
:105AFC0001F030FF05A809F071FE012394ED6D7AD9
:105B0C0084F8C65184F8C53153E7104905A809F04B
:105B1C002BFE032205A904F5F47001F01BFF05A868
:105B2C0009F05CFE012394ED727A84F8DA5184F862
:105B3C00D9316DE7AC090020180700206007002060
:105B4C007C070020340700200407002048070020B1
:105B5C0090F8DC3110B5044684B023B994F8DD31EB
:105B6C00C3B904B010BDD0F8000200F08FFC0028BF
:105B7C00F4D1134901A809F0F7FD032201A904F59A
:105B8C00F47001F0E7FE01A809F028FE94F8DD316D
:105B9C00002BE6D0D4F8FC01FDF77AFC0028E0D10C
:105BAC00084901A809F0E0FD032201A904F5F470ED
:105BBC0001F0D0FE01A809F011FE04B010BD00BF29
:105BCC0090080020B008002090F8C421034610B4BF
:105BDC0052BBF2EE046A90ED6D6ADFEDBF7A9FED79
:105BEC00BF7AE6EE267AF4EEC77AF1EE10FA80F27E
:105BFC006F81F5EEC07AF1EE10FA0AD9FCEEE77A75
:105C0C0017EE902A92B2B3F8D612914238BFA3F88D
:105C1C00D62293F8D8120A2906D0481C03EB41016E
:105C2C0083F8D802A1F8C22293F8D82152BBF2EE25
:105C3C00046A93ED726ADFEDA87A9FEDA87AE6EE1E
:105C4C00267AF4EEC77AF1EE10FA80F23281F5EE94
:105C5C00C07AF1EE10FA0AD9FCEEE77A17EE902A28
:105C6C0092B2B3F8EE12914238BFA3F8EE2293F839
:105C7C00F0120A2906D0481C03EB410183F8F0020C
:105C8C00A1F8DA22B3F80623B3F87C118A4293F810
:105C9C00082338BFA3F806130A2A06D0501C03EBBE
:105CAC00420283F80803A2F8F212B3F81E23B3F8E9
:105CBC0094118A4293F8202338BFA3F81E130A2AA2
:105CCC0006D0501C03EB420283F82003A2F80A13FF
:105CDC0093F8882052BBF2EE046A93ED1E6ADFED56
:105CEC007E7A9FED7E7AE6EE267AF4EEC77AF1EEB6
:105CFC0010FA80F2E780F5EEC07AF1EE10FA0AD9CC
:105D0C00FCEEE77A17EE902A92B2B3F89A1391420E
:105D1C0038BFA3F89A2393F89C133C2906D0481C4F
:105D2C0003EB410183F89C03A1F8222393F89C20F8
:105D3C0052BBF2EE046A93ED236ADFED677A9FEDB6
:105D4C00677AE6EE267AF4EEC77AF1EE10FA80F274
:105D5C00BC80F5EEC07AF1EE10FA0AD9FCEEE77AC7
:105D6C0017EE902A92B2B3F81614914238BFA3F8EA
:105D7C00162493F818143C2906D0481C03EB410157
:105D8C0083F81804A1F89E2393F8B02052BBF2EECE
:105D9C00046A93ED286ADFED507A9FED507AE6EEB7
:105DAC00267AF4EEC77AF1EE10FA80F28580F5EEE1
:105DBC00C07AF1EE10FA0AD9FCEEE77A17EE902AC7
:105DCC0092B2B3F89214914238BFA3F8922493F88C
:105DDC0094143C2906D0481C03EB410183F894042D
:105DEC00A1F81A2493F8C4204ABBF2EE046A93ED8E
:105DFC002D6ADFED397A9FED397AE6EE267AF4EEEC
:105E0C00C77AF1EE10FA5ADAF5EEC07AF1EE10FA22
:105E1C000AD9FCEEE77A17EE902A92B2B3F80E1577
:105E2C00914238BFA3F80E2593F810153C2906D0E3
:105E3C00481C03EB410183F81005A1F89624B3F834
:105E4C008A25B3F84C118A4293F88C2538BFA3F8F5
:105E5C008A153C2A06D0501C03EB420283F88C05B1
:105E6C00A2F81215B3F80626B3F804118A4293F877
:105E7C00082638BFA3F806163C2A06D0501C03EBA4
:105E8C00420283F80806A2F88E15154942F21C52FC
:105E9C00D3F8BC4208682244824206D20A68012028
:105EAC005DF8044BC3F8BC22704700205DF8044B2E
:105EBC0070474FF6FF72D4E64FF6FF7281E74FF64C
:105ECC00FF72ABE74FF6FF721FE74FF6FF724AE720
:105EDC004FF6FF7297E600BF0060EA4600FF7F476F
:105EEC00E0C4002000000000F0B5002185B000F5F2
:105EFC00277504460DF10203ADF802101D22294648
:105F0C0090F8C00203F0A2FA94F8C0120646C1EB56
:105F1C00411304EB830393F89C0368B3421E7C2368
:105F2C003E274FEA411CD2B203FB01439FEDBA7AE4
:105F3C0017FB012704F2223203F5487302EB4702E8
:105F4C0033F8027F07EE907A9342F8EEE77A37EE59
:105F5C00277AF5D107EE900AACEB010C0023F8EE92
:105F6C00676A04EB8C0C8CF89C33C7EE267AFCEE3B
:105F7C00E77A17EE903A98B20DF102031D222946EA
:105F8C0003F07AFA94F8C03206401D22C3EB431397
:105F9C002946F6B204EB8303B3F89A030DF102031E
:105FAC0003F06AFA94F8C03200220640C3EB4311A6
:105FBC00052B04EB8101A1F89A2301D00133DAB24D
:105FCC0094F8D80284F8C02208B3431E04F2C2220B
:105FDC009FED917ADBB202EB430204F5307333F898
:105FEC00021F07EE901A9342F8EEE77A37EE277A03
:105FFC00F5D107EE900AF8EE677AC7EE276AFCEE49
:10600C00E67A17EE903A98B2002384F8D8320DF164
:10601C0002031D22294603F02FFA06400DF102035C
:10602C001D222946B4F8D60203F026FA064094F84D
:10603C00F00208B3431E04F2DA229FED777ADBB24A
:10604C0002EB430204F5367333F8021F07EE901A85
:10605C009A42F8EEE77A37EE277AF5D107EE900AF6
:10606C00F8EE677AC7EE276AFCEEE67A17EE903AFE
:10607C0098B2002384F8F0320DF102031D22294658
:10608C0003F0FAF906400DF102031D222946B4F87B
:10609C00EE0203F0F1F9064094F8080308B3431E2E
:1060AC0004F2F2229FED5C7ADBB202EB430204F5C0
:1060BC003C7333F8021F07EE901A9A42F8EEE77A17
:1060CC0037EE277AF5D107EE900AF8EE677AC7EE2D
:1060DC00276AFCEEE67A17EE903A98B2002384F821
:1060EC0008330DF102031D22294603F0C5F90640C1
:1060FC000DF102031D222946B4F8060303F0BCF986
:10610C00064094F8200308B3431E04F20A329FEDB4
:10611C00427ADBB202EB430204F5427333F8021FFE
:10612C0007EE901A9A42F8EEE77A37EE277AF5D115
:10613C0007EE900AF8EE677AC7EE276AFCEEE67A6D
:10614C0017EE903A98B2002384F820330DF1020335
:10615C001D22294603F090F90DF1020306401D2281
:10616C002946B4F81E0303F087F9002306400DF10D
:10617C000202A4F8D6321D21A4F8EE322846A4F867
:10618C000633A4F81E33D4F8003293ED077A9FED52
:10619C00206BB8EEC77B87EE060BB7EEC00B03F097
:1061AC009DF9D4F8FC3106400DF1020293ED070A7B
:1061BC001D21284603F092F920B11EB1BDF8023022
:1061CC001D2B0ED0154901A809F0CEFA032201A906
:1061DC0004F5F47001F0BEFB01A809F0FFFA05B05C
:1061EC00F0BD1A462946D4F8040202F05FF82221C9
:1061FC00D4F8040202F01AFB152109480BF07EFDBD
:10620C00084809F0E9F805B0F0BD00BFAFF3008015
:10621C000000000000F0994000000000740800200D
:10622C005C0800203091002038B50446FEF7D0FE03
:10623C002046FFF70BF92046FFF70EFA94F8DE31F3
:10624C0005469BB394F8DC31BBB994F8DD31A3B9A6
:10625C0035B304F1640104F5037003F0D7FF04F1C6
:10626C00680104F50F7003F0D1FF04F16C0104F523
:10627C001B70BDE8384003F0C9BF2046FFF762FB36
:10628C00034620461D40FFF763FC2046EDB2FFF7A6
:10629C009BFC0028DCD02046FFF726FE002DD8D131
:1062AC001C21D4F8E40103F00BFBD2E72046FEF7E7
:1062BC00D1FF2840C5B2C5E709F0E6BE08B50121FB
:1062CC00162009F03FFE0A2009F0BEFD01210E2028
:1062DC0009F038FE0A2009F0B7FD0121052009F06C
:1062EC0031FE0A2009F0B0FD2120012109F02AFE1F
:1062FC004FF47A70BDE8084009F0A6BD10B5002136
:10630C000E2009F01FFE0021052009F01BFE2120A4
:10631C00002109F017FE112009F03EFE28B10021E2
:10632C001620BDE8104009F00DBE044601211120D5
:10633C0009F008FE2146062009F004FE0021162073
:10634C00BDE8104009F0FEBD10B501210446112036
:10635C0009F034FE0121062009F030FE0121112044
:10636C0009F0F0FD0021062009F0ECFD01210E20C2
:10637C0009F024FE0121052009F020FE2046FFF73C
:10638C00BDFF0121162009F019FE0021162009F08D
:10639C00D9FD0121212009F011FE0021212009F055
:1063AC00D1FD204610BD00BF10B504460E2009F0EB
:1063BC00F3FD60B10021112009F0C4FD642009F047
:1063CC0043FD01210620BDE8104009F0BBBD20466D
:1063DC00FFF774FFEEE700BF0121112008B509F0AB
:1063EC00B1FD00210620BDE8084009F0ABBD00BF9F
:1063FC0038B50A4601210446002503F061FE4FF42E
:10640C007A720A4B0121032084F830506362656371
:10641C00C4E90A5209F0D2FD0320012109F092FDD2
:10642C0000232046E561236238BD00BF041B002019
:10643C009FED137BB7EEC00A70B520EE070B82B050
:10644C000646FDEEC07B17EE901A17EE904A03F04D
:10645C003FFD054610B9284602B070BD3046F461C8
:10646C0003F028FD431CF6D00023F06102460649D8
:10647C0006F12400009301F0E9FDECE7AFF3008096
:10648C000000000000F099409418002010B582B074
:10649C00044603F00FFD431C02D1002002B010BDD6
:1064AC000023E0610246044904F12400009301F04A
:1064BC00CDFD012002B010BD94180020F0B500F104
:1064CC00240785B004462249384601F09BFD38B3B9
:1064DC00002603AA1E4938463346039601F0CCFD2C
:1064EC00054638B9E6692046314603F0F1FCF8B9A7
:1064FC0005B0F0BD039D2046294603F0E9FC0028B9
:10650C00F6D02046E56103F0D5FC411C0246EFD0E5
:10651C00E261334638460E49009601F097FDE7E7F5
:10652C00E66905462046314603F0D2FC0028DFD050
:10653C002046E66103F0BEFC431C0246D8D0E26163
:10654C002B4638460249009501F080FDD0E700BF8C
:10655C009418002044F23F0103F09EBA00000000A2
:10656C00DFED537AB4EEE70A70B5F1EE10FA2DEDCB
:10657C00048B63DCB5EEC00AB0EE408AF1EE10FA83
:10658C005CD9DFED4C7AF4EEE70AF1EE10FA4ADC56
:10659C00F5EEC00AF1EE10FA45D9DFED477AB4EE0C
:1065AC00E71AF1EE10FA54DCB5EEC01AF1EE10FA5F
:1065BC004FD9B7EEE00A0446B7EEC11A9FED366B21
:1065CC009FED379B20EE060B21EE099BB7EEC00B1F
:1065DC0003F064FD05462046B7EEC90B03F05EFDE3
:1065EC00B7EEC87A064620469FED2F6B27EE067B4A
:1065FC00FCEEC77B17EE901A03F010FDA0B32946F2
:10660C00204603F023FD00283ED03146204603F0FF
:10661C0011FD88B3204644F22401BDEC048BBDE887
:10662C00704003F039BA0B2124480BF067FB244867
:10663C0008F0D2FE0020BDEC048B70BD1121214866
:10664C000BF05CFB1E4808F0C7FE0020BDEC048B71
:10665C0070BD09211C480BF051FB194808F0BCFE19
:10666C000020BDEC048B70BD182118480BF046FBC4
:10667C00134808F0B1FEDDE7152115480BF03EFB81
:10668C000F4808F0A9FED5E7112112480BF036FB94
:10669C000B4808F0A1FECDE734D769A4A5F2963FCC
:1066AC004BB0389CF9D52C3F0000000000F099400D
:1066BC000000FA450000C8420000A442C0180020A7
:1066CC0030910020AC180020CC180020D8180020E5
:1066DC0008190020F4180020DFED3B7AB4EEE70A2D
:1066EC00F1EE10FA4BDCB5EEC00A70B5F1EE10FA13
:1066FC002DED048BB0EE408A3DD9DFED347AF4EE0B
:10670C00E70AF1EE10FA36DCF5EEC00AF1EE10FAFB
:10671C0031D9DFED2F7AB4EEE71AF1EE10FA2ADC5C
:10672C00B5EEC01AF1EE10FA25D9B7EEE00A044620
:10673C00B7EEC19A9FED1E6B9FED1F7B20EE060BF3
:10674C0029EE079BB7EEC00B03F0A8FC05462046CC
:10675C00B7EEC90B03F0A2FCB7EEC88A064620467A
:10676C009FED177B27EE487BFDEEC77B17EE901A4B
:10677C0003F054FC28B90020BDEC048B70BD002044
:10678C0070472946204603F061FC0028F3D03146BF
:10679C00204603F04FFC0028EDD0204644F22401A3
:1067AC00BDEC048BBDE8704003F076B9AFF300800C
:1067BC0034D769A4A5F2963F4BB0389CF9D52C3F41
:1067CC000000000000F099400000FA450000C842AB
:1067DC000000A44244F2440103F05EB944F25801B3
:1067EC0003F05AB944F25D0103F056B910B590F8B4
:1067FC002E3C84B0012B24D0022B20D00446A3B114
:10680C00154901A808F0B0FF01A9032204F1740096
:10681C0001F0A0F801A808F0E1FF012104F1380013
:10682C0004B0BDE8104003F04BB80E210B480BF040
:10683C0065FA0B4808F0D0FD022384F82E3C04B016
:10684C0010BD0D2107480BF059FA054804B0BDE8FE
:10685C00104008F0C1BD00BFBC1300209C130020E9
:10686C0030910020AC13002010B590F82E3C84B071
:10687C000446012B14D0032B10D003B31E4901A8DE
:10688C0008F072FF032201A904F1740001F062F810
:10689C0001A808F0A3FF002384F82E3C04B010BD1F
:1068AC000F2116480BF02AFA154808F095FD022125
:1068BC0004F1440004B0BDE8104003F001B810210D
:1068CC0010480BF01BFA0E4808F086FD2046FDF729
:1068DC00EDFA2046FDF7DEFA032104F1440002F044
:1068EC00EFFF0122082104F5467001F093FD03230C
:1068FC0084F82E3C04B010BD1C1600200C16002091
:10690C0030910020F815002070B590F82E3C84B022
:10691C000446052B6BD8DFE803F039516A6A100383
:10692C005B4DFDF757F8D4F8241C41F288322B68E4
:10693C005B1A93427DD804B070BD90F82A3C00F5E8
:10694C00B766002B6ED104F2545304F5AA6594ED8E
:10695C00341A3046D3ED000A95ED000AFFF7BCFE61
:10696C0000287BD00D214B480BF0C8F995ED000A9F
:10697C0002214948B7EEC00A08F05EFD464808F00F
:10698C002BFD052384F82E3C04B070BD00F214607E
:10699C00FEF754FC00283FD02046FDF769F998B368
:1069AC0094F8293C002B6BD1012104F1440002F036
:1069BC0087FF042384F82E3C04B070BD00F5B76546
:1069CC002846FFF7C7FD002853D12046FDF762FA91
:1069DC00022104F1440002F073FF10212F480BF048
:1069EC008DF92D4804B0BDE8704008F0F5BC2C4979
:1069FC0001A808F0B9FE01A9032204F1740000F00B
:106A0C00A9FF01A808F0EAFE012104F1380004B046
:106A1C00BDE8704002F054BF224904F5467002F004
:106A2C006FFDF1E73046FFF7D5FE002384F82A3CD2
:106A3C0089E7D4F8D4350221174807EE903A9FED38
:106A4C00120BB8EEE77B87EE000B08F0F5FC124852
:106A5C0008F0C2FC2B68C4F8243C6CE704F54670C3
:106A6C00114902F04DFD012104F1380002F028FF1C
:106A7C0078E7322009F0E8F92846FFF707FDA4E78C
:106A8C002046FDF713FA8FE70000000000F0994054
:106A9C00E0C40020741600203091002084160020E1
:106AAC009816002038160020581600200000000010
:106ABC0070B590F82E3C84B00446092B06D8DFE85C
:106ACC0003F01A33050505054A587B96884901A839
:106ADC0008F04AFE01A9032204F1740000F03AFF09
:106AEC0001A808F07BFE012104F1380004B0BDE8D8
:106AFC00704002F0E5BE10217E480BF0FFF87E4896
:106B0C0008F06AFC04F21460FEF798FB002800F011
:106B1C00AE802046FDF7ACF8002800F0DF8006239D
:106B2C0084F82E3C04B070BD00F5B7652846FFF71D
:106B3C0011FD002840F0A180022104F1440002F074
:106B4C00BFFE0F216D480BF0D9F86B4804B0BDE8BF
:106B5C00704008F041BCFDF721F9002800F081805D
:106B6C00002104F1440002F0ABFE072384F82E3C14
:106B7C00D8E700F5AC6300F25C5590ED3E1A00F5D9
:106B8C00B760D3ED000A95ED000AFFF7E9FC002889
:106B9C0061D00C215A480BF0B1F895ED000A022196
:106BAC005548B7EEC00A08F047FC534808F014FCEF
:106BBC00082384F82E3CB5E7002200F5AC6300F501
:106BCC00BE6093ED000A84F82B2C84F82C2CFCF777
:106BDC0077FC054670B30123642084F82A3C84F8C2
:106BEC002D3C09F031F9092384F82E3C9AE7454DE8
:106BFC00FCF7AAFF2046FCF7EDFE2B68D4F8241C0A
:106C0C0041F288325B1A93428CD9D4F8D4350221E4
:106C1C00394807EE903A9FED340BB8EEE77B87EEE0
:106C2C00000B08F009FC344808F0D6FB2B68C4F8BC
:106C3C00243C77E704F5B760FFF78CFC324904F588
:106C4C00467002F05DFC012104F1380002F038FEC0
:106C5C0084F82A5C66E72D4904F5467002F050FC76
:106C6C0041E72B4904F5467002F04AFC3BE7294901
:106C7C0004F5467002F044FC35E704F5BE6632209C
:106C8C0009F0E2F82846FFF701FC3046FCF7F4FB6C
:106C9C00322009F0D9F83046FCF7EEFB304603F011
:106CAC0027F894F8F2356BB922211B480BF026F823
:106CBC00114808F091FB2046FDF7F8F82046FDF747
:106CCC00E9F839E72046FDF7E5F82046FDF7EEF840
:106CDC00002104F1380002F0F3FD2DE70F4904F513
:106CEC00467002F00DFCFEE60000000000F099403A
:106CFC00DC1500200415002030910020CC1500205C
:106D0C0080150020E0C400209015002064150020A0
:106D1C004C15002018150020A81500203415002053
:106D2C0030B590F82E3C85B004460B2B07D8DFE825
:106D3C0003F076590606060606060606301B9E4923
:106D4C0001A808F011FD01A9032204F1740000F060
:106D5C0001FE01A808F042FD012104F1380005B044
:106D6C00BDE8304002F0ACBDFCF7A2FE10B101232F
:106D7C0084F82C3C914D2046FCF72CFED4F8241CB6
:106D8C002B6841F288325B1A934200F2988005B06E
:106D9C0030BD00F26C5300F5AD6590ED481A00F56E
:106DAC00B760D3ED000A95ED000AFFF7D9FB002878
:106DBC007FD0092182480AF0A1FF95ED000A02213B
:106DCC008048B7EEC00A08F037FB7E4808F004FB99
:106DDC0094F82C3C002B00F0B2800B2384F82E3C52
:106DEC0005B030BD00F5B7652846FFF7B3FB0028AA
:106DFC004CD12046FDF74EF82046FDF757F80121FF
:106E0C0004F1380002F05CFD0023022104F144007F
:106E1C0084F82B3C05B0BDE8304002F051BD0D218B
:106E2C0069480AF06BFF674808F0D6FA04F2146060
:106E3C00FEF704FA002836D02046FCF719FF00288C
:106E4C0077D02046FCF7AAFF002800F0858094F844
:106E5C00283C002B48D094F8293C002B00F0828071
:106E6C0094F82B3C23B994F82C3C002B00F0888030
:106E7C0094F82A3C002B40F09180002104F144004E
:106E8C0002F01EFD0A2384F82E3C80E704F5BE6058
:106E9C00FCF7F2FA0028ACD0322008F0D5FF2846D7
:106EAC00FFF7F4FAB0E7494904F5467002F028FB05
:106EBC0052E7474904F5467002F022FB4CE7D4F840
:106ECC00D43502213F4807EE903A9FED390BB8EECE
:106EDC00E77B87EE000B08F0AFFA3A4808F07CFA33
:106EEC002B68C4F8243C52E704F54675394928460A
:106EFC0002F006FB282137480AF000FF314808F061
:106F0C006BFA94F8293C7BB394F82B3C002B39D0CA
:106F1C0094F82C3C002B7FF41FAF28462E4902F02E
:106F2C00EFFA2B212C480AF0E9FE264808F054FA17
:106F3C0012E72A4904F5467002F0E2FA0CE704F570
:106F4C00BE60FCF79DFA00287FF447AF244904F596
:106F5C00467002F0D5FAFFE6224904F5467002F0BD
:106F6C00CFFAF9E604F5467528461F4902F0C8FA2F
:106F7C002D211D480AF0C2FE124808F02DFAC3E775
:106F8C0004F546752846194902F0BAFA302117481B
:106F9C000AF0B4FE0B4808F01FFAB9E704F5B76025
:106FAC00FFF718FC002384F82A3C66E7AFF3008057
:106FBC000000000000F0994084130020E0C4002081
:106FCC005413002030910020481200205812002049
:106FDC0030130020741200200413002034150020FC
:106FEC00601300204C150020A0120020D0120020AD
:106FFC0070B590F82E3C84B004460D2B08D8DFE811
:10700C0003F06A5207070707070707070707291C3A
:10701C005B4901A808F0A8FB01A9032204F1740044
:10702C0000F098FC01A808F0D9FB012104F138000C
:10703C0004B0BDE8704002F043BC524DFCF7CAFCF2
:10704C00D4F8241C41F288322B685B1A934279D80D
:10705C0004B070BD90F82A3C00F5B766002B6AD1DD
:10706C0004F5AC6304F25C5594ED3E1A3046D3ED56
:10707C00000A95ED000AFFF773FA002850D014218E
:10708C0041480AF03BFE95ED000A02213F48B7EE5D
:10709C00C00A08F0D1F93D4808F09EF90D2384F898
:1070AC002E3C04B070BD00F5B7652846FFF752FAC8
:1070BC0078BB2046FCF7EEFE022104F1440002F0FE
:1070CC00FFFB172132480AF019FE304804B0BDE826
:1070DC00704008F081B900F21460FEF7AFF890B17F
:1070EC002046FCF7C5FD00289FD094F8293C002BC6
:1070FC003DD1012104F1440002F0E2FB0C2384F8A1
:10710C002E3C04B070BD234904F5467002F0F8F92A
:10711C008BE7322008F098FE2846FFF7B7F9C8E74E
:10712C0004F546701C4902F0EBF9012104F138001A
:10713C0002F0C6FBA3E73046FFF74CFB002384F8B4
:10714C002A3C8DE7D4F8D4350221104807EE903A4A
:10715C009FED090BB8EEE77B87EE000B08F06CF99E
:10716C000A4808F039F92B68C4F8243C70E720462B
:10717C00FCF79CFEBDE700BF0000000000F099404A
:10718C00E0140020E0C40020B01400203091002056
:10719C00C81400206C1400209014002010B590F836
:1071AC002E3C84B004460F2B09D8DFE803F0513C89
:1071BC00080808080808080808080808271D404996
:1071CC0001A808F0D1FA01A9032204F1740000F01F
:1071DC00C1FB01A808F002FB012104F1380004B046
:1071EC00BDE8104002F06CBBFCF762FC354B364A34
:1071FC001B6812689A424CD304B010BD00F5BE60F7
:10720C00FCF742F900284CD02E48002147F23053AD
:10721C002D4A006884F82C1C0F21034484F82E1C82
:10722C00136004B010BD01230F21284884F82B3CB7
:10723C000AF064FD264808F0CFF804F5B760FFF7B4
:10724C0089F904F5BE6004B0BDE81040FCF714B930
:10725C00102120480AF052FD1D4808F0BDF804F238
:10726C001460FDF7EBFF70B12046FCF701FD90B107
:10727C002046FCF793FD70B194F82A3CBBB90E2361
:10728C0084F82E3CB8E7144904F5467002F038F93E
:10729C00A2E70021A1E7114904F5467002F030F98C
:1072AC009AE70F4904F5467002F02AF994E704F5C1
:1072BC00B760FFF78FFA002384F82A3CDFE700BFA2
:1072CC0050140020E0C40020C8B30020401400205B
:1072DC0030910020D4130020E81300200414002067
:1072EC003014002008F0D0BE38B5054CA4F1500580
:1072FC00103C201D08F072FAAC42F9D138BD00BF29
:10730C0064B300202DE9F04F99B0904605460A462B
:10731C001F46AB4944F2022304A89DF88890BDF89F
:10732C008CA006F0E1FE169B002B00F011815C2076
:10733C00002609F029F9059B04464660C36008A99C
:10734C00069B1830DFF89CB240F8083C9DF81C30C6
:10735C0000F8043C9B4B40F8183C9B4B40F8103C0D
:10736C0006F066FD6368A66508A80133CDF810B079
:10737C006360964BA36006F09DFD2E69002E00F015
:10738C00C0807368013B73600393002B37D1326864
:10739C008F49D26A8A4240F03881B06D18B10EF034
:1073AC00B3FC039BB365336D002B00F0F28006F148
:1073BC00180006F07FFD2E690EB33368854A5B68B2
:1073CC00934240F034817F4BB06D336018B10EF0B6
:1073DC009BFC0023B365336D002B00F01C8106F180
:1073EC0018031846039306F065FD039B1846C6F870
:1073FC0008B006F05FFD30465C2109F0C7F82C613F
:10740C00002C00F088802368734A1B6B93427ED15A
:10741C00236D002B00F0B580B9F1000F7FD02C69E3
:10742C0023686E49DB688B4240F0C480206D0028D5
:10743C0000F09F8041463A4605F08EFB2E6984B2DF
:10744C00002E57D03368DFF88881DB6A434540F063
:10745C00CB80B06D18B10EF057FC0023B365336DC3
:10746C00002B00F0A28006F1180006F023FDD5F8E1
:10747C001090D9F80460013EC9F80460002E37D191
:10748C00D9F80030DB6A434540F0C280D9F8580087
:10749C0018B10EF039FCC9F85860D9F85030002BEF
:1074AC0000F0AD8009F1180006F004FD2E69FEB164
:1074BC003368484A5B68934240F0C880414BB06DDA
:1074CC00336018B10EF020FC0023B365336D06F168
:1074DC001808002B00F0A680404606F0EBFC404656
:1074EC00C6F808B006F0E6FC5C21304609F04EF810
:1074FC0000232B61381BB0FA80F0400919B0BDE8AD
:10750C00F08F2368344A1B6B2C61934280D0204649
:10751C009847002842D1002019B0BDE8F08F2C69A3
:10752C00002CE7D023682E48196A002381425ED1D3
:10753C00236D002B7ED05146184605F031F92C698D
:10754C00002C7FF46DAF381BB0FA80F04009D5E702
:10755C00179C002C7FF4EBAEDFF888B008A8CDF8B0
:10756C0010B006F0A7FC2E69002E7FF40AAF30464F
:10757C00D2E7606D00283FD041463A4603F01CFF2D
:10758C005CE7636D002BC6D0B9F1000F7FF447AFF9
:10759C00C5E7736D002B7FF40AAF0CE7B9F1000F50
:1075AC00BDD02C69002CCED03AE7736D002B7FF444
:1075BC005AAF5CE7414620463A4698473EE700BF43
:1075CC008CAC0020541B0020B01B0020301B002072
:1075DC00A5060000B90D000091060000DD0B0000AF
:1075EC00F50E0000001A0020304698473FE7204671
:1075FC00524600938847D4E72E69044622E7D9F80F
:10760C005430002B7FF44EAF50E730469047D2E613
:10761C00484698474AE7736D002B7FF4E0AE06F1BD
:10762C001803E3E6736D002B7FF456AF57E7304633
:10763C009847E4E6606D00283FF4F2AE524602F043
:10764C00CFFF2C69002C3FF47EAFE9E6304698471B
:10765C004EE700BF2DE9F04F99B0174605460A4694
:10766C009846A349002304A8BDF8889006F03CFD79
:10767C00169B002B00F0F9805C20002608F084FF9C
:10768C00059B04464660C36008A9069B1830DFF8CA
:10769C0084A240F8083C9DF81C3000F8043C954B43
:1076AC0040F8183C944B40F8103C06F0C1FBA66522
:1076BC00666808A8914B0136CDF810A0A3606660EF
:1076CC0006F0F8FB2E69002E00F0CD807368013BAC
:1076DC0073600393002B35D132688949D26A8A4290
:1076EC0040F0F980B06D18B10EF00EFB039BB36542
:1076FC00336D002B00F0D18006F1180006F0DAFB98
:10770C002E69FEB133687F4A5B68934240F010816A
:10771C00784BB06D336018B10EF0F6FA0023B365F8
:10772C00336D06F1180B002B00F0FD80584606F067
:10773C00C1FB5846C6F808A006F0BCFB30465C21DD
:10774C0008F024FF2C61002C00F0888023686E4A1E
:10775C001B6B93427ED1236D002B00F09680286921
:10776C0000287BD002680023684C116AA14240F0CB
:10777C009980036D002B00F0A2804946184605F055
:10778C000FF82869002869D00368614A9B68934206
:10779C0040F0A880036D002B00F0888042463946EB
:1077AC00184604F0B5FD86B22C69002C57D023681E
:1077BC00DFF84C81DB6A434540F0B280A06D18B114
:1077CC000EF0A2FA0023A365236D002B7ED004F1EA
:1077DC00180006F06FFB2F697C68013C7C60002C64
:1077EC0032D13B68DB6A434540F0AA80B86D10B1DA
:1077FC000EF08AFABC653B6D002B00F09C8007F103
:10780C00180006F057FB2C69F4B123683D4A5B68FD
:10781C00934240F09880374BA06D236018B10EF066
:10782C0073FA0023A365236D04F11807002B73D0A2
:10783C00384606F03FFB3846C4F808A006F03AFB81
:10784C005C21204608F0A2FE002330462B6119B0C3
:10785C00BDE8F08F20469847002880D1002630469E
:10786C0019B0BDE8F08F2C6170E7179C002C7FF4E9
:10787C0003AFDFF8A0A008A8CDF810A006F01AFB03
:10788C002E69002E7FF422AFE9E7636D002BE5D063
:10789C00286900287FF466AFE0E7736D002B7FF456
:1078AC002BAF2DE74A46009388476AE7406D0028C6
:1078BC004CD04246394602F0ADFD86B274E7416DBC
:1078CC0061B14A46084602F08BFE5AE7636D002B05
:1078DC007FF47DAF7FE73046904711E793680C4A01
:1078EC009342E3D04246394698472C6986B25CE70E
:1078FC008CAC0020541B0020B01B0020301B00203F
:10790C00A5060000B90D000091060000F50E000060
:10791C00650B0000001A0020636D002B88D18AE7EC
:10792C002046984757E7736D002B7FF4FFAE00E7B6
:10793C003046984706E77B6D002B7FF460AF62E71B
:10794C00384698475FE7204698477DE74FF6FF7625
:10795C002AE700BF042A2DE9F04F9BB004D900247C
:10796C0020461BB0BDE8F08F05460E4606A85D49C3
:10797C001701144607F016FF5B4906A8DFF894813F
:10798C0008F038F8014603A807F00CFF06A807F02A
:10799C0025FF391D03A8414407F0F6FF08EB070348
:1079AC0003A8598808F012F8504903A807F0F0FF13
:1079BC00032C00F062814E4B1C78002C00F08A8066
:1079CC00039A002A00F0798144F20223494906A85F
:1079DC0006F08AFB189B002B00F05D815C204FF0B9
:1079EC00000908F0D1FD079B0446C0F80490C36061
:1079FC000AA9089B183040F8083C9DF8243000F880
:107A0C00043C3D4B40F8183C3C4B40F8103C06F015
:107A1C000FFA6368C4F858900AA80133DFF8F8909D
:107A2C006360374BCDF81890A36006F043FA2B69CE
:107A3C00002B73D05A68013A5A600092002A3FD149
:107A4C0019683048C96A814240F06981986D28B143
:107A5C0001930EF059F9DDE900239A651A6D002A9D
:107A6C0000F0398103F1180006F024FAD5F810A0C3
:107A7C00BAF1000F24D0DAF80030234A5B68934245
:107A8C0040F032811C4BDAF85800CAF8003020B1B3
:107A9C000EF03AF90023CAF85830DAF850300AF1EF
:107AAC00180B002B00F04181584606F003FA58469B
:107ABC00CAF8089006F0FEF950465C2108F066FD05
:107ACC002C6164BB162111480AF018F910480024E7
:107ADC0007F082FC03A807F081FE20461BB0BDE82E
:107AEC00F08F00BF64B300208C0A0020480B0020EC
:107AFC0016C500208CAC0020541B0020B01B0020AD
:107B0C00301B0020A5060000B90D0000500B002012
:107B1C003091002014B30020001A00202C6123683F
:107B2C00874A1B6B934240F0E580236D002B00F0DD
:107B3C00CB808449304607F02BFF834BDFED837AF3
:107B4C00022193ED000A06A8B8EE400A80EE270A3F
:107B5C0007F0ACFE2C2106A807F028FF314606A83A
:107B6C0007F012FF089A069994B2002900F0C88019
:107B7C002E69002E00F09F80336892B27448D3F8BF
:107B8C000CA0824540F0C880306D002800F0978032
:107B9C0004F0E2FF2E691FFA80FA002E50D03368F1
:107BAC00DB6ADFF8C0B15B4540F0B380B06D18B153
:107BBC000EF0AAF80023B365336D002B00F0A28001
:107BCC0006F1180006F076F92B695E68013E5E60DE
:107BDC00002E33D11A68D26A5A4540F0A380986DB2
:107BEC0020B100930EF090F8009B9E651A6D002A50
:107BFC0076D003F1180006F05DF92E69F6B1336802
:107C0C00544A5B68934272D1534BB06D336018B1D8
:107C1C000EF07AF80023B365336D06F1180B002BC8
:107C2C0000F08980584606F045F95846C6F8089089
:107C3C0006F040F930465C2108F0A8FC00232B61CB
:107C4C0018F8073008EB070201335178DBB2994280
:107C5C0008F8073005D1538801335380002308F806
:107C6C000730A4EB0A0406A807F0B8FD03A8B4FA81
:107C7C0084F4640907F0B2FD2FE73468002C46D079
:107C8C00204610F0BDFA014620460AF037F833487A
:107C9C0007F0A2FB8FE6199C002C7FF49FAEDFF857
:107CAC00C8900AA8CDF8189006F004F92B69002B9F
:107CBC007FF4C0AE06E7B246C2E7294A84E6706D8F
:107CCC0038B103F079FB65E7636D002B7FF431AFBE
:107CDC00F8E6824664E75A6D002A7FF4C3AEC5E627
:107CEC005A6D002A85D188E750469847E8E6304619
:107CFC009847A3E72046984700283FF4E3AE18E7DF
:107D0C00174935E7736D002B7FF45AAF5CE7144CC1
:107D1C00B6E73046984757E73046D0473AE718461B
:107D2C008847A3E61846904767E7DAF85430002BEB
:107D3C007FF4BAAEBBE6736D002B7FF473AF74E7C0
:107D4C0091060000BC090020E0C4002000007A4429
:107D5C00DD0B0000B90D0000541B002030910020F9
:107D6C00B08F0020A5060000001A002070B57A4DD7
:107D7C008EB0D5F88424002A73D06C4600231146AB
:107D8C00764A2046009304F06FFA002875D0D5F897
:107D9C008424002A41D0002311462046704A0093C7
:107DAC0004F062FA002843D06E4E6F49304607F05B
:107DBC0099FD6E4B0A222046196807F061FD214699
:107DCC00304607F0E1FD204607F008FD3068684AB0
:107DDC00D5F88434002818BF0246002B67D019460A
:107DEC0000232046009304F03FFA002868D1306845
:107DFC00002800F0AC80D5F8841400296DD0002543
:107E0C000246012301F589612046009504F034F9FE
:107E1C00002870D001200EB070BDD5F88814B1B117
:107E2C0013460C9220464E4A02F098FE0028BBD115
:107E3C00D5F88424002A7BD0002002F58961012327
:107E4C00474A0090204604F017F90028ACD12121B4
:107E5C00484809F053FF484807F0BEFA00200EB01E
:107E6C0070BDD5F88814C1B16C4613460C922046EF
:107E7C003A4A02F073FE002889D1D5F88424002AEE
:107E8C0047D0002002F589610123344A0090204636
:107E9C0004F0F2F800287FF47AAF2621374809F075
:107EAC002DFF354807F098FA00200EB070BDD5F8BC
:107EBC00881489B120460C9302F050FE002896D00D
:107ECC0025212F4809F01AFF26492B4807F05EFAA6
:107EDC00294807F081FA9DE768B1D5F8881451B1AB
:107EEC0000250246012301F5896120460C9503F01B
:107EFC00C9F800288ED12421224809F0FFFE194927
:107F0C001D4807F043FA1C4807F066FA00200EB033
:107F1C0070BDD5F888140029BFD00C92012301F54F
:107F2C0089610E4A204603F0ADF80028B5D02EE743
:107F3C00D5F8881400298AD00C92012301F58961A7
:107F4C00074A204603F09EF8002880D02CE7D5F88D
:107F5C008414074851E700BF88AC0020840A002035
:107F6C00B80A002064B30020E80A002010B30020F7
:107F7C00B08F0020C40A002030910020900A00200D
:107F8C00200B0020F80A002070B5184E0546184A40
:107F9C00337811603BB12846FFF7E8FE044680B108
:107FAC003478204670BDFE21124806F02FFD0446A1
:107FBC0088B1012328463370FFF7D8FE0446002809
:107FCC00EED122210C4809F099FE0C4807F004FA76
:107FDC002046347070BD1C21094809F08FFE0748FB
:107FEC0007F0FAF92046347070BD00BF16C50020AA
:107FFC0010B3002088AC0020880B002030910020AA
:10800C00680B00200F4B187800B970470E4B10B559
:10801C00D3F884448EB044B100230A466846214606
:10802C00009304F021F90EB010BDD3F88804002899
:10803C00F9D00A462346014668460C9402F08EFDA0
:10804C00F1E700BF16C5002088AC002030B512BA8D
:10805C0085B01C46074B03921A78BDF8205032B1FC
:10806C0003AA0423CDE90045FFF74CF9024610465C
:10807C0005B030BD16C5002030B5002485B0039482
:10808C000A4C24781CB90024204605B030BD00935E
:10809C001546042303AAFFF7DDFA0428F3D1039B4A
:1080AC0020461BBA2B6005B030BD00BF16C50020A2
:1080BC0038B51A4C4FF4C8451949204607F054FB03
:1080CC002046184C184A194909F0ECFF204618496B
:1080DC0040F8045B07F048FB164904F114002561D5
:1080EC0007F042FB144904F12400256207F03CFB25
:1080FC004FF4A053114904F13400236307F034FB0F
:10810C000F4904F14400256407F02EFB064A0D4983
:10811C000020BDE8384009F0C5BF00BF64B30020A3
:10812C00AC09002014B300202C9300201DD80000B3
:10813C0070040020780400208004002088040020B3
:10814C00900400202953000010B4064C8181911C2E
:10815C0004600024C2810182C0E901445DF8044B33
:10816C00704700BF241A0020036870B505461B68D1
:10817C009847EE89304607F0ABFF0446701CE4B21A
:10818C0007F0A6FFAB8960F30F24A4B2A3426C687E
:10819C000FD00222314605F10C0008F043F934B13E
:1081AC00236820465B689847A468002CF8D100200F
:1081BC0070BD34B1236820461B689847A468002C16
:1081CC00F8D1012070BD00BFF8B5038A0F46C489F1
:1081DC00191B8A4210DBA3420ED906460025204605
:1081EC00013407F075FF7855A4B2338A6A1CA34298
:1081FC0095B2F4D82846F8BD00252846F8BD00BF36
:10820C0003468A79008A41F2BC0C024462450DDCBB
:10821C0010B4DC8920445C6888801A8244B19A6866
:10822C0001205DF8044B9160996070470020704705
:10823C0001205DF8044BC3E90111704707F024BF1E
:10824C0009F0F2BC09F034BD09F0CCBC084609F0C9
:10825C003FBD00BF70B584220E46002104460FF0CE
:10826C0087FC842200250021A0180FF081FC2946F0
:10827C00862204F59070C4E94255C4E94455C4E91A
:10828C0046550FF075FC8622294604F5D3700FF085
:10829C006FFC2046C4F82C5284F83052C4F8346277
:1082AC0070BD00BFC0F83412704700BFC0F81C117D
:1082BC00A0F81821A0F81631704700BF2DE9F04145
:1082CC001C4E04460D4690461B4F33689D4209D9FF
:1082DC00D4F8340203681B69BB4221D109F0A4FC19
:1082EC000028F2D0D4F83402144A03685B69934234
:1082FC001DD109F0DDFC431C16D094F82F32C0B20E
:10830C0094F830220344A8EB0000DBB2B0FA80F002
:10831C001A44400984F82F3284F83022BDE8F081E9
:10832C0098470028D1D0DDE70020BDE8F0819847C0
:10833C00E1E700BFE0C4002081620000856200001C
:10834C002DE9F04182B00B460421002401AE144A01
:10835C0005460DEB010001940EF092F9DFF8448014
:10836C003718D5F8342216F8014B136820461B68D1
:10837C00434511D109F0ACFC95F82F22B74295F882
:10838C0030321444E4B2234485F82F4285F830325D
:10839C00E7D102B0BDE8F081104621469847EBE7E3
:1083AC00400900208D6200002DE9F04182B00024CC
:1083BC000B46164A6E460546062168460094ADF8F3
:1083CC0004400EF05DF9DFF848803718D5F83422F8
:1083DC0016F8014B136820461B68434511D109F070
:1083EC0077FC95F82F22B74295F830321444E4B25A
:1083FC00234485F82F4285F83032E7D102B0BDE82E
:10840C00F081104621469847EBE700BF4009002059
:10841C008D6200002DE9F04100230446D0F83402AF
:10842C000F4684F82F32164684F830320368504DCC
:10843C001B68AB4240F085803F2009F049FC94F862
:10844C002F32204694F8302239463F33DBB284F881
:10845C002F32134484F83032FFF772FFD4F8340211
:10846C0003681B68AB426FD12C2009F031FC94F8E7
:10847C002F3294F830222C33D4F83402DBB21A4465
:10848C0084F82F3284F8302203681B687EB1AB422B
:10849C0067D1312009F01CFC94F82F2294F830326B
:1084AC003132D2B2134484F82F22DBB20EE0AB424D
:1084BC005AD1302009F00CFC94F82F2294F8303269
:1084CC003032D2B2134484F82F22DBB2D4F8340207
:1084DC0084F8303203681B68AB423FD13B2009F073
:1084EC00F7FB94F82F12204694F830323B31C9B286
:1084FC000B4484F82F12DBB243EA012184F83032AA
:10850C00FFF752FFD4F8340203681B68AB4222D148
:10851C003B2009F0DDFB94F82F3294F830223B33EA
:10852C00D4F83402DBB21A4484F82F3284F83022A7
:10853C0003681B68AB420AD10A20BDE8F04109F080
:10854C00C7BB3F2198477AE72C2198478FE70A2130
:10855C00BDE8F04118473B219847DCE73B219847A1
:10856C00BFE73121984797E730219847A4E700BF30
:10857C008D6200002DE9F04100230446D0F834024E
:10858C000D4684F82F3284F830320368444F1B6850
:10859C00BB4278D1232009F09BFB94F82F3229465B
:1085AC0094F8302220462333DBB21A4484F82F325D
:1085BC0084F83022FFF7C4FE94F886301BB304F124
:1085CC00870812E009F084FB94F82F12863E94F889
:1085DC0030320D4494F88620361BEDB2B2422B4457
:1085EC0084F82F5284F830320DDDD4F8342246460C
:1085FC0018F8015F136828461B68BB42E2D0294675
:10860C0010469847E0E7D4F8340203681B68BB4275
:10861C0042D13B2009F05CFB94F82F12204694F8D1
:10862C0030323B31C9B20B4484F82F12DBB243EA2F
:10863C00012184F83032FFF7B7FED4F83402036816
:10864C001B68BB4225D13B2009F042FB94F82F322A
:10865C0094F830223B33D4F83402DBB21A4484F859
:10866C002F3284F8302203681B68BB420ED10A20DB
:10867C0009F02EFB0023A4F8843084F8863084F8AB
:10868C008830BDE8F0812321984786E70A21984776
:10869C00F0E73B219847D9E73B219847BCE700BF5F
:1086AC008D620000F8B500230446D0F834020D4664
:1086BC0084F82F3284F8303203685B4F1B68BB425E
:1086CC0040F09E80212009F003FB94F82F322046C5
:1086DC0094F8302229462133DBB21A4484F82F3225
:1086EC0084F83022FFF72CFED4F8340203681B68A0
:1086FC00BB4240F095802C2009F0EAFA94F82F3216
:10870C00204694F830222C33B4F81611DBB21A44FC
:10871C0084F82F3284F83022FFF746FED4F8340266
:10872C0003681B68BB4278D13B2009F0D1FA94F85E
:10873C002F3294F830223B33B4F81611DBB21A44C2
:10874C0084F82F3284F8302209B3002611E009F0A6
:10875C00BFFA94F82F12013694F830320D44B4F865
:10876C001621EDB296422B4484F82F5284F8303205
:10877C000DDAD4F83422D4F81C1113688D5D1B6803
:10878C002846BB42E3D0294610469847E1E7D4F887
:10879C00340203681B68BB423CD13B2009F098FAB9
:1087AC0094F82F12204694F830323B31C9B20B4466
:1087BC0084F82F12DBB243EA012184F83032FFF740
:1087CC00F3FDD4F8340203681B68BB421FD13B2075
:1087DC0009F07EFA94F82F3294F830223B33D4F817
:1087EC003402DBB21A4484F82F3284F83022036846
:1087FC001B68BB4207D10A2009F06AFA0120F8BDB8
:10880C002121984761E70A2198470120F8BD3B21B7
:10881C009847DFE73B219847C2E73B21984786E71B
:10882C002C2198476AE700BF8D620000D0F81C31FC
:10883C000BB1FFF737BF1846704700BF2DE9F04169
:10884C00044610788846002800F0D58004F5D575CC
:10885C00012302E0802B00F0CC8005F8010F9EB2C2
:10886C0012F8010F01330028F4D10023D4F834029C
:10887C00624F84F82F3284F830320368A4F8A86170
:10888C001B68BB4240F0A280222009F021FA94F828
:10889C002F32204694F8302241462233DBB21A4460
:1088AC0084F82F3284F83022FFF74AFDD4F83402D2
:1088BC0003681B68BB4240F099802C2009F008FA31
:1088CC0094F82F32204694F830222C3394F8A811C7
:1088DC00DBB21A4484F82F3284F83022FFF730FDD3
:1088EC00D4F8340203681B68BB427CD13B2009F0EE
:1088FC00EFF994F82F3294F830223B33B4F8A811E6
:10890C00DBB21A4484F82F3284F8302229B304F5F0
:10891C00D57814E009F0DCF994F82F126FF4D472C6
:10892C0094F8303216440D44B4F8A821EDB2361B3D
:10893C002B44B24284F82F5284F830320DDDD4F837
:10894C003422464618F8015F136828461B68BB4260
:10895C00E0D0294610469847DEE7D4F83402036885
:10896C001B68BB423CD13B2009F0B2F994F82F12A2
:10897C00204694F830323B31C9B20B4484F82F12A4
:10898C00DBB243EA012184F83032FFF70DFDD4F855
:10899C00340203681B68BB421FD13B2009F098F9D5
:1089AC0094F82F3294F830223B33D4F83402DBB2F3
:1089BC001A4484F82F3284F8302203681B68BB42B7
:1089CC0007D10A20BDE8F04109F082B9222198476D
:1089DC005DE70A21BDE8F04118473B219847DFE7E6
:1089EC003B219847C2E73B21984782E72C219847C7
:1089FC0066E77F2639E7064637E700BF8D62000041
:108A0C002DE9F041002384B0DFF8BC8004462B4EE6
:108A1C000D462B4FADF80C30CDE9013333689D4238
:108A2C0021D9019B042B1ED8D4F8340203689B690E
:108A3C00BB4226D109F0D6F8431CEFD0C3B23B2B76
:108A4C0011D0D4F8340203685B6943451BD109F09B
:108A5C002FF9019B5A1C10336B44019203F8080C3C
:108A6C0033689D42DDD8D4F8340203685B69434512
:108A7C0021D109F01DF93B2807D0002004B0BDE836
:108A8C00F0819847D8E79847E3E701AA0D4902A877
:108A9C000EF06AFE0128F0D1019BB3F5803FECD2B9
:108AAC00B4F82F0240BA80B2C01AB0FA80F0400974
:108ABC0004B0BDE8F0819847DDE700BFE0C40020BA
:108ACC008962000040090020856200002DE9F04118
:108ADC00002382B0524D8046524E0C46524FCDE987
:108AEC0000332B689C4233D9019B022B30D8D8F829
:108AFC00340203689B69B3423BD109F073F8431C01
:108B0C00EFD0C3B22C2B23D03B2B21D0D8F834027E
:108B1C0003685B69BB422ED109F0CAF8421CE0D055
:108B2C00019AC0B298F82F3202F1010C08320344BA
:108B3C0098F830126A44CDF804C0DBB202F8080C85
:108B4C0088F82F325A182B6888F830229C42CBD8E0
:108B5C00D8F8340203689B69B3424FD109F042F84C
:108B6C00C0B22C2809D03B2807D0002002B0BDE8A9
:108B7C00F0819847C3E79847D0E701AA2B4968468C
:108B8C000EF0F2FD0128F0D1019BFF2BEDD8264E03
:108B9C0088F800302B689C42E7D9D8F83402036877
:108BAC005B69B34228D109F083F8C2B20130F1D02D
:108BBC0098F82F323B2A98F830121344DBB2194440
:108BCC0088F82F3288F830121AD02C2A04D198F851
:108BDC000130013388F8013098F80230591C4344B5
:108BEC0088F802101A712B689C42BED9D8F834024E
:108BFC0003685B69B342D6D09847D6E79847AFE78E
:108C0C0098F8023000222146404643441A7188F8F5
:108C1C000220FFF7F5FE0346012088F80330A5E794
:108C2C00E0C4002089620000856200004009002039
:108C3C0000232DE9F043474F83B004461D460E46F2
:108C4C00DFF81881DFF81891CDE900333B689E42BC
:108C5C002FD9019B022B2CD8D4F8340203689B69C2
:108C6C00434532D108F0BEFF421CEFD0C5B22C2DCB
:108C7C001FD0D4F8340203685B694B4527D109F047
:108C8C0017F8411CE2D0C5B2019A94F82F32501C4F
:108C9C0008322B4494F830126A440190DBB202F88B
:108CAC00085C84F82F325A183B6884F830229E42B4
:108CBC00CFD82C2231462046FFF700FB804640B926
:108CCC000025284603B0BDE8F0839847CCE79847C9
:108CDC00D7E701AA204968460EF046FD0128EFD1DE
:108CEC00019BFF2BECD8DFF8789084F82C323B6892
:108CFC009E4215D9D4F8340203685B694B4524D1E4
:108D0C0008F0D6FF431CF2D094F82F32C5B294F879
:108D1C0030222B44DBB21A4484F82F3284F83022F0
:108D2C00302D14D0312DCBD13B223146204684F846
:108D3C002D82FFF7C3FA05460028C1D031462046E4
:108D4C00FFF75EFE84F82E02BBE79847DAE74FF098
:108D5C000008E9E7E0C40020400900208962000017
:108D6C00856200002DE9F041002384B0D0F8102179
:108D7C0000930293ADF80C300193A0F80A3180F8FF
:108D8C000831002A50D080460C467D4D7D4E7E4FDA
:108D9C002B689C4231D9019B022B2ED8D8F8340277
:108DAC0003689B69B34235D108F01CFF411CEFD01E
:108DBC00C3B22C2B21D0D8F8340203685B69BB42B8
:108DCC002AD108F075FF431CE2D0019AC0B298F882
:108DDC002F3202F1010C1032034498F830126A441D
:108DEC00CDF804C0DBB202F8100C88F82F325A18F8
:108DFC002B6888F830229C42CDD82B689C420DD829
:108E0C00D8F8340200250368DB689847284604B07C
:108E1C00BDE8F0819847C9E79847D4E72C22214652
:108E2C004046FFF74BFA20B90025284604B0BDE8B0
:108E3C00F08101AA554968460EF096FC0128F3D141
:108E4C00019BFF2BF0D888F8083100234D4E4E4F74
:108E5C0001932B689C4232D9019B042B2FD8D8F854
:108E6C00340203689B69B34240F0838008F0BAFE79
:108E7C00431CEED0C0B23B2821D0D8F83402036892
:108E8C005B69BB4277D108F013FF421CE1D0C0B242
:108E9C0098F82F3298F830120344019ADBB288F814
:108EAC002F320B4488F83032531C019302F110031B
:108EBC000DEB03022B689C4202F8080CCCD82B68F3
:108ECC009C429DD93B2221464046FFF7F7F90028EA
:108EDC00AAD001AA2D4902A80EF046FC0128A3D164
:108EEC00019BB3F5803F9FD29BB2B8F80C219A42FC
:108EFC00A8F80A3184D30023234E01932B689C429B
:108F0C0023D9B8F80A21019B9A421ED9D8F8340209
:108F1C0003685B69B34230D108F0CAFEC2B20130BB
:108F2C00ECD098F82F3298F830121344DBB288F852
:108F3C002F320B44D8F8101188F83032019B581C92
:108F4C000190CA542B689C42DBD82B689C427FF65C
:108F5C0057AF3B2221464046FFF7B0F905460028A3
:108F6C003FF462AF21464046FFF74AFD88F80E01F8
:108F7C005BE798477CE7984787E79847CEE700BFC1
:108F8C00E0C40020896200008562000040090020D6
:108F9C002DE9F041002384B0844D8046844E0C466C
:108FAC00844F00930293ADF80C300193A0F822315A
:108FBC0080F820312B689C4231D9019B022B2ED892
:108FCC00D8F8340203689B69B34235D108F00AFE25
:108FDC00411CEFD0C3B22C2B21D0D8F8340203683B
:108FEC005B69BB422AD108F063FE431CE2D0019AB4
:108FFC00C0B298F82F3202F1010C1032034498F8E9
:10900C0030126A44CDF804C0DBB202F8100C88F8B8
:10901C002F325A182B6888F830229C42CDD82B68F6
:10902C009C420DD8D8F8340200250368DB689847B9
:10903C00284604B0BDE8F0819847C9E79847D4E7C3
:10904C002C2221464046FFF739F9002800F0A38076
:10905C0001AA594968460EF087FB012840F09B8015
:10906C00019BFF2B00F2978088F820310023504E93
:10907C00504F01932B689C4232D9019B042B2FD863
:10908C00D8F8340203689B69B34240F0898008F039
:10909C00A9FD431CEED0C0B23B2821D0D8F8340235
:1090AC0003685B69BB427DD108F002FE421CE1D033
:1090BC00C0B298F82F3298F830120344019ADBB200
:1090CC0088F82F320B4488F83032531C019302F18C
:1090DC0010030DEB03022B689C4202F8080CCCD851
:1090EC002B689C429ED93B2221464046FFF7E6F86E
:1090FC00002850D001AA304902A80EF035FB0128F7
:10910C0049D1019B4FF6FE72934244D80022294E5E
:10911C00A8F8223101922B689C4225D9019BB8F802
:10912C0022219A4220D97E2B1ED8D8F8340203680B
:10913C005B69B34238D108F0BBFDC2B20130EAD052
:10914C0098F82F3298F830121344DBB288F82F328B
:10915C000B4488F83032019B591C434483F8252179
:10916C002B6801919C42D9D82B689C427FF65AAF50
:10917C00019B00213B224046434483F825112146A4
:10918C00FFF79CF8054630B121464046FFF738FC06
:10919C0088F824014CE70025284604B0BDE8F0818E
:1091AC00984776E7984781E79847C6E7E0C40020E0
:1091BC008962000085620000400900202DE9F84317
:1091CC0000230446D0F834022380A3702371036873
:1091DC00384A1B69934249D108F026FD002842D039
:1091EC00DFF8D8800027D8F80050D8F8003005F107
:1091FC00640984F82F7284F83072994533D92E4E55
:10920C00D4F8340203685B69B34250D108F050FDC6
:10921C00C2B2013027D094F82F3294F83012134494
:10922C00213ADBB284F82F320B4484F830321E2AF8
:10923C0011D8DFE802F01D262E101010101010109F
:10924C001010101010101010101010101010101012
:10925C00101010103400D8F8003084F82F72994593
:10926C0084F83072CCD80020BDE8F8839847B5E775
:10927C0005F57A712046FFF775FD0028F3D0032021
:10928C00F2E749462046FFF783FE8000C0B2BDE8F6
:10929C00F88349462046BDE8F843FFF717BC49461A
:1092AC002046FFF7C5FC4000C0B2BDE8F8839847E4
:1092BC00AEE700BF8162000085620000E0C40020C0
:1092CC0010B5002386B090F802C0002204930593D9
:1092DC00019200EB0C02CDE902330CF10103DBB27D
:1092EC00837012792C2A18D10CF10F0C0C465FFAF2
:1092FC008CFC63450CD802A9C21801331279DBB27D
:10930C002C2A0DD032B16345837001F8012BF3D9AF
:10931C00184402792C2A03D012B1002006B010BDDB
:10932C0001AA054902A80EF01FFA0128F5D1019BEC
:10933C00236006B010BD00BF4C09002038B50B46A9
:10934C0090F8861004468830C1F180050C4A084418
:10935C00EDB229460DF094F9A84207DA94F886206C
:10936C0003460120134484F8863038BD0023184688
:10937C00A4F8843084F8863084F8883038BD00BF77
:10938C004809002030B590F88630B7EEC00A83B09B
:10939C000446C3F1800588300E4AEDB218442946C4
:1093AC008DED000B0DF06CF9854208DD94F88620EC
:1093BC0003460120134484F8863003B030BD0023EB
:1093CC001846A4F8843084F8863084F8883003B0CA
:1093DC0030BD00BF440900208446188800B500F158
:1093EC00040E96452DD8184A1278CAB1421C1A8020
:1093FC0001F800C01A88501C18804FEA1C208854B1
:10940C001A88501C18804FEA1C404FEA1C6C885478
:10941C001A88501C1880012001F802C05DF804FB6A
:10942C00421C1A804FEA1C620A541A88501C18807D
:10943C004FEA1C4088541A88501C18804FEA1C2094
:10944C00E5E700205DF804FB21C50020002B18BFC8
:10945C00002984460CBF012000200BD010B5B3F8B6
:10946C0000E00EF10104944203D801201C8001F8A5
:10947C000EC010BD00207047002B18BF002910B57E
:10948C0086460CBF0120002016D0B3F800C00CF1AA
:10949C00020494420FD8104A12787AB90CF10102E6
:1094AC001A804FEA1E2201F80C201A88501C1880D2
:1094BC00012001F802E010BD002010BD0CF10102EA
:1094CC001A804FEA1E2201F80CE01C88601C1880E0
:1094DC0001200A5510BD00BF21C50020134630B134
:1094EC002AB10A46014610EE100AFFF775BF00209C
:1094FC00704700BF10B50446FEF7ACFE204610BD09
:10950C0038B50C46054608210A4808F0F7FB34B17B
:10951C0020460EF075FE0146204608F0EFFB06488B
:10952C0005F05AFF224628462421BDE83840FFF7B3
:10953C0085B900BF2C190020309100202DE9F84F7F
:10954C00044615461E46BDF82870BDF82C80BDF8A3
:10955C003090BDF834A0BDF838B0FFF7EFFE18B965
:10956C0000252846BDE8F88F29462046FFF7E6FE81
:10957C000028F5D031462046FFF7E0FE0028EFD05A
:10958C0039462046FFF7DAFE0028E9D0414620464E
:10959C00FFF7D4FE0028E3D049462046FFF7CEFE65
:1095AC000028DDD051462046FFF7C8FE0028D7D052
:1095BC0059462046FFF7C2FE05460028D0D00321AD
:1095CC002046FEF7D7FFCCE738B52DED048B0446CB
:1095DC00B0EE608AF0EE418AB0EE619AF0EE429AFB
:1095EC00FFF7D0FE20B900252846BDEC048B38BD12
:1095FC00B0EE480A2046FFF7C5FE0028F3D0B0EEC7
:10960C00680A2046FFF7BEFE0028ECD0B0EE490AEF
:10961C002046FFF7B7FE0028E5D0B0EE690A2046D9
:10962C00FFF7B0FE05460028DDD004212046FEF7EA
:10963C00A1FFD9E738B52DED048B0446B0EE608A56
:10964C00F0EE418AB0EE619AFFF79CFE20B900253E
:10965C002846BDEC048B38BDB0EE480A2046FFF717
:10966C0091FE0028F3D0B0EE680A2046FFF78AFE80
:10967C000028ECD0B0EE490A2046FFF783FE0546E1
:10968C000028E4D005212046FEF774FFE0E700BF78
:10969C0038B52DED048B0446B0EE608AF0EE418AAD
:1096AC00B0EE619AF0EE429AFFF76CFE20B90025FD
:1096BC002846BDEC048B38BDB0EE480A2046FFF7B7
:1096CC0061FE0028F3D0B0EE680A2046FFF75AFE80
:1096DC000028ECD0B0EE490A2046FFF753FE0028D4
:1096EC00E5D0B0EE690A2046FFF74CFE054600288F
:1096FC00DDD006212046FEF73DFFD9E7F0B587B057
:10970C000E460746154669461C46FFF7D9FD10B9AB
:10971C00002007B0F0BD01A93846FFF7D1FD0028A5
:10972C00F6D002A93846FFF7CBFD0028F0D003A9EC
:10973C003846FFF7C5FD0028EAD004A93846FFF7E4
:10974C00BFFD0028E4D005A93846FFF7B9FD002875
:10975C00DED0009B02993360019B049A2B60216040
:10976C00039B0C990B600D99059B0A600E9A136074
:10977C00CFE700BF70B582B00E4604461546694669
:10978C00FFF79EFD10B9002002B070BD01A9204664
:10979C00FFF796FD0028F6D0009A019B32602B60F3
:1097AC0002B070BD70B582B00E46044615466946CF
:1097BC00FFF786FD10B9002002B070BD01A920464C
:1097CC00FFF77EFD0028F6D0009A019B32602B60DB
:1097DC0002B070BD70B582B00E460446154669469F
:1097EC00FFF76EFD10B9002002B070BD01A9204634
:1097FC00FFF766FD0028F6D0009A019B32602B60C3
:10980C0002B070BD70B582B00E460446154669466E
:10981C00FFF756FD10B9002002B070BD01A920461B
:10982C00FFF74EFD0028F6D0009A019B32602B60AA
:10983C0002B070BD70B582B00E460446154669463E
:10984C00FFF73EFD10B9002002B070BD01A9204603
:10985C00FFF736FD0028F6D0009A019B32602B6092
:10986C0002B070BD70B582B00E460446154669460E
:10987C00FFF726FD10B9002002B070BD01A92046EB
:10988C00FFF71EFD0028F6D0009A019B32602B607A
:10989C0002B070BDFFF714BDFFF712BDFFF710BD8E
:1098AC0010B4002481600280448044605DF8044B55
:1098BC00704700BF4088B0FA80F04009704700BF85
:1098CC00034640881A88904211D0DA88012010B5DE
:1098DC009C68A154DA88B3F800C002445988B2FBE2
:1098EC00FCFE01440CFB1E225980DA8010BD0020C6
:1098FC00704700BF0346408890B19A88012010B58C
:10990C009C68A25C0A709A88B3F800C0024459881B
:10991C00B2FBFCFE01390CFB1E2259809A8010BD53
:10992C00704700BFF0B50D2283B00023077E8DF881
:10993C0006208DF8073077B304460F251D4E60695D
:10994C000368DB689847606903685B69984700287F
:10995C00F9DA606901220DF1060103685B6898472A
:10996C00022006F071FA01220DF10701606905F081
:10997C0015FE0128F7D1002310229DF80710304660
:10998C0005F046FD304605F027FD9DF807300D2B00
:10999C0005D0013DD3D10027384603B0F0BD1121CD
:1099AC00054808F0ABF9034805F016FD384603B03E
:1099BC00F0BD00BF309100205009002010B50421EB
:1099CC00837C86B04FF0010C0222044623FA01F08E
:1099DC008B408DF80BC00DF10C0C8DF80C2002AAED
:1099EC008DF80A3000238DF808108DF8090001E07D
:1099FC0012F8011F0B449445DBB2F9D1227E8DF88D
:109A0C000D303AB16069062202A903685B68984779
:109A1C00062802D0012006B010BD01220DF107016D
:109A2C00606905F0BBFD012006B010BD10B5044601
:109A3C0086B004212020A27C00238DF80C000DF1AF
:109A4C000C0C22FA01F08A408DF808108DF80A20CF
:109A5C0002AA8DF80B308DF8090001E012F8011FF5
:109A6C000B449445DBB2F9D1227E8DF80D303AB11E
:109A7C006069062202A903685B689847062802D031
:109A8C00012006B010BD01220DF10701606905F03F
:109A9C0085FD012006B010BD10B5062386B07422DA
:109AAC0004468DF808300DF10E0C837C8DF80E10E9
:109ABC00090A8DF80B2001228DF80D1019091B01D4
:109ACC008DF80C200DF107028DF809108DF80A3075
:109ADC00002312F8011F0B449445DBB2F9D1227E0E
:109AEC008DF80F3042B16069082203680DEB02015A
:109AFC005B689847082802D0012006B010BD0122EF
:109B0C000DF10701606905F049FD012006B010BD9B
:109B1C00F0B51D4683B0037E089E23B3044640690E
:109B2C0017462A4603685B689847854215D101227F
:109B3C000DF10701606905F031FDB8B19DF80730F2
:109B4C004F2B0DD132783946606905F027FD03465D
:109B5C0078B10120337003B0F0BD6FF00900FAE763
:109B6C006FF00B00F7E76FF00D00F4E76FF00A00F1
:109B7C00F1E76FF00C00EEE7981F30B5C5B2082D79
:109B8C002DD892F800C00CF102049C4227D1A2F10E
:109B9C00020E10460023A64401E010F801CF6344E6
:109BAC007045DBB2F9D1144414F8010C984219D168
:109BBC00537890781B0143EA10130B70B2F8033002
:109BCC000D735BBA4B8045B104320331531912F853
:109BDC00010F9A4201F8010FF9D1012030BDA3F118
:109BEC00640030BD6FF0140030BD00BF70B54FF68F
:109BFC00FF7390B016460E220D468DF82810338058
:109C0C0008218DF80F200446C27C0DF11F0C8DF835
:109C1C0020101101837C12090AA88DF8252041F02F
:109C2C0001028DF826202A0A8DF827201A091B011B
:109C3C008DF821208DF82230B2238DF823300423A7
:109C4C008DF8243000231CF801EF73446045DBB21F
:109C5C00F9D18DF829300DF10F030CAA08A9009346
:109C6C0020460A23FFF754FF012801D010B070BD25
:109C7C009DF80F300CAA04A92046FFF77DFF0128A0
:109C8C00F4D1A37CBDF8122043F454439A420FD173
:109C9C009DF81C30042B11D1BDF814305BBA9BB26B
:109CAC00AB4208D1BDF816305BBA338010B070BD32
:109CBC006FF00300DAE76FF00500D7E76FF00400F0
:109CCC00D4E700BF30B583B000244FF40C710546C7
:109CDC000DF10602ADF80640FFF788FF012804D10C
:109CEC00BDF806302B8203B030BD204603B030BD2A
:109CFC0010B582B04FF6FF7340F60E11044601AA60
:109D0C00ADF80430ADF80630FFF770FF012802D033
:109D1C00002002B010BD0DF1060240F60F112046D6
:109D2C00FFF764FF0128F3D1BDF80630BDF804201D
:109D3C00D90BE380A280C3F38013C2F3802221707D
:109D4C00A370627002B010BD10B582B04FF6FF73F5
:109D5C0040F60E1104466A46ADF80030ADF80230FC
:109D6C00ADF80430ADF80630FFF740FF012802D003
:109D7C00002002B010BD0DF1020240F60F1120467A
:109D8C00FFF734FF0128F3D101AA40F25D312046E0
:109D9C00FFF72CFF0128EBD10DF1060240F6FC0178
:109DAC002046FFF723FF0128E2D1BDF800C0BDF823
:109DBC000210BDF80420BDF80630A4F808C061817B
:109DCC00A281E381D5E700BF70B54FF0FF3390B0AF
:109DDC0016460E220D468DF82810336008218DF89A
:109DEC000F200446C27C0DF11F0C8DF820101101C0
:109DFC00837C12090AA88DF8252041F001028DF808
:109E0C0026202A0A8DF827201A091B018DF82120FB
:109E1C008DF82230B2238DF8233005238DF82430B1
:109E2C0000231CF801EF73448445DBB2F9D18DF8A3
:109E3C0029300DF10F030CAA08A9009320460A2320
:109E4C00FFF766FE012801D010B070BD9DF80F30F1
:109E5C000CAA04A92046FFF78FFE0128F4D1A37C9D
:109E6C00BDF8122043F455439A421AD19DF81C3088
:109E7C00062B1CD1BDF814305BBA9BB2AB4213D18C
:109E8C009DF819309DF818101B049DF8172043EA13
:109E9C00016313439DF8162043EA0223336010B08C
:109EAC0070BD6FF00300CFE76FF00500CCE76FF0EB
:109EBC000400C9E700B583B04FF0FF334FF40A71CB
:109ECC0001AA0193FFF780FF019803B05DF804FB32
:109EDC0010B54FF0080C86B0842204468DF80E1095
:109EEC0000238DF80B2041FA0CF2807C8DF80D20AC
:109EFC000A1609148DF808C08DF80F200DF1070211
:109F0C008DF81010010900018DF80C308DF8091036
:109F1C008DF80A0004A812F8011F0B449042DBB222
:109F2C00F9D1227E8DF811303AB160690A2202A96A
:109F3C0003685B6898470A280BD04FF0FF3301AADF
:109F4C004FF40A7120460193FFF73EFF012006B043
:109F5C0010BD01220DF10301606905F01FFBECE758
:109F6C0070B514468AB052BA837C0E464FEA112E55
:109F7C00ADF80E20220E8DF80D1005468DF8102030
:109F8C00220C0DF1180C0DF122018DF811200A2272
:109F9C008DF818201A091B018DF8192003AA8DF8C9
:109FAC001A3090238DF81B3005238DF81C3007AB2D
:109FBC0001E012F801EF03F801EF8B42F9D10DF13A
:109FCC00230200231CF801EB73449445DBB2F9D156
:109FDC008DF823302B7E3BB1686906A90C220368EF
:109FEC005B6898470C280FD0002301AA31462846FD
:109FFC000193FFF7E9FE01280DD1019BA34218BF85
:10A00C006FF003000AB070BD01220DF10301686905
:10A01C0005F0C4FAE8E76FF00200F3E70A4640F2F5
:10A02C009E2108B5FFF79CFFA0F10100B0FA80F06B
:10A03C00400908BD0A4640F2A22108B5FFF790FF7F
:10A04C00A0F10100B0FA80F0400908BD0A464FF4B7
:10A05C00287108B5FFF784FFA0F10100B0FA80F079
:10A06C00400908BDDFED0C7A4FF4287160EE277AB9
:10A07C00BCEEC00AFCEEE77A08B517EE903A9AB23D
:10A08C0010EE103A42EA0342FFF76AFFA0F101001A
:10A09C00B0FA80F0400908BD00008047DFED077A78
:10A0AC0060EE277ABCEEC00AFCEEE77A17EE903A27
:10A0BC0098B210EE103A40EA034070470000804717
:10A0CC0070B5012A4FF000050446C27481740582F4
:10A0DC00C0E90055C0E9025510D0022A18D00D482D
:10A0EC004FF480724FF41651606104F029FE2A4639
:10A0FC006369642120462276996070BD05484FF44F
:10A10C0080724FF41651606104F01AFE0122EFE7E1
:10A11C000148F4E700920020A0910020002340F2B7
:10A12C00EE22C9B210B50446037580F82730C0E999
:10A13C000A3207F0BDFF012204F11F01204608F08E
:10A14C003BF9204608F030F9FA2005F07DFE204658
:10A15C0010BD00BF10B5044607211F3008F0D0F920
:10A16C0094F82630834201D1012010BD11210448FE
:10A17C0007F0C4FD034805F02FF9002010BD00BF07
:10A18C00640900203091002010B5044608211630D7
:10A19C0008F0B6F9A37F834201D1012010BD1C2128
:10A1AC00034807F0ABFD034805F016F9002010BD7D
:10A1BC00780900203091002070B5054607F092FF19
:10A1CC00284605F1150408F0D1F80022BE212846D6
:10A1DC0005F11E0608F096F8284608F0B7F804F8C2
:10A1EC00010FB442F8D12846FFF7CEFF48B195F9DC
:10A1FC001720AB7D43EA022300EE103ABAEECE0AEA
:10A20C0070BD9FED010A70BD00C079C470B590F8A7
:10A21C0027300446012B06D0022B25D073B1002326
:10A22C0080F8273070BD1C4BD0E90A121B685B1AF2
:10A23C009342F7D3022380F8273070BD012580F8B4
:10A24C00275007F04FFF204608F090F820462A468A
:10A25C00442108F057F8104B40F2EE201B68A36223
:10A26C00BDE8704005F0F0BD0D460126FFF7A4FFD8
:10A27C00204685ED000A84F8276007F033FF20465E
:10A28C0008F074F832464421204608F03BF8024BA3
:10A29C001B68A36270BD00BFE0C40020704700BF04
:10A2AC00034A4FF48051034BA2F844111B68184722
:10A2BC0000C03D402093002070B500F1240384B011
:10A2CC008C46044601AD164693E8070085E8070066
:10A2DC004FEA4C122946206A01F068FB012806D18E
:10A2EC0032462946206A01F045FB04B070BD0020BF
:10A2FC0004B070BD10B5044600F0BAFD002384F81C
:10A30C00313084F8333010BD38B514460D46002278
:10A31C0000F12401006A01F02DFB034620B14289B3
:10A32C0001202A801B89238038BD00BF38B5144614
:10A33C000D46002200F12401006A01F01BFB0346CC
:10A34C0020B1C28901202A809B89238038BD00BF9F
:10A35C0038B50D4690F8311009B1002038BD3822BF
:10A36C0004460DF005FC012340222562184684F8B2
:10A37C00333084F8312038BDF0B40D4609782029EB
:10A38C0003D115F8014F202CFBD0156095602C786B
:10A39C002F2C11D084B16E1C3C2C1D4F35462AD865
:10A3AC00212C12D804F1FF3CBCF11E0F16D8002052
:10A3BC00F0BC704715F8014F202CFBD02F2CF9D096
:10A3CC001D601146F0BC01F0C3B9A4F1220C5FFA78
:10A3DC008CFC27FA0CFC1CF0010FE8D12E2C01D0C0
:10A3EC00202C0DD116F8014B002CE5D02F2CE3D0EE
:10A3FC003C2C3546D4D95C2CD9D003D97C2CD6D066
:10A40C009660EFE73E3C012CFAD80020F0BC704778
:10A41C00012100052DE9F04F90F8333083B005464B
:10A42C00DC0774D558060F46904640F1B080D5E94C
:10A43C000023D5E9041018EB020443F10003A142F8
:10A44C0070EB0303C0F0A980B8F1000F5BD0464657
:10A45C0005F11809D5E90032D5F820A0DAF838440E
:10A46C001C40C4F3080B002C70D1134370D195F829
:10A47C0031305A064CBFDAF83424EA69AA619AF8EA
:10A48C004504023ADAF82C14630A824001EB542199
:10A49C001144BBF1000F45D1B6F5007F42D3DAF879
:10A4AC001C2291423ED0B6F5806F58D34FF0010B71
:10A4BC000BFA00FBABEB030B730A9B4528BF9B46C7
:10A4CC0091424FEA4B240AD801EB0B039A4206D275
:10A4DC000AF50470019103F01BFE0199B8B1DAF88A
:10A4EC0014025B460268D2F814A03A46D04770B109
:10A4FC0023462744D5E900125B1842F10002361BB3
:10A50C00C5E90032A8D1404603B0BDE8F08F95F8FC
:10A51C0032304FF0FF3043F0020385F8323003B095
:10A52C00BDE8F08FCBF5007400220AF50470B4423C
:10A53C0028BF344603F018FE0028E8D000EB0B01CE
:10A54C002246384605F086FF2346D2E7AA6996E7ED
:10A55C0095F833305B060ED5AA6901328EE7DAF82E
:10A56C0014023A4603681B6998470028CFD04FF471
:10A57C0000731C46BDE74A465046A96901F058FADB
:10A58C000028C4DB0CD0D5F820A0AA6977E795F891
:10A59C00313019077FF558AF49E7A1EB020853E7B3
:10A5AC0095F8313013F0500FB1D0A8EB06084046A7
:10A5BC00AAE700BFF0B583B00122044685690DF10E
:10A5CC000701D0E90067FFF725FF0128A5610CBF43
:10A5DC009DF807004FF0FF30C4E9006703B0F0BDF1
:10A5EC002DE9F04F1F4690F8313083B00446D0F877
:10A5FC001880002B51D01646D0E9001CBC4508BF72
:10A60C0091425CD056EA07024DD01D0704D5D0E923
:10A61C000402B042BA4140D394F83320751ED4F8EA
:10A62C0020A0019247F1FF309AF845240932D2B2AA
:10A63C00C2F1200ED540A2F1200900FA0EFB20FA3F
:10A64C0009F045EA0B0505430198400633D4481E32
:10A65C0020FA02F24CF1FF3051EA0C0C00FA0EFE1B
:10A66C0020FA09F042EA0E0242EA000201D09542B9
:10A67C0029D25B064CBFDAF83434E369A36104F1E8
:10A68C00180906E0A169013D206A01F0D1F9002802
:10A69C0003DD4A46002DF5D107E00020C4F81880F0
:10A6AC0003B0BDE8F08F002383610120C4E900678B
:10A6BC0003B0BDE8F08FE3692B44A361F5E70120FB
:10A6CC0003B0BDE8F08FAD1AD9E700BF2DE9F04F0C
:10A6DC00174690F831208FB00546002A40F0D780FD
:10A6EC008B4691F8311011F0500F00F0D08003F030
:10A6FC0003019A46032900F0CA80013103F00800D7
:10A70C0041EA00030293002F00F0CB80396901F17C
:10A71C000E08B649A1FB0818DBE900104FEAD8086F
:10A72C00014308F102085FFA88F805D000200021E7
:10A73C00CBF81820CBE900010024029B264643F0FD
:10A74C0040030393202206A95846FFF763FE00B38B
:10A75C00202840F09C809DF918209DF81830002A84
:10A76C00C0F2A28034B9DBF80020A2F12009DBF89A
:10A77C0018200192444501D20134E4B2002B00F0C0
:10A78C001381202206A958460026FFF743FE002815
:10A79C00DED11AF4007F7AD0029B9B0777D5002F6D
:10A7AC0075D0444517D2DDF804A0202206A95846DE
:10A7BC00FFF730FE631C002861D0202867D12CB92C
:10A7CC00DBF80020DBF818A0A2F12009DCB2A045D0
:10A7DC00EBD8CDF804A03822002128469BF8334052
:10A7EC000DF0C6F9DBF82030C4F38014019A2B620B
:10A7FC000823002685F82C4085F831303B68C5E9E4
:10A80C0009297B60BE81B8F1000F33D008F1FF3904
:10A81C00B346DFF8DCA15FFA89F9012259462846D4
:10A82C00FFF74AFD044690B390F90020002A2EDB76
:10A83C00202200210DF09CF9002E00F0BC80BBF111
:10A84C00010F00F0D780C123A3461E3404F81E3C30
:10A85C00BB8938461BB9D7E901239A4205D003F0CE
:10A86C00C1FC2BF8020FA345F2D101365FFA86FB2F
:10A87C00D845D2D8284600F0FBFA06460DE05846DB
:10A88C00DBF8186000F024FB002840F091800023D6
:10A89C001E4685F8313085F8333030460FB0BDE8B0
:10A8AC00F08F4FF0030847E756BB444538BF0024F0
:10A8BC00852B7FF447AF31463822284601260DF010
:10A8CC0057F99DF81C209DF8193085F8303002F0AE
:10A8DC003703D20658BF43F0080385F83130DBF854
:10A8EC000030DBF82020203B2A62DBF81820C5E979
:10A8FC0009239BF83330C3F3801385F82C3021E700
:10A90C00C02B28D0C12B7FF43CAF3A4606A9284671
:10A91C0000F092FEE8B1BB89DBB9D7E901329A426B
:10A92C0017D11AF4006FB2D11AF4884F70D195F880
:10A93C00333098076CD41AF4806FA8D11AF4804F76
:10A94C00ABD02846D5E90423FFF74AFE0028A4D152
:10A95C009DE70646F6E6029B85F833309DF81930E4
:10A96C009B0702D5039B85F833300B9BEB61DDE92C
:10A97C000823C5E90423DDE90C23C5E90223002FD4
:10A98C00CFD04FF000033A69BB813B687B609DF8E8
:10A99C001B309A427FF4F5AEBE8ABDF81C30F61A15
:10A9AC00B6FA86F67609CDE6002F7FF4F2AE6EE7A6
:10A9BC00CBF818600BE78523237085F8309084F86A
:10A9CC000190DAF80030002B46D00DF113020DF196
:10A9DC00160105A89847BDF814306381BDF81630F0
:10A9EC0023819DF8133023753FE700BF8988888841
:10A9FC00F4B20020C02384F801B02370029B63F0F2
:10AA0C007F0385F833303B69E370BB8AA3802CE766
:10AA1C0095F83130D9063FF53AAF13F001017FF4C8
:10AA2C0036AF1AF4806F89D095F8332092077FF5F2
:10AA3C002EAF002B3FF42BAFD5E90032134304D0DB
:10AA4C0000220023A961C5E90023284600F042FC3E
:10AA5C0000283FF41CAF20E745F621436381E381D6
:10AA6C00638202E72DE9F043002597B0994690F8F0
:10AA7C00313001921495ADF81450002B3ED191F861
:10AA8C0031300F4613F0500F38D013780446164669
:10AA9C002F2B37D04FF0000801AB02AA31462046CD
:10AAAC00FFF76AFC50B3019E3378002B3ED0002395
:10AABC0002AA39462046FFF709FEF8B1A44608ADB4
:10AACC0004F13007DCF800000CF1100C5CF80C1CE5
:10AADC00AE465CF8082C10355CF8043CBC45AEE87E
:10AAEC000F00EFD1DCF8000008AF2860204600F022
:10AAFC00BFF984F8318084F83380CDE7002017B09B
:10AB0C00BDE8F08316F8011F2F29FBD00196B1B9CF
:10AB1C00382220463D6A0DF02BF801234022256295
:10AB2C00184684F8333084F83120E8E74B4602AA03
:10AB3C0039462046FFF7CAFD17B0BDE8F08338222E
:10AB4C00002108A83D6A0DF013F8012308AF1095F9
:10AB5C008DF8533040238DF851309BE719B101F536
:10AB6C008961FFF77FBF0846704700BF90F831300E
:10AB7C0063B991F8313013F0500F07D00B6813F014
:10AB8C001F0C03D113466246FFF7A0BD002070478F
:10AB9C008169F8B50446006A01B10131012200F067
:10ABAC000DFE0128054632D901230146206A1A46BA
:10ABBC0000F064FE064650B3A3695BB394F83320EF
:10ABCC00510612D5591CA94218D022F04002E16955
:10ABDC0084F8332005E0206A00F04CFF3946B0B110
:10ABEC00A3694F1C99423A46F5D34FF0FF322946E0
:10ABFC00206A00F03FFF50B1A16911B93046A56140
:10AC0C00F8BD2A46206A00F035FF0028F6D1002650
:10AC1C003046F8BD94F8333043F0400384F83330B9
:10AC2C00ECE700BF90F833309A0736D5C16970B5A0
:10AC3C000546A1B90024214607E0037803F07F0301
:10AC4C00037095F830308B4229D301340122284609
:10AC5C00FFF732FBE1B20028EFD1002070BD5B069C
:10AC6C00006A34D590F84534D5E902240933013A09
:10AC7C00DBB244F1FF34C3F1200CDA40203B04FA80
:10AC8C000CFC24FA03F342EA0C021A4300230132AF
:10AC9C0000F0F4FD0028CDD1DFE700207047002341
:10ACAC002C6A85F83130204685F8333003F030FAC1
:10ACBC000028D2D004F5047003F02AFA0028CCD076
:10ACCC00D4F840040368BDE870401B6A184700F0D4
:10ACDC00F1FE0028AED1C0E790F83130DB0601D48C
:10ACEC000020704710B5002288B000230446FFF7FF
:10ACFC0077FC08E020281BD19DF900309DF800203E
:10AD0C00002B15DB32B1202269462046FFF782FB6F
:10AD1C000028EFD194F833300822204643F0020388
:10AD2C0084F8312084F83330FFF77CFF08B010BD75
:10AD3C00002008B010BD00BF2DE9F0414FF0000815
:10AD4C0082B04A4F06464446414600223046FFF741
:10AD5C00B3FA054630B10178C02969D0C1292BD08E
:10AD6C00852909D096F83230002043F0010386F88B
:10AD7C00323002B0BDE8F08196F8313003F0370381
:10AD8C0083803B6883B10DF103020DF1060101A82C
:10AD9C009847BDF80630AB812B82BDF80430EB81AF
:10ADAC006B829DF803306B75326A92F8103243F067
:10ADBC00010382F810322978A1F185000022B0FA43
:10ADCC0080F0400901E00422A95CE303012A02F1AE
:10ADDC00010243EA540311FA83F39CB201D1002817
:10ADEC00F1D11F2AF0D908F1010896F830305FFA3A
:10ADFC0088F18B42A9D2012206F12401306A00F0BD
:10AE0C00B9FD0028AED0356A4480284603F080F99D
:10AE1C000028A7D005F5047003F07AF90028A1D01A
:10AE2C00D5F8400403681B6A98470028A1D199E71C
:10AE3C0096F8333013F0400F437814BF43F00203FD
:10AE4C0003F0FD034370D6E90401D6E90732C5E9E6
:10AE5C000201D6E902016B61C5E9060192F81032D4
:10AE6C0043F0010382F810322978A5E7F4B20020F0
:10AE7C0038B590F8313043B390F93320044690F84C
:10AE8C003330002A0CDB056A284603F041F978B907
:10AE9C0094F83230002043F0010384F8323038BD8E
:10AEAC0003F07F0380F83330BDE83840FFF744BF30
:10AEBC0005F5047003F02CF90028E9D0D5F840040E
:10AECC0003681B6A98470028E2D0012038BD00BFF8
:10AEDC0070B590F8313005465A064CD480682B6A10
:10AEEC00D3F83C341844B0F1806F01D3002070BD0E
:10AEFC002846FFF74DFE0028F8D0286A0024AE69DA
:10AF0C0090F84534023E9E40D0F82C341E44311942
:10AF1C00052200F50470013403F026F94FF4007299
:10AF2C0000210028E2D00CF023FE286A012390F8BF
:10AF3C00452493409C42EAD395F831305B0615D4F6
:10AF4C0095F8332062F07F02D5E9023185F8332081
:10AF5C00D0F83C249B1841F10000AB60D5E90431DA
:10AF6C00E8609B1841F10001C5E904312846BDE8B1
:10AF7C007040FFF77DBF006A00F0A2FEAFE700BF94
:10AF8C0070B5044690F831009CB0002310F0180FF7
:10AF9C000C931A9303D0206A0B6A984202D00020BB
:10AFAC001CB070BD40F601236846FFF75BFD00281E
:10AFBC00F5D0A44604F130060EADDCF800000CF11F
:10AFCC00100C5CF80C1CAE465CF8082C10355CF8C8
:10AFDC00043CB445AEE80F00EFD1DCF8000009AA40
:10AFEC0004F1240328609DF8305007CA83E8070059
:10AFFC0094F83330204684F8305063F07F0384F8A3
:10B00C003330FFF735FF0028C9D000210222082376
:10B01C000EA815918DF86B208DF86930FFF702FEA4
:10B02C00BEE700BF38B591F8313013F0500F02D1A4
:10B03C000025284638BD40F602230446FFF746FBA0
:10B04C000028F5D01023204684F83130FFF740FF5C
:10B05C0005460028ECD0A169002200232046E161BE
:10B06C00FFF7BEFAC12294F8313084F83320002B5C
:10B07C00DFD04123204684F83330BDE83840FFF759
:10B08C005BBE00BFF0B5002597B01F4690F831307D
:10B09C000192ADF814501495002B46D191F8313033
:10B0AC000E4613F0500F40D01378044611462F2B48
:10B0BC003ED001AB02AA2046FFF75EF9002834D03F
:10B0CC00019B1B78002B41D0002302AA314620465D
:10B0DC00FFF7FCFA30B947B302AA31462046FFF716
:10B0EC00A1FF10B3A44608AD04F13006DCF8000053
:10B0FC000CF1100C5CF80C1CAE465CF8082C1035EE
:10B10C005CF8043CB445AEE80F00EFD1DCF800006D
:10B11C0008AE28602046FFF7EDF8019901AB02AAB2
:10B12C002046FFF729F90028CAD1002017B0F0BD3E
:10B13C00013101910B782F2BFAD0316A08A8FFF757
:10B14C0007F90028F1D0019908AEB2E702AA3146FE
:10B15C002046FFF767FF17B0F0BD00BF2DE9F04F99
:10B16C000E4690F8311083B009079DF830B09DF869
:10B17C0034909DF838809DF83C7040F18580A2F2A7
:10B18C00BC7294B27F2C7FD85A1E0B2A7CD80BF140
:10B19C00FF321E2A78D8B8F13B0F98BFB9F1170FC0
:10B1AC008CBF4FF0010A4FF0000A3B2F88BF4AF0CA
:10B1BC00010ABAF1000F67D105460193FFF758FE5B
:10B1CC00002861D0019B51464BEA431B7B0817F0CA
:10B1DC0001074BEA4424D34643EA481818BF6427B6
:10B1EC00A4B248EAC92806F001091FFA88F800221F
:10B1FC002846FFF761F8002846D090F800C0BCF153
:10B20C00850F45D00CF14003DBB2012B3CD8ACF1DF
:10B21C0085010023B1FA81F1490902E0042310F8F9
:10B22C0003C04FEACB32012B03F1010342EA5B026C
:10B23C001CFA82F21FFA82FB01D10029EED11F2BDE
:10B24C00EDD90AF1010A95F830305FFA8AF18B4298
:10B25C00CDD2012205F12401286A00F08BFB98B1B4
:10B26C002C6AA0F802B0204602F052FF60B104F53F
:10B27C00047002F04DFF38B1D4F8400403681B6A27
:10B28C0003B0BDE8F04F1847002003B0BDE8F08FC5
:10B29C0095F831302A6A03F03703838092F8103224
:10B2AC0043F0010382F81032B9F1000F02D0A0F87C
:10B2BC0010804482B20703D50775A0F8088044813A
:10B2CC00730703D54775A0F80C80C48190F800C0B3
:10B2DC009DE700BF90F833309A0762D570B5C56909
:10B2EC0082B00446A5B313F0400634D0006AA268BD
:10B2FC0090F845C4013AE1680CF1090C41F1FF31B9
:10B30C005FFA8CFCCCF1200E22FA0CF2ACF1200C82
:10B31C0001FA0EFE21FA0CFCA16942EA0E0242EA85
:10B32C000C02013219B3013D6D1A01312A4401910D
:10B33C0072BB63F07F03204694ED007B84F83330BE
:10B34C0084ED027B84ED047BFFF792FD02B070BDAF
:10B35C00012002B070BD816961B90195C1612946B6
:10B36C00206A00F0A7FBC8B194F83330E1E70195EF
:10B37C00E161DDE701AA006A019600F059FB0028A3
:10B38C000CDB10D1019D002DE9D194F83330D0E7BE
:10B39C000023019900F072FA0028E5D1002002B0D8
:10B3AC0070BD002070474FF0FF32A169206A00F099
:10B3BC0061FB0028E6D1F1E72DE9F04390F833303A
:10B3CC0083B004469D0740F1A18091461A070E46B2
:10B3DC0000F19580B9F1000F00F0288123684D46EB
:10B3EC00206AA169D0F8382402EA0308C8F30807D8
:10B3FC00B8F1000F40F09480002900F0D48094F84C
:10B40C0033305B0640F1EC8090F845C4D4E902324D
:10B41C000CF1090C013B5FFA8CFC42F1FF32CCF1D0
:10B42C00200E23FA0CF3ACF1200C02FA0EFE22FAD9
:10B43C000CFCE26943EA0E0343EA0C031344994201
:10B44C0080F0D5800131A16190F845240239D0F803
:10B45C002C3491401944B5F5007FC0F08A80B5F5C5
:10B46C00806FC0F0A680012393406A0AA3EB080307
:10B47C00934228BF1346D0F81C228A424FEA432835
:10B48C0009D35F18BA4206D2002280F810224FF07E
:10B49C00FF32C0F81C22D0F8140232460768BF6A8B
:10B4AC00B84798B343464644A5EB0805D4E9007267
:10B4BC00D4E90401DB1942F1000298429141C4E93C
:10B4CC00003207D294F8331061F07F01C4E90432E2
:10B4DC0084F83310002D83D1D4E9020198429141B4
:10B4EC00C0F09680534B1B68002B00F09D8094F8A5
:10B4FC003330484663F07F0384F833300DE0D0E9F5
:10B50C000423FFF76DF800287FF464AF94F8323011
:10B51C00002043F0010384F8323003B0BDE8F0831F
:10B52C0090F8452402394FEA5828D0F82C34914031
:10B53C0041441944002F8ED0C7F50078012200F544
:10B54C000470A84528BFA84602F00EFE0028DDD0E6
:10B55C00384447444246314604F07CFFB7F5007F3F
:10B56C00206A9FD100F5047002F0D2FD002899D119
:10B57C00CCE7626863690092019322692368934265
:10B58C00DDE900239A4112D2012200F5047002F089
:10B59C00EBFD0028BAD02A4631463844A84604F0C0
:10B5AC0059FF2B467FE7E16949B3A1614CE70522BE
:10B5BC00EBE7D0F81C328B4206D1002380F8103216
:10B5CC004FF0FF33C0F81C32D0F814023246036837
:10B5DC005B6A9847002899D04FF40073984662E74D
:10B5EC0004F1180200F024FA00288FDB04D1204665
:10B5FC00FFF7CEFA002889D0A169206A24E72046FB
:10B60C00FFF7C6FA002881D0A169206AE1611BE727
:10B61C0094F833104846C4E9023261F07F0384F891
:10B62C00333003B0BDE8F083484676E7D4E9003206
:10B63C0052E700BFF4B200202DE9F0410C4615464C
:10B64C0001F11E08AB89284634F8027F1BB9D5E9F5
:10B65C0001239A420ED002F0C5FD02F087FE064689
:10B66C00384602F083FE864209D14445EAD10120D6
:10B67C00BDE8F081B7FA87F04009BDE8F081002001
:10B68C00BDE8F0812DE9F04F90F8313083B0884659
:10B69C00002B4FD090F830300746012B53D9013A8C
:10B6AC000B464FF0020A00248E18DFF8A0B00022DF
:10B6BC00514638460193FEF7FFFD00283AD0027838
:10B6CC00C12A37D1054600F11E09019B35F8020F3E
:10B6DC0024B300F5105292B2B2F5806F2AD20BEA65
:10B6EC008424C0F30900204300F58030194632460B
:10B6FC0002F09EFD0346E8B100244D45E6D10AF167
:10B70C00010A97F830205FFA8AFA5245CFD2A3EBA0
:10B71C0008009846002388F800300FE000F520520E
:10B72C0092B2B2F5006F02D30028DFD1EFE7B2F589
:10B73C00806F06D30023184688F8003003B0BDE8AC
:10B74C00F08F0446D9E70020E4E700BF00FC0F00AF
:10B75C0070B50C4600234FF6FF75226819461E463D
:10B76C00A3812361626017E002F03CFDA84222D065
:10B77C0002F0FCFD2369F203A189013342EA56026F
:10B78C00060A236152FA80F083B2C0F34E0040EAFD
:10B79C00C33016FA80F086B220460029E4D1D4E9F1
:10B7AC0001239A42E0D12069A6820138FE288CBF81
:10B7BC000020012070BD002070BD00BF2DE9F84FA6
:10B7CC0007468A469146002942D0A1F10208D7F8D3
:10B7DC003034434542D908F007030125C8F3C80BA0
:10B7EC009D40EDB246464446D7F82C14002238460C
:10B7FC0001EB143102F0B8FCE8B10BF1FF3B8344D0
:10B80C0000F2FF101BF8011F0AE04A452BD0A0459F
:10B81C0010D0D7F83054A54214D913F0FF050CD032
:10B82C00013429424FEA4503A4EB0602EDD0A045B2
:10B83C002646EED10120BDE8F88F58454FF00105A2
:10B84C00E0D101E00026344601254FF0000BCBE798
:10B85C00D0F82084D7F830344345BCD84FF00008DA
:10B86C000125C346BEE7BAF1000F04D1B9F1010FAF
:10B87C0008BFC7F82064B01CBDE8F88F2DE9F84369
:10B88C008046881E15461E468318D8F830249342ED
:10B89C0037D8CEBBD8F82034834288BFC8F82004F0
:10B8AC0000F007030124D8F82C74C0F3C8099C409D
:10B8BC0007EB1031E4B2012240468F1802F054FC21
:10B8CC00F8B109F1FF3E864400F2FF101EF801CFDB
:10B8DC001CEA040F8CEA040C4FEA440414BF012246
:10B8EC000022B2420DD0013D8EF800C018D014F0E9
:10B8FC00FF04EDD17045A1464FF00104E6D1394665
:10B90C00D9E70020BDE8F883D8F820148B42C7D9BA
:10B91C008142C5D3934228BF0023C8F82034BFE727
:10B92C000120BDE8F88300BFF8B5D0F830340133FE
:10B93C008B4201D20020F8BD07460C4600F5047678
:10B94C00002505E0D7F8303401350133A342F1D39B
:10B95C00D7F824140022304601EBD41102F004FC79
:10B96C00A4000028E6D0C4F308040459631CE9D1F0
:10B97C00681CF8BD38B50C460B6890F845C400F54A
:10B98C000470D0F82812023B656803FA0CF32940C6
:10B99C0003EB5123D0F81C12194402F0E5FB18B14B
:10B9AC006368C3F30803184438BD00BF2DE9F8439E
:10B9BC000C46D0F8383449680B401144616013448C
:10B9CC0090F8451401F10902D2B2D3402BB3804652
:10B9DC005D1E00F5047905E02368013D03F10103C8
:10B9EC0023601AD3267A002EF6D1D8F8303432469A
:10B9FC002768484601339F4212D8D8F8241401EB2B
:10BA0C00D71102F0B1FBBF0050B1C7F30807C359FF
:10BA1C005A1C09D0013D2360E4D20120BDE8F88313
:10BA2C004FF0FF30BDE8F8833046BDE8F88300BF27
:10BA3C0038B5D0F8303401338B4202D24FF0FF309E
:10BA4C0038BD0C46D0F82414154600F504700022BD
:10BA5C0001EBD41102F088FB0028EFD0A400C4F352
:10BA6C00080403595A1C02D001202B6038BD002059
:10BA7C0038BD00BF01291BD938B5D0F830340C467D
:10BA8C0001338B4201D2002038BDD0F82414154666
:10BA9C0000F50470012201EBD41102F065FB0346A2
:10BAAC000028F0D0A4000120C4F308041D5138BDB7
:10BABC0000207047D0F830340133994201D900206E
:10BACC0070472DE9F04F054683B00C4600F504791C
:10BADC000F464FF00008D5F82414002248464FEAD0
:10BAEC00D41B01EBD41102F03FFB90B1A300C3F3C4
:10BAFC000803C2580193531C16BF16464FF0000A98
:10BB0C004FF0010A012C04D9D5F8302401329442AB
:10BB1C0003D9002003B0BDE8F08FD5F8241401221E
:10BB2C004846594402F020FB0028F2D0019B40F813
:10BB3C000380BAF1000F12D00134B44208D00023B4
:10BB4C00E21B39462846FFF799FE0028E1D037461C
:10BB5C00D5F830340133B342DBD33446BBE7621C37
:10BB6C00534639462846D21B03B0BDE8F04FFFF7C9
:10BB7C0085BE00BF2DE9F84300250646D0F82C14ED
:10BB8C0000F504782C46002240464F1C02F0ECFADB
:10BB9C00A8B100F1FF3E04F58059D6F8300405E059
:10BBAC0079B90834844209D24C4516D01EF8011FCD
:10BBBC00FF29F5D1083408358442F5D3401BBDE884
:10BBCC00F8830822012319424FEA430C18BF0135B0
:10BBDC00013A5FFA8CF3F6D1E3E73946D3E700BFBD
:10BBEC00F8B500234FF0FF3600F504771546C0F882
:10BBFC004014044641601A46C0F81412194680F8E5
:10BC0C0044340370C66080F81032C0F81C623846A9
:10BC1C0002F0AAFA042D0DD8064658B1BDB16B1E20
:10BC2C0000EB031393F8BE2112F07F0202D193F8BC
:10BC3C00C2310BB90020F8BD00EB05163846D6F81A
:10BC4C00B651294602F090FA06460028F2D0052299
:10BC5C001A49F01C0BF0DEFF0028EBD196F86C3083
:10BC6C00092BE7D1336D01462B44C4F82434736D92
:10BC7C00C4F82834B36D2B440125C4F82C34F36D6F
:10BC8C00C4F83034336EC4F8343496F86D20C4F8EC
:10BC9C002004204602F1090384F8452405FA03F335
:10BCAC005A1EC4F83C34C4F838242A46FFF786FDE3
:10BCBC004023284684F84434F8BD00BF580A0020BD
:10BCCC0010B50446D0F83414FFF72EFE94F8453422
:10BCDC000933DBB2984010BD70B590F9023082B0D8
:10BCEC000446002B0DDBA56805F1280002F010FAC4
:10BCFC0000283BD16378002043F00103637002B04D
:10BD0C0070BD80680122A169283002F02DFA00284C
:10BD1C00F0D0A58805F00F056B0100EB4515C35C51
:10BD2C00E52BE7D023781B0701D5E369EB61236A88
:10BD3C0015491A0C6B830E68AA8266B10DF10302C9
:10BD4C000DF1060101A8B047BDF80430BDF806207E
:10BD5C002B836B82EA82A378A56803F07F0305F13D
:10BD6C002800A37002F0D4F90028C3D005F50E709A
:10BD7C0002F0CEF90028BDD0286803681B6A9847EA
:10BD8C000028B7D0BBE700BFF4B20020024638B59C
:10BD9C0052F8105F04468068294601F037FE50B116
:10BDAC0055B123690135AB42A37818BF03F0BF032B
:10BDBC0063F07F03A37038BDA37843F04003F7E72B
:10BDCC00F8B5047814F0200404D11A4B05464269E6
:10BDDC009A4202D300273846F8BDFFF7D7FF074633
:10BDEC000028F7D0A8682E698279023E41699640F6
:10BDFC000E440179A9B1214606E00BF0B9FEA86802
:10BE0C00E1B202798A420BD931440522283001343F
:10BE1C0002F0AAF94FF4007200210028EDD1D9E705
:10BE2C0082794FF4007369693846934011FA83F3B1
:10BE3C006B61F8BD00FE1F0010B5044680680A4611
:10BE4C002830A16902F090F920B1A38803F00F0308
:10BE5C0000EB431010BD00BF10B5037804462BB1A6
:10BE6C00FFF73AFF00232370A37010BD00230120BD
:10BE7C002370A37010BD00BF38B5037805460C467F
:10BE8C0013B1FFF729FFF0B1A8680022A969283087
:10BE9C0002F06AF9B8B1AA8802F00F0200EB421363
:10BEAC0052015D6880589968DA6820606560A1600D
:10BEBC00E26018695D699969DA6920610120656140
:10BECC00A161E26138BD002038BD00BF30B589B03A
:10BEDC000D4614466946FFF7CFFF28B1BDF8102078
:10BEEC00BDF80E302A80238009B030BD30B589B042
:10BEFC000D4614466946FFF7BFFF28B1BDF8182060
:10BF0C00BDF816302A80238009B030BD0B7813F0B1
:10BF1C00700F01D100207047F0B540F6022389B0B4
:10BF2C000D46044601F0F0F838B1012210232046EA
:10BF3C00A2702370FFF744FF10B9002009B0F0BDC8
:10BF4C002269237822626BB1636933B1A378002232
:10BF5C0023F02003C4E90422A3702046FFF7BCFEA3
:10BF6C000028EAD0A0680122A169283002F0FCF870
:10BF7C000028E2D0B4F804C010220CF00F0C4FEAE9
:10BF8C004C1300EB4C1C8CF80B20C058A768236A90
:10BF9C0097F806E09E1EDCF80410DCF80820DCF8AC
:10BFAC000C3006FA0EF6EE46AEE80F00DCF8100088
:10BFBC00DCF81410DCF81820DCF81C30AEE80F00AC
:10BFCC007B6907F128000122F1184FF02033CDF8DE
:10BFDC000130CDF80530ADF8093002F0C5F88446D3
:10BFEC000028AAD02E27EE468DF800707646BEE8C3
:10BFFC000F00CCF80000CCF80410CCF80820CCF8DA
:10C00C000C308DF80170BEE80F00CCF81000CCF8A5
:10C01C001410CCF81820CCF81C302B6A1A0CADF884
:10C02C001A30ADF814200FCECCF82000CCF8241028
:10C03C00CCF82820CCF82C300FCECCF83000CCF833
:10C04C003410CCF83820CCF83C30A46804F128002B
:10C05C0002F05EF800283FF470AF04F50E7002F0A9
:10C06C0057F800283FF469AF206803681B6A09B0D1
:10C07C00BDE8F040184700BF2DE9F041002694B010
:10C08C00984603780192ADF814600B96002B41D1C1
:10C09C000B780D4613F0700F3CD0137804461646FF
:10C0AC002F2B3BD0002728E0019E3678002E50D055
:10C0BC0001F02AF8034602AA294620462BB9B8F10A
:10C0CC00000F27D0FFF722FF20B3A6460DF12C0C52
:10C0DC00BEE80F00ACE80F00BEE80F00ACE80F00A4
:10C0EC00DEF8005020462378CCF800500BB1FFF757
:10C0FC00F3FD019E0BAD2770A770314601AB02AA70
:10C10C00204601F04DF9064602AA29460023204696
:10C11C00002EC9D1002014B0BDE8F0810136019683
:10C12C0033782F2BFAD0AD68242200210BA80BF00A
:10C13C001FFD0D95EB79102B03D0202B0FD00C2B62
:10C14C00E8D120238DF82C3001230BAD8DF82E3047
:10C15C00A8E702AAFFF7DAFE14B0BDE8F08140238D
:10C16C00F0E700BF2DE9F041002594B09846037824
:10C17C0001920295ADF83850002B37D10B780E4652
:10C18C0013F0700F32D01378044615462F2B31D094
:10C19C0000271EE0019D2D78002D40D000F0B4FF4B
:10C1AC00A6460DF1080C08B366462578BEE80F00CC
:10C1BC00ACE80F00BEE80F00ACE80F00DEF8003072
:10C1CC002046CCF800300DB1FFF786FD019D27709D
:10C1DC00A770294601AB0BAA204601F0E1F80546F1
:10C1EC000BAA314600232046002DD3D1002014B0D9
:10C1FC00BDE8F0810135019529782F29FAD0A9B92C
:10C20C00B568242220460BF0B3FCA560EB79102B0B
:10C21C0003D0202B22D00C2BE8D120221FE0434648
:10C22C000BAA00F071FF14B0BDE8F081B6682422AF
:10C23C00002102A80BF09CFC0496F379102B03D080
:10C24C00202B03D00C2BD1D1202300E040238DF8E0
:10C25C000830012302AE8DF80A3099E74022012301
:10C26C0022701846A370C2E719B101F58961FFF776
:10C27C0079BF0846704700BFCB6870B50D460446C1
:10C28C0093B906780EB1184670BD8D6824223146DC
:10C29C000BF06EFCA560EB79102B18D0202B10D076
:10C2AC000C2B14D0304670BD242200210BF060FC06
:10C2BC0001201023A0702370D5E90223A260236211
:10C2CC0070BD4022012322701846A37070BD20223D
:10C2DC00F8E700BF70B505780DB1002070BD0E46B3
:10C2EC000446242229460BF043FCA660F379102B5C
:10C2FC000BD0202B03D00C2B07D0284670BD40222E
:10C30C00012322701846A37070BD2022F8E700BFED
:10C31C002DE9F04F2DED028B837883B00546DF07B6
:10C32C0040F18C808846017892460E0700F191808E
:10C33C008C0608D583685A894369C3EB42139BB2B8
:10C34C009A4528BF9A46BAF1000F00F0AF806A698F
:10C35C0005F11003880656464FF0000908EE103A16
:10C36C00AF68C2F3080B3DD5396A01EB5221BBF122
:10C37C00000F51D1B6F5007F4ED37A6B91424BD062
:10C38C00B6F5806FC0F082802878730A800605D4D9
:10C39C003879A0EB0900834228BF034691424FEA4B
:10C3AC0043240CD8C818824209D207F12800CDE9E1
:10C3BC00001301F0ADFEDDE9001300283ED0F86A51
:10C3CC00026857694246B847002837D06A69361B5D
:10C3DC00A04422446A6169D02978C2F3080BAF6883
:10C3EC008806C1D497F8059009EA5229BBF1000FD1
:10C3FC0036D1B9F1000F33D1002A33D14A064CBFE4
:10C40C003A6A2A6A2A61023AB879796982404944BF
:10C41C001144BBF1000FADD0CBF50074002207F135
:10C42C002800B44228BF344601F09EFE30B100EB28
:10C43C000B012246404604F00DF8C7E76B784FF02D
:10C44C00FF3043F002036B7003B0BDEC028BBDE810
:10C45C00F08FC36942699B1A9A4528BF9A4672E7C6
:10C46C002A69D0E70B0705D5AA78540602D52A69A4
:10C47C000132C7E718EE102A3846296901F014FB7F
:10C48C000028DBDB0CD0AF682A69BCE7F86A4246AF
:10C49C0003681B6998470028D0D04FF4007495E7C7
:10C4AC002B7813F0700FC9D0AAEB060A504603B0D4
:10C4BC00BDEC028BBDE8F08F70B582B00122044652
:10C4CC000DF10701D0E90456FFF722FF01280CBF3C
:10C4DC009DF807004FF0FF30C4E9045602B070BD60
:10C4EC00436913F4F07F30B5044683B0C3F34315AE
:10C4FC0009D0012907D120334361A068383000EB03
:10C50C00451003B030BD01220DF107012046FFF7A5
:10C51C00FFFE40B2012803D163691F336361ECE76E
:10C52C000020EEE72DE9F04103789AB0002613F0D5
:10C53C00180F0896119606D0174683688A68044629
:10C54C000D469A4203D000201AB0BDE8F081FFF7E7
:10C55C00C3FBA6460DF1440CBEE80F00ACE80F007F
:10C56C00BEE80F00ACE80F00DEF800303246A169DF
:10C57C00CCF80030A36803F1280001F0F5FD002889
:10C58C00E1D0A288EC4694F8008002F00F0200EB98
:10C59C00421E5201DEF804108058DEF80C30DEF832
:10C5AC000820ACE80F00DEF81410DEF81820DEF8D6
:10C5BC001C30DEF81000ACE80F0018F008033A4607
:10C5CC00294640F09B8008A8FFF756FD0028BAD0FA
:10C5DC00109EBDF8243000250E990122A3809DF8F1
:10C5EC002330A068E3700B9B2830A161E3608DF8C9
:10C5FC0020508DF8225001F0B7FD0028A3D0A3885D
:10C60C0003F00F0300EB4310DDF80D30C0F80D30D4
:10C61C00DDF81130C0F81130DDF81530C0F81530E8
:10C62C00DDF81930C0F81930BDF81D30A0F81D30F8
:10C63C009DF81F30C3779DF80B30C372002E3BD092
:10C64C00A068B31E2A46817928308B4050F8141C00
:10C65C00194401F089FD054600283FF474AF006AC7
:10C66C006F46696AAA6AEB6A0FC7286B696BAA6B7B
:10C67C00EB6B0FC73146A06801F038FA00283FF485
:10C68C0062AFA068236A82792830023B50F8141CF0
:10C69C0093400122194401F067FD064600283FF43F
:10C6AC0052AF6D460FCD30627162B262F3620FCD44
:10C6BC0030637163B263F36300210222082311A873
:10C6CC0019918DF846208DF8443000F0D3FE0028E7
:10C6DC003FF439AFA46804F1280001F019FD0028DB
:10C6EC003FF431AF04F50E7001F012FD00283FF459
:10C6FC002AAF206803681B6A984725E740F6012398
:10C70C006046FFF72FFD00287FF463AF1BE700BFE7
:10C71C000378DA0601D400207047436930B504462B
:10C72C0083B033B18378002223F02003C0E90422C4
:10C73C00837000230FE06361A3686A0138339A5C4D
:10C74C0003EB4513EAB1E52A04D02E2A02D0DB7A9A
:10C75C001B0722D5636913F4F07FC3F3431503F170
:10C76C002003E8D101220DF107012046FFF7D0FD8F
:10C77C0040B2012803D163691F336361DCE763783E
:10C78C005BB9A3780822204643F002032270A37001
:10C79C0003B0BDE8304000F06DBE002003B030BDEA
:10C7AC002DE9F041037804460769002B39D00D467A
:10C7BC004169A94242D0002D37D018072AD5E26929
:10C7CC00AA422ED3D4F808C06E1EA2789CF806009C
:10C7DC0012F0400F00F10900C0B226FA00F630D179
:10C7EC004A1EC24009B196422FD25B064CBFDCF800
:10C7FC002030236A236104F1100806E02169013E10
:10C80C00A06801F051F900280BDD4246002EF5D14D
:10C81C00A2780CE09A06D5D5A3685B89B5EB431FCB
:10C82C00F6D900202761BDE8F0818278056122F0FD
:10C83C00200201206561A270BDE8F0810120BDE8F5
:10C84C00F081236A33442361F1E7B61AD3E700BFC2
:10C85C002DE9F0410E461546002124220446984647
:10C86C009DF818700BF084F9B068336A00F1380247
:10C87C00A58005F00F0502EB4512C4E90203D17A3D
:10C88C000B0711D401F017012170D37A13F0180F94
:10C89C0002D141F00801217008F00303E770012B6D
:10C8AC0038D0022B06D0F3B1002318462370A370A6
:10C8BC00BDE8F08103232178CD06F5D4CE07F3D45F
:10C8CC0008F0080118F4806F43EA0103A370416B70
:10C8DC00958AA161518B41EA054112D019BB63F0D5
:10C8EC007F03A37010E018F4806FDDD108F008030B
:10C8FC0043F00103A370416B938AA161518B41EA10
:10C90C0003412162D369E36118F4804F04D1012003
:10C91C00BDE8F0810223CEE7E1692046FFF740FF36
:10C92C000028F4D1C0E701F0E1F80028BCD0A378CE
:10C93C00D5E700BF0378002B45D12DE9F0470B78E4
:10C94C0084B00C4613F0700F30D04B6913F01F05F8
:10C95C002CD106469046A94601220DF10F01204626
:10C96C00C3F3431A5F09FFF7D3FC40B24FEA4A12F4
:10C97C0001281BD16369A1681F3301F1380C636175
:10C98C001CF802200CEB4A1C82B12E2A12D0A2F108
:10C99C00E500B0FA80F0400960B99CF80B1011F07A
:10C9AC00080E12D00F2907D00546D5E7002004B099
:10C9BC00BDE8F0870025CFE75106CDD502F01F0565
:10C9CC009CF80D90C8E70020704785B10CF10A0166
:10C9DC0001E01CF8012F4FEACE13614543EA5E03D8
:10C9EC0052FA83F35FFA83FEF3D1CE45DED1434690
:10C9FC00BAB2214630460095FFF72AFFD7E700BFB1
:10CA0C0003780BB1FFF768B9012070472DE9F047A7
:10CA1C000E46017882B009079DF828709DF82C907D
:10CA2C009DF830A09DF8348018D5A2F2BC7294B257
:10CA3C007F2C13D85A1E01930B2A0FD87A1E1E2A4C
:10CA4C000CD8BAF13B0F98BFB9F1170F06D8B8F153
:10CA5C003B0F03D80546FFF73FF918B9002002B089
:10CA6C00BDE8F087A8680122A969283001F07CFB99
:10CA7C000028F3D0019B4FEA5802A98847EA4313D8
:10CA8C00F70701F00F0142EA4A1243EA442300EB94
:10CA9C0041109BB242EAC92248BF4382B40792B20A
:10CAAC0008D518F001080382C28118BF4FF0640842
:10CABC0080F80D80710701D50383C282AC6804F144
:10CACC00280001F025FB0028C8D004F50E7001F0F9
:10CADC001FFB0028C2D0206803681B6A02B0BDE8A7
:10CAEC00F047184783789B0727D5036A10B504468F
:10CAFC0082B0ABB1016911BB019301621946A06808
:10CB0C0000F0F4FFB0B1A378616963F07F03227881
:10CB1C00E161A37022B12046FFF7DEF802B010BD30
:10CB2C00012002B010BD6FF070422169A06800F0C6
:10CB3C00CDFF68B9002002B010BD00207047002363
:10CB4C0001AA8068019300F0AFFF0028F2DBEAD164
:10CB5C00019B002BD7D0D1E72DE9F0478378054610
:10CB6C009C0777D588461907914600F1B5806B690B
:10CB7C0013EB09026ED2B9F1000F40D04F464FF0C3
:10CB8C00000AA868C3F308062969447914EA5324F7
:10CB9C003FD1002E3DD100296ED0AA78520676D511
:10CBAC00EA699A4273D90131296102398279436960
:10CBBC0091401944B7F5007F53D3B7F5806F70D30C
:10CBCC0003797A0A1B1B934228BF1346426B8A4295
:10CBDC004FEA432407D35E18B24204D24FF0FF321F
:10CBEC0080F828A04263C06A42460668B66AB0471D
:10CBFC0080B36B693F1BA04423446B61C1D1EA69CC
:10CC0C009A4276D2AA784846EB6162F07F03AB7009
:10CC1C0025E0827902394369914019442144002E60
:10CC2C00C8D0C6F500740122BC4228BF3C4628304F
:10CC3C0001F09AFA70B1304426442246414603F082
:10CC4C0009FCB6F5007FA868D3D1283001F060FA52
:10CC5C000028CED16B78002043F001036B70BDE847
:10CC6C00F087C6F500746A69EB69BC4228BF3C4684
:10CC7C009A4205D30522DAE7296A21B3296194E7A0
:10CC8C00AB7813F0200F14BF05220122CFE705F17A
:10CC9C00100200F009FF0028DCDB24D0A868296909
:10CCAC0083E7436B8B4204D14FF0FF3380F828A00D
:10CCBC004363C06A424603685B6A98470028C9D040
:10CCCC004FF4007495E72846FFF760F80028C1D0B0
:10CCDC002969A868296268E7C169FFF761FD002826
:10CCEC007FF445AFB6E72846FFF750F80028D5D1BA
:10CCFC00B0E7054B1B682BB1AB78484663F07F035C
:10CD0C00AB70ACE74846AAE7F4B200202DE9F04F2F
:10CD1C0084468DB01446156898460646894603AF7E
:10CD2C0001934FF0000EBCE80F000FC7BCE80F00DA
:10CD3C000FC7DCF8003065603B604346A4F80CE09C
:10CD4C00002B3FD04FF0010AA9EB0A0103A889B2CE
:10CD5C004901FFF725FD50B3002103A8FFF7C0FBE5
:10CD6C00074620B300250DE001F03CFA80465846FA
:10CD7C0001F0FCFA8346404601F0F8FA834516D1DF
:10CD8C000D2D18D0EAB239463046013500F0FAFBC9
:10CD9C00A38983462046002BE6D1D4E90132934285
:10CDAC00E2D1BBFA8BF040090DB0BDE8F08F00204A
:10CDBC000DB0BDE8F08F0AF1010A019B5FFA8AFA07
:10CDCC005345C1D20120EFE72DE9F04F07468DB056
:10CDDC0016469A460DF10C0C02F1150402F12005D1
:10CDEC0001914FF000090FCFACE80F000FCFACE86A
:10CDFC000F003B68CCF800304FEAC91314F8012F30
:10CE0C0043EA5903A54252FA83F35FFA83F9F3D14B
:10CE1C0033684FF000087360A6F80C80BAF1000F6D
:10CE2C004ED00127019B03A8D91B89B24901FFF7FA
:10CE3C00B7FC002855D0002103A8FFF751FB0028B0
:10CE4C004FD0059A574500F1010B4FF0010492F8B1
:10CE5C0028304FF0000543F0010382F828304FF0E2
:10CE6C000F030CBF47F040023A46C3724FF0000369
:10CE7C00027003734FF0000380F80D90438306E0BB
:10CE8C00ABF80000013401350BF1020BE4B2B089B0
:10CE9C0018B9D6E901239A4216D0304601F0A2F90E
:10CEAC00042DEBB2ECD90A2B02D8ABF80300E9E75E
:10CEBC000D2CABF80500E5D10137FFB2BA45B1D264
:10CECC0001200DB0BDE8F08FB8F1000F06D008F1CD
:10CEDC0001084FF6FF705FFA88F8E1E74FF00108A0
:10CEEC00DEE700200DB0BDE8F08F00BF02464FF02A
:10CEFC00203152F8163B2DE9F043C0F81610864647
:10CF0C0084685160C2F807101A782E2A14BF0120C9
:10CF1C00002003D113F8012F2E2AFBD0611E994259
:10CF2C000BD90A4602E09342114606D01146013A4B
:10CF3C0091F800C0BCF12E0FF5D19C424FF00005CA
:10CF4C0040F2868007260827A946A84606E001334A
:10CF5C000A264FF0080910279C425BD91A782E2A12
:10CF6C0008BF9942F3D0222A0DD07C2A0BD0A2F113
:10CF7C005B0CBCF1020F06D9A2F12A0CBCF1050F17
:10CF8C0021D82D2A1FD002F0C002802A5DD04E4538
:10CF9C002FD299422CBF002001200A2E08BF40F04E
:10CFAC000100002847D09EF81630202B40D09EF868
:10CFBC00143001207E21312273448EF815009975AE
:10CFCC00DA75BDE8F083A2F13A0CBCF1050FDAD9A1
:10CFDC00A2F1210CBCF15D0FD5D84E45D9D3A2F1ED
:10CFEC00610CBCF1190F28D8203A3D43D2B2EDB2F6
:10CFFC0001E000205F2209F1010CF144013389F8B2
:10D00C0016205FFA8CF2062A914698BF8EF81420EF
:10D01C009C42A3D89EF81630202B09D00028C6D0ED
:10D02C0018EA050F18BF02258EF81550BDE8F083DD
:10D03C000020BDE8F0830B468EE7A2F1410CBCF159
:10D04C00190F98BF47EA0808D5E70133002083E79A
:10D05C00A846DFE72DE9F84F4FF0620900250F468F
:10D06C000446DFF8A0B04FF07E0A91F8148001F16D
:10D07C001606B8F1030FDBF8003028BF4FF0030899
:10D08C002B449DB208F10403DBB205F00F02581ECD
:10D09C002D09092A02F1370198BF02F13001FA1863
:10D0AC00C3B291759845F0D107EB080300212046D7
:10D0BC0083F816A0FFF774FB01212046FFF710FA46
:10D0CC0003460B2230469BB193F800C01946BCF1C5
:10D0DC00000F13D0DB7A1B07EED40AF09DFC00285E
:10D0EC00EAD109F1FF3919F0FF09C2D1484603E032
:10D0FC006078B0FA80F04009BDE8F88F0120BDE8F7
:10D10C00F88F00BFE0C400202DE9F04F2DED028B0D
:10D11C008BB0CDE902038B6807930B7813F0700F7B
:10D12C0053D0029B1B78002B4FD1136990469A4A1F
:10D13C000E460C33A2FB0323C3F3870298F8153079
:10D14C009807049200F0A780571CFFB200233046CA
:10D15C0019461C460693FFF723FB08F11603A3465A
:10D16C00A146A24608EE103A059475690021304696
:10D17C00FFF7B6F9C5F34F15034620B30278E52A3D
:10D18C0029D042B3BC4238BF00242E2A2BD090F8B1
:10D19C000BC0BCF10F0F54D01CF0080C23D1B9F10B
:10D1AC00000F40F0D5800B2218EE101A0AF034FC58
:10D1BC000028DAD198F8153013F0010300F0E48060
:10D1CC0001230593D1E7737883B100200BB0BDEC3C
:10D1DC00028BBDE8F08F002C08BFAA46BC4201D2DE
:10D1EC000134E4B212B14FF00009BEE7039B9A057B
:10D1FC00EBD503F00303013B012BE6D8002C08BF51
:10D20C00AA46BC4203D348E0DCB2A74245D0002179
:10D21C003046FFF765F9631C0028F5D17378002BB5
:10D22C00D3D1A74239D9079D05E02B7904EB031420
:10D23C00E4B2A74231D93046FEF7C2FD0028F4D142
:10D24C00C3E7B9F1000F19D102F01F0B049959452E
:10D25C008BD112F0400988D0437B89460693BBF1F1
:10D26C00010F82D1691C4B464246304689B2FFF70A
:10D27C004DFD002808BF4FF0000976E70BF1FF3B8E
:10D28C005FFA8BFB5A45AED1437B069A9342E6D0AC
:10D29C004FF0000969E7012758E7059B2BB1414680
:10D2AC003046FFF7D7FE00288FD0013F424630466C
:10D2BC00FBB20AEB03051F46ADB22946FFF784FD0E
:10D2CC00002882D069013046FFF76AFA00283FF443
:10D2DC007CAF00213046FFF703F9044600283FF4E9
:10D2EC0074AF202200210AF043FCD8F81620D8F89D
:10D2FC001A302260636098F82030B8F81E20A372B0
:10D30C00228198F8153003F018032373234B1B6804
:10D31C00002B3BD00DF123020DF1260109A89847F3
:10D32C00BDF824302382BDF82630E3819DF82330EC
:10D33C006373079A92F8283043F0010382F828307F
:10D34C00039B2A46314602980097FFF781FA3DE786
:10D35C00BBF1010F7FF439AF0A3001E013F8012F54
:10D36C004FEACC11984241EA5C0152FA81F25FFA21
:10D37C0082FCF3D1069B63457FF427AF4F46039B9A
:10D38C0019053FF522AFDBE71F46F8E745F62143C9
:10D39C00238223836382CCE74FECC44EF4B200208B
:10D3AC002DE9F0411F460B7882B00C46202B154618
:10D3BC0003D114F8013F202BFBD02C60237863B3EE
:10D3CC002F2B2AD04FF00008294E211D204601AAF0
:10D3DC0000F080FF044670B1019BB3F5803F40D252
:10D3EC007F2B08F1010831D83C2BD9B229D821293F
:10D3FC0005D81F2909D8002002B0BDE8F0812239D8
:10D40C00C9B226FA01F1CA07F5D42E2B01D0202B74
:10D41C001CD123780BB12F2BD7D12B69013BFE2BC1
:10D42C00E9D82378202B03D114F8013F202BFBD013
:10D43C002F2BF9D028463C6002B0BDE8F041FFF735
:10D44C0055BD5C29D7D005D97C29D4D0C5F810801E
:10D45C00AC60DEE73E390129F8D8002002B0BDE807
:10D46C00F08108F10208AC60C5F81080D1E700BF6C
:10D47C0001210005F0B500238BB0019383789A0746
:10D48C0024D5016A054619B1806800F02FFBE8B17C
:10D49C0001212846FEF7D0FCC0B1421E00F10A0C57
:10D4AC000024E30112F8011F43EA5403944551FA96
:10D4BC0083F3DCB2F5D1E52600230670AF682B7040
:10D4CC0007F12800AB7000F023FE10B900200BB060
:10D4DC00F0BD07F50E7000F01BFE0028F6D0386882
:10D4EC0003681B6A98470028F0D0EB78002BEED02D
:10D4FC00294601A8FEF7C0FE0028E7D0EB78002BE8
:10D50C00E4D0012721E001A8FEF7EAFF7B1CF9B269
:10D51C000028DBD0C27A0F2AD8D102785FFA83FCBC
:10D52C009FB202F01F038B42D0D1437BA342CDD1DB
:10D53C000670A96891F8283043F0010381F828306F
:10D54C0053060DD4EB786345C0D3A98801A8C91B39
:10D55C0089B24901FFF724F900210028D3D1B5E79E
:10D56C00AC6804F1280000F0D3FD0028AED004F51F
:10D57C000E7000F0CDFD0028A8D0206803681B6A4F
:10D58C009847A4E7042A04D801EB4202B2F8010040
:10D59C0070470A2A03D801EB4202908870470C2A84
:10D5AC0003D801EB4201C88870470020704700BFC8
:10D5BC00F8B504780E467CB114F06004174607D019
:10D5CC00012A09D92F22002301200A704B70F8BDC3
:10D5DC002146FEF731FC18B9002318463370F8BD0C
:10D5EC000346A446082111E0027B114203D00EF140
:10D5FC00200E5FFA8EFE651CBD42EDD20CF1010CC3
:10D60C0006F804E0ECB2BCF10C0F10D0BCF1080F22
:10D61C0011D013F801EBAEF14102192AE4D9BEF195
:10D62C00200FE8D10CF1010CBCF10C0FEED1002352
:10D63C0020463355F8BD1A78202AF8D010214FF027
:10D64C002E0ED8E72DE9F04F00248BB003788946D5
:10D65C000194002B55D0C3780646002B58D00146B8
:10D66C0001A89046FEF708FE00284AD0F078002862
:10D67C0043D008F1FF38CB464FF0010AC844B188BB
:10D68C0001A8A1EB0A0189B24901FFF789F8C0B3DF
:10D69C00002101A8FEF724FF98B3C37A0F2B30D1D9
:10D6AC0003785FFA8AF103F01F038B4229D1471CE0
:10D6BC000025042DEBB23FD83B8874BB03F52051F9
:10D6CC0089B2B1F5006F3ED3A3B118465946424614
:10D6DC0000F0AEFD8346A0B10024013502370D2DBC
:10D6EC00E7D10AF1010AF1785FFA8AF31FFA8AFA94
:10D6FC009942C4D2ABEB0900D946002389F800301B
:10D70C0003E00023184689F800300BB0BDE8F08F19
:10D71C00FFF74EFF0BB0BDE8F08F03F5105189B247
:10D72C00B1F5806FEDD20A4AC3F3090302EA8420F3
:10D73C00184300F58030C9E70A2B94BFB7F80330C3
:10D74C00B7F80530B9E7B1F5806FDAD21C46C4E7FB
:10D75C0000FC0F00FFF776BF2DE9F843DDE90887E1
:10D76C00C3B181460C4615465E1802E0C047B44270
:10D77C0010D0D9F8003021462A4648461B699847F4
:10D78C0003463A46204629460134002BEED1184672
:10D79C00BDE8F88301231846BDE8F88310B414687B
:10D7AC00B4F5807FA44628BF4FF4807C01EB4C007D
:10D7BC00814207D231F8023B13B9536801335360ED
:10D7CC008842F7D8A4EB0C0414605DF8044B704746
:10D7DC0010B41468802CA44628BF4FF0800C01EBC9
:10D7EC008C00814207D251F8043B13B953680133C2
:10D7FC0053608842F7D8A4EB0C0414605DF8044B1A
:10D80C00704700BF2DE9F843C37904460D4617460F
:10D81C00202B59D0102B30D00C2B51D1027AC1F3C4
:10D82C004E01836900F50E7911FA85F1A2F102021D
:10D83C0048468EB2B2FA82F2C1F34621520901EB8C
:10D84C0003085200414600F08FFC002838D0C6F384
:10D85C000806731C865DB3F5007F23D0184403784B
:10D86C00EA07E26946EA03234CBF1B09C3F30B0327
:10D87C009A4240D20020BDE8F883027AC1F3072116
:10D88C00836900F50E70A2F102021944B2FA82F219
:10D89C005209520000F068FC90B16D0005F4FF7560
:10D8AC00435B25E0227A08F101014846A2F102020D
:10D8BC00B2FA82F25209520000F056FC0028CED186
:10D8CC004FF0FF30BDE8F883027A816900F50E70E5
:10D8DC00A2F1020201EBD511B2FA82F25209520006
:10D8EC0000F042FC0028EBD0AD0005F4FE75435966
:10D8FC00E2699A42BED301203B60BDE8F88300BFC9
:10D90C002DE9F843C37905460C461646202B48D022
:10D91C00102B2DD00C2B41D1C1F34E01836900F596
:10D92C000E7911FA84F11FFA81F8C1F34621CF1850
:10D93C00037A4846022B394614BF0122032200F019
:10D94C0013FC58B314F00104C8F308033FD0C25CB5
:10D95C0002F00F0242EA0612C2540133B3F5007F03
:10D96C003AD0C6F30712034401201A70BDE8F883BD
:10D97C00027AC1F30721836900F50E70022A19445B
:10D98C0014BF0122032200F0EFFB034630B1640008
:10D99C00012004F4FF741E53BDE8F8830020BDE899
:10D9AC00F883037A816900F50E70022B01EBD41118
:10D9BC0014BF0122032200F0D7FB03460028EDD050
:10D9CC00A400012004F4FE741E51BDE8F883C65473
:10D9DC000133B3F5007F15D12B7A791C4846022B05
:10D9EC0014BF0122032200F0BFFB03460028D5D050
:10D9FC00C6F30712002CB7D1197821F00F0141EAB8
:10DA0C001212B1E7C6F307120344F5E72DE9F04112
:10DA1C00C46882B005460E468C42904640D301271E
:10DA2C000134EB6901AA2846A34205D29FBBEC68DE
:10DA3C0001273C44A3422ED3A64218BF012C2146F9
:10DA4C0029D9FFF7DFFE002825DBE9D0019B002B4D
:10DA5C00E6D107B1EC60EB69A3421CD36FF07042C6
:10DA6C0021462846FFF74CFF0746A0B13EB96B6A2A
:10DA7C00002B01DB013B6B62C8F800400CE0012E6F
:10DA8C0009D0EB699E4206D8314622462846FFF75C
:10DA9C0037FF0028EBD10027384602B0BDE8F081F3
:10DAAC000C460027BCE700BF01290CD910B4C4698F
:10DABC008C4203D35DF8044BFFF7A4BE4FF0FF304C
:10DACC005DF8044B70474FF0FF30704701290BD9BC
:10DADC0010B4C4698C4203D35DF8044BFFF710BF3C
:10DAEC0000205DF8044B70470020704770B5054668
:10DAFC0082B00C461DE0EB699C421FD8FFF782FEFA
:10DB0C00064621460022002E284617DBEB699C4274
:10DB1C0014D8FFF7F5FE621E80B16B6A002B03F17F
:10DB2C000103A8BF6B62EB68A342019C88BFEA604B
:10DB3C002EB1012C214601AA2846DCD8002002B0C7
:10DB4C0070BD00BF2DE9F0470646406A84B000283E
:10DB5C001BDAF2790C2A1BD1F7697B1C022B40F2E1
:10DB6C00CD8002240025214602AA3046FFF74AFE4A
:10DB7C00002804F1010306DB57D1A7421C465CD0F8
:10DB8C00F2699342EFD94FF0FF3004B0BDE8F08753
:10DB9C00F169002096F8383201313469DB07CDE9A0
:10DBAC00021000F1858000214FF0FF33202A06F58A
:10DBBC00127786F83812C6F8443242D0D6F8008074
:10DBCC004F4BD8F80020D6F818A095699D4278D113
:10DBDC00002C00F082800AEB0409136951463A4686
:10DBEC00404698470028CED00299B1F5807F8E46EA
:10DBFC0028BF4FF4807E07EB4E0CBC450BD9039D20
:10DC0C003B46002233F8024B0CB9013502469C45C9
:10DC1C00F8D802B103950AF1010AA1EB0E01D14526
:10DC2C0002915AD0D8F80020D7E7029A002AA4D142
:10DC3C00A74205F101051C46A2D1284604B0BDE857
:10DC4C00F087D6F800A02E4BDAF80020D6F8189002
:10DC5C0095699D4246D1002C3FD009EB040813690D
:10DC6C0049463A465046984700288CD0DDF808C003
:10DC7C00BCF1800FE64628BF4FF0800E07EB8E02FA
:10DC8C00BA420BD9039D3B46002153F8044B0CB907
:10DC9C00013501469A42F8D801B1039509F1010901
:10DCAC00ACEB0E03C845029317D0DAF80020D6E788
:10DCBC0006F50E7000F02CFA00283FF464AFF279F0
:10DCCC0071E7234602AC3A465146019440460D4C4E
:10DCDC000094A84700283FF456AF0398706204B034
:10DCEC00BDE8F087234602AC3A46494601945046BB
:10DCFC00054C0094A8470028EFD144E7002044E7E6
:10DD0C0099B70000DDB7000011B8000070B5002312
:10DD1C000446154601204FF0FF3204F1280621601D
:10DD2C00E371E060E162C4F83C1284F8283084F8B6
:10DD3C0038326263C4F84422CDB1042D01D90020DD
:10DD4C0070BD1A461946304600F00EFA6FF070435B
:10DD5C0000F5DF722B441D0102EB03130028EED0FB
:10DD6C0019790029EBD0525D5206E8D19D6800224A
:10DD7C002946304600F0F8F90028E0D0B0F80B3016
:10DD8C00B3F5007FDBD1037C5A1E2372012AD6D84F
:10DD9C00417B4B1E0129217163714FF00003A3716C
:10DDAC0044D0012252000133D2B2DBB2914204D0F2
:10DDBC00082BF7D10020A37170BD1E46A371C18A38
:10DDCC00216109B9416A2161C289B0F811302A4434
:10DDDC0063815B01A26190F810C003F2FF1301FB99
:10DDEC000C2202EB53232262B0F81320636102B9B8
:10DDFC00026AED1AAB18F3405A1CE2614FF0FF3285
:10DE0C00626240F6F47293420CD94FF6F47293426C
:10DE1C000AD9C26A202322620120E3712163C4F86B
:10DE2C00401270BD0C23F7E71023F5E71E46C6E73A
:10DE3C00F8B500268F6B0D460446C0E90E669FB1FF
:10DE4C000146242000F0DCF8068086708446AD6B19
:10DE5C00A0630FCDACE80F000FCDACE80F002B6822
:10DE6C00CCF800302046F8BDCB6B002BFAD0014625
:10DE7C00382000F0C5F880F8317047860246EB6B0D
:10DE8C00E06303F130071E68103353F80C5C10325A
:10DE9C0053F8080C53F8041CBB4242F8106C42F8BF
:10DEAC000C5C42F8080C42F8041CECD11B682046B0
:10DEBC001360F8BD10B50446806B10B1FDF7CCFFB4
:10DECC0030B9E06B10B1FCF715FA20B9002010BD89
:10DEDC000023A36310BD0023E36310BD002952D0BF
:10DEEC002DE9F0410446806B0D4617461E4610B1D5
:10DEFC00FDF7B2FFA0BBE06B10B1FCF7FBF9B8BBB0
:10DF0C00D5F88084B8F1000F11D02146242000F000
:10DF1C0077F8334600263A4606808670A063D5F81B
:10DF2C008014FEF7A1F958BBA063BDE8F081D5F8C9
:10DF3C00843493B12146382000F062F8334680F8DF
:10DF4C0031803A46A0F83280E063D5F88414FCF7AF
:10DF5C0005FEA8B9E063BDE8F0810020BDE8F081C2
:10DF6C000023D5F88084A363B8F1000FCDD1DEE790
:10DF7C000023D5F88084E363B8F1000FC5D1D6E750
:10DF8C000120BDE8F0810020704700BFF8B50446C1
:10DF9C00806B0D46174610B1FDF75EFF38BBE06B8A
:10DFAC0010B1FCF7A7F938BBAE6B76B12146242033
:10DFBC0000F026F800213A4601808170A063A96B1D
:10DFCC00FEF7B8FC88B9A063F8BDE86B0028FBD05D
:10DFDC002146382000F014F83A4680F83160468625
:10DFEC00E063E96BFCF7C2FD20B10120F8BD002312
:10DFFC00A363D9E7E063F8BD0023E363D4E700BF74
:10E00C00084670472DE9F041002604469846C0F8B2
:10E01C008814C0F8806401464FF490601746FFF7EF
:10E02C00EFFF424680F84464054680F87964A0F816
:10E03C007A64C4F88404D4F88814FDF7D1FDA0BB2D
:10E04C000026214640F26C40C4F88464FFF7D8FFE8
:10E05C000223C6714246A0F84864054680F84A641B
:10E06C000372C4F88004D4F88814FFF74FFE38B953
:10E07C0000231A4A18461360C4F88034BDE8F081B6
:10E08C0005F589663046FDF7E7FE29463046FEF772
:10E09C0021F90028ECD0124B1A68AAB91D600F4B5D
:10E0AC00AFB101201C60BDE8F08105F589663046F2
:10E0BC00FCF720F929463046FCF74AF90028BFD076
:10E0CC00084B1A68002AE9D0044B002FE9D11A68D2
:10E0DC00002AE6D00120BDE8F08100BF90B30020FB
:10E0EC0094B30020FCB2002070B500254FF47A7672
:10E0FC000446456005738660C0E91255034D40F82F
:10E10C00105BFFF7EBFE204670BD00BF301B0020FC
:10E11C0030B5037883B0DC071DD50446406804F1A4
:10E12C0010020368E16801925B6A9847019A054600
:10E13C00A8B12378990708D56068D4E9023119444D
:10E14C0003685B6A984750B1237823F00103284693
:10E15C00237003B030BD0125284603B030BD002527
:10E16C00284603B030BD00BFF8B543680BB3C36895
:10E17C0004460F4615468B4206D110F8103B05F0AD
:10E18C0003052B432370F8BDFFF7C2FF88B16B0763
:10E19C0005D504F1100630460023E760EFE7606810
:10E1AC0004F110063946036832461B69984700286B
:10E1BC00F1D10020F8BD00BF4FF0000C024B82F8EB
:10E1CC0000C01B68184700BFF8B20020024A034980
:10E1DC00034B116018607047F4B20020F9C10000C5
:10E1EC00F8B2002010B50446808982B018B1002323
:10E1FC00A38102B010BDD4E901318B42F9D201AA3E
:10E20C00184600F067F880B1019B6060B3F5803F61
:10E21C0001D298B2EDE7980AC3F30903A0F5215097
:10E22C00A3F5105380B2A381E3E74FF6FF70E0E74C
:10E23C007F28A2EB010205D812B10A4602F8010BA5
:10E24C0010467047B0F5006F0FD2012A40D94FEA43
:10E25C00901C00F03F030A466CF03F0063F07F0314
:10E26C0002F8020B10464B707047B0F5803F16D287
:10E27C00022A2DD9C0F3851C00F03F03CA1C63F0A1
:10E28C007F0300B54FEA103E6CF07F008B706EF090
:10E29C001F0E4870104681F800E05DF804FB032A5D
:10E2AC0016D94FEA904CC0F30532C0F3851300F039
:10E2BC003F0062F07F026CF00F0C63F07F0360F0A4
:10E2CC007F004A700A1DC87081F800C08B70B7E7D8
:10E2DC000022B5E788423DD2034610B490F9000005
:10E2EC001C7800282DDA04F0E000C02834D004F0AB
:10E2FC00F000E02834D004F0F800F02826D104F027
:10E30C00070404201844884220D8013313F8011B59
:10E31C0001F0C00C01F03F01BCF1800F41EA841404
:10E32C0014D18342F2D1A4F180010F4B99420DD844
:10E33C00A4F55843B3F5006F08D314605DF8044B93
:10E34C007047581C14605DF8044B704700205DF852
:10E35C00044B70470020704704F01F040220D1E7E3
:10E36C0004F00F040320CDE77FFF10007E283ED978
:10E37C004FF0350C002330B4284C04E034F8212045
:10E38C00824220D80B46ACEB0302012A03EB52016C
:10E39C00F4D89BB234F82320904216D24B2400239D
:10E3AC001F4D04E035F8212082421ED80B46E21A9C
:10E3BC00012A03EB5201F5D89BB235F82320824297
:10E3CC001FD030BC70478C46DDE704EB8304821A07
:10E3DC00E3789A42E2DA94F90230012B16D0D3B1E9
:10E3EC009BB2034430BC98B270470C46DFE7A0F1F7
:10E3FC006103192B8CBF00230123A0EB431398B2AC
:10E40C00704705EB8305688830BC704702F0010249
:10E41C00831A98B2D5E74EF2A033E2E72406002027
:10E42C0098040020704700BF30B583B005460C46F9
:10E43C0002F04EFB1C4B984204D800232B80238007
:10E44C0003B030BD694601F0E3F89DF805309DF846
:10E45C00062001339DF80410503ADBB292B21F290A
:10E46C0098BF0C2B01D87F2A18D900219DF80220C7
:10E47C009DF801302980172A98BF3B2B9DF800107E
:10E48C0001D83B2903D90023238003B030BD5B01A5
:10E49C0043EAC22343EA51039BB2F5E741EA431135
:10E4AC0041EA422189B2E1E7FFA5CE12012BF0B57A
:10E4BC00054695B03DD0022B40F2022001F104013B
:10E4CC000CBF034600236846FFF70EFE129B002B81
:10E4DC0038D05C20002602F057F8214B04AF0446DC
:10E4EC00C0E90036019B3946183040F80C3C1D4BF6
:10E4FC0040F8103C029B40F8083C9DF80C3000F8AA
:10E50C00043CFFF795FC184B4FF47A72A665A36098
:10E51C00164B6E602B6063682E730133AA602C61FE
:10E52C006360134B38460093FFF7C4FC284615B0C4
:10E53C00F0BD44F2022304316846FFF7D5FD129B6F
:10E54C00002BC6D1139B002BC3D14FF47A71074A11
:10E55C0004AF2B732A602B61C5E90131E1E700BFE1
:10E56C00541B0020B01B0020301B0020041B00207B
:10E57C00001A002010B5D0F884448EB00A4644B17D
:10E58C000023214668460093FDF76EFE80B90EB05D
:10E59C0010BDD0F8881441B1234668460C94FCF7A2
:10E5AC00DDFA50B900200EB010BD08460EB010BDFB
:10E5BC006846FEF7ADF80EB010BD6846FCF78CFB54
:10E5CC000028EFD0E3E700BF70B5D0F884548EB0CC
:10E5DC0016465DB105F5896500230A46684629464D
:10E5EC000093FDF7BFFD90B90EB070BDD0F8880454
:10E5FC000028F9D000F589640A462B466846214666
:10E60C000C95FCF72FFA48B900200EB070BD3246BD
:10E61C0029466846FDF786FF0EB070BD324621468E
:10E62C006846FCF7ADFC0028EED0DDE710B5D0F85D
:10E63C0084448EB00A464CB1002001232146009040
:10E64C006846FDF711FE80B90EB010BDD0F88814E5
:10E65C0041B1012368460C94FCF780FA50B90020B4
:10E66C000EB010BD08460EB010BD6846FEF702FF96
:10E67C000EB010BD6846FCF7D5FA0028EFD0E3E7E2
:10E68C0030B5D0F884448FB00A464CB10025012334
:10E69C0004F5896168460095FDF7EEFC0FB030BDBE
:10E6AC00D0F888040028F9D000F589610123684668
:10E6BC000C94FCF7E7FC0FB030BD00BF10B5D0F8E0
:10E6CC0084448EB00A463CB1002321466846009330
:10E6DC00FDF7CAFD0EB010BDD0F8881431B1234639
:10E6EC0068460C94FCF73AFA0EB010BD08460EB012
:10E6FC0010BD00BFF8B5054690F8D00408B9014626
:10E70C00F8BDD5F88434002B4CD0DC69D5F89004D6
:10E71C00013C002854D00368DB6B9847E0B1D5F876
:10E72C00900478B303681B6C9847A8B9D5F890048B
:10E73C0040B3036801215B6C9847074610B3D5F8CA
:10E74C00840458BBD5F8886433466EB9D5F8900468
:10E75C0090B900200146D3E7D5F88404E8B9D5F880
:10E76C008834002BF5D007461846FDF703FA064609
:10E77C003FB1D5F8900428B1036800215B6C984731
:10E78C0000B1A41BD5F88434FBB19B794FF4007114
:10E79C00994089B2A1FB0401F8BD0027FFF7D2F91B
:10E7AC000646E5E7D5F88834D5F89004B3B1D3F82C
:10E7BC0030440028AFD11846FDF7DCF90646E0E7F7
:10E7CC001846FFF7BFF90646DBE7D5F88864002E3C
:10E7DC00BFD0D6F83C14A1FB0401F8BD0028B8D07A
:10E7EC001C4698E790F8D03463B1D0F8843463B108
:10E7FC009A794FF40070D9699040013980B2A0FB2E
:10E80C0001017047184601467047D0F8880400286B
:10E81C00F9D0D0F83C14D0F83004A1FB00017047BB
:10E82C002DE9F043D0F890548DB04DB198462B683B
:10E83C0004462846DB699847B0F5405F064604D885
:10E84C00002630460DB0BDE8F0834FF4007007F0A1
:10E85C0053FA07460028F3D00DF10409B6F1806F86
:10E86C0002464346294648462ED903F025FF064664
:10E87C00384607F049FA002EE2D02B682846271DAF
:10E88C001B6A984794F8C034FF2B21D0D4F8C434B9
:10E89C0004F5946502932846D4F8C8340393B4F86D
:10E8AC00C034ADF8043099E80E0005F037FB94F84D
:10E8BC00B134C4F89054002BC3D1012329463846F7
:10E8CC001A46FFF79FFBBCE704F01CFC0646CFE79B
:10E8DC0004F2944594F8CC14284606F067F92846BF
:10E8EC00C4F8905405F0C4FB0028AAD10123D4F835
:10E8FC00901438461A46FFF785FBA2E7F0B5D0F81E
:10E90C00906485B00446002E42D090F8D05490F814
:10E91C00D13485B1FE2B63D094F8D20436283DD97E
:10E92C003368694630469B6C98470546284684F800
:10E93C00D05405B0F0BDFE2B26D090F8D20436286A
:10E94C0049D994F8C034271DFF2B2DD0D4F8C434EA
:10E95C0004F59466D4F8C82401933046B4F8C03456
:10E96C000292ADF800306B460ECB05F0D7FA94F856
:10E97C00B134C4F8906463B90123314638461A4661
:10E98C00FFF740FB054604E01F4B9B689B03D8D464
:10E99C000025284684F8D05405B0F0BD01F0FCFAEF
:10E9AC00051E18BF0125F4E704F2944694F8CC1424
:10E9BC00304606F0FBF83046C4F8906405F058FB7E
:10E9CC000028E6D10123D4F8901438461A46FFF7F4
:10E9DC0019FB0546DDE701F0DFFA0028B1D1D7E7D6
:10E9EC00336830465B6D9847421C034694D0002830
:10E9FC00CFD194F8D124FE2ACAD103212E201D4652
:10EA0C0001F0DCFAC5E700BF00800042F0B50D460E
:10EA1C00044685B03048FFF7D9FBFE2D84F8D1545D
:10EA2C0026D0362D02D9002005B0F0BD00262B4B88
:10EA3C0004F594678DF80450C4F8C4348DF805605F
:10EA4C00384684F8C05484F8C164C4F8C864CDE96D
:10EA5C00023604AB13E90E0005F060FA94F8B134F9
:10EA6C00C4F8907483B3304684F8D00405B0F0BD7C
:10EA7C0004F294450023FF221946284684F8CC342E
:10EA8C0084F8C02406F092F82846C4F8905405F097
:10EA9C00EFFA70B90123D4F89014201D1A46FFF731
:10EAAC00B1FA30B101222E2384F8D02484F8D23468
:10EABC00BAE72E200025032184F8D20484F8D05420
:10EACC0001F07CFA2846AFE701233946201D1A468F
:10EADC00FFF798FAC8E700BF69C4000040787D01D1
:10EAEC0018484FF0290C184A0023184910B4C0F8E4
:10EAFC009424072280F8B1C44FF0FF0CC0F8A8147E
:10EB0C004FF47F41124CC0F8AC24124AA0F8D01438
:10EB1C00A0F89C3480F8B53480F8CC3480F8D2C49A
:10EB2C000460C0F8A0240C490C4A5DF8044BC0F8F2
:10EB3C008434C0F88834C0F8903480F8BC3403F0C6
:10EB4C00B1BA00BF88AC0020141C002000093D00A5
:10EB5C00E41B00203C1A002065C400002C9300200C
:10EB6C0001207047B0F84630B0F848209BB292B202
:10EB7C00934202D2013AD01A7047416B01390A44D0
:10EB8C00D01A7047016972B6B0F84A20B0F84C3010
:10EB9C0092B29BB29A423CBF806B1218C86AD31ACD
:10EBAC0062B6C0F302601844704700BFB0F84A1058
:10EBBC000246B0F84C3089B29BB2994210B4046949
:10EBCC0014D00133906B116B984298BF002399427B
:10EBDC0006D85B1A526AD05CC0B25DF8044B704721
:10EBEC00126A5DF8044BD05CC0B2704772B6B0F8D4
:10EBFC004A0080B2814201D062B6E2E7E36A13F0C8
:10EC0C00E06F03D14FF0FF3062B6E6E7E369012015
:10EC1C000024116AA2F84A00C3F30900DBB2A2F87F
:10EC2C004C404B70F0E700BFB0F84A100246B0F809
:10EC3C004C3089B29BB2994230B4046925D001336F
:10EC4C00946B9C4216D9106B1FFA83FC984217D90F
:10EC5C00106AC05CC0B2956DA2F84CC045B1994227
:10EC6C001CD3CB1AD16B994202D3D36DC5F8883023
:10EC7C0030BC70474FF0000C106B63469842E7D8DD
:10EC8C00181A556A285CC0B2E5E7084672B6B2F8A5
:10EC9C004A1089B2884204D062B6D0E70C44E31A19
:10ECAC00E0E7E36A13F0E06F03D14FF0FF3062B698
:10ECBC00DEE7E069C0F30900F9E700BF90F84430E3
:10ECCC0043B110B5044603F097F894F84430002B88
:10ECDC00F9D110BD704700BF38B5D0E90453D3E962
:10ECEC0003120968114228D090F84420044632B12E
:10ECFC0003F082F894F84430002BF9D163690021B9
:10ED0C000E4AA961207E03EB0010007D02EB00107F
:10ED1C00456805202860657E03EB051393F83430B5
:10ED2C0002EB0312A36D52681060A4F84A10A4F809
:10ED3C004C1013B1E26DC3F8842038BDF08A00206A
:10ED4C0007EE901A9FED9A7A0421B6EE005AF8EE6F
:10ED5C00677A9FED986A41F6FF7CC7EE275A2DE93A
:10ED6C00F0478E460569012407EE901AF8EEE77A13
:10ED7C0085EEA77A77EE057AFDEEE77A17EE903AF4
:10ED8C006345A8BF6346012BB8BF012307EE903A39
:10ED9C00F8EEE76A76EEC76AC6EE877AF5EEC07AC9
:10EDAC00F1EE10FA48BFF1EE677AF4EEC67AF1EEA6
:10EDBC0010FA03D8B0EE676A8E461C460131212941
:10EDCC00D2D10021436902F40076A0F84A10B3F8BE
:10EDDC005AC08E42A0F84C10B3F85860A0F84610F8
:10EDEC00A0F8481080F84410816BDF68A1EB060690
:10EDFC00A1EB0C01C0E90F6139681E6941EA0601FB
:10EE0C00396014BF01210021817640F0AC80017E75
:10EE1C00694E03EB0118DFF8C09198F81470D8F81C
:10EE2C001CA006EB0717B968C1F800907968D8F8F0
:10EE3C0018700F60BAF1000F03D0D8F82010CAF880
:10EE4C000010477ED92103EB071898F834C006EB65
:10EE5C000C1CDCF808703960DCF80410D8F8387039
:10EE6C000F60417E03EB0111CF6B0FB1096C396060
:10EE7C000EF1FF31BEF1080F4FEA0161CCBF4FF02C
:10EE8C00000E4FF0010E01F0F85144EA4E442143BC
:10EE9C005C682961597801F110030021E960474948
:10EEAC0041F8234041694FF0010E454C02F0030C30
:10EEBC004F7891F85610434B39554FF0021744696F
:10EECC00617803EB511301F01F019B000EFA01F165
:10EEDC001960EF62AB6A43F08803AB6253073ED410
:10EEEC004CF4701302F00F01042908BF43F0804367
:10EEFC0097062ED5817E43F0805300293AD1160710
:10EF0C00AB6103D52B6943F000532B616B69D106C0
:10EF1C0023F0805348BF43F080536B61D30503D576
:10EF2C002B6943F400532B61A36883B1264E3478CC
:10EF3C00002C3AD0611E254DC9B22B1F05EB810167
:10EF4C0001E0994225D053F8042F9042F9D1BDE845
:10EF5C00F087817E0029D2D043F0A003CFE71C4B71
:10EF6C004CEA0303BEE7477E4FF2D901124E03EB86
:10EF7C0007186AE7417E43F0A00304EB011191F8F6
:10EF8C00341006EB0116B668316821F4404131604B
:10EF9C00B5E7631CDBB20F4A3370137845F82400D5
:10EFAC0043F002031370BDE8F0870123074DF2E72D
:10EFBC00001BB74BEC78AD60F08A0020009C002061
:10EFCC0000E400E04038003817C5002070B3002082
:10EFDC0010003C002FC5002038F00100EFF3138027
:10EFEC00B8B9EFF310834BB9EFF305823AB94FF48C
:10EFFC008073EFF3118050B1984208D270470F2AFA
:10F00C00F7D9054B9B5CEFF311800028F4D118461F
:10F01C0070474FF0FF30F1E7F0E300E010B44162CD
:10F02C0099B1036B1A44446900218263B4F85830D7
:10F03C00B4F85A40D31AA0F84A10121BA0F84C107E
:10F04C005DF8044BC0E90F327047026BEBE700BF71
:10F05C00816241B1C36A1A4400234263A0F846306E
:10F06C00A0F848307047C26AF6E700BF036D2DE97F
:10F07C00F04104460F46066913B1426DC3F8842073
:10F08C00A37E2BB172B6B36943F00053B36162B681
:10F09C00B4F84650636BADB20135AB424CD84FF06F
:10F0AC0000084546B4F848309BB29D4219D028E080
:10F0BC0073691B0210D5B4F84830626B9BB20133F4
:10F0CC009A4236D99AB2E16A99422DD9E169CB5C60
:10F0DC00DBB2F361A4F84820B4F848309BB2AB42E1
:10F0EC000FD1FFF77BFF6369B3F856308342DFDA49
:10F0FC00FF28F1DD02F080FEB4F848309BB2AB4241
:10F10C00EFD0E36AAB421AD9FFB2E3695F5572B62E
:10F11C00012084F84400A4F84680B36943F400034A
:10F12C00B36162B6BDE8F0815B1AA16ACB5CDBB25D
:10F13C00CFE700221346C6E71FFA85F8B2E7ED1AAF
:10F14C00FFB2A36A5F55E2E7FFF790BF026953690C
:10F15C0013F4401F70B543D0D36A13F0E06FC3F3C0
:10F16C00026E3AD0B0F84A50B0F84C60ADB2B6B2BC
:10F17C0007E0016A01F803C00EF1FF3313F0FF0E34
:10F18C001DD0D1696B1C846BB0F84CC0C1F3090164
:10F19C009C4298BF00231FFA8CFC9C45ECD0046B5E
:10F1AC005FFA81FC1D469C42A3EB0404E1D8436A40
:10F1BC0003F804C00EF1FF3313F0FF0EE1D1ABB234
:10F1CC00A0F84A30836D43B1B54254D3AD1B016CEA
:10F1DC00A94202D8C16DC3F884105369D90245D431
:10F1EC009669330228D553691D0225D5B0F84650CF
:10F1FC00B0F84830ADB29BB206E0C169C95CC9B287
:10F20C00D161D16A4C0512D4AB4238D0446B013376
:10F21C00C16A9C4298BF00239942A3EB0104ECD82D
:10F22C00816A095DC9B2D161D16A4C05ECD599B23C
:10F23C00AB42A0F8481025D0710216D553695B0279
:10F24C0013D50021036D80F8441013B1416DC3F840
:10F25C008810837E2BB172B6936923F000539361AF
:10F26C0062B6936923F48003936170BD536943F4D0
:10F27C0080135361B4E7816B891B0D44A7E79BB2E4
:10F28C00A0F84830936923F400039361936943F425
:10F29C0080039361D0E700BF0148FFF757BF00BF61
:10F2AC00409100200148FFF751BF00BFA091002002
:10F2BC000148FFF74BBF00BF00920020012A70B538
:10F2CC0008BF0A228AB091B34FF0210E01E05FFA19
:10F2DC0086FE0EF1FF36B1FBF2F502FB15145FFA58
:10F2EC0084FC092C0CF137040CF1300C98BF5FFA3C
:10F2FC008CF40EF1280C88BFE4B29142EC44294600
:10F30C000CF8244CE3D24BB10EF1FF3E2D225FFAE8
:10F31C008EFE0EF128036B4403F8242C036801A91C
:10F32C00CEF122025B68714498470AB070BD30225E
:10F33C004FF0210E8DF82520E5E700BF2DE9F041B7
:10F34C000C46D1B1EAB180468E1800250E4F04E070
:10F35C0002F0BEFCB44205440CD0D8F8003014F8CE
:10F36C00010B1B68BB42F3D0014640469847B442A0
:10F37C000544F2D12846BDE8F0810D462846BDE88B
:10F38C00F0811546F6E700BF8D6200002DE9F041D3
:10F39C008C688AB0DCB10025884606462F462B4681
:10F3AC00212201A9404600F033FB202C2246336871
:10F3BC0028BF202201A930465B68A41A154498473F
:10F3CC000744002CEBD138460AB0BDE8F081274643
:10F3DC0038460AB0BDE8F08100B5036883B040F64A
:10F3EC000D2C022201A95B68ADF804C0984703B04C
:10F3FC005DF804FB054B022888BF034610B41C685B
:10F40C00184663685DF8044B184700BF3091002024
:10F41C005AB90368C9B2074A1B68934200B506D1B2
:10F42C0008465DF804EB02F053BCFFF747BF5DF8EC
:10F43C0004EB18478D620000B4EE400B70B5F1EE92
:10F44C0010FA05462DED028B86B07CD6B0EEC07B53
:10F45C009FED476BB4EE467BF1EE10FA6BDC9FED43
:10F46C00467BB4EEC70BF1EE10FA5ADC9FED447BF1
:10F47C00B4EEC70BF1EE10FA53D4B5EEC00B0C463C
:10F48C00F1EE10FA5BD40023B6EE007B002C5ED0BC
:10F49C004FF0000C9FED3C6B0CF1010C27EE067B42
:10F4AC005FFA8CF2A242F7D330EE070B0A22284601
:10F4BC00FCEEC07BB8EE678B17EE901A30EE488BE3
:10F4CC00FFF7FCFE0F2C4FF02E03B2EE046B06463A
:10F4DC0028BF0F248DF808300DF1090302AA611E14
:10F4EC0053FA81F128EE060BFCEEC07BCDED017AD0
:10F4FC009DF8043007EE903A3033B8EEE78B02F803
:10F50C00013F914230EE488BECD12B68013402A9BB
:10F51C0028465B68E2B29847304606B0BDEC028BD9
:10F52C0070BD2B6803221A495B6806B0BDEC028BD8
:10F53C00BDE870401847036803221649F4E7B1EEA2
:10F54C00400B0123A0E7036803221349ECE730EEDC
:10F55C00070B0A222846FCEEC07B17EE901A06B069
:10F56C00BDEC028BBDE87040FFF7A8BEAFF3008086
:10F57C00FFFFFFFFFFFFEF7F000000E0FFFFEF4109
:10F58C00000000E0FFFFEFC19A9999999999B93F52
:10F59C002819002024190020201900202DE9F047FB
:10F5AC00884651B3914662B382460027164C174EDB
:10F5BC0025680BE002F07CFB002810DA02F01CFC42
:10F5CC002368DAF808205B1B934210D2DAF800307B
:10F5DC005B69B342EED0504698470028EEDB01370A
:10F5EC0008F8010BB945E3D13846BDE8F087012393
:10F5FC0038468AF80C30BDE8F0870F463846BDE82F
:10F60C00F0871746F0E700BFE0C4002085620000D9
:10F61C004D4A2DE9F047A2FB004340F26D1A4B4FC7
:10F62C005B09DFF83881DFF83891A2FB0342C3EBAA
:10F63C0003145209A0EB8400454CC2EB0215087070
:10F64C00A3EB8503A4FB025424094B70414B251DED
:10F65C0004EB4400A2EBC002A3FB050300208A705C
:10F66C00EA1A03EB520302469B08C3EBC303ED1AE1
:10F67C00CD705FFA80FE40F26D1C0EF2B27313F087
:10F68C00030507FB03F608D1B8EBB60F4FF4B77CB4
:10F69C0003D3B9EB361F38BFD446624401309442D1
:10F6AC00E7D20EF1460E2C4E81F806E0A6FB0306BF
:10F6BC0085B377094FF0640C4FF4C870F6090CFB56
:10F6CC00173700FB163640F26D10A41A00230122E6
:10F6DC00DFF890E020440AE013F80E4084420ED884
:10F6EC000C2AA0EB04000BD001320133D2B2012B57
:10F6FC005FFA83FCF0D145B9CFB11D2406E0624618
:10F70C0001304A710871BDE8F0871C24A04218D35F
:10F71C00001BE9E764207709F60900FB17374FF463
:10F72C00C87000FB16363FB14FF4B770CDE7002E12
:10F73C0014BF1C241D24E9E7002EC4D14FF4B7706C
:10F74C00C3E70122DCE700BF89888888295C8FC267
:10F75C00ABAAAAAA254992241F85EB51285C8F02DB
:10F76C000AD7A300F8060020F8B500260446C0E925
:10F77C000066866029B108460D4608F041FD074633
:10F78C0008B92046F8BD013006F0B6FA0028F8D0CA
:10F79C00294606702060C4E9017708F09FFC2046DA
:10F7AC00F8BD00BFF8B588424FF0000504468560EF
:10F7BC00C0E9005502D08E680F680EB92046F8BD1E
:10F7CC00701C06F099FA0028F8D0394605702060B4
:10F7DC00C4E9016608F082FC2046F8BD10B5044669
:10F7EC00006806F091FA204610BD00BFF8B504463B
:10F7FC00154632B9036803B11A7000232046A36082
:10F80C00F8BD43680E469A421CD9511C006806F09C
:10F81C003FFD074660B1A368C4E900050BB903704E
:10F82C00276831463846A56008F058FC2046F8BDDC
:10F83C00206810B106F068FA276000232046C4E95E
:10F84C000133F8BD07683146A560384608F046FC20
:10F85C00ECE700BF10B500238AB00446084601A9A6
:10F86C00A360C4E9003306F031FA01A808F0C8FC23
:10F87C0001A902462046FFF7B9FF20460AB010BD89
:10F88C0010B500238AB00446084601A9A360C4E958
:10F89C00003300F07DFE01A808F0B2FC01A902467D
:10F8AC002046FFF7A3FF20460AB010BD30B5002359
:10F8BC0004468BB0881CA3606A46C4E9003300F090
:10F8CC00A9FE054648B108F09BFC29460246204695
:10F8DC00FFF78CFF20460BB030BDA06020460BB06C
:10F8EC0030BD00BF38B505460C4649B1084608F096
:10F8FC0087FC214602462846FFF778FF284638BD8C
:10F90C002846A96038BD00BF2DE9F84304460068BD
:10F91C000D4616468842A36809D8C218914206D2F1
:10F92C000F1A4FF0010936B92046BDE8F8834FF0A5
:10F93C000009002EF8D003EB0608626890450CD93C
:10F94C0008F1010106F0A4FC0028EDD0A368C4E97D
:10F95C00000813B903702068A368B9F1000F08D12F
:10F96C002946184408F0BAFB2046C4F80880BDE8C4
:10F97C00F8833246C119184400F06CFD236800224C
:10F98C0003F80820F0E700BF8A680968FFF7BCBFDE
:10F99C0038B5054641B10C46084608F031FC024624
:10F9AC0021462846FFF7B0FF284638BD10B582B077
:10F9BC000023044601228DF8041001A98DF80530AE
:10F9CC00FFF7A2FF204602B010BD00BF10B50B46DA
:10F9DC0084B004460A2201A9184600F00BFE01A8C7
:10F9EC0008F00EFC01A902462046FFF78DFF2046C9
:10F9FC0004B010BD38B5054641B10C46084608F0B8
:10FA0C00FFFB024621462846FFF77EFF284638BDFD
:10FA1C00C2B170B5B1FA81F60C46760919B1856898
:10FA2C009D4201D80E7070BDED1A02F1FF3C0168C9
:10FA3C0020466545194428BF65462A4608F030F92A
:10FA4C00665570BD704700BF2A2849D8F8B5254FB8
:10FA5C0004463B78E3B9244B1B5DFF2B29D0234A8A
:10FA6C0002EB041291680A6802F44050B0F5805F12
:10FA7C0030D01C061FD41E4C2360236AD80704D434
:10FA8C0002F0BAF9236AD907FAD5194B586AF8BDAE
:10FA9C00174D184E01E002F0AFF9AB6C1B06FAD40F
:10FAAC00B36C13F08003F6D13B700F4B1B5DFF2B37
:10FABC00D5D10020F8BD0F4C03F07F032360236ADF
:10FACC00DA0704D402F098F9236ADB07FAD5094B5C
:10FADC00586AF8BD22F480521C060A60EBD4CAE7BF
:10FAEC000020704720C500209C8E0020F08A00204A
:10FAFC0000400C4000800C40082830B422D00A286A
:10FB0C000CBF4FF405714FF44671104C104D636CE3
:10FB1C00626C2B400F4802F003021A43636C03F033
:10FB2C00E00313430B436364436C426C2B4002F0C1
:10FB3C0003021A43436C03F0E0031343194330BC34
:10FB4C00416470474FF44071DFE700BF00400C4048
:10FB5C0000FCFFFF00800C40A249A34B88422DE91A
:10FB6C00F047A24C5E699A69D4F80C801BD9A04B63
:10FB7C00984240F20281C31A9E491B0AA1FB03134F
:10FB8C0040F22761DB0903EB830303EB830303F2EE
:10FB9C00E2438B4228BF0B46A3F54877964BA3FB59
:10FBAC000737FF0804E0954FB8428CBF0E27062795
:10FBBC008D4908F01F09D1F88030B94543F0C003D6
:10FBCC00C1F880300CD228F01F08A1F5F82148EAC2
:10FBDC000708C1F80C800B68002BFCDA08F01F0931
:10FBEC0016F0007324D186490C698649A14300F0B4
:10FBFC00EA8082F4805134464FF4805514F0605FF3
:10FC0C0004D026F060561E43774B5E6111F4405FC2
:10FC1C0007D022F4405274492A438A618B6C1A072C
:10FC2C00FCD446F00076704A5661936C9B06FCD46B
:10FC3C00754CA04200F2CE804FF0010C0146634699
:10FC4C0003FB011203F1010E0CF10105A24218D8BD
:10FC5C00BEF1080F4FF0010340F08D80BCF1040F92
:10FC6C0000F291800A18A24200F2A48005FB00F178
:10FC7C00AC4603F1010E03FB01120CF10105A2428B
:10FC8C00E6D90CF1FF318C0286EA81215F481044E1
:10FC9C005F4A90427FD9DFF8A4A16C225D48584D91
:10FCAC00B0FBFEF0D5F800E0B0FBFCF0DFF890C143
:10FCBC000EEA0C0CD44509D042F400524FF4805C8F
:10FCCC00C5F800C02A602A68002AFCDA464A156981
:10FCDC0005F007059D4203D01361936CDD03FCD442
:10FCEC0011F4E05F09D026F4E05604F4E0543E4AE7
:10FCFC0026435661936C9907FCD44749474A014403
:10FD0C0091423CD8464BC909A3FB0131090B4B1E50
:10FD1C001B0286EA030212F4407F06D026F44076DA
:10FD2C0003F44073304A334353612F4A536923F031
:10FD3C0000735361936C9B06FCD43A4B4F45A3FB69
:10FD4C0000234FF0FF324FEA9343B0FBF1F1B2FBCB
:10FD5C00F3F3354A1060354A1160354A136008D206
:10FD6C0028F01F08214A48EA0707D7601368002BC0
:10FD7C00FCDABDE8F087734662E7122718E74FF408
:10FD8C0040730421C5E70CF1FF31204807238C0296
:10FD9C00104486EA8121274ADFF8A8A0A2FB0020A4
:10FDAC00020D2548362A38BF362202FB00F042EA03
:10FDBC000A0A74E74FEA8C24002386EA8C214FF060
:10FDCC00010EAC4662E71D4686F0C05411464FF05A
:10FDDC00C05313E700244FF0010C02463146234672
:10FDEC00E64653E700A4781F00C00F40000008400F
:10FDFC000046C32323B24C001F85EB5100366E0125
:10FE0C0000800D4040300080FFB19F26808D5B004C
:10FE1C00FF7EF64D00643F4D7FD1F0087F17B42C68
:10FE2C009F10E50083DE1B43DC900020D89000205F
:10FE3C0058C40020819F5E16001BB7006C20008008
:10FE4C007F3001800020008000B970472DE9F84F09
:10FE5C0001218146214C224D224E54E8003F2A6854
:10FE6C00306844E80013002BF7D11F494B684FF45E
:10FE7C007A7BDFF878A01B1A01270BFB02F8DAF863
:10FE8C000020A3FB02325A4594BF9044D84454E856
:10FE9C00003F2A68306844E80073002BF7D14B68A8
:10FEAC00DAF800C01B1A0BFB02F2A3FB0C3CBCF5EE
:10FEBC007A7F94BF624402F57A72A2EB0802B2F523
:10FECC007A7F06D3B9F1010908F57A78DFD1BDE85C
:10FEDC00F88F01F091FF0449D9E700BFE4C400207A
:10FEEC00E0C40020DCC40020001000E058C4002056
:10FEFC0030B40F4B4FF0010C0E4D0F4C53E8002F4C
:10FF0C002868216843E800C2002AF7D10B4B5B68D4
:10FF1C000B4A5B1A4FF47A71126801FB00F0A3FBD9
:10FF2C00023230BC8A4294BF80184018704700BF20
:10FF3C00E4C40020E0C40020DCC40020001000E079
:10FF4C0058C40020362816D80201104B03EB0010C1
:10FF5C009B5810B4C2685C68144205D061B95DF856
:10FF6C00044BC3F888207047836851B1084A5DF888
:10FF7C00044B1A60704770475DF8044BC3F884203B
:10FF8C007047044A5DF8044B1A607047F08A0020F1
:10FF9C0038F001003830010036280BD8064B02012E
:10FFAC0003EB00109A58C36892681A4214BF0120E0
:10FFBC000020704700207047F08A0020362829D88E
:10FFCC00164B0201012903EB00109A5810B4536828
:10FFDC00C4680ED004290CD023EA04035360836850
:10FFEC00A9B1022917D003290CBF0D4A0D4A1A607A
:04FFFC0007E02343B4
:02000004600199
:1000000001295360836808D040F638021A604368BB
:1000100015225DF8044B1A60704738221A60F6E723
:100020007047044A1A60F2E7F08A00203830010075
:100030003800010038F0010030B4124A0020124BA1
:100040000121124D124CC2F8F032C2F8F402C2F88B
:10005000B810C2F8A000C2F8A450C2F8B01053699A
:10006000DB07FCD551612378DB07F0D41368054921
:1000700043F0010313600B68DB07FCD462B630BCAD
:10008000704700BF00802A400504012401000F00D2
:1000900000812A4070B50E4C4FF6FF7E0D4E04F1E4
:1000A0007E05A6F58053002102E0B34281B204D25E
:1000B0001A88481C02337245F7D124F8021FAC425B
:1000C00006F58056EDD1044B01221A7070BD00BFB9
:1000D0005AC4002000107C6023C5002041F2BB03FD
:1000E00098422FD8184B10B51B7804463BB3A00894
:1000F000164B04F00301164CA3FB0023C21A03EBBA
:100100005203144A5B09C3EB831E9C46A0EB0E030B
:1001100041EA8C01FF2034F813C01A444FEA4C0C1A
:1001200013030CEB023CBCEB023F07D91A880233E5
:10013000D4B28C4208BF100A9C45F7D810BDFFF717
:10014000A9FFD4E7FF20704723C500200541100414
:100150005CC40020C0070600F8B50F46164672B60C
:10016000344B40F20641344A9A610222DA6100229D
:10017000C3F8A020C3F8F012C3F8F422C3F8F822A1
:10018000C3F8FC224FF47022C3F8A4200122C3F864
:10019000B02020F01F038219BFF34F8F4FF0E024EF
:1001A000C4F85C3F20339A42FAD8BFF34F8FBFF3B5
:1001B0006F8F204D6B69DA07FCD501231F49B2B25E
:1001C00020F07F406B6142F47022C5F8F01242F2D9
:1001D0000121184CC5F8F412C5F8BC30C5F8A000D0
:1001E000C5F8A420C5F8B030154D01E05B0609D470
:1001F000636913F00100F9D041236361BDE8F84061
:10020000FFF71ABF082E0AD836B1324639463744AE
:100210000646284600F024F940236361E8E7A6F18A
:10022000080008263946324637440646284600F07C
:1002300017F9F1E700802A40F05AF05A3204180802
:1002400080812A4010B472B6284B0221284C00222B
:100250009C614FF47024D96140F20641C3F8F0125A
:100260000121C3F8F422C3F8F822C3F8FC22C3F832
:10027000A020A2F58052C3F8A4400240C3F8B010F9
:10028000BFF34F8F02F5805102F120034FF0E02CB5
:10029000994234BF0121802102EB41118B42CCF8FD
:1002A0005C2F1A4603F12003F8D1BFF34F8FBFF341
:1002B0006F8F0E4A5369D907FCD501240D490E4BA7
:1002C00054610340C2F8F0124FF470200749C2F89D
:1002D000A030C2F8A400C2F8B0404B69DB07FCD5DF
:1002E00001235DF8044B4B61FFF7A6BE00802A4056
:1002F000F05AF05A2004180800F0FF0041F2BB0346
:10030000984200F28980464B2DE9F0471B78C2B035
:1003100005468946002B7CD0AB08424E05F003050C
:10032000414FA6FB03269A1B06EB5206760945EAC7
:100330008605C6EB86169E1B3C4B37F816403344A9
:1003400060004FEA033800EB0330B0EB033F64D9A1
:1003500043464FF0FF0C1A880233D1B2A94208BFBE
:100360004FEA122C9842F6D8E14541D0B4F5006F1F
:1003700041D302AC4FF48072FF21204607F0FEFB10
:1003800008F5805008F102034246984234BF01202C
:100390004FF4006008EB4000134602321B88824293
:1003A000D9B24FEA13236354F6D104F805900DF146
:1003B00007090DF2071A00254C464046FFF742FF99
:1003C00014F801CF08EB450002220DF10601631E6F
:1003D000BCF1FF0FA3EB090306D043EA0C23013560
:1003E000ADF80630FFF7B8FEA245E9D127F8165060
:1003F00042B0BDE8F08745EA092502A9022201348E
:10040000ADF80850FFF7A8FE27F8164042B0BDE847
:10041000F087FFF73FFE7FE770474FF0FF0CA3E741
:1004200023C50020054110045CC40020C00706005D
:1004300062B170B505460C468E182046013415F899
:10044000011BFFF75BFFB442F7D170BD704700BFDF
:1004500008B5F4F7FFFAF4F7C7FB01F0D3FCFAE7AD
:10046000844641EA000313F003036DD1403A41D3BF
:1004700051F8043B40F8043B51F8043B40F8043B7E
:1004800051F8043B40F8043B51F8043B40F8043B6E
:1004900051F8043B40F8043B51F8043B40F8043B5E
:1004A00051F8043B40F8043B51F8043B40F8043B4E
:1004B00051F8043B40F8043B51F8043B40F8043B3E
:1004C00051F8043B40F8043B51F8043B40F8043B2E
:1004D00051F8043B40F8043B51F8043B40F8043B1E
:1004E00051F8043B40F8043B51F8043B40F8043B0E
:1004F000403ABDD2303211D351F8043B40F8043BAE
:1005000051F8043B40F8043B51F8043B40F8043BED
:1005100051F8043B40F8043B103AEDD20C3205D3BD
:1005200051F8043B40F8043B043AF9D2043208D0B5
:10053000D2071CBF11F8013B00F8013B01D30B8827
:1005400003806046704700BF082A13D38B078DD005
:1005500010F003038AD0C3F10403D21ADB071CBFD7
:1005600011F8013B00F8013B80D331F8023B20F841
:10057000023B7BE7043AD9D3013A11F8013B00F87A
:10058000013BF9D20B7803704B7843708B78837002
:100590006046704705F0B6BB05F0BCBB01F1FF3CFF
:1005A00070B56646002400E00134B0FBF2F502FBB2
:1005B0001503092B03F1370E03F130035FFA8EFEAA
:1005C00098BF5FFA83FE9042284606F801EFEBD20F
:1005D000631C0022C818CA547CB162461CF8015F33
:1005E00010F8016DA1EB0C0302328CF80060013BA6
:1005F000521A057023449A42EFDB084670BD00BFD3
:10060000031E01DBFFF7CABF4FF02D0C584210B597
:100610000C4601F801CBFFF7C1FF204610BD00BF1B
:10062000B4EE400A2DE9F04FF1EE10FA164680EADA
:10063000E07207462DED028BA2EBE072B0EE408A2D
:1006400085B080F14881F0EEC07A9FEDC57AF4EE76
:10065000477AF1EE10FA29DDB5EEC00AF1EE10FA94
:1006600000F1ED80032A40F391800323002FA2EBD9
:100670000302C0F28580B5EEC08AF1EE10FA00F1F7
:100680006A8149214E234620F41C3170B07073708A
:1006900022B120462021144407F070FA002320469E
:1006A000237005B0BDEC028BBDE8F08F89460D4686
:1006B00002AA01A9484607F075FBDDF804A004462C
:1006C00059EA0A0372D101230278A64C9A46019393
:1006D000A54BD046342A88BF1C46029B002B7DD0F8
:1006E00008F10108A7EB080B06EB0805BBF1000FAA
:1006F00040F3A1805A46202130465D4407F03EFA7F
:1007000006EB0B032D2203F8012BBAF1000F77D172
:10071000B9F1000F06D01A46302102F8021B2E2133
:1007200059701346AB421FD2A44619461CF8012B40
:1007300001F8012BA94218D0019C2E20013C0BE0AE
:1007400058700233013CAB4219460DD21CF8012B04
:1007500001F8012BA94208D00194002CF0D00B46DF
:10076000013CAB421946F1D31D46002F6BDB3446EA
:10077000002320462B7005B0BDEC028BBDE8F08F46
:1007800022B130462021164407F0F8F9B5EEC08AB0
:10079000F1EE10FA40F1BD802D2149224E23462072
:1007A000341D3170F0707270B37077E7CAF10003D6
:1007B000994557DA4FF00108C9F1000A694CC24562
:1007C0004046CDF804A0B8BF08F10108BAF1000F07
:1007D00052D1029B08F10108002B81D1A7EB080B35
:1007E00006EB0805BBF1000F27DD5A4620213046F5
:1007F0005D4407F0C3F906EB0B03BAF1000F87D095
:10080000BAF1000F8EDAB9F1000F8BD018462E2204
:10081000302100F8021B5A7002465346013302F899
:10082000011BFBD1BAF1000F0193CAF10003A8BF6D
:100830000123034476E7334664E7334665E7042A39
:10084000AADD042312E7B844B8F1000F6FEA0802EA
:100850008DDA22EAE272202128460132154407F09F
:100860008DF984E707F0D2FC8046C245B8BF08F195
:100870000108BAF1000FACD0BAF1000FBFF62DAFEE
:10088000B9F1000F3FF429AF0AEB090309F102089F
:100890008342BFF422AFB9F1000F05DDF2EE047A16
:1008A000013D28EE278AFBD102AAB0EE480A28466D
:1008B00003A907F077FADDF804A0039B09F1010210
:1008C0000446A3EB0A0393427FF407AF0AF1010A3F
:1008D000CDF804A001E7B5EEC00AF1EE10FA4CBF66
:1008E00004230323934222DA0028A2EB030218DB3D
:1008F00010EE103A002B02DA2D2306F8013B4E23AE
:100900004121F41C33707170B370002A7FF4C1AEC2
:10091000C4E649214E224623F41C31707270B37034
:10092000BCE622B130462021164407F027F918EE24
:10093000103A002B4FF04E0305DB4122F41C3370BC
:100940007270B370AAE62D214122341D737031708C
:10095000B270F370A2E62D2306F8013B91E600BFCA
:10096000FFFF7F7F608E0020648E002000230F2217
:1009700048F2B82C194610B54FF470444FF4806E0D
:10098000A0F88C414FF46044A0F88E210A46A0F8EC
:100990009031B0F888319BB243F0F003A0F8883171
:1009A00001EB4103013100EB431304299C80A3F8C0
:1009B00006E05A841A865A805A81A3F80EC05A82D9
:1009C000DA825A83DA83EBD1B0F888319BB243F0F4
:1009D0000F03A0F88831B0F888319BB243F47063FC
:1009E000A0F8883110BD00BF374B384A996F38489E
:1009F00041F47F0170B5996741F20106D3F8801088
:100A000045F6C05543F226040A43C3F88020FFF799
:100A1000ADFF00F58040FFF7A9FF00F58040FFF72C
:100A2000A5FF00F58040FFF7A1FF0022A0F503100D
:100A30004FF00F0E114600EB42134FEA421C0132F9
:100A40009981042A5981A3F80EE09E82DD8020F866
:100A50000C1019829C81EED100221E484FF00F0E1F
:100A600041F20106114645F6C05543F2260400EB5B
:100A700042134FEA421C01329981042A5981A3F89A
:100A80000EE09E82DD8020F80C1019829C81EED150
:100A9000002211480F2641F20105114645F6C054C7
:100AA00043F2260E00EB42134FEA421C01329981B9
:100AB000042A5981DE819D82DC8020F80C10198285
:100AC000A3F80CE0EED170BD00C00F40000003FCA5
:100AD00000C03D4000001E4000401E40074A506AD2
:100AE000936A19468446506A936A9942F9D18445BB
:100AF000F7D1DB0B43EA4040704700BF00400D4098
:100B000072B6EFF30583524CC4F884301EF0040F24
:100B10000CBFEFF30882EFF309824FF0E0234D4E54
:100B20004D4DD3F8280DD3F82C1DC4E92201D3F87C
:100B3000341DD3F8383DC4E924139369C4F89830C0
:100B4000D369C4F89C3000F0D3F884ED280AFFF78D
:100B5000C5FF0B214FF0FF32C4F8A4000B46C4F8C8
:100B600080103E49301D5A40202402F00103013C10
:100B700001FB03F383EA5202F7D1A84202D0736863
:100B80000646EFE7324BC3F8A820BFF34F8F4FF074
:100B9000E0233049324AC3F8701FC3F8702FBFF307
:100BA0004F8FBFF36F8F2F4A02252F48D36E2F49E7
:100BB00043F44053D3660560D3692D4823F07F0387
:100BC00043F04003D3610B6883423DD8264D00219A
:100BD0004FF0E0234FF0FF3229600126C5F80811DD
:100BE0002449C5F80011C5F80861C3F88021C3F88D
:100BF0008421C3F88821C3F88C21C3F8902101E037
:100C000000F068F9D5F80C31002BF9D00134C5F8A3
:100C10000C614F2CF4D9184B022018494FF00042B8
:100C2000C1F840015A63D5F80C313BB91448154955
:100C30000D4A0163D2F80C31002BFAD04FF0E023BB
:100C4000114AC3F80C2DFEE7FEF78CFFBEE700BF8C
:100C500000FF272080FF2720A8FF27202083B8ED52
:100C6000A0FF272000C00F4000400840DC9000207B
:100C7000803DCD0B009F240000900D4000002E40D1
:100C800000800F40F100AD0B0400FA050A490A6824
:100C900038B108B513180948834204D810460B60D0
:100CA00008BD1046704707F0ABF80C234FF0FF3239
:100CB0000360104608BD00BF2893002000002820D4
:100CC000002070474FF0FF30704700BF4FF40053D3
:100CD00000204B60704700BF012070474FF0FF308D
:100CE000704700BF30BFFDE730BFFDE7FFF708BF2B
:100CF000124AD2F880305B07FBD5D2F8803010481A
:100D0000C3F30B230F4990ED007A07EE903A91ED73
:100D1000006AB8EE477A0C4AF8EEE77A0B4BD2ED50
:100D2000006A77EEC77A93ED007AB8EE477A67EEFD
:100D3000867A87EEA60A37EE400A704700810D409A
:100D400048C4002050C4002054C400204CC40020DB
:100D5000836BF0B41BB1536843F40043536072B625
:100D6000446B3CB31A4B2260D3F8B0410C421DD106
:100D7000184E776804E07468E41BB4F5166F0BD264
:100D8000D3F8404144F48044C3F84041D3F8B8510B
:100D9000D3F840416404EED50D4007D10C4CC0E9B6
:100DA0000225D4F8B0310B43C4F8B031426362B6C7
:100DB000F0BC7047064DC0E90224D5F8B0310B43B2
:100DC000C5F8B0310263426362B6F0BC704700BF41
:100DD00000002E40001000E070B5056B9DB1064686
:100DE0002A46002403E012680134012A0CD053681B
:100DF00013F08003F7D032632CB12846B36B2D6813
:100E00009847013CF9D170BDC6E90C33F4E700BF47
:100E100030B4D9B91F4C204B0021204A01254FF096
:100E2000011099601D60C4E9023180245C60C2F841
:100E3000BC01D2F8B0311A482B43C2F8B03101607E
:100E4000D2F8B031002BFBD130BC70470904154BF0
:100E5000104C012541F080019860104A596000F55E
:100E600080511D60D96000F50051A364196100F53F
:100E7000405100F58040596100219861E164D2F849
:100E8000B03143F48033C2F8B031D2F8B031002B26
:100E9000FBD1C0E700000020C09E002000002E40D3
:100EA000E4B60020E09E0020084901220B7802FAF7
:100EB00000F023EA0000087030B9054AD2F8483142
:100EC00023F08003C2F84831704700BF26C50020D8
:100ED00000002E402DE9F04F974C83B0D4F84471B8
:100EE000FB07C4F8447153D5D4F8AC21002A4AD08A
:100EF000924EDFF860A2DFF87492DFF874B2DFF888
:100F00007482C4F8AC21D6E90A20D4F8403143F405
:100F10000053C4F84031D4F840319D04F5D5D4F8DD
:100F2000403123F40053C4F840314FF00113C4F8AA
:100F3000B431D4F8B45115F00115FAD193B2844606
:100F4000CAF80050B3F5086F00F0CF8100F2DB80E3
:100F500040F202318B4200F0E78100F29A80822B4E
:100F600000F0CB81B3F5817F40F08A8010F0780FDC
:100F700083B200F003824FF00113C4F8C031D4F8FB
:100F8000AC21002ABDD16C4AD2F8BC31002B42D131
:100F90007E0616D5684BD3F8AC21C3F8AC21D3F844
:100FA000BC21C3F8BC21D3F8B041002CFBD14FF0D9
:100FB000FF32C3F8B421D3F8843100F027FD604B31
:100FC0001C60FC0103D55F4B1B6803B19847B80157
:100FD00003D55D4B1B6803B19847790708D5564B7D
:100FE000D3F8843113F4007347D0584B01221A70A0
:100FF000514BD3F848311A060AD53B0608D5544A56
:1010000013782BB1013BDBB21370002B00F072821E
:1010100003B0BDE8F08F4F49C2F8BC310868034205
:1010200040F0D181464A14681C40B1D05FEA1448B0
:1010300010D0424E4FF0010998FAA8F5B5FA85F59F
:1010400006EBC51009FA05F54030FFF7C5FE38EA92
:101050000508F1D1A4B2002C9AD0384E4FF0010807
:1010600094FAA4F5B5FA85F506EBC51008FA05F56E
:10107000FFF7B2FEAC43F3D18AE7344A1370B7E707
:10108000802B7FF478AF344802210580FFF7C0FE43
:1010900075E7B3F5A06F00F00B81A3F5D063012BCA
:1010A0003FF669AF2D4B5D68002D3FF464AF1FFA2A
:1010B0008CFC4FEA124E04E01D690C33002D3FF406
:1010C0005AAF1A887245F7D15A886245F4D14FEA6F
:1010D0001E22032A00F0A5811A89000C824228BF33
:1010E0000246BEF5007F40F0A181184B1C491878DC
:1010F0001C4B0192002818BF19461B48FFF7B0F996
:10110000194D019AE1E142F221218B427CD033D981
:1011100042F221318B4200F081804FF6C0018B42B8
:101120007FF429AF10F47F4F83B27FF424AF43F4F0
:101130006E4363F30F0CB5E700002E400000002063
:10114000E8B60020F4C40020F8C400202DC500201B
:101150002EC50020E4B6002010C400200C8F002013
:10116000D81E00603C1F006000002020DCB600207C
:101170005DCFC6B8C0012E40B3F5106F66D042F205
:1011800021018B427FF4F7AE030C072B7FF4F3AE03
:10119000B24BB349F560D960B249B360C3F8089067
:1011A000C1E9002001221A60AF4A5A60AF4A1A61B1
:1011B000D4F8B01141F00101C4F8B01102F580512A
:1011C00002F5005259619A61D4F8B031002BFBD17D
:1011D000A74AF36493600123B264136048F280036A
:1011E00053604FF00113C4F8BC31D4F8B03143F46C
:1011F0008033C4F8B0314FF48033CAF80030D4F8EB
:10120000B031002BFBD1BAE680B238B9994BC2F3AA
:1012100007421968984B1960984B1A70944B00223A
:101220009A60F2640122B3641A6080225A604FF01F
:101230000113C4F8BC31D4F8B03143F48033C4F89E
:10124000B031D4F8B031002BFBD198E6C2F307429D
:101250008B4B1A708B4BC4F8C8318B4BC4F8CC3114
:101260008A4BC4F8D03100F0D3FB8022294688484D
:1012700006F084FC874B8022C6F8A0B0C6F8E030A8
:101280007B4BF5645A600122B3649D601A604FF095
:101290000113C4F8BC31D4F8B03143F48033C4F83E
:1012A000B031CAF80050D4F8B031002BFBD166E65B
:1012B0006F4B0121F564196080219D60B364596012
:1012C0004FF00113C4F8BC31D4F8B03143F480338B
:1012D000C4F8B031D4F8B031002BFBD1130C5B064D
:1012E00043F08073C4F8543149E6654B01216A48E4
:1012F0001B780370FFF78CFD41E683B210F0780095
:101300007FF439AE03F07F0258F82210624A108051
:10131000180600F19E80CB0701D50123137002212E
:101320005D48FFF775FD2AE610F0780F83B27FF471
:1013300022AE03F07F0213F0800F58F8223014BF62
:1013400043F4803343F0010348F822300022484B35
:10135000F2649A600122B3641A6080225A604FF0EE
:101360000113C4F8BC31D4F8B03143F48033C4F86D
:10137000B031D4F8B031002BFBD100E603F07F028E
:1013800013F0800F58F8223014BF23F4803323F079
:10139000010348F822300022354BF2649A600122A2
:1013A000B3641A6080225A604FF00113C4F8BC3154
:1013B000D4F8B03143F48033C4F8B031D4F8B0314C
:1013C000002BFBD1DBE50020086026490C8848682B
:1013D00042F221018C427FF425AE80B200287FF4D6
:1013E00021AE2E492E4C03C9A18086284FEA114117
:1013F0002060A1717FF416AE72B62A48017841F0E0
:1014000008010170D2F848110D0605D4802001436F
:10141000C2F84401C2F8481162B6234A5021117043
:1014200000E6000C2A78824228BF0246BEF5E06F33
:1014300044D11E4B1E4D18781E491F4B01920028A7
:1014400018BF19462846FFF70BF807236B70019A5F
:101450003BE0C9033FF561AF61E700BFE09E0020BC
:10146000DCC6002080A0002080000700DCD6002021
:10147000C09E0020E0C40020F0C400202BC5002046
:101480002CC500200200CC00C80002000200C800E9
:10149000800000201993D57410C40020DCB6002011
:1014A000E8C4002026C500202EC500202DC5002040
:1014B000000020203C1F0060D81E00602946104D0F
:1014C00001922846FEF7CCFF019A25F01F03154430
:1014D000BFF34F8F4FF0E021C1F8703F20339D42A2
:1014E000FAD8BFF34F8FBFF36F8F05481146FFF750
:1014F0008FFC44E50320FFF7D7FC0FF027F900BF6E
:10150000000020202DE9F0471F46831E022B01D941
:10151000BDE8F087DFF84C9015460C463C2209EBFD
:10152000C01806464FEAC01A002108F1040024043E
:1015300006F024FBB5FA85F20123520944EA42740D
:1015400049F80A40C8F83870C8F80830002FDFD0D2
:10155000034AB34011680B431360BDE8F08700BF36
:10156000E8B60020000000202DE9F0470D46811E5E
:10157000022901D9BDE8F087C701DFF84C909246F7
:10158000044640373C2200211E4609EB07082D0483
:1015900008F1040006F0F2FABAFA8AF2520945EAB2
:1015A000427249F807200122C8F83860C8F80820BC
:1015B000002EDFD0034B10341968A2400A431A6092
:1015C000BDE8F087E8B6002000000020120481602A
:1015D000C36101F5405342F0800210B4012442601F
:1015E00001F50052046001F5805401F58041C460AA
:1015F00081615DF8044BC0E904237047831E0A46ED
:10160000022B00D97047064B00F110014FF0010C7E
:1016100003EBC0100CFA01F14030FFF799BB00BF9B
:1016200000000020831E0A46022B00D970470121CA
:10163000024B814003EBC010FFF78ABB0000002083
:1016400040687047124A134BD2F8200220F07F40C6
:10165000984210B584B002D200EB800040000E4CDE
:1016600001A90A22FEF79AFF01A90023204611F8DA
:10167000012B01333AB10A2B20F8022FF7D11623A0
:10168000237004B010BD5B00DBB2237004B010BD4A
:1016900000441F40809698000C99002000F0D6BAB4
:1016A00000F066BB00F03CBB0846114600F02CBBC6
:1016B000F8B5144C4FF0E025134E4FF4003204EB14
:1016C0004024124F06EB40160346C5F88C212146F4
:1016D0003A883046FFF77AFF3B882344BFF34F8FA9
:1016E000C5F85C4F2034A342FAD8BFF34F8FBFF345
:1016F0006F8F03203146FFF795FF4FF40033C5F895
:101700000C31F8BD80002020009F00200AC5002079
:10171000244B2DE9F0411C884368C569C3F30E438F
:10172000E41A002C24DD204920480A780078D3B23E
:101730001F4E82421F4807D010F8038036F81870F9
:10174000C7F50072944218D90133002226F81540DB
:10175000082B194E88BF134626F8152098BFDAB219
:10176000C554164B0A701A6814441C60BDE8F08119
:101770002846BDE8F041FFF79BBF07EB4820104922
:1017800022462744084401EB4521FEF769FE0B4A37
:10179000284626F8187013682344BDE8F04113600A
:1017A000FFF786BF0AC5002024C5002025C50020FC
:1017B0001CC400203CC400202CC4002018C40020FD
:1017C000800020201D4B1A78002A36D102F0FF033A
:1017D0001B4A12788AB32DE9F0411A4D2A8852B378
:1017E000194EC2F50068194F3278194C07EB4217B1
:1017F00004EBC224424638462146FFF7E7FE04EBDD
:101800000802BFF34F8F4FF0E023C3F8704F20342E
:10181000A242FAD8BFF34F8FBFF36F8F042039462F
:10182000FFF7ECFE33780133DBB2032B88BF0023D4
:10183000337000232B80BDE8F08170472AC500205B
:101840002CC500200CC5002029C5002000A00020C8
:10185000801020202DE9F04F85B0CDE9011000293E
:1018600000F0BF800023604CDFF89881DFF898A17A
:101870005E4F009301235E4A23705E4B1978B8F8DF
:10188000003002EB4119002B40F0A7801E461D4698
:101890009B464846FFF7D4FE10F0800000F08C8095
:1018A000BFF34F8F9AF8003084F800B005B93E6856
:1018B000002B7DD13B689B1B782B00F287804E4B21
:1018C0001B78002B74D000F09DFA0122B8F800308C
:1018D00015462270002BDCD0464AC3F50060117813
:1018E0001A4600EBC120454DC9022844019D95428E
:1018F00017D20393DDE901512A46FEF7B1FD039BA0
:101900004FF040425B1BA8F800303D4BC3F88420E9
:10191000BFF34F8F009800232844237005B0BDE823
:10192000F08F364BCD180299FEF79AFD00234FF445
:10193000006229464846FFF749FEBFF34F8F05F185
:10194000200205F50063934234BF012340234FF08A
:10195000E02205EB4313C2F8705F2035AB42FAD1A9
:10196000BFF34F8FBFF36F8F04204946FFF746FE4A
:10197000204A13780133DBB2032B84BF00231D4AB6
:101980001370B8F80030019AD11A009A1A440191E4
:101990000092029A1A4400230292194AA8F80030D1
:1019A000C2F88430BFF34F8F237000297FF462AFF9
:1019B000009805B0BDE8F08F4FF400620D4B8AF837
:1019C000000019781346A8F800208AE70123009840
:1019D0008AF8003005B0BDE8F08F1A46C3F5006004
:1019E0007FE70198E5E700BF2AC50020E0C400209A
:1019F00000A0002029C500202CC500208010202038
:101A000000002E400CC5002028C50020704700BFF4
:101A10002D4B002180222D4870B51B7800242C4DC1
:101A20008B422C4E0CBF40234FF400732B8033802D
:101A300006F0A4F8284A2146284B14704FF480720F
:101A400027481C8006F09AF8264A1021264B0220CF
:101A5000C2E90044C2E90244244AC3E900441470C4
:101A6000234AC3E90244234B1C70234614602246D8
:101A7000FFF77AFD2246318803201F4BFFF742FD16
:101A80002346012229880420FFF76EFD20460134F9
:101A9000FFF70EFE082CF9D1184B00214A221848F6
:101AA000184C0460C3F88410C3F88020D3F8482190
:101AB000154942F08072C3F8482121B1134A1378C6
:101AC00043F00103137070BD2DC5002000A000205D
:101AD0000EC500200AC5002029C500200CC5002025
:101AE000009F00201CC400202CC4002024C500201E
:101AF00018C4002025C5002045F7000000002E4036
:101B0000F4C40020F9F70000000000002FC50020F9
:101B10002DE9F04F4FF0E0234FF40032DFF8C8A07A
:101B200083B0C3F88C218B469AF8004000294FD02F
:101B30008046E4B20027DFF8B490264BABEB0702F7
:101B400025491B78A34204F101043FD0092C234B03
:101B5000404628BF00241E5D39F816C00CEB462312
:101B600019441F4B33F81650A5EB0C05AA421CD2A2
:101B70000CEB462C18491B4C61440192FEF770FC9B
:101B8000216839F816505846019AA1EB0B012A44F6
:101B9000394429F8162021604FF0E0234FF4003239
:101BA000C3F80C2103B0BDE8F08F2A462F44FEF79E
:101BB00057FC0C49E3B230460A68A844521B0A603D
:101BC0008AF80030FFF774FDBB45B6D83846E3E726
:101BD0000846E1E724C50020800020203CC4002006
:101BE0001CC4002018C4002025C500202CC40020DF
:101BF0000B4B0C4A12781978D3B28A420DD00133BC
:101C000009480A4A092B0A4928BF0023C35C31F856
:101C1000131002EB4323585C70474FF0FF307047BE
:101C200024C5002025C500203CC4002080002020C1
:101C30002CC40020044B10B51C680CB1204610BD0C
:101C400000F0E0F8204610BD18C400202DE9F84F40
:101C5000144E154D33782A78934221D0DCB2DFF848
:101C60005090DFF850B0DFF85080104F0134082C4E
:101C70005FFA84FA01D90024A24619F80400DBF8BF
:101C8000003038F8102037F81010521A9B1ACBF891
:101C90000030FFF70DFD86F800A02B78A342E5D1B8
:101CA000BDE8F88F25C5002024C500202CC40020E5
:101CB0003CC4002018C400201CC4002000B583B020
:101CC00001210DF10700FFF723FF20B19DF8070068
:101CD00003B05DF804FB4FF0FF30F9E7094B00B5A6
:101CE00083B01B788DF807003BB101210DF107008F
:101CF000FFF7B0FD03B05DF804FB03F0FF0003B095
:101D00005DF804FB2CC50020044B1B7803F0FF0298
:101D10000BB1FFF79FBD1046704700BF2CC50020D8
:101D20002DE9F0410024DFF8448001230D4D2746C2
:101D30000D4E88F80030337828462035A34204F150
:101D4000010405D0FFF77CFC030658BF07F50067C8
:101D5000042CF0D1BFF34F8F0023384688F80030B1
:101D6000BDE8F08100A0002029C500202AC5002080
:101D70002DE9F8431D4B1B7813B11D4D2A880AB974
:101D8000BDE8F8831B4EC2F500691B4933784A460B
:101D90001A4C01EB43181A4F04EBC32401234046AD
:101DA0003B7021460023FFF711FC04EB0902BFF34F
:101DB0004F8F4FF0E023C3F8704F2034A242FAD87F
:101DC000BFF34F8FBFF36F8F04204146FFF716FC20
:101DD00033780133DBB2032B88BF00233370002339
:101DE0002B80BFF34F8F3B70BDE8F8832CC50020DC
:101DF0000CC5002029C5002000A000208010202054
:101E00002AC500202DE9F8432D4B1E7866B12D4FD1
:101E10003B784BB90123F1073B7043D4B20726D47A
:101E200000233B70730701D4BDE8F883264B1A6882
:101E3000002AF9D0EFF30582002AF5D1EFF31085DF
:101E400072B61868002834D0204C2178002930D18F
:101E50000122227042691A60002A2ED0916105B9D0
:101E600062B600258368457798472570DCE7DFF880
:101E7000648098F80030002BD2D00025DFF858900D
:101E80002B4659F823400135236820461B699847A3
:101E900010B163699B68984798F80020EBB29A42AA
:101EA000EFD8BDE7FFF7C6FE0028B7D0AFF300803C
:101EB000B4E7002DB8D162B6B6E7054B1A60CEE79D
:101EC0002FC5002018C5002000B3002015C5002034
:101ED0000CB3002017C5002070B30020EFF3108270
:101EE00072B6437F5BB9017F012930B40BD003295F
:101EF00013D00123437702B962B630BC70470AB9E8
:101F000062B670477047124C2168B1B11149436104
:101F10000B68086083615861EBE70F4D0F492C682F
:101F20008CB143610B68836158614FF0E0234FF03F
:101F300080540860C3F8044DDBE7064B206018604E
:101F4000C0E90511D5E7C0E905442860EDE700BF09
:101F500000B300200CB3002008B3002004B300201D
:101F600090F81CC04160BCF1020FC26001D18368CF
:101F70001847FFF7B3BF00BF70B5EFF3108272B61A
:101F80000C4C206880B10C4E00254369236073B16E
:101F90009D6102B962B6836845779847EFF3108276
:101FA00072B620680028F0D102B962B670BD336005
:101FB000EFE700BF08B3002004B30020FFF7DCBF49
:101FC0000449054A4968054B1960136801331360D9
:101FD000704700BF001000E0E0C40020DCC4002017
:101FE00008B5D0E900325BB1BAB10F4BA3FB0213C5
:101FF000DB0803EB4303B2EB83030AD1012008BDE6
:10200000094BA3FB0213DB0803EB4303B2EB83038F
:1020100001D0D21A4260F02AF0D805F0F1FE1C225D
:10202000034600201A6008BDABAAAAAA70B50446F0
:1020300038B319B1B2FA82F67609A2B9206800B3B2
:102040006268F2B1184B194902FB03F3B1EBB30F0D
:1020500017D3A368E3B90022012322606260A26063
:10206000E260184670BD1D46049BC0E90012C360C3
:10207000FFF7B6FF03460028F3D06DB901231846D9
:1020800070BD05F0BDFE162200230260184670BD2B
:10209000002105F073FDDEE7626831462068A56027
:1020A00005F06CFD0123DCE7ABAAAAAA555555152E
:1020B00003460846194605F059BE00BF38B50D461F
:1020C000044600212846FDF77FFF084B2A0103EB59
:1020D000051599580023EA68A360E3732382A3746B
:1020E000C4F80B30C4E9002138BD00BFF08A0020DD
:1020F000F0B5D0E9005C72B6DCF80430EF4323EAB7
:102100000503CCF8043062B67C20DFF8C0E02D492E
:102110002D4E4C68DEF80020A6FB0232920C5200D5
:102120004B681B1B9A42FBD8DCF808302B4204D1C9
:10213000431E13F0FF00ECD1F0BD72B6CCF888500E
:10214000DCF804302B43CCF8043062B61E4B4868F0
:10215000DEF800201B49A3FB0232920CC2EB0212F4
:1021600052014B681B1A9A42FBD872B6DCF8043055
:102170001F40154BCCF804704868DEF80020114968
:10218000A3FB02324623920C03FB02F24B681B1A9C
:102190009A42FBD8DCF808302B420CBF012000200B
:1021A00062B6094B4C684FF4CD71DEF80020A3FBFA
:1021B0000232920C01FB02F202494B681B1B9A424D
:1021C000FBD8F0BD001000E083DE1B43DC90002054
:1021D000CB0770B4D0E9004028D572B6C0F888406B
:1021E0004368254D234325494360254B6E680A68A3
:1021F000A3FB0232920C02EB820252006B689B1B23
:102200009A42FBD8C0F8844062B61D4B68680A68E1
:102210001949A3FB0232920CC2EBC203C2EBC30208
:102220004B681B1A9A42FBD870BC704772B6C0F854
:1022300088404368104D234310494360104B6E683B
:102240000A68A3FB0232920C02EB82126B689B1BA2
:102250009A42FBD8C0F8844062B6094B68680A68A5
:102260000549A3FB0232920C02EB82024B681B1A57
:102270009A42FBD870BC7047001000E0DC90002050
:1022800083DE1B4370B4D0E9004172B64B681D4831
:1022900023431D4D4B60C1F888401C4B46682A689B
:1022A000A3FB0232920C02EB420243689B1B9A4250
:1022B000FBD84B68134E23EA04034B60134B406872
:1022C0002A68A3FB0232920C02EB8202520073686E
:1022D0001B1A9A42FBD88B68234214BF01200020AE
:1022E00062B60A4B352174682A68A3FB0232920C4D
:1022F00001FB02F203494B681B1B9A42FBD870BCDE
:10230000704700BF001000E0DC90002083DE1B431C
:102310002DE9F041082506460F4690460124274244
:1023200030464FEA440414BF01210021FFF750FF5B
:10233000013DE4B2F3D1B8F1000F0AD172B6D6E98B
:1023400000135A6822EA01025A603268C3F88820F2
:1023500062B6BDE8F08100BFF8B50824002701256A
:1023600006463046FFF78EFF6B0000B12F43013C5D
:10237000DDB2F6D13846F8BD70B508250124064611
:1023800014F0CC0F30464FEA440414BF0121002161
:10239000FFF71EFF013DE4B2F2D172B6D6E9001399
:1023A0005A6822EA01025A603268C3F8882062B68D
:1023B00070BD00BF00238360C37303828374C0F8C1
:1023C0000B307047837C2DE9F04704462BB1002386
:1023D00018462382A374BDE8F08789461546FFF7A7
:1023E00087FE0028F3D00826002D45D0012515F0E2
:1023F000F00F20464FEA450514BF01210021FFF7E9
:10240000E7FE013EEDB2F2D172B6D4E900135A688C
:1024100022EA01025A602268C3F8882062B60126C7
:102420004FF000083746C2462046FFF72BFF05460F
:102430002046FFF727FF012D01D1012847D0854213
:102440002ED0012D04EB080325D01A7A22EA0602C9
:102450001A727600294620460137FFF7B9FE16F0BA
:10246000FF06FFB2E0D108F101085FFA88F8B8F181
:10247000080F2CD00126D7E7012515F0EC0F2046D8
:102480004FEA450514BF01210021FFF7A1FE013EDF
:10249000EDB2F2D1B8E71A7A012532431A72D8E7C1
:1024A000237CBB420DD904EB08031A7A164214BFF1
:1024B00001250025002DEED1082F24D8BA466774D7
:1024C000C3E70CBF0125002504EB0803F2E7402F0A
:1024D0007FF67DAF84F810A0BAF1000F01D101237F
:1024E000A374227A002A3FF472AF09F1FF33083453
:1024F00009F1070901E014F8012F03F8012F4B45FA
:10250000F9D1012067E7BA469FE700BF81B100EB30
:10251000010C084B002110F8012B5140604501F0DF
:102520000F0203EB11119A5C097C81EA0201F2D1DE
:1025300008467047AC1F006069B170B50546084693
:102540000C4605F063FE2B680246214628465B6870
:10255000BDE87040184770478368C3F3080383B130
:10256000002110B40269D1540133B3F5007FF9D1D1
:102570000168D0E903321C681846636A5DF8044BB1
:1025800018470120704700BF82680346006940F287
:10259000FF1CC2F3080281546245586801EB7001C8
:1025A000986800F10100C3E9011001D001207047D3
:1025B000D868196810B404684A1C646A1A601A69F9
:1025C00023465DF8044B184738B58368CAB20D46F8
:1025D0000169C3F3080340F2FF1C0446CA54634573
:1025E000416802EB71024260826802F1010282607E
:1025F00005D0290A2046BDE83840FFF7C5BF01686D
:10260000C0684A1C03685B6A2260226998470028F8
:10261000EFD138BDF8B50023064601601D46C0E97C
:102620000133A8B2FBF7A8FEA842044607D0C1B206
:102630003046FFF7A9FF00283BD10020F8BD6C1CF5
:10264000B4F5803F04D12AE00134B4F5803F04D0D2
:10265000A0B2FBF791FEA042F6D0671BB7F5007F52
:102660001DD34FF6FF713046FFF7AEFF0028E4D0D0
:10267000B9B23046FFF7A8FF0028DED02546B5F5F1
:10268000803FCED13046BDE8F840FFF765BFC5F3C7
:10269000072130460135FFF777FF0028CDD0A5424E
:1026A000E9B23046EBD2FFF76FFF0028EFD10020F0
:1026B000F8BDC4F307213046FFF766FF0028BCD001
:1026C0000135DCE72DE9F04F1F4689B00B680D4658
:1026D00004901446C16002610846DB699847B0F572
:1026E000801F0090C0F0D88000230122009E01339B
:1026F0005200DBB201D09642F9D81C2B009640F272
:10270000B780A3F10B08012248FA02F1C8F3470889
:102710008A4002910792013301225B109A4006928F
:1027200004229A400392022202FA03F30193009AD0
:102730000021039B2046029E4FF0010AD31A4FF45A
:1027400000724AF6552BF34003FA06F90593019EF1
:1027500005F014FAFF2384F8BFA184F8C0A1B144A6
:1027600084F8C431224684F8C53107230021284665
:1027700084F8C231FE23C4F8C66184F8C3312B68E3
:10278000C4F8CA915B6AA4F8FEB19847002863D0E8
:102790004FF400720021204605F0F0F9009B84F808
:1027A0006D804FF000086366F421059B04F178000A
:1027B000069AE3652023266423726372A372EB23D7
:1027C000A665464623707623C4F84890637090232C
:1027D00084F86EA0A3704523E37058232371462329
:1027E00063714123A3715423E371042323664FF4DF
:1027F0008073A4F86830092384F86C308023C4E91E
:10280000142284F86F304FF4C37205F0B7F9A4F8BE
:10281000FEB1A8F16A03012B06D9B8F1700F03D0FD
:1028200014F8083003EB760608F10108B8F5007FCC
:10283000EFD12B682246DDF8049028465B6A4946B2
:10284000984748B12B684946224628465B6A0C31B6
:10285000CDF80490984740BB2FB13B680F22B84990
:1028600038465B6898470026304609B0BDE8F08FCF
:102870001A2B4FF0080800F2A6814FF48043CDF8E0
:10288000088001934FF4004303934FF48073079340
:102890004FF4005306934AE7002FE4D03B6815221B
:1028A000A84938465B689847D7E74246002120464A
:1028B00009F1010A05F062F94AF6552309F1090206
:1028C00004F2FF19A4F8FE3100239346A04601E06C
:1028D00018F8013FC14503EB7606F9D12B68224673
:1028E000514628465B6A98470028B5D02B68224697
:1028F0000AF10C0128465B6A98470028ACD00AF11F
:1029000001039B4502D09A462378DFE74FF400721B
:10291000002120469B4605F031F900220AF1030A06
:102920001146234601E013F8011F984501EB760696
:10293000F9D12B682246594628465B6A98470028F9
:102940008AD02B6822460BF10C0128465B6A984717
:10295000002881D00BF101018A456AD1231F04F5BB
:10296000FE7243F8046F9A42FBD12B682246284638
:102970005B6A984700283FF46FAF2B680BF10D019D
:10298000224628465B6A984700283FF465AF2FB17E
:102990003B680C226C4938465B689847069A0021D0
:1029A000019B2046002613444FF400729946059B74
:1029B0004FEA830805F0E2F823464FF0FF3208F2B1
:1029C0000728F821B7F1000B4FEA582A03F8011B3A
:1029D0004FEA9838C4F8012018BF4FF0010BDA60B5
:1029E0005A609A60C3F80F2002E00136B24523D046
:1029F000B6FBF8F308FB136343B9BBF1000F05D036
:102A00003B680122514938465B6898472B6809EBBF
:102A10000601224628465B6A984700283FF41CAF0F
:102A2000002EE2D131464FF40072204605F0A6F8A0
:102A3000DBE78B46217874E7002F34D03B68022215
:102A4000434938465B689847059E079A0736F6085B
:102A500006F2FF13B2EB532F4FEA5329FFF4FDAEFA
:102A60004FF400720021204605F088F807232370F8
:102A7000B9F1000F00F08A804FF0000808E0B8F1CB
:102A8000000F01D184F8008008F10108C1457BD90D
:102A9000039A28462B6802EB080122465B6A984796
:102AA0000028ECD1D8E6059E079A0736F60806F20C
:102AB000FF13B2EB532F4FEA5329FFF4D4AE4FF478
:102AC00000723946204605F059F807232370B9F102
:102AD000000FD1D1039B079A04989918FFF79AFD2C
:102AE00000283FF4C0AE029A4FF400739340049A5A
:102AF00092689A423FF6B7AE4FF00208029B4FF43D
:102B00000072002108FA03F9039B2046994405F05E
:102B100035F881220323049909F1FF3984F8202034
:102B20008222237084F84020C4E90D864A684FF061
:102B30000108636562648B68A3650023E3650EE0AA
:102B4000480A0020E4090020FC0900200C0A0020AB
:102B5000240A0020079B98453BD208F101082B6806
:102B600009EB0801224628465B6A9847064600287A
:102B70003FF472AEB8F1010FECD14FF400720021B6
:102B8000204604F0FBFFE8E7002FA3D03B681622A5
:102B9000144938465B689847039B079A049899182C
:102BA000FFF738FD00283FF458AE029A4FF4007347
:102BB0009340049A92689A423FF64FAE0A493846CB
:102BC000FFF7BAFC98E74FF48072CDF808800792BF
:102BD000A1E5002F3FF448AE04493846FFF7ACFCAE
:102BE00042E600BF100A0020280A0020380A002010
:102BF0002DE9F843DDF82090A2B105460C46984631
:102C0000571801E0BC420DD02B68204649465E6A49
:102C1000C0472146024628460134B0470028F1D17A
:102C2000BDE8F8830120BDE8F88300BF486810B50F
:102C30000C4630B10B894A8901339BB29A420B8111
:102C400001D9206810BD0368012203495B689847D9
:102C500000232068238110BD0C0A00202DE9F04FCD
:102C6000054687B08846924600214FF40072406ABC
:102C700004F084FF286A28B103680C223A495B6893
:102C80009847286A6B6A4FF00009EE690AF1FF3233
:102C9000DFF8E0C0E968ADF814904C1CCDE90330D2
:102CA0004FEA5A13ADF816303368DF6A674526D10C
:102CB0006AB301EB0A07DFF8C0A00AE02146039AD5
:102CC00030460134D84700283FD0A7421ED0336891
:102CD0000498D3F824B00028F0D0BDF81430BDF823
:102CE000162001339BB29A42ADF81430E6D803683F
:102CF000514601225B689847ADF81490DEE703ABBC
:102D0000214630460093194BB847F0B1286A20B1EC
:102D10000368022216495B689847B8F1100F4FF01C
:102D2000F8016A6A4FF001030CBF04200C201170F7
:102D3000FF216A6AD15401339842FAD1E8696A6A7C
:102D40000368E9685B6A984718B9002007B0BDE8D6
:102D5000F08FD5E90231E86919446A6A03685B6A51
:102D6000984707B0BDE8F08FFC090020610C010016
:102D7000240A0020250C01000C0A002038B5436A03
:102D80004FF40075044600212A46184604F0F6FE6A
:102D90004FF02031EB22A0F80B50C0F8031003468F
:102DA000C0F80710902102707620997002225870A6
:102DB00094F82B1059734AF65521208D1A74F82275
:102DC000D8815A752269DA61A269A3F8FE111A62E4
:102DD00038BD00BF70B504464FF400720021406A50
:102DE00004F0CCFE656A2269216805F2BF1002F08A
:102DF000C5FBA369226905F2C31021681A44013A90
:102E000002F0BCFB94F82A204AF6552385F8C2212B
:102E10002269E069C5F8C621626AA169A5F8FE3198
:102E20000368C5F8CA1100215B6ABDE87040184705
:102E300070B546694FF4807390F82BE00446A6F510
:102E40008072456A4360B2FBFEF202F2011C4FEA57
:102E50001C214FEA410C81600CF1A10098420ED96F
:102E60008033F21AB2FBFEF202F20111090A4FEAB4
:102E7000410C0CF1A1008342F2D3C4E901311B1AC9
:102E8000A2F6F57103F18000B1F5704F20614FD2C9
:102E90000CF1210C8133204602FB0EC2E360B2F537
:102EA000803FA26134BF0423062384F82A30012323
:102EB0002385FFF78FFF08B9002070BD2046FFF77C
:102EC0005DFF2922A1684FF0203385F82620462295
:102ED000C5F82F30802085F836205422C5F82B30D5
:102EE000C5F83230312385F838203622E982412175
:102EF00085F8393085F837104FF4007185F82400D3
:102F000085F83A200F4BE069C5F827300368A5F82B
:102F10001110626A21695B6A98470028CCD0626808
:102F20002046E3681021D21ABDE87040FFF796BE34
:102F3000206A0028C0D00368132203495B689847C1
:102F4000002070BD87D61200D0090020F8B5466970
:102F50004FF4005390F82BC04FF48042A6F5804107
:102F6000036142F2090E0446456A4260B1FBFCF17E
:102F700001F18103DB0983600EEB4300904240F2D4
:102F8000B68002F50052B11AB1FBFCF101F18103E8
:102F9000DB090EEB43005F008242F2D3C4E9012358
:102FA0004FF6F473994240F2978001FB0C2CA2F586
:102FB00000522046D21B92B202F5005322854D4AA0
:102FC000E360ACF50053944594BF4FF00B0C4FF009
:102FD0000C0CA36184F82AC0FFF7FCFE08B900209E
:102FE000F8BD2046FFF7CAFEA16829224FF0203322
:102FF0008020696285F8422054214622C5F84B3072
:1030000085F840004120C5F84730C5F84E3002230E
:1030100085F85220332285F85410322185F8552046
:1030200085F8530085F85610EB62E069324B334A5D
:103030002B630368C5F843205B6A626A216998477D
:103040000028CCD0E069216903680631626A5B6AB6
:1030500098470028C3D04FF400720021606A04F042
:103060008DFDE069264A0368C5F8FC2121695B6A89
:103070000231626A98470028B1D0E069216903688B
:103080000831626A5B6A98470028A8D04FF0FF3386
:10309000E0691C4AC5E97A331B4B2A60C5F8E43164
:1030A00003682169626A5B6A01319847002896D0FB
:1030B000E06921690368626A07315B6A9847002802
:1030C0008DD0A268204694F82B30202103EB4202D9
:1030D000BDE8F840FFF7C2BD206A00283FF47FAF8B
:1030E0000368132209495B6898470020F8BD5F0018
:1030F00056E700BF0004FB000100060087D612005F
:10310000000055AA5252614172724161D0090020FB
:1031100038B504460D68C16108466262EA692362F7
:10312000904700F2FF736061DB0A062B236024D90D
:10313000102B13D80223B0F5800F84F82B302046D3
:103140002ED2FFF775FE0546206A05B320B103684D
:103150000D2219495B689847284638BD202B23D992
:10316000402B23D9802B23D9B3F5806F22D9B3F517
:10317000004F8CBF80234023DDE7206A20B1036825
:1031800014220E495B6898470025284638BD002860
:10319000FAD003680F220A495B689847284638BD71
:1031A000FFF7D4FE0546CFE70423C4E70823C2E7B0
:1031B0001023C0E72023BEE7B009002098090020B3
:1031C000C00900204FF0FF30704700BF407C7047BF
:1031D000007D7047407D704701207047007F704739
:1031E0002DE9F0471E46C37C05460C46022B91464E
:1031F000089F28D02B68214628461B6E984798B117
:10320000AC61B9F1000F12D004EB090801E0A04550
:103210000DD039462046B0472B6801462846DB6D65
:10322000013498470028F2D10020BDE8F087AB694F
:10323000287F4B44AB610028F7D12B6828465B6E92
:10324000BDE8F047184783698B42D3D1D9E700BF67
:10325000704700BF043002F03DB900BF10B504460E
:103260002021FDF799F9204610BD00BF2DE9F0415E
:103270001F46C37C05460E46022B144624D02B68FD
:10328000314628461B6E984778B1AE6187B100265B
:1032900001E0B7420CD02A68214628460136D26D9B
:1032A00004F5007490470028F3D10020BDE8F081B8
:1032B000AB69287F3B44AB610028F7D12B682846D7
:1032C0005B6EBDE8F041184783698B42D7D1DDE7DB
:1032D0002DE9F041204E074600F10408356805F558
:1032E0001675ADB203E03368EB1A1B0410D44046E8
:1032F00002F0F4F8FF280446F5D1FD21404602F023
:103300000BF9BB7CCBB900230120FB74BDE8F08135
:103310001E23B87C7B740028F8D0387C012102F091
:1033200009F8FF21404602F0F7F8404602F0AAF8FB
:1033300000231846BB74BDE8F0810121387C01F000
:10334000F9FF2146404602F0E7F8404602F09AF8BD
:103350000023BB74D7E700BFE0C400202DE9F04193
:10336000C37C012B35D0867C04464EB1043002F07C
:10337000B5F8B0F1FF0518BF01252846BDE8F0817A
:10338000071D4FF00108384602F05EF83146207CF8
:1033900001F0D0FFFF21384602F0BEF8384684F82D
:1033A000128002F09BF8A37CB0F1FF0518BF012545
:1033B000002BE2D04146207C01F0BCFFFF213846C3
:1033C00002F0AAF8384602F05DF82846A674BDE877
:1033D000F08100252846BDE8F08100BF2DE9F843C3
:1033E000204F0446884691463D68061D05F59675B2
:1033F000ADB203E03B68EB1A1B040DD4304602F07B
:103400006DF8FF282075F5D0FE281AD01823A07C6F
:10341000637430B9BDE8F8831D23A07C6374002871
:10342000F8D0207C012101F085FFFF21304602F019
:1034300073F8304602F026F800231846A374BDE85E
:10344000F8834A464146304602F054F8207538B9B0
:10345000304602F043F8304602F040F80120D9E748
:103460002523D4E7E0C40020F0B5002783B00C2169
:1034700004463A46C77400F05BF8B0B9A67C1EB9A2
:103480000126304603B0F0BD05460121207C01F045
:1034900051FF201DFF21019002F03EF8019801F03C
:1034A000F1FF3046A57403B0F0BD0923A67C637418
:1034B000002EE6D0251D207C01213E4601F03AFF7A
:1034C000FF21284602F028F8284601F0DBFF3046AD
:1034D000A77403B0F0BD00BFC27C022A03D0012A4A
:1034E00004D00120704703685B6E1847FFF7BCBF2C
:1034F00038B503680D460D4904461A6A8A420CD154
:10350000C27C022A04D0012A0BD00120257738BDC5
:103510005B6E98470028F8D138BD90470028FBD053
:10352000F3E7FFF7A1FF0028F6D0EEE70D15010045
:103530002DE9F041036882B00F46354901920646F5
:103540001A6A8A425ED1C27C022A41D0012A5BD02B
:10355000B47C002C47D0351D0C2F11D0DFF8B4807F
:10356000D8F8004004F59674A4B204E0D8F800300E
:10357000E31A1A0434D4284601F0B0FFFF28F5D12D
:103580000DF1040802AC47F04001284601F0C4FFE9
:1035900014F8011D284601F0BFFFA045F8D1002F07
:1035A00028464FF00A040CBF9521872101F0B4FF93
:1035B000284601F093FF2846013C01F08FFF0306E7
:1035C000A4B2307501D5002CF5D102B0BDE8F08170
:1035D0005B6E98470028BBD1FF2002B0BDE8F081A8
:1035E000002FCDD0F8E7351D284601F02DFF2146EC
:1035F000307C01F09FFEFF21284601F08DFF012362
:10360000B374A9E79047E5E7FFF72EFFE2E700BFB5
:103610000D150100E0C400202DE9F04788B00546F3
:103620004FF00008174601AC2E1D85F8128085F872
:10363000118085F8158084E80E009DF80400287438
:1036400001F074FE0121287C01F074FE6C4907230F
:10365000C5E9021394E8070005AB83E8070030468C
:103660000ECB01F0FBFEAC7C85F81380002C67D0FC
:103670000A240121287C01F05DFEFF21304601F083
:103680004BFF611E11F0FF04F7D121460A24287C6C
:1036900001F050FE002228461146FFF749FF01289D
:1036A00004F1FF3304460AD013F0FF04F2D10123E2
:1036B000A87C6B74002851D108B0BDE8F0874FF4A6
:1036C000D57208212846FFF733FF420757D56C759E
:1036D0002B68DFF830A19B6D534561D1687DA0F167
:1036E0000204DFF82491B4FA84F4D9F800306409B4
:1036F00003F5FA68A4071FFA88F805E0D9F8003046
:10370000A8EB03031B0449D4372100222846FFF706
:103710000FFF224629212846FFF70AFF0028EDD196
:103720002B689B6D534565D1687D022849D0AB7CE1
:10373000CBBB07230120C5E9027308B0BDE8F087C1
:10374000304601F081FE2146287C01F0F3FDFF2187
:10375000304601F0E1FE0123AB7489E7287C0121AA
:1037600001F0E8FDFF21304601F0D6FE304601F0C1
:1037700089FE00231846AB7408B0BDE8F087022329
:1037800004246B75304601F0A9FE631E287513F002
:10379000FF04F7D1AA289BD0062389E7172387E7E0
:1037A000284698479BE70121287C01F0C3FDFF21B3
:1037B000304601F0B1FE304601F064FE0023AB74E8
:1037C000B7E700223A212846FFF7B2FEA8B93046F3
:1037D00001F084FE00F0C000C02801D103236B7506
:1037E000304601F07BFE304601F078FE304601F0B5
:1037F00075FE9CE72846984797E7122358E700BFD5
:10380000801A060009120100E0C40020F8B5002269
:103810000D463A210646FFF78BFEE0B9371D2C1DF9
:10382000384601F05BFE04F8010DA542F8D1B47CE6
:1038300014B901242046F8BD307C012101F07AFD45
:10384000FF21384601F068FE384601F01BFE0023D8
:103850002046B374F8BD1223B47C7374002CE9D0F5
:10386000341D307C012101F065FDFF21204601F06F
:1038700053FE204601F006FE00231C46B37420468A
:10388000F8BD00BF70B5164682B000220446FFF7AF
:103890004FFEB0B11B236374A07C08B902B070BDA9
:1038A000251D207C012101F045FDFF21284601F066
:1038B00033FE284601F0E6FD00231846A37402B04B
:1038C00070BD0546102231462046FFF787FD0028CF
:1038D000E2D0A67C002EE1D0207C012101F02AFD5F
:1038E000201DFF21019001F017FE019801F0CAFD93
:1038F0003046A57402B070BD0368254ADB6C934264
:1039000000B585B00FD16A460921FFF7BBFF38B17A
:103910009DF8003013F0C00308D0402B27D00020C2
:1039200005B05DF804FB69469847F0E79DF809305B
:103930009DF80A2003F003039DF806109DF8070088
:103940005B0001F0030180009DF808C043EAD21338
:103950009DF8052040EA812002F00F0240EA9C1009
:1039600013440130073B984005B05DF804FB9DF817
:1039700009009DF8073001309DF8082003F03F034F
:1039800000EB034000EB0220800205B05DF804FB71
:10399000E91C010003680A4630B59B6D83B0164DE3
:1039A0000446AB4224D1407D03284FF0120120464B
:1039B00018BF5202FFF7BCFD20B901231846E3747B
:1039C00003B030BD0C23A07C63740028F8D0251D03
:1039D000207C012101F0AEFCFF21284601F09CFD76
:1039E000284601F04FFD00231846A37403B030BDF4
:1039F00001919847019AD7E709120100F8B51446DA
:103A0000C27C06460D46012A1F4602D183698B42BD
:103A100005D029463046FFF7BDFF80B1B56187B1BB
:103A2000002501E0AF420CD021464FF40072304631
:103A3000013504F50074FFF7D1FC0028F2D1002015
:103A4000F8BDB369307F3B44B3610028F8D13046FC
:103A5000BDE8F840FFF708BD2DE9F84F9B46C37C51
:103A600006460C46012B1546DDF82890DDF82C8023
:103A700002D183698B4205D021463046FFF78AFF89
:103A8000B0B1B461BBF1000F15D004EB0B0A02E03A
:103A9000C847A2450FD04FF4007229463046FFF7C1
:103AA0009DFC07464246204629460134002FEFD1AF
:103AB0000020BDE8F88FB369307F5B44B361002814
:103AC000F7D13046BDE8F84FFFF7CEBC03682DE9CB
:103AD000F0415F69164B9F421FD1C37C04460D46DF
:103AE0001646012B02D18369994205D0294620460A
:103AF000FFF750FF70B1A5614FF4007231462046C8
:103B0000FFF76CFC30B1A369207F0133A36148B19A
:103B1000BDE8F0810020BDE8F081BC460123BDE88E
:103B2000F04160472046BDE8F041FFF79DBC00BF73
:103B3000311A010003680A4630B59B6D83B0164DFB
:103B40000446AB4224D1407D03284FF019012046A2
:103B500018BF5202FFF7ECFC20B902230120E374E6
:103B600003B030BD0E23A07C63740028F8D0251D5F
:103B7000207C012101F0DEFBFF21284601F0CCFC76
:103B8000284601F07FFC00231846A37403B030BD23
:103B900001919847019AD7E70912010003682DE9BE
:103BA000F043DB6C1746414A85B004460E4693420B
:103BB00045D16A460921FFF765FE0546B5B19DF876
:103BC0000A305A0618D5637D032B01D076027F0296
:103BD000324620212046FFF7ABFC28B93A46212186
:103BE0002046FFF7A5FC70B326236374A57C9DB91E
:103BF000284605B0BDE8F08303F03F039DF80B2095
:103C00005B0043EAD2137A1C32431342DBD02723F2
:103C1000A57C6374002DEBD0251D207C012101F0D3
:103C200089FBFF21284601F077FC284601F02AFC99
:103C300000231D46A374284605B0BDE8F0836946FD
:103C400098470546BAE7024626212046FFF770FC52
:103C50000028C9D1DFF8588042F2107704F1040936
:103C6000D8F800301F44BFB204E0D8F80030FB1A87
:103C70001B0417D4484601F031FCFF280646F4D156
:103C8000A37C002BB4D00121207C1D4601F052FB07
:103C90003146484601F040FC484601F0F3FB002362
:103CA000A374A5E728236374A0E700BFE91C010003
:103CB000E0C4002070B5002282B00E4609210446FF
:103CC000FFF736FCB0B11B236374A07C08B902B0C7
:103CD00070BD251D207C012101F02CFBFF21284611
:103CE00001F01AFC284601F0CDFB00231846A3740E
:103CF00002B070BD0546102231462046FFF76EFB2C
:103D00000028E2D0A67C002EE1D0207C012101F029
:103D100011FB201DFF21019001F0FEFB019801F035
:103D2000B1FB3046A57402B070BD00BF70B5002273
:103D300082B00E460A210446FFF7FAFBB0B11B23FE
:103D40006374A07C08B902B070BD251D207C0121E0
:103D500001F0F0FAFF21284601F0DEFB284601F0D1
:103D600091FB00231846A37402B070BD05461022D3
:103D700031462046FFF732FB0028E2D0A67C002E19
:103D8000E1D0207C012101F0D5FA201DFF21019016
:103D900001F0C2FB019801F075FB3046A57402B03A
:103DA00070BD00BF70B5051D16460446284601F0DB
:103DB000B3FB4FF400723146284601F0B7FBFF21F8
:103DC000284601F0A9FBFF21284601F0A5FB284663
:103DD00001F084FB00F01F032075052B04D0202385
:103DE000A07C637410B970BD012070BD207C0121DE
:103DF00001F0A0FAFF21284601F08EFB284601F0D1
:103E000041FB00231846A37470BD00BF2DE9F041AB
:103E1000174D06460F4600F104082C6804F5167489
:103E2000A4B203E02B68E31A1B040CD4404601F053
:103E300055FBFF28F6D13A46FC213046FFF7B2FF8A
:103E400018B1BDE8F08124237374B07C0028F8D049
:103E5000307C012101F06EFAFF21404601F05CFB4D
:103E6000404601F00FFB00231846B374BDE8F08113
:103E7000E0C40020036870B59B6D1646224A82B0EC
:103E800004460D4693423CD1407D03284FF0180173
:103E9000204618BF6D022A46FFF74AFB0546B0B11F
:103EA0000D236374A07C08B902B070BD251D207C71
:103EB000012101F03FFAFF21284601F02DFB2846A1
:103EC00001F0E0FA00231846A37402B070BD324638
:103ED000FE212046FFF766FF0028E3D0A67C002ED7
:103EE000E2D0207C012101F025FA201DFF21019064
:103EF00001F012FB019801F0C5FA3046A57402B03A
:103F000070BD9847C1E700BF0912010010B4047FDB
:103F100034B104680123A46AA4465DF8044B6047E9
:103F20005DF8044BFFF7A6BF10B584B004460DF151
:103F3000040C8CE80E009CE80E00FFF76DFB20B12E
:103F40009DF8053003F00103237704B010BD00BFD6
:103F5000002070470020704700207047704700BF66
:103F6000084B0021084A094810B499631C6B14607F
:103F700012685DF8044B1A639A6C22F081029A640D
:103F80000170704700002C40F0B2002014C50020E2
:103F9000034B586A80F08070C0F30060704700BF28
:103FA00000002C40014B1878704700BF14C500205A
:103FB0002B4A2C4B526AD3F800312B49C2F3C22250
:103FC00003F03F03013270B5284C4FF47A75A4FB1F
:103FD000034305FB00F09B08B1FBF3FEBEFBF2FEC2
:103FE000B0EB1E1F35D201231E465B001A01BEFB3B
:103FF000F2F2824201D9FF2BF6D9BEFBF3F2360270
:1040000090422AD24FEA430C012200E0A446154612
:1040100003EB0C040132BEFBFCF1814217D9102ADC
:10402000F4D1F0254FF47A731149124A03FB0CFCCA
:10403000BEFBFCF30B60104BD16A0B402B433343A8
:1040400043F46023D362536A1B07FCD570BD2D0176
:10405000E8E7724600260123D2E79C460025E1E707
:1040600000C00F4000800D4000EC695EABAAAAAA18
:1040700068B1002000002C400F00F0FF014B1878C1
:10408000704700BF22990020014B1868704700BF9D
:10409000F0B2002010B4074C8C460FCCCCF80000D6
:1040A0000120CCF80410CCF80820CCF80C305DF8D6
:1040B000044B7047C4B2002010B4074C8C460FCCA0
:1040C000CCF800000120CCF80410CCF80820CCF883
:1040D0000C305DF8044B7047D4B20020024B012035
:1040E0001B680B60704700BFE4B20020704700BF40
:1040F00010B504460C21FCF74FFA204610BD00BF56
:10410000044B1B7823B1044B18780230C0B27047BF
:104110000120704711C5002012C50020184B1A78E5
:1041200012F0C0020FD0402A01D000207047587A08
:10413000DA79197A013002F03F0300EB034000EB1B
:104140000120800270475A7A9979D87902F00302E7
:1041500093F808C001F003018000520040EA81207A
:1041600000B593F80AE040EA9C105B7942EADE125F
:10417000013003F00F031344073B98405DF804FB44
:10418000D4B20020404A0520404938B5D2F8004159
:104190003F4B44F080043F4DC2F80041D2F800414B
:1041A00024F03F04C2F80041D2F8004144F0180462
:1041B000C2F80041D2F8004124F08004C2F8004166
:1041C000D3F8802042F00C02C3F880205A6A22F40F
:1041D00060525A62DA6942F48032DA615A6A42F411
:1041E00000625A62C1F8CC01C1F8D001C1F8BC012B
:1041F000C1F8C001C1F8C401C1F8C801AA6C264BBE
:1042000042F00042AA64EA6A1343EB62EC6A14F0DB
:104210008074FBD14FF4C870FFF7CAFE1B4B47F206
:10422000B80241F2B801C3F8CC411C48C3F8D041F0
:10423000C3F8BC41C3F8C041C3F8C441C3F8C84186
:10424000C3F8BC23C3F8C023C3F8AC23C3F8B0132E
:10425000C3F8B4231249C3F8B823124B6863C1F8FA
:10426000F8314FF0E0234FF480420F49602081F88D
:104270006E00C3F80C21EB6A064A43F00063EB6260
:10428000D36A1B01FCD438BD00800D4000801F4064
:1042900000C00F4000002C40008000010B007F1187
:1042A000009C0020951F010000E400E02DE9F04192
:1042B000FBF724FE174E184D0746DFF8748004E024
:1042C000FBF71CFEC01B40451BD8346B2C40F7D0BD
:1042D000124A0021124B1170326B1A601968114A90
:1042E00031631B68134209D00F491F240F4B40F262
:1042F0007A2200200C701A60BDE8F0810120BDE830
:10430000F081064A064B1470326B1A601B683363E7
:10431000EAE700BF00002C4002007F1113C5002017
:10432000F0B2002000007F1122990020BCB20020D2
:1043300040420F002DE9F843264C0F462378002B0E
:1043400038D1254B5A6AD2052BD5234DDFF89480FE
:10435000AB6A43F48033AB62FBF7D0FD064604E062
:10436000FBF7CCFD801B40452AD86B6A13F48069AB
:10437000F6D007F13C0C184807F50F77436A5B0548
:10438000FCD5ACF1400353F8042F9C450262FAD1EE
:104390000CF1400CBC45F1D1012318462370BDE857
:1043A000F8839A6A22F480329A629A6A42F400325E
:1043B0009A62CAE7FFF77AFF0028C2D1BDE8F88306
:1043C00006492124064B4FF47E7248460C701A6051
:1043D000BDE8F88313C5002000002C40229900207E
:1043E000BCB2002040420F002DE9F041074688464C
:1043F0001F4CFBF783FD1F4E054604E0FBF77EFDD7
:10440000431BB34224D8636AD907F7D4BB02C4F86C
:10441000088020D427F0FF03154C174EE360FBF70C
:104420006DFD144F054604E0FBF768FD401BB842E4
:104430000ED8236B3342F7D0226B104B1A601A68E8
:1044400022631A68D20703D51B6813F4702F0BD0B0
:104450000020BDE8F081A26CFBB222F0FF02A26452
:10446000A26C1343A364D5E70120BDE8F08100BF2F
:1044700000002C4040420F0001000F00F0B200206D
:10448000154B30B50D4685B01968FFF7ADFF08B381
:10449000124B05F10F041A6900925969019199694B
:1044A0000291DB690393002301E05EF8102C03F016
:1044B000030C01334FEACC0C23F0030E0F2B22FA2E
:1044C0000CF20EF1100104F8012D0DEB010EECD1F0
:1044D0000023EB7305B030BDE8B2002000002C4093
:1044E00010B5037ADB0705D5154B1B68B3B1BDE8E2
:1044F00010401847134B1B783BB9134B5C6A84F090
:104500008074C4F30064204610BD0F4B0F4C1B6B2E
:104510001C40B4FA84F46409204610BD0C4B1C788E
:10452000002CF0D00B4B0C481968FFF75DFF0028FA
:10453000E9D0054B1C6984F48074C4F30024E2E7DD
:10454000ECB2002013C5002000002C4002007F11B7
:1045500010C50020E8B2002000001A0D08B5044B79
:1045600004481968FFF740FF08B1034B186908BDFC
:10457000E8B2002000001A0D00002C4008B5074BDF
:1045800007481968FFF730FF30B1064B186980F40F
:104590008070C0F3002008BD012008BDE8B20020F3
:1045A00000001A0D00002C402DE9F047294B8946E8
:1045B000DFF8C0A0284ECAF80030FBF79FFC274D5B
:1045C0000446DFF8B480264F06E0FBF797FC001B9B
:1045D000B84229D8FDF716FC31682846FFF704FFDA
:1045E0000028F2D0D8F81030DB05EED500234FF4C8
:1045F0000072CAF80030D8F8283023F48033C8F8A5
:104600002830184BC8F804201B78CBB1494616480F
:10461000FFF7EAFE30B915490E24154B40F2574218
:104620000C701A60BDE8F087104A0A210020104B78
:10463000117040F24B42CAF800001A60BDE8F087E2
:104640004FEA492908484946FFF7CEFE0028E9D13C
:10465000E1E700BFB1250100E8B2002000001A0D1B
:1046600040420F0012C5002020003A192299002074
:10467000BCB20020ECB2002000002C402DE9F0413B
:10468000254C00212548A36A23F48033A362FFF759
:10469000ABFE054648B922490920224B40F23D2293
:1046A00008701A602846BDE8F0811F4BDFF8808053
:1046B000C8F80030FBF722FC636A0646D80118D41C
:1046C0001A4F04E0FDF79EFB636AD90111D4FBF792
:1046D00015FC831BBB42F5D9114A0A210025114B59
:1046E00011704FF410722846C8F800501A60BDE8E7
:1046F000F0810022084BC8F800205A6A9207D1D5F1
:10470000586B9A6AD96A22F4803241F08061D9628A
:1047100058639A62C6E700BF00002C400000DB0C23
:1047200022990020BCB20020C51F010040420F00AA
:10473000ECB200202DE9F04782468946364EFBF761
:10474000DDFB364D0446DFF80081354F04E0FBF712
:10475000D5FB031BBB4227D831682846FFF744FE30
:104760000028F4D0D8F81030DA05F0D501232D4D0B
:104770002D4F51462B7000232C483B602C4BC8F822
:104780000090C8F804302B4BC8F83830FFF72CFEE7
:104790000446A0B928490420284B40F29F12087013
:1047A00020461A60BDE8F08723490A20234B4FF4C6
:1047B000CC72002408701A602046BDE8F087204BB8
:1047C000DFF88890C9F80030FBF798FB2B78064695
:1047D000BBB1DFF84C8003E0FDF714FB2B7883B10D
:1047E000FBF78CFB831B4345F6D90023C9F8003047
:1047F00011492520114B4FF4D172002408701A6022
:10480000DAE73B6800229B07C9F80020F0D53A6838
:104810000C4B1A42D0D0EBE7E8B2002000001A0D92
:1048200040420F0014C50020F0B2002011003A06EB
:104830004000010002007F1122990020BCB200203C
:10484000D91F010000007F1100002C40ECB20020B5
:104850002DE9F041324D1446AB7A13F0400012D1ED
:1048600003F03F03EA7A5B0043EAD213621C0A4377
:10487000134208D02B4927242B4B40F202320C70F4
:104880001A60BDE8F081294B1B780BB9490264021C
:104890002748FFF7A9FD40B922490F24224B40F2D7
:1048A0000A320C701A60BDE8F08121462148FFF7FA
:1048B0009BFD40B91B4910241B4B40F20D320C707C
:1048C0001A60BDE8F08100211B48FFF78DFD38B963
:1048D00014491124144B4FF444720C701A60E2E72F
:1048E000FBF70CFB154E164D0446DFF85C80154FA8
:1048F00031682846FFF778FD18B1D8F81030DB058D
:10490000D1D4FBF7FBFA001BB842F1D905492824A2
:10491000054B40F2133200200C701A60C3E700BF51
:10492000D4B2002022990020BCB2002012C5002081
:1049300000001A2000001A2100001B26E8B2002007
:1049400000001A0D40420F0000002C402DE9F04FEE
:1049500012F0030483B018BF012401900093002BD0
:1049600008BF44F001045CB140492520404B40F2AF
:10497000F512002408701A60204603B0BDE8F08FDD
:104980003C4B15463C4A0E46DFF80C911360FBF792
:10499000B5FADFF808810746DFF804B1DFF8F0A0C8
:1049A00006E0FBF7ABFAC01B504544D8FDF72AFAE6
:1049B000D9F800104046FFF717FD0028F1D0DBF8CA
:1049C0001030DA05EDD5009A2C4B2B4903EA02434F
:1049D00000222B4F0A6043F400730121DFF8C480EA
:1049E0003970C8F80020CBF80050CBF80430254BC4
:1049F000CBF83830244B1B7843B331460198FFF78E
:104A0000F3FC81460028B7D0204B1B4A1360FBF70C
:104A100075FA3B780546DBB11D4E03E0FDF7F2F970
:104A20003B78ABB1FBF76AFA401BB042F6D90023E2
:104A3000114A1360A0E70D4B0A2200210E481A709C
:104A40004FF4FC720A4B01601A6095E77602D4E7D6
:104A50000023094A1360D8F800309B078CD5D8F89A
:104A600000200C4B1A4208BF4C4685E722990020D3
:104A7000BCB20020B1250100ECB200200000FF1FF5
:104A800014C5002002007F1112C50020D91F0100AB
:104A900040420F0000007F11E8B2002000001A0D14
:104AA00000002C40F0B20020F8B50646007A0C4613
:104AB0001546C0071F4613D483B10F4401E0BC4222
:104AC0000CD033682A46214630461B69013405F56F
:104AD000007598470028F2D10020F8BD0120F8BDEC
:104AE000900712D0002BF9D00F4401E0BC42F5D062
:104AF00033682A46214630461B69013405F50075A6
:104B000098470028F2D10020E7E70648FFF71EFF8C
:104B10000028E3D104490C24044B40F2A1320C706C
:104B20001A60F8BD37003A1222990020BCB200206A
:104B3000F8B50646007A0C461546C0071F4613D442
:104B400083B10F4401E0BC420CD033682A462146B1
:104B500030465B6A013405F5007598470028F2D1AC
:104B60000020F8BD0120F8BD900712D0002BF9D02D
:104B70000F4401E0BC42F5D033682A462146304656
:104B80005B6A013405F5007598470028F2D10020D2
:104B9000E7E70648FFF7DAFE0028E3D104490E24D0
:104BA000044B40F23D420C701A60F8BD27003A19E0
:104BB00022990020BCB200202DE9F04F0025DFF83B
:104BC000C0929B4C91B0DFF8BC829A4E0172457244
:104BD00089F80050257088F800503570FFF7D2FA38
:104BE00029462846FFF700FC50B90121924B40F2BC
:104BF0008E22054621701A60284611B0BDE8F08F5C
:104C000003258E4F4FF4D5713846FFF7EDFB002892
:104C10004ED1013DF6D13378002B3DD0DFF868B29C
:104C2000FBF76CF9864E0546DFF860A2854F002140
:104C30003046FFF7D9FB50B9002517217E4B4FF4C2
:104C40002A72284621701A6011B0BDE8F08F5946CB
:104C50005046FFF7C9FB0028EED0FBF74FF9401B89
:104C6000794BB842E8D81A69002AE0DA1969774A1C
:104C700011601B695A0002D5012388F80030002119
:104C80007348FFF7B1FB054610BB02216A4B40F2A7
:104C9000B12221701A60AFE7FFF774FA294628465F
:104CA000FFF7A2FB3378002BB8D14FF4401BB7E7D6
:104CB000654B1B69B3F5D57F07D006215E4B4FF4DA
:104CC0002572002521701A6096E701233370A5E74D
:104CD00000216048FFF788FB054630B90321564B99
:104CE0004FF42D7221701A6086E7574E5A4B326985
:104CF0005A4F13405A495B483B60FFF7C1FB0546DA
:104D000030B907214C4B40F2B92221701A6073E789
:104D100055495648FFF7B4FB054630B90821464BC4
:104D20004FF42F7221701A6066E739685048FFF718
:104D30005BFB054630B905213F4B40F2BF22217095
:104D40001A6059E739683E48FFF74EFB38B914211D
:104D5000394B40F2C322002521701A604CE7022132
:104D60004448FFF741FB05460028F0D0B36A694686
:104D70006FF07F4023F00603B362B36A43F002038F
:104D8000B3624FF010137364FFF7D4FC9DF80D303D
:104D90009B0743D5002841D0274E6946364894F8F2
:104DA00000803768FFF7C6FC9DF8103003F00F0352
:104DB000012B36D1A8B34CF25030304C0523C4F847
:104DC000CC31C4F8D031C4F8BC31C4F8C031C4F817
:104DD000C431C4F8C831FFF7EBF8002347F2B8023A
:104DE000C4F8CC31C4F8D031C4F8BC31C4F8C031F7
:104DF000C4F8C431C4F8C83141F2B803C4F8BC23C4
:104E0000C4F8C023C4F8AC23C4F8B0330123C4F8F9
:104E1000B423C4F8B82389F80030EDE646F2A810B0
:104E2000CBE746F2A81084F800803760C5E700BFE2
:104E30002299002011C50020BCB2002000001A08F1
:104E400000001A3740420F0000002C40E4B200205E
:104E50000000090200001A030000FFFFE8B2002072
:104E6000D4B2002000000909C4B200200000090AE1
:104E700000001B0700001A06F1FFFF8000801F40A2
:104E800010C5002012C5002000003040000002299B
:104E9000374B5A6A92052DE9F0410F460DD49A6AB4
:104EA00022F480329A6272B69A6A42F400329A62AE
:104EB0009A6A42F480329A6262B6FBF71FF82C4E6F
:104EC000DFF8C480054604E0FBF718F8431B4345B0
:104ED00037D8746A14F40064F6D007F13C0C244807
:104EE00007F50F77436A1B05FCD5ACF14003026A56
:104EF00043F8042F9C45FAD10CF1400C6745F1D1E1
:104F0000FAF7FCFF1A4F1B4D0646DFF87C8004E0E1
:104F1000FAF7F4FF831B43451DD83C6B2C40F7D0B8
:104F20003B6B154A136013683B63136813F002036D
:104F30001BD01268114B1A420CBF01200020BDE8A3
:104F4000F0810F491A250F4B40F2563220460D7062
:104F50001A60BDE8F0810A491D250A4B40F2613212
:104F600020460D701A60BDE8F0811846BDE8F0815A
:104F700000002C4002007F11F0B2002000007F11E1
:104F800022990020BCB2002040420F002DE9F047DA
:104F9000294B8946DFF8C0A0284ECAF80030FAF73E
:104FA000ADFF274D0446DFF8B480264F06E0FAF740
:104FB000A5FF001BB84229D8FCF724FF316828461A
:104FC000FFF712FA0028F2D0D8F81030DB05EED542
:104FD00000234FF40072CAF80030D8F8283043F4A8
:104FE0008033C8F82830184BC8F804201B78CBB1A0
:104FF00049461648FFF7F8F930B915490C24154B06
:1050000040F2BD320C701A60BDE8F087104A0A21E8
:105010000020104B117040F2B132CAF800001A6043
:10502000BDE8F0874FEA492908484946FFF7DCF90F
:105030000028E9D1E1E700BFB1250100E8B2002076
:1050400000001A0D40420F0012C5002030003A1235
:1050500022990020BCB20020ECB2002000002C40BD
:105060002DE9F04100221D4C0D4642721146A36A03
:105070001B4823F48033A362FFF7B6F940B91949FE
:105080000924194B40F2D3320C701A60BDE8F0814C
:10509000002DFBD0154B164E3360FAF72FFF636AD5
:1050A0000746DA0116D4DFF84C8004E0FCF7AAFECC
:1050B000636ADB010ED4FAF721FFC01B4045F5D926
:1050C000084A0A210020084B117040F2D7323060A4
:1050D0001A60DBE7002328463360D7E700002C4046
:1050E0000000DB0C22990020BCB20020C51F01008B
:1050F000ECB2002040420F000A4B1B7810B504466A
:105100001BB9637A43B9012010BDFFF7CFF800281F
:10511000FAD0637A002BF6D020460121BDE810407A
:10512000FFF79EBF13C500202DE9F0410446007A29
:10513000ADF5007D164610F0010513D093073CD065
:10514000012338486A46FFF701FC00283AD04FF4A3
:10515000007269463046FBF783F928460DF5007D5D
:10516000BDE8F081DFF8CC800F4698F80030002BC6
:1051700035D1637A012B39D022682B49126A8A42D1
:105180004AD198F80020002A34D1002B39D1394671
:105190002046FFF7FBFEE8B10123676063723146EA
:1051A0002046FFF775FEA8B163680546013328461F
:1051B00063600DF5007DBDE8F08101231948FFF71C
:1051C000C5FB38B919490B20194B4FF45D72002506
:1051D00008701A6028460DF5007DBDE8F081FFF7E4
:1051E00065F80028F6D0637A012BC5D16268BA420F
:1051F000C2D1D4E7FFF75AF80028EBD0637A002B2E
:10520000C5D001212046FFF72BFF0028BFD128463B
:105210000DF5007DBDE8F081204690470028F6D0CE
:10522000B5E700BF11003A112D310100229900208D
:10523000BCB2002013C500202DE9F041047AADF581
:10524000007D0F46904614F001041DD012F0030FAC
:1052500006D0684611464FF400728046FBF700F90D
:105260000123424639462C48FFF770FB044630B90B
:105270002A490D202A4B40F2114208701A6020463C
:105280000DF5007DBDE8F081264D06462B782BBB41
:10529000737A022B29D032682349126A8A4236D1A6
:1052A0002A7832BB002B2BD13368394630461B6E2F
:1052B00098470028E3D00223776073723368414631
:1052C0003046DB6D98470028D9D073680446013317
:1052D000204673600DF5007DBDE8F081FEF7E6FF26
:1052E0000028CCD0737A022BD5D17268BA42D2D1C1
:1052F000E4E7FEF7DBFF0028C1D0737A002BD3D0A0
:1053000001213046FFF7ACFE0028B8D0CCE730468C
:1053100090470028B3D0C7E701003A18229900202F
:10532000BCB2002013C500202D3101000121FAF785
:105330004BBE00BFFAF70CBE30B482B00C4602ABD5
:1053400003E90600C37C002B30D072B6C37CDA07B9
:1053500008D54FF0E0214569D1F880212A408262CA
:10536000C1F880219D0708D54FF0E0218569D1F86B
:1053700084212A40C262C1F88421590708D54FF020
:10538000E021C569D1F888212A400263C1F888214B
:105390001A0708D54FF0E021056AD1F88C212A4080
:1053A0004263C1F88C21DB062FD462B683689C422D
:1053B00035D0224B84609B69214AC3F30111C3F3AA
:1053C000826352F821100133B1FBF3F2CCB1944265
:1053D00027D8B2FBF4F3B2FBF3F294422CD3B3F52B
:1053E000817F20D3174CC4600368032200200199F9
:1053F00018615A6201221C6419661A6102B030BC3D
:1054000070479942EFD3531CE9E74FF0E022416A1D
:10541000D2F890310B408363C2F89031C5E7C4687D
:10542000E2E70024DFE7022BFBD9023B5A08140213
:1054300044EA02441C43D6E71A46E4E700C00F40A2
:105440007C1C0020FF7F7F0008B5034653F8040B47
:1054500093E80600FFF770FF08BD00BF84B00DF1B0
:10546000100C0CE90E00024623B11846136004B07C
:1054700000F072B9024B1846136004B000F06CB92A
:10548000E09000200268D37C13B3D80704D5906A5B
:105490004FF0E021C1F80001990704D5D06A4FF020
:1054A000E021C1F80401580704D5106B4FF0E0214A
:1054B000C1F80801190704D5506B4FF0E021C1F87D
:1054C0000C01DB0604D5926B4FF0E023C3F81021EA
:1054D000704700BF006800F05DBA00BF0268FF239C
:1054E00012685366D36D13F4F81FFBD0506FC0B22F
:1054F000704700BF30B50C4683B00546FF212046FB
:10550000019202F03BFB2868019B2246214600F0F5
:105510003DFA002003B030BD03681A685166D36DB0
:1055200013F4F81FFBD0536F704700BF531EB3F541
:10553000007F30B51446ADF5017D054611D36AB143
:105540000368481E1968821810F8013F4B66CB6D3E
:1055500013F4F81FFBD090424B6FF5D10DF5017D90
:1055600030BD6846FAF77CFF6A4623462868114634
:1055700000F00CFA0DF5017D30BD00BFB1F5807F64
:1055800021D810292ED840234FF0200CB2FBF3F184
:10559000B1F5806F20D203FB112300B5B2FBFCFEF6
:1055A000B3FBFCF30CFB1E224FEA910CDBB2013281
:1055B0002CF03F0CC9B2037042EA0C028170D2B2E7
:1055C00042705DF804FB3F239C46802910D9B1F559
:1055D000FC7F0FD81B01D9E7FF21FE234170037028
:1055E00081707047202916D880234FF0200CCDE71A
:1055F000DB00CBE7B1F57C7F04D9B1F5FC6F03D8B4
:105600009B01C3E75B01C1E7B1F57C6F94BFDB0190
:10561000C3EB0323BAE720239C46D6E7F0B4046823
:1056200040F201251E462561A3B121B311F8015BAB
:10563000013B6566256FAF0707D41546013E676FCE
:105640001AB105F8017B2A4604686569ED07F1D5B2
:10565000002BEAD16EB10368196F8907FAD411469D
:10566000013E5B6F002AF5D001F8013B0A46002E8F
:10567000F1D1F0BC704790F83C50D9E7324B334938
:1056800030B5D3E911542079C8771A6C95F804C065
:1056900081F81CC0087752B1B2F5004F23D32C49D2
:1056A00011442A4A1964D07682F81BC030BD1968AB
:1056B0000F24D86C8C6540F20134CA610C614FF440
:1056C0007C544C6103210468246883F83D10214B0D
:1056D0009C4226D1037F4260022BC26026D18368A0
:1056E000BDE8304018472D68E98B090422D492B2F6
:1056F000EA832168EC8BA4B2EC82CC8B240405D520
:10570000CC8BC2F3080204F47E442243CA83CA8BC2
:1057100092B2CA8200210D4A1964D07682F81BC069
:1057200030BD23461146BDE830401847BDE8304043
:10573000FCF7D4BBE98BC2F3080E92B201F47E41B0
:1057400041EA0E01E983D4E7E090002000800E409A
:105750000180FFFF95FF000043682DE9F04FD3E97A
:105760000041814D4FF0B80A22684FF0020822EA4A
:1057700001027E492260AA6911407D4A0A43AA615A
:1057800090F810E07B4A03EB0E0603EB8E0E317CA3
:1057900002EB01118968C1F800A090F811C003EB79
:1057A0000C050CF10A0C95F8241002EB0111896824
:1057B000C1F800A0817C03EB010903EB810199F89A
:1057C00038B002EB0B1BDBF808B0CBF800A0D4F824
:1057D00000A05F684AEA070AC4F800A0347CDEF83B
:1057E00014E002EB04146468C4F800E095F8244067
:1057F00053F82CC002EB04146468C4F800C0C96BF1
:1058000099F8384002EB0412526811609A6C99F8CA
:10581000441011601A6A317F5B6B116095F830207B
:105820001A600F220368C3F810809A65C27C002AB0
:1058300031D072B6C37CDC0708D54FF0E021446953
:10584000D1F8802122408262C1F88021990708D5D1
:105850004FF0E0218469D1F884212240C262C1F86E
:1058600084215A0708D54FF0E021C469D1F8882176
:1058700022400263C1F888211F0708D54FF0E021BC
:10588000046AD1F88C2122404263C1F88C21DE06E3
:1058900055D462B60368384C8268A24259D0324A65
:1058A000846092693549C2F30116C2F38262344DB5
:1058B00051F826100132B1FBF2F2AA4231D800228F
:1058C000C260002403211C610724596201211A646B
:1058D0001C661961C37C13B3DD0704D5816A4FF0E0
:1058E000E022C2F800119C0704D5C16A4FF0E02203
:1058F000C2F80411590704D5016B4FF0E022C2F839
:1059000008111A0704D5416B4FF0E022C2F80C11C0
:10591000DB0604D5826B4FF0E023C3F81021BDE80D
:10592000F08F1849A1FB0251090DB2FBF1F2A2421E
:1059300088BF0131B1F5817F0DD3134AC0E74FF025
:10594000E022416AD2F890310B408363C2F8903173
:105950009FE7C268B5E70229B1D902394C08220293
:1059600042EA04420A43ABE700C00F40CFFFFFE327
:1059700010000008F08A002000093D007C1C002077
:10598000FF083D0083DE1B43FF7F7F000BB1FFF765
:1059900045BE70474368D3E900120968114200D13F
:1059A000704710B502680446002005211061227C72
:1059B0001344187CFAF708FB627C636805211344E2
:1059C00093F82400FAF700FB6368A27C05211344D6
:1059D000BDE8104093F83800FAF7F6BA53B94AB95F
:1059E000002908BF00281CBF4FF0FF314FF0FF30E7
:1059F00000F070B9ADF1080C6DE904CE00F006F8C6
:105A0000DDF804E0DDE9022304B070472DE9F0473A
:105A1000089E0D4604460F46002B4AD18A42944602
:105A200065D9B2FA82F343B102FA03FCC3F1200252
:105A30009F4020FA02F217439C404FEA1C4E1FFA87
:105A40008CF5B7FBFEF1220C0EFB117742EA074200
:105A500001FB05F090420AD91CEB020201F1FF376D
:105A600080F01C81904240F2198102396244121A7E
:105A7000A4B2B2FBFEF00EFB102244EA024400FB8B
:105A800005F5A5420AD91CEB040400F1FF3280F0B1
:105A90000781A54240F204816444023840EA014093
:105AA000641B00211EB1DC400023C6E90043BDE8B1
:105AB000F0878B4208D9002E00F0ED800021C6E966
:105AC00000050846BDE8F087B3FA83F1002949D103
:105AD000AB4202D3824200F2F880841A65EB0302E3
:105AE00001201746002EE2D0C6E90047DFE702B9E1
:105AF000FFDEB2FA82F3002B40F090808A1A4FEA60
:105B00001C471FFA8CFE0121B2FBF7F507FB15209D
:105B1000220C42EA00420EFB05F0904208D91CEB31
:105B2000020205F1FF3802D2904200F2CB804546D6
:105B3000121AA4B2B2FBF7F007FB102244EA0244A7
:105B40000EFB00FEA64508D91CEB040400F1FF3251
:105B500002D2A64500F2BB801046A4EB0E0440EA38
:105B600005409FE7C1F120078B4022FA07FC4CEA71
:105B7000030C05FA01F420FA07F3FD404FEA1C4933
:105B80002343B5FBF9F81FFA8CFE09FB18551C0CD2
:105B900044EA054408FB0EF5A54202FA01F200FAB8
:105BA00001F00BD91CEB040408F1FF3A80F0888067
:105BB000A54240F28580A8F102086444641B9DB2AE
:105BC000B4FBF9F309FB134445EA044403FB0EFE5E
:105BD000A64508D91CEB040403F1FF356CD2A64599
:105BE0006AD9023B644443EA0843A3FB0295A4EB51
:105BF0000E04AC42C846AE4656D353D056B1B0EBB5
:105C0000080264EB0E0404FA07F7CA40CC401743BD
:105C1000C6E9007418460021BDE8F087C3F12001F1
:105C200002FA03FC20FA01F225FA01F19D402A4311
:105C30004FEA1C471FFA8CFEB1FBF7F007FB10156B
:105C4000110C41EA054100FB0EF58D4204FA03F404
:105C500008D91CEB010100F1FF382FD28D422DD95C
:105C600002386144491B92B2B1FBF7F507FB1511ED
:105C700042EA014205FB0EF1914208D91CEB0202F7
:105C800005F1FF3816D2914214D9023D6244521AEE
:105C900045EA004138E73146304608E73946E6E64E
:105CA0001046FBE64845A9D2B9EB020865EB0C0E9D
:105CB000013BA3E74546EAE72B4694E74046D1E798
:105CC000D0467BE7023D624432E708460AE7644477
:105CD000023842E7704700BF931E222B10B50C46D6
:105CE0000CD80A2A03D001F0F7FC204610BD00288A
:105CF000F9DA2D2301F8013B4042F4E700230B7051
:105D0000184610BD024B0146186800F00BB800BFE2
:105D1000B8980020024B0146186802F089BB00BF0A
:105D2000B89800202DE9F04F01F10B06162E83B034
:105D3000044624D8102900F2BA8000F0A3FA1026F5
:105D400018220220B54F3A44A2F1080153688B4251
:105D500000F0BA805A68D96822F003021A449D689C
:105D6000E9608D60516841F001012046516003F106
:105D7000080500F08DFA284603B0BDE8F08F36F034
:105D8000070600F19480B14200F2918000F07AFAA7
:105D9000B6F5FC7FC0F09A81730A00F08F80042B67
:105DA00000F26F81B30903F1390003F1380CC3002D
:105DB0009A4F3B44A3F108055B689D4206D10CE075
:105DC000002980F22781DB689D4206D05A6822F0C4
:105DD0000302911B0F29F3DD60463D69DFF850C2D5
:105DE00065457CD06A6822F00302931B0F2B00F3F9
:105DF0007B81002BC7E904CC80F26C81B2F5007F77
:105E000080F01A81D308796801334FEA521E0122CB
:105E100002FA0EF20A4357F833E0C5F808E007EB40
:105E2000C3010839E9607A6047F83350CEF80C5066
:105E3000831001219940914257D8114206D120F098
:105E400003004900114200F10400FAD007EBC00939
:105E50004D468646D5F80C80454508D11DE1002BFE
:105E600080F22481D8F80C80454500F01681D8F8DE
:105E7000042022F00302931B0F2BF0DD2046D8E90B
:105E8000025408EB060146F00106C8F80460EC6015
:105E9000A56043F00104C7E90411C1E902CC4C60DC
:105EA00048F8023000F0F4F908F1080502E00C238C
:105EB00023600025284603B0BDE8F08F4FF400733F
:105EC00040204FF03F0C73E7D3689A4208BF02307E
:105ED0007FF440AF3D69DFF858C1654582D17A68EB
:105EE0008310012199409142A7D9BD686B6823F0C6
:105EF00003094E4503D8A9EB06030F2B7ADCDFF824
:105F000034B1474BDBF800201B680132334405EB0A
:105F1000090A00F0338103F580530F3323F47F68BF
:105F200028F00F084146204601F042FF411C02467E
:105F300000F0F380824500F2EE803A4B196841444C
:105F40001960084600F04E81DBF800100193013122
:105F50001BBFA2EB0A010918CBF80020196012F050
:105F6000070B00F01781CBF108010A44CBF58051F3
:105F700090440831A1EB0801C1F30B0A51462046B9
:105F8000009201F015FF421CDDE9002300F04F8173
:105F9000801A00EB0A081968BA6048F00100514401
:105FA000BD425060196000F02981B9F10F0F40F235
:105FB00027816868A9F10C0C2CF0070C00F0010097
:105FC00040EA0C0068604FF0050E05EB0C00BCF1D8
:105FD0000F0FC0E901EE00F2328150681546124BF6
:105FE0001A688A4238BF1960104B1A688A4238BF53
:105FF000196094E0AA1943F0010346F001066E60AF
:106000002046BA60536000F043F90835284603B0D3
:10601000BDE8F08FD9681A44A1E600BF9C94002027
:106020009CB500206CB5002094B5002098B50020E8
:10603000A4940020A4980020B2F5206F4FEA5223C8
:1060400063D3142B00F2B78003F15C01C9005B330A
:1060500007EB010E7958AEF1080E8E4500F09180E5
:106060004B6823F00303934202D989688E45F7D128
:10607000D1F80CE07A68C5E9021ECEF80850CD6070
:10608000D6E6142B59D9542B00F29D80330B03F123
:106090006F0003F16E0CC3008AE60EF1010E1EF0D4
:1060A000030F05F108057FF4D5AE51E042444546A3
:1060B0005368D8F80C1043F00103536055F8083FBB
:1060C0002046D9608B6000F0E3F8F3E6F00806F1B3
:1060D000080237E62A442046536843F00103536020
:1060E000083500F0D5F8E5E6A919204646F0010686
:1060F00043F001046E60C7E90411C1E902CC4C60B1
:10610000AB5000F0C5F80835D4E6930903F1390126
:10611000C90038339CE7BD425FD0BD68686820F095
:1061200003084645A8EB060302D80F2B3FF762AFE2
:10613000204600F0ADF80025BCE603F15C0003F159
:106140005B0CC30034E659F808394B4540F09680A3
:1061500010F0030F00F1FF30F5D17B6823EA010353
:106160007B60490099423FF6C0AE19B9BDE64900CF
:106170000EF1040E1942FAD0704667E603F11008DA
:10618000D0E69A104FF001087B6808FA02F21A4331
:106190007A6070E702EB08014942C1F30B0A5146ED
:1061A0002046009201F004FE431CDDE900237FF449
:1061B000EFAEDA46EFE6542B25D8130B03F16F014F
:1061C000C9006E3344E7B3F5AA7F25D8F30B03F17A
:1061D000780003F1770CC300EAE5294B18684044C6
:1061E0001860B1E6CAF30B0CBCF1000F7FF4ACAE43
:1061F000BD68C84448F001006860F0E61546EEE668
:106200000123536094E7B3F5AA7F23D8D30B03F19E
:106210007801C90077331BE740F25452934223D8E8
:10622000B30C03F17D0003F17C0CC300C0E5ABF1BE
:10623000080BD844A8EB02084FF0000AABE605F1C2
:1062400008012046009302F0F3F8BD68009B6868DF
:106250001968C4E640F254518B420BD8930C03F1F9
:106260007D01C9007C33F3E64FF47E737F204FF04D
:106270007E0C9DE54FF47E717E23E9E67B6870E736
:106280006CB50020014801F0B5BF00BF64B5002027
:10629000014801F0B1BF00BF64B5002010B4044C48
:1062A00003460A4620685DF8044B194600F002B820
:1062B000B89800202DE9F84F1746002900F0988083
:1062C0000C4607F10B058046FFF7DCFF162D54F84E
:1062D000041C5BD810252A46AF425CD821F0030687
:1062E0009642A4F1080962DABC4BD3F808C009EB66
:1062F0000600844500F09780D0F804C02CF001031C
:1063000003445B68DB0768D42CF0030C06EB0C033A
:10631000934247DACB0710D454F8083CA9EB030AA0
:10632000DAF8043023F003018C44B444944580F23D
:1063300011817318934280F2E88039464046FFF796
:10634000F1FC0746E0B154F8043C23F001034B4450
:10635000A0F10802934200F0D280321F242A00F2FA
:10636000F580132A00F2AC800346224611681960BA
:106370005168596092689A602146404602F058F888
:106380004046FFF785FF3846BDE8F88F25F0070542
:10639000002D2A46A0DA0C23C8F800300027384622
:1063A000BDE8F88F1E46D0E90223D3609A60731BC4
:1063B0000F2B22D8D9F8043003F0010333434E44A5
:1063C000C9F80430736843F0010373604046274600
:1063D000FFF75EFF3846BDE8F88FC907ADD454F823
:1063E000083CA9EB030ADAF8041021F00301A0E746
:1063F000BDE8F84F1146FFF795BCD9F8042009EB2A
:10640000050102F001024E4443F001032A43C9F89A
:1064100004204B60736843F0010308317360404609
:1064200002F006F8D2E7DCF8040020F0030B06EBDC
:106430000B0C05F1100084454DDAC9073FF57DAF1F
:1064400054F8081CA9EB010ADAF8041021F0030142
:106450008B44B34458453FF76CAF5746DAF80C10FD
:1064600057F8080F321F242AC160886000F2DB80D1
:10647000132A40F2D6802168CAF808106168CAF869
:106480000C101B2A00F2DF8008340AF11002216888
:10649000116061685160A16891600AEB0501ABEB86
:1064A000050242F0010299604A60DAF8043003F014
:1064B00001032B434046CAF80430FFF7E9FE6EE7BC
:1064C00023680360636843601B2A68D804F10802EC
:1064D00000F108034AE709EB05029A60ACEB0503FB
:1064E00043F00103536054F8043C03F001032B43D1
:1064F000404644F8043CFFF7CBFE27464FE750F8F0
:10650000043C23F003031E4451E75746DAF80C100D
:1065100057F8080F321F242AC16088604CD8132A0C
:1065200048D92168CAF808106168CAF80C101B2AFB
:1065300056D808340AF110021E46236813606368B7
:106540005360A3689360D1463C4630E7214601F092
:1065500099FA11E7D0E902135746CB60996057F8D2
:10656000081FDAF80C30CB60321F242A99602DD82E
:10657000132A29D92368CAF808306368CAF80C308E
:106580001B2A42D808340AF1100322681A60626894
:106590005A60A2689A606646D1463C4607E7A368FF
:1065A0008360E368C360242A26D004F1100200F15E
:1065B0001003DBE63A46BFE7214638461E46D14681
:1065C00001F060FA3C46F2E63B46DEE721463846FB
:1065D0006646D14601F056FA3C46E8E69C94002017
:1065E000A168CAF81010E168CAF81410242A20D053
:1065F00010340AF118029FE7236903616169416160
:1066000004F1180200F11803B0E6A368CAF81030CC
:10661000E368CAF81430242A21D010340AF1180390
:10662000B3E73A4633E72146384601F02BFA164BDA
:1066300033E72269CAF818206269CAF81C201834A6
:106640000AF1200278E7A168CAF81010E168CAF8D8
:106650001410242A0DD010340AF1180217E7236908
:10666000CAF818306369CAF81C3018340AF12003DC
:106670008BE72269CAF818206269CAF81C2018340E
:106680000AF1200203E700BF9C9400200CB410B56F
:106690001F4B00291C689CB035DB4FF40273ADF82A
:1066A0001430029006901FAB18D001394FF6FF72DC
:1066B00004910791ADF8162002A91E9A0193204675
:1066C00002F0E4FB421C01DA8B232360029B0022D0
:1066D0001A701CB0BDE8104002B070474FF6FF7250
:1066E00004910791ADF8162002A91E9A0193204645
:1066F00002F0CCFB431C01DA8B2323601CB0BDE805
:10670000104002B070478B2323604FF0FF30F5E755
:10671000B89800202DE9F04F2DED108B97B08A46E8
:1067200000210792129100220021CDE90412804637
:10673000514611910F4611F8012B2D2A5ED801A068
:1067400050F822F019490100314801003148010098
:106750003148010031480100314801003148010051
:1067600031480100314801006747010067470100D7
:106770006747010067470100674701003148010092
:106780003148010031480100314801003148010021
:106790003148010031480100314801003148010011
:1067A0003148010031480100314801003148010001
:1067B00031480100314801003148010031480100F1
:1067C00031480100674701003148010031480100AC
:1067D00031480100314801003148010031480100D1
:1067E00031480100314801003148010031480100C1
:1067F000534F0100314801003F4F01000021099132
:10680000302A7DD0002308932F2A144640F2CD84ED
:106810004FF0000938464E464D4612E00130082D33
:106820001190C8BF09EB89090478C6BF02EB490281
:10683000A2F13009A3F130062F2C05F10105224603
:106840006FDD06EB8603392C02EB4303E6DD9F493F
:10685000012201F0E5F9002837D1119B1A460133D6
:1068600011935478002D40F04385302C40F024855E
:10687000C3F101029818013311931C78302CF9D020
:10688000A4F13103082B00F20183119F431CA4F1F2
:10689000300B0B930125BC464FF0000E06EB86062D
:1068A0000BEB460600200CF1010311939CF801400C
:1068B000A4F13001092900F2BB8201308B46002986
:1068C00040F04F84DDF844C0EDE70020652CAE4673
:1068D0000B90844601D0452C30D1002D6BD1089B04
:1068E000034367D1079B9FED778B13B1079BC3F8D9
:1068F00000A0B0EE480B17B0BDEC108BBDE8F08FD8
:106900007A7802F0DF02582A00F00C8401371197E0
:106910003A78302AFAD0002A00F0B7800123089391
:1069200072E76A49012201F07BF9002800F0C0807B
:10693000AE464FF0000CCDF82CC060464FF0000B77
:10694000002D7ED007EE906A0B9BB8EE677BABEB19
:106950000303BEF1000F08BFAE46102D0A932B466D
:10696000A8BF1023092D8DED047B0CDD584A02EBE6
:10697000C30212ED125B06EE909AB8EE666BA7EEBC
:10698000056B8DED046B0F2D00F3A8800A9A002A89
:1069900000F0E4830A9A40F33C83162A40F398847B
:1069A0000A99C5F125028A4280F2A6840A9AEB1A56
:1069B000134499E00025DDF844A00AF10103119386
:1069C0009AF801402B2C00F05E822D2C00F0F7810C
:1069D00000230A93A4F13003092B00F2EB81302C41
:1069E00005D1119B013311931C78302CFAD0A4F1FE
:1069F0003103082BA2D8119A0C92531C1193A4F1C5
:106A0000300B54782F2C07DCDEE3013311934C78E4
:106A10002F2CA2F1300B06DD0BEB8B02392C194623
:106A200004EB4202F1DD0C9A9B1A082B40F3CC8355
:106A300044F61F6B0A9B002B82D0CBF1000B002D7C
:106A400080D1089B034320D1BCF1000F7FF44AAFF3
:106A5000692C00F0CF8300F3F382492C00F0CA8345
:106A60004E2C7FF43FAF1B4911A802F003F9002818
:106A70003FF438AF119B1B78282B00F0F2841648A6
:106A800001F078FCB0EE408B01E09FED0E8B079A91
:106A90000AB1119B1360099B002B3FF42AAFB1EEA2
:106AA000488BB0EE480B17B0BDEC108BBDE8F08FF3
:106AB000119B0B905A1C11925C78AE46F8E600BF11
:106AC000AFF3008000000000000000000C0A00206E
:106AD000A802002078200020AC0900200A9AEB1AB6
:106AE0001344002B40F3B08213F00F010AD0C34AC5
:106AF00002EBC1029DED046B92ED007B27EE067B5D
:106B00008DED047B33F00F0240F0388200230893B0
:106B100000962B4672463946404605F003FC8146F6
:106B2000002800F0E1820B9BA3EB0B0B0A9B9FED6F
:106B3000A9EB002B9FEDA9CB9FEDAADB9FEDABBB93
:106B4000B4BF5A4600224FF0000A23EAE3730B92C7
:106B50000C935446D9F80410404605F061FB0646F4
:106B6000002800F00E81D9F810209DED048B023230
:106B7000920009F10C010C30F9F772FCB0EE480BF1
:106B800014AA13A9404605F089FF1290002800F0CE
:106B9000E4800121404605F06DFC0446002800F029
:106BA000F080139A002AC0F2DE800B9B0C9F02EB50
:106BB000030B089B149DD21A2A44914B013A9A4226
:106BC000C5F1360580F29880991A1F29A5EB0105B9
:106BD00000F3E380012202FA01F30D9300230E93E8
:106BE0002F44089B5D44AB455A461F44A8BF2A4624
:106BF000BA42A8BF3A46002A03DDAD1ABF1AABEB72
:106C0000020B0B9B002B00F38880002D00F39C806F
:106C10000A9B002B00F3B780002F00F3A980BBF183
:106C2000000F08DD21465A46404605F05FFD044648
:106C3000002800F0A68012993246404605F0F0FD8B
:106C40008246002800F09D800023C568C36021466D
:106C500005F0C4FD0028C0F2C78300F0618321461F
:106C6000504605F085FFB0EE007BB4EEC70BF1EEA9
:106C700010FA46D8002D00F0CB80B7EE009B0598A7
:106C8000604B00226049DFF884C100EA01076745D4
:106C900000F0D480089959B1B7F1D46F08D8B4EE98
:106CA000CB9BF1EE10FA40F2568103F1D661CB1B7B
:106CB000B0EE480B43EC1A2B05F05CFEAAEE008BFD
:106CC0008DED048B18EE903A089A22B94E4A1A407C
:106CD000974200F0E4801299404605F0C7FA314629
:106CE000404605F0C3FA2146404605F0BFFA51463A
:106CF000404605F0BBFA2DE701230021CDE90D3117
:106D00006EE7B6EE009B20EE099B002D5FD1B1EE41
:106D1000497B059853EC172BB4E721461A464046A9
:106D200005F084FC044660B30146129A404605F023
:106D3000CFFB30B30F901299404605F097FA0F9AA7
:106D40001292002D7FF764AF12992A46404605F053
:106D5000CDFC129000287FF45BAF22239FED258BA2
:106D6000C8F80030BCE00C9BDDF82CB09F1A20E77F
:106D700031463A46404605F0B9FC064600287FF405
:106D80004EAF1298E9E731460C9A404605F04EFCAA
:106D9000064600287FF440AFF3E7C2F17F4202F5D8
:106DA0007F0202F57B420121E23201FA02F3CDE9D2
:106DB0000D1315E7CDF844A04FF0000BC0E50123FB
:106DC0000A930AF1020311939AF8024002E6B0EE28
:106DD000497B9EE79535A094FFFFCF3F9535A09462
:106DE000FFFFDF3F35E5AF350000E03F0000C0FFAB
:106DF000FFFFDF41000000000000F07FA80200203C
:106E000002FCFFFF0000F03F0000F07F0000E07F89
:106E1000DDE90412002900F08580DDE90412012972
:106E200000F0D8811046B74BB7EE009B002229E74F
:106E3000652C4FF0010C3FF4BEAD4CE543EC1A2B32
:106E4000A0F1547305939DED04FBB0EE4F0B05F0DC
:106E500091FDAD49AAEE00FB1FEE903AAB4A1940F6
:106E600091428DED04FB72D9A94B18EE902A9A42FB
:106E700003D118EE103A013383D0A54A4FF0FF3307
:106E8000CDE9043227E700230A939AE7652C00F046
:106E9000D080452C00F0CD804FF0010CD1E551ECB5
:106EA000190B0D9309F016FC09F0E6FB049B1D433A
:106EB0000D9B41EC170BC3F313031D4339EE479BA6
:106EC00000F0A080B4EECC9BF1EE10FA05D4B4EE45
:106ED000CD9BF1EE10FA7FF7FEAE9DED048B12987C
:106EE0000146404605F0C2F93146404605F0BEF97C
:106EF0002146404605F0BAF94946404605F0B6F944
:106F00005146404605F0B2F9C1E501220992791CCB
:106F100011917A78002A3FF4E5AC0F4670E4002224
:106F20000992F4E7C2F313031046002B7FF47BAF02
:106F3000B7EE007BB4EEC70BF1EE10FA00F1D3818F
:106F4000B6EE009B20EE099BB1EE497BE2E603F131
:106F500054730593B8E6BCEEC99B19EE103A012BA9
:106F600038BF012309EE103AB8EE499B002D40F0DE
:106F70003E81B1EE497B53EC172B96E6B2F59A7F32
:106F800000F3B280102A4FEA221340F38682614C4C
:106F90009DED047B00202246014613F0010F01F114
:106FA00001014FEA630304D092ED006B012027EE4C
:106FB000067B012B02F10802EFD108B18DED047BB5
:106FC000059BA3F15473059304EBC1049DED046B81
:106FD00094ED007B4C4B27EE067B17EE902A4E4932
:106FE00013408B428DED047B7ED8A1F580118B423E
:106FF00040F2D681464C4FF0FF33CDE904340023F4
:10700000089385E5B4EECE9BF1EE10FA7FF563AE02
:1070100063E71632FFF662AD0B9BA3EB0B0B3F4B06
:1070200003EBCB0393ED007B9DED046B86EE078BAA
:107030002DE54FF0000ECDF82CE04FF0010C4EE4A2
:107040006E2C3FF410AD4DE43FF460AD5B4213F0A5
:107050000F010AD0314A02EBC1029DED046B92EDA3
:10706000007B86EE077B8DED047B1B113FF44EAD5C
:107070001F2B33DC13F0100218BF6A229DED047B36
:107080000892274A0021D80704D592ED006B012110
:1070900027EE067B5B1002F10802F4D109B18DEDF9
:1070A000047B089B93B1DDE90401C1F30A52C2F1EC
:1070B0006B03002B0ADD1F2B40F32F820020342BA3
:1070C000049040F340824FF05C7305939DED047B88
:1070D000B5EE407BF1EE10FA7FF41AAD22239FED5E
:1070E000058BC8F80030D2E422239FED048BC8F84A
:1070F0000030CCE4000000000000000000000000B0
:107100000000F07F0000F0BF0000F07FFFFF9F7CD9
:10711000FFFFEF7F800200200000A07CA80200207B
:10712000700300200293099B019312AB0093A74ABE
:1071300013AB11A9404601F0D3FA10F00F05044635
:107140003FF4A3AC062D74D1079B9FED9A8B0137BA
:10715000002B3FF4CEAB1F60FFF7CBBB9DED048B44
:1071600095E40B9BDDF844C003440B93012805F123
:1071700001031A4614D02844441E03E046009C42F2
:107180000DD001332A46082A1D4606EB8600F5D9A4
:10719000102BDCBF09EB89094FEA4909EFE70232FE
:1071A000082D3CDC1546FFF779BB8949012238469A
:1071B00000F036FD002800F082804FF0000EF1460E
:1071C00076467546FFF7B5BB44F61F639B45A8BFDF
:1071D0009B462FE4DDE904231846002B7FF423AE01
:1071E00022239FED748B1298C8F8003078E6B0EE39
:1071F000497BC0E6774911A801F03CFD00283FF427
:1072000071AB119B7449013B11A8119301F032FD40
:1072100010B9119B013311939FED688B37E4102A4D
:10722000DCBF09EB890901EB490915460020FFF78E
:107230003ABB129A3AB1352114A805F0CBFC129949
:10724000404605F013F8013D139B042D00F28F8199
:10725000DFE805F0032D2A1F0300149A049203F2BD
:107260003342159B23F4801343EA02530593E5054B
:1072700002D543F000430593584A1A409DED048B14
:10728000002A7FF404AC00F0BBFD22230360FFF76B
:10729000FEBB4FF0FF336FF00046CDE90436E30547
:1072A0007FF55CAF059BE4E74C4B0593F7E7149B38
:1072B0000493159B0593DAE70020FFF7E1BA119BD1
:1072C0001A4601331193547806468146FFF7CDBA2A
:1072D000434B03EBC20393ED008B9DED047B28EE43
:1072E000078BFFF7D4BBBEEE007BB6EE009B11E52B
:1072F000AE460B90FFF7DCBA394BC5F10F054A1BC0
:1073000003EBC50503EBC20395ED008B93ED007B0A
:107310009DED046B28EE068B28EE078BFFF7B7BBBD
:10732000002D00F09580DDE904BC2E4BCCF3130159
:107330009942624600F0D2800E9B002B00F0A5809F
:10734000DDE90412134217461AD0B0EE480B002DA7
:1073500000F0A68005F00EFB089B7BB1C7F30A5333
:10736000C3F16B03002B09DD1B0503F17F510020E6
:1073700001F5401141EC170B20EE070B38EE008BA6
:10738000089B5BB19FED0F7B144B28EE078B18EE2B
:10739000902A134013B92223C8F8003012989FE5B1
:1073A00002F15473059300230893FFF7B1BB00BFAC
:1073B000AFF30080000000000000000000000000AB
:1073C0000000F07F0000000000005039688E0020AF
:1073D0000C0A00206C200020702000200000F07FAC
:1073E000A8020020FFFF0F00DDE904120D43C7D102
:1073F000C2F313031746002BC2D122F000431B0D2A
:107400001B05B3F1D66FBBD9DAF814301BB9DAF823
:107410001030012BB4DD51460122404605F066F9DB
:107420002146824605F0DAF90028A9DD089B002BE9
:107430007ED1504B3B40A3F580136FEA13536FEAA4
:10744000035305934FF0FF3304939DED048B97E7AF
:10745000DDE90412C2F313030B4317467FF46CAF4C
:10746000E4E7454911A814AA01F020FC05287FF49F
:1074700006AB159B43F0FF4343F4E0030593149BD5
:1074800004939DED048BFFF702BBDDE904010D9B26
:1074900003423FF475AF0F4657E7384C00218FE5A4
:1074A00005F068FA089B002B55D0C7F30A53C3F1C7
:1074B0006B03002B09DD1B0503F17F5101F5401122
:1074C000284641EC170B20EE070B38EE408BB5EE4B
:1074D000408BF1EE10FA7FF455AF81E6089B0499DA
:1074E0001BB3244B1340B3F1D46F1ED81B0DC3F153
:1074F0006B034FF0FF3000FA03F399427FF41CAFA7
:107500001F4B9A4230D01B4B134003F58013059359
:10751000002304939DED048B32E74FF0FF3202FA13
:1075200003F3049A1A400492D0E54FF0FF33E4E7E6
:10753000104B3B40B3F1D66F3FF77DAFB3F15C7FAB
:107540003FF720AF4CE6C2F14B024FF0FF339340C0
:107550000B400593BAE538EE408BB5EE408BF1EE6B
:1075600010FA7FF41BAF3BE60131CCD109E40023D4
:107570007DE600BF0000F07F7C8E002080020020AE
:10758000FFFFEF7F014BFFF7C5B800BF309300202E
:10759000012B2DE9F84F40D0242B98463DD84C4D77
:1075A0008E4676461EF801BB15F80B4014F0080411
:1075B000F7D1BBF12D0F72D0BBF12B0F08BF9EF896
:1075C00000B06FF0004908BF06F1020E002B42D058
:1075D000102B57D0B9FBF8F700252E4608FB179A59
:1075E00005E033D008FB06C601251EF801BBABF150
:1075F000300CBCF1090F06D9ABF1410CBCF1190FED
:1076000012D8ABF1370C634517DDB5F1FF3FECD075
:10761000B742E6D24FF0FF35E7E700F0F1FB162363
:1076200003600020BDE8F88FABF1610CBCF1190FCD
:1076300003D8ABF1570C6345E7DC6B1C27D08CB942
:107640000AB1A5BB11603046BDE8F88FE245C9DA42
:107650004FF0FF35C9E7BBF1300F05D04FF00A08F6
:107660004346B7E77642EBE79EF8003003F0DF03CE
:10767000582B21D14FF010089EF801B043460EF16F
:10768000020EA7E7BBF1300F1AD09846A2E72223DB
:10769000036072B10EF1FF314E461160D3E79EF8E0
:1076A00000B04FF0004906F1020E01248EE7B1460A
:1076B000F0E74E463046C7E74FF00808434689E7F3
:1076C0009EF8005005F0DF05582DD3D0984681E78D
:1076D000E11E0020FFF75CBFF0B5254FA2F1020EBE
:1076E000164605460C460FCF8BB0EC46ACE80F00B3
:1076F0000FCFACE80F0097E803004CF8040BBEF185
:10770000220F8CF800102ED804F1FF3E70464FF087
:10771000000CB5FBF6F206FB125328336B446146AE
:1077200013F828CC00F801CF2B469E4201F1010C42
:107730001546EED9002304F80C3089B1A4447246F2
:107740001EF8010F1CF8015D8EF80050A4EB0E032B
:107750000232013B121B0B449A428CF80000EEDB14
:1077600020460BB0F0BD0023184623700BB0F0BDCF
:10777000B81E00200EB410B59FB021AC4FF40171BB
:1077800054F8042B0192ADF81C100490089000F0FE
:107790003DFD059009900B480B490C9100234FF6D5
:1077A000FF7C10931593019A0068ADF81EC0234624
:1077B00004A9039403F00CF91FB0BDE8104003B016
:1077C000704700BFB89800202558010010B50C463E
:1077D000B1F90E1000F0D0FA002803DB236D03444A
:1077E000236510BDA38923F48053A38110BD00BF7E
:1077F000002070472DE9F0410C46B1F90C101F46EE
:10780000CB05054616460BD421F48051A1813B4699
:10781000B4F90E1032462846BDE8F04100F0DABA5D
:10782000B4F90E100223002200F08AFAB4F90C1009
:10783000EAE700BF10B50C46B1F90E1000F080FA6F
:10784000A389421C0EBF23F4805343F48053206568
:10785000A38110BDB1F90E1000F060BA024A0349CD
:10786000034800F0BBB800BFAC980020C9AC0100D1
:10787000B88F00200C4B4168994210B5044601D0E6
:1078800005F008FAA168094B994202D0204605F09C
:1078900001FAE168064B994204D02046BDE8104049
:1078A00005F0F8B910BD00BFA0B5002008B6002053
:1078B00070B600202DE9F8432A4C2B4B2B48DFF8FB
:1078C000C090DFF8C0802A4F1860002504230822EA
:1078D000294604F15C00274E6566C4E90253C4E9F9
:1078E0000055C4E90455A56100F048F9224B6367CF
:1078F0000822294604F1C400C4E90749C4E90987FC
:10790000C4E91A55C4E91E55C4F8CC502567C4F81B
:107910008050E66200F032F9184BC4F8DC3029469A
:1079200004F16803082204F59670C4F88430C4E9B1
:107930002298C4E92476C4E93455C4E93855C4F81A
:107940003451C4F8D850C4F8E85000F017F904F1E5
:10795000D003C4E93C98C4E93E76C4F8EC30BDE8F5
:10796000F88300BFA0B50020D8B6002091580100D0
:107970006958010089580100090001001200020045
:10798000015801002958010010B504460A4800F0CA
:1079900031FC636B23B9094B094A1B68626323B14D
:1079A000BDE81040044800F027BCFFF783FFBDE8A6
:1079B0001040014800F020BC68B50020D8B6002077
:1079C000A9580100014800F015BC00BF68B50020AF
:1079D000014800F011BC00BF68B500202DE9F84354
:1079E00080460F4616464FF00009D6E90154013D86
:1079F00011D4A389012B05F1FF3508D9B4F90E3054
:107A00000133214603D04046B84749EA00096B1CC0
:107A100004F16804EDD13668002EE6D14846BDE891
:107A2000F88300BF032A70B514D940EA01039B070D
:107A300022D104460B46194620460E680568B54219
:107A400004F1040403F1040316D1043A032A204686
:107A50001946F0D8541E9AB1421E013901E0C318EC
:107A60000CD012F801EF11F801CFE645A4EB0203A8
:107A7000F5D0AEEB0C0070BD541EEDE7184670BD9E
:107A8000104670BD88420DD98B1883420AD900EB8D
:107A9000020CBAB1624613F801CD02F801CD994249
:107AA000F9D170470F2A0ED8034602F1FF3C4AB1C4
:107AB0000CF1010C013B8C4411F8012B03F8012F50
:107AC0006145F9D1704740EA01039B0750D1A2F10B
:107AD000100370B501F1200C23F00F0501F1100E19
:107AE00000F11004AC441B095EF8105C44F8105C13
:107AF0005EF80C5C44F80C5C5EF8085C44F8085CCA
:107B00005EF8045C44F8045C0EF1100EE64504F1E6
:107B10001004E9D1013312F00C0F01EB031102F054
:107B20000F0400EB031327D0043C24F003064FEAB4
:107B3000940C1E441C1F8E465EF8045B44F8045FE0
:107B4000B442F9D10CF1010402F0030203EB840307
:107B500001EB840102F1FF3C4AB10CF1010C013B45
:107B60008C4411F8012B03F8012F6145F9D170BD48
:107B700002F1FF3C03469BE72246EBE7830730B563
:107B800048D0541E002A3FD0CAB2034601E0013C4F
:107B90003AD303F8012B9D07F9D1032C2DD9CDB28F
:107BA00045EA05250F2C45EA054536D9A4F1100212
:107BB00022F00F0C03F1200EE6444FEA121C03F1F1
:107BC000100242E9045542E9025510327245F8D1DB
:107BD0000CF1010214F00C0F03EB021204F00F0C75
:107BE00013D0ACF1040323F003030433134442F82D
:107BF000045B9342FBD10CF003042CB1C9B21C44CA
:107C000003F8011B9C42FBD130BD64461346002C97
:107C1000F4D1F9E703461446BFE71A46A446E0E765
:107C2000002A3ED040EA01039B0730B584462FD19D
:107C3000032A2DD90B4608E0043A8446194625D07C
:107C40001EF0803F22D1032A22D90468194653F836
:107C5000045BA4F1013EAC4284462EEA040E00F11E
:107C60000400E9D09CF800000C78A0421BD1E64645
:107C700068B11EF8010F11F8014FA2EB0E03A042EC
:107C800003F1FF330FD11CEB0303F1D1002030BD12
:107C90009CF800000C78844205D1012AF6D0E64613
:107CA000E6E710467047001B30BD00BF40EA010305
:107CB0009B0730B501D1032A0FD8844601F1FF3E5E
:107CC00007E01EF8011F03F8011B541EC1B19C46BA
:107CD00022466346002AF4D130BD0B46844619463D
:107CE00053F8045BA5F1013424EA050414F0803F45
:107CF000E4D1043A032A4CF8045B1946EFD8DDE7D7
:107D00009444002CE8D003F8011B6345FBD130BD3F
:107D1000014B93F8280170473093002038B5074D88
:107D20000022044608462A60F8F7CCFF431C00D026
:107D300038BD2B68002BFBD0236038BDECB600208B
:107D400038B50C46084D8446114620461A46002395
:107D50002B606446F8F7C2FF431C00D038BD2B6887
:107D6000002BFBD0236038BDECB6002013460A463A
:107D70000146022000F0B8BA38B50C46084D8446DA
:107D8000114620461A4600232B606446F8F798FFF8
:107D9000431C00D038BD2B68002BFBD0236038BDBE
:107DA000ECB60020B7EEC00A002305F0E3B900BF2F
:107DB00038B5074D0022044608462A60F8F766FFEA
:107DC000431C00D038BD2B68002BFBD0236038BD8E
:107DD000ECB6002038B50C46084D844611462046C6
:107DE0001A4600232B606446F7F70AFB431C00D0B9
:107DF00038BD2B68002BFBD0236038BDECB60020CB
:107E0000014B1868704700BFB8980020A2EB030030
:107E1000704700BF02780B78012A28BF9A42F5D13B
:107E20006DE9044540EA0104CDE902676FF0000CFA
:107E30004FEA447212B380EA010414F0070F6AD1CA
:107E400000F0070420F0070004F0030521F007010B
:107E50004FEAC505F0E8042314F0040FF1E80467C5
:107E60000CFA05F462EA040266EA04060AD063EA40
:107E70000403624667EA0407664603E0F0E8042369
:107E8000F1E8046782FA4CF582EA0604A4FA8CF45D
:107E90006CBB83FA4CF583EA0705A5FA8CF595B916
:107EA00050E9022351E9026782FA4CF582EA06049E
:107EB000A4FA8CF483FA4CF583EA0705A5FA8CF54D
:107EC0002543DBD09CB92DBAB5FA85F424F007041C
:107ED00027FA04F1DDE9026723FA04F303F0FF0057
:107EE00001F0FF01FDE80445A0EB0100704724BA52
:107EF000B4FA84F424F0070426FA04F1DDE90267F9
:107F000022FA04F202F0FF0001F0FF01FDE804454F
:107F1000A0EB0100704714F0030F3CD110F00304F4
:107F200028D150F8082B51F8083B82FA4CF582EA28
:107F30000305A5FA8CF55DB950F8042C51F8043C02
:107F400082FA4CF582EA0305A5FA8CF5002DE8D0FB
:107F50002DBAB5FA85F424F0070423FA04F122FAC5
:107F600004F202F0FF0001F0FF01FDE80445A0EB80
:107F7000010070474FEAC40420F0030050F8082BBA
:107F800021F0030151F8083B0CFA04F462EA040200
:107F900063EA0403C9E710F003041AD0A1EB04015B
:107FA00020F00300E40750F8042B06D00FD28B78A2
:107FB0005FFAA2F4E41A06D12BB1CB785FFAB2F4DF
:107FC000E41A00D11BB920465DF8104B704701F14F
:107FD000040150F8042BCC0721F0030151F8043BB5
:107FE00048D824D222F07F4482FA4CF594EA132533
:107FF000A5FA8CF50AD165B951F8043B84EA02046C
:10800000B4EB036F0ED150F8042BEBE74FEA1323C8
:1080100055E035F07F454DD10878FDE80445C0F1C5
:10802000000070474FEA126203F0FF0347E002EAE4
:108030001C4482FA4CF594EA1345A5FA8CF50AD152
:1080400065B951F8043B84EA0204B4EB034F0CD148
:1080500050F8042BEBE74FEA134330E015EA1C45D8
:1080600028D10B884FEA124229E04FEA124203EA74
:108070001C4324E002F0FF0482FA4CF594EA1365F5
:10808000A5FA8CF50AD165B951F8043B84EA0204DB
:10809000B4EB032F09D150F8042BEBE74FEA13633D
:1080A0000DE015F0FF0F05D10B684FEA122223F007
:1080B0007F4304E04FF00000FDE80445704712BA2A
:1080C0001BBA82FA4CF482EA0304A4FA8CF5B5FADE
:1080D00085F402FA04F203FA04F34FEA1260FDE8B1
:1080E0000445A0EB1360704780EA0102844612F059
:1080F000030F4FD111F0030F32D14DF8044D11F0A1
:10810000040F51F8043B0BD0A3F101329A4312F053
:10811000803F04BF4CF8043B51F8043B16D100BF2C
:1081200051F8044BA3F101329A4312F0803FA4F1BD
:1081300001320BD14CF8043BA24312F0803F04BF44
:1081400051F8043B4CF8044BEAD023460CF8013BB1
:1081500013F0FF0F4FEA3323F8D15DF8044B70475B
:1081600011F0010F06D011F8012B0CF8012B002A99
:1081700008BF704711F0020FBFD031F8022B12F088
:10818000FF0F16BF2CF8022B8CF8002012F47F4F43
:10819000B3D1704711F8012B0CF8012B002AF9D14B
:1081A000704700BF70B50D4E0D4D761BB61006D052
:1081B000002455F8043B01349847A642F9D1094EF2
:1081C000094D761B08F0BEFAB61006D0002455F80B
:1081D000043B01349847A642F9D170BD801E00606F
:1081E000801E0060A41E0060801E0060704700BFFB
:1081F000704700BF704700BF704700BF000000001D
:1082000000000000000000000000000090F800F0F6
:108210006DE9024520F007016FF0000C10F0070433
:1082200091F820F040F049804FF000046FF0070013
:10823000D1E9002391F840F000F1080082FA4CF2F5
:10824000A4FA8CF283FA4CF3A2FA8CF34BBBD1E97B
:10825000022382FA4CF200F10800A4FA8CF283FAAD
:108260004CF3A2FA8CF3E3B9D1E9042382FA4CF27D
:1082700000F10800A4FA8CF283FA4CF3A2FA8CF312
:108280007BB9D1E9062301F1200182FA4CF200F119
:108290000800A4FA8CF283FA4CF3A2FA8CF3002BB8
:1082A000C6D0002A04BF04301A4612BAB2FA82F2CB
:1082B000FDE8024500EBD2007047D1E9002304F04D
:1082C0000305C4F100004FEAC50514F0040F91F84E
:1082D00040F00CFA05F562EA05021CBF63EA0503EB
:1082E00062464FF00004A9E72DE9F047DFF87CA0D3
:1082F0000646DAF8000098460F469146FFF77AFFE7
:10830000184B1C6824B365681F2D24DC5EB96B1CF8
:108310000235DAF80000636044F82570FFF76CFF5F
:108320000020BDE8F08704EB85010123C1F88890A7
:10833000D4F88821AB401A43022EC4F88821C1F832
:108340000881E4D1D4F88C211A43C4F88C21DEE7EB
:10835000054C1C60D7E7DAF80000FFF74DFF4FF03F
:10836000FF30DEE7CCB30020D0B300202493002000
:10837000000000009FED010B704700BF00000000EF
:108380000000F87F9FED010A704700BF0000C07F2A
:10839000F8B5244F0C460646FDF774FFBB685D68D0
:1083A000C4F57E610F3125F003054B1923F47F637B
:1083B00023F00F03A3F58054B4F5805F07DB0021A1
:1083C0003046FFF7F5FCBB682B44984204D030469A
:1083D000FDF75EFF0020F8BD61423046FFF7E8FC84
:1083E00001300DD0104ABB682D1B45F001055D60C2
:1083F000136830461B1B1360FDF74AFF0120F8BDD0
:1084000000213046FFF7D4FCBA68831A0F2BDEDD5B
:1084100043F001035360054B03491B68C01A086011
:10842000D5E700BF9C9400206CB50020A4980020E4
:10843000002961D0F8B50C460646FDF723FF54F835
:10844000042C7B4FA4F1080522F0010105EB010C7F
:10845000B868DCF80430604523F0030300F08B803B
:10846000D207CCF8043032D454F8082CAD1A114499
:10847000AA6807F1080082426AD00CEB0304D4F822
:1084800004E0EC68D4601EF0010FA26000F0978059
:1084900041F001036B60CCF80010B1F5007F35D2DC
:1084A0007868CB080122490901338A40024357F812
:1084B00033107A6007EBC302083AC5E9021247F8A5
:1084C0003350CD603046BDE8F840FDF7E1BE0CEB1F
:1084D00003025268D00710D4194407F10800DCF8F1
:1084E0000830834273D0DCF80C20DA60936041F0EE
:1084F00001036B606950D0E7704741F00103B1F5AB
:10850000007F44F8043CCCF80010C9D3B1F5206FCB
:108510004FEA512348D28B0903F1390003F13802A5
:10852000C300F818FB580838984259D05A6822F00E
:1085300003028A4202D99B689842F7D1D868C5E9FC
:1085400002308560DD603046BDE8F840FDF7A0BE32
:108550000CEB03025268D20763D40B44DCE902122D
:10856000CA60916043F001026A603046EB50BDE89A
:10857000F840FDF78DBE0B44D10707D454F8082C02
:10858000AD1A1344D5E90212CA60916043F00102AA
:108590006A60284ABD6012689A4293D8264B3046DA
:1085A0001968FFF7F5FE8DE7142B0AD9542B1FD855
:1085B0000B0B03F16F0003F16E02C300B1E7194426
:1085C0008DE703F15C0003F15B02C300A9E741F012
:1085D0000103C7E90455C5E902006B60695071E702
:1085E00079689210012404FA02F20A437A60A6E73D
:1085F000B3F5AA7F06D8CB0B03F1780003F177021D
:10860000C3008EE740F25452934206D88B0C03F11C
:108610007D0003F17C02C30083E74FF47E737E226A
:108620007FE741F001036B60CCF800104AE700BF20
:108630009C940020A89800209CB500202DE9F041D2
:108640000469B4EB611F2FDD00F1140E4E1111F01F
:108650001F0C0EEB84050EEB86032BD05EF8261064
:1086600004339D4221FA0CF1CCF1200818D9774649
:108670001A6802FA08F20A4347F8042B53F8041B5D
:108680009D4221FA0CF1F3D8A31B9B00053B9B08EC
:1086900001330EEB83044EF82310C9B1043417E004
:1086A000416174460029F9D100230361002343612D
:1086B000BDE8F0819D4288BF00F11002F4D953F863
:1086C000041B42F8041F9D42F9D8A41B0EEB84043E
:1086D000A4EB0E039B1074450361E7D0BDE8F08165
:1086E0002DE9F04F2DED028B0C688B46A17885B0FB
:1086F000302908EE100A9246029340F0CE816FF0C6
:108700000100001BE21C8318144612F8011B3029DB
:10871000F9D0DFF8008318F80120002A00F0E58086
:108720002278002718F802203D4626462AB116F87E
:10873000012F18F80220002AF9D1B549019301222E
:108740003046FFF76DFA019B814600284DD0002D81
:108750004ED13278A94602F0DF02502A354650D079
:10876000CBF80060002F69D12B1B013B072B39464A
:1087700004DD5B10072B01F10101FADC18EE100A91
:1087800003F04EFD8346002800F0668200F11406D7
:10879000AC42019680F0D2810027CDF80C909C4924
:1087A000A1463C460CE0202F19D0384604372A78E1
:1087B00018F8022002F00F02824014434D4547D0C2
:1087C00015F8012D2E2AEED14D45ECD30122284675
:1087D000FFF726FA8E490028F0D0202FE5D100209F
:1087E00046F8044B04270446E1E7002D00F04281DF
:1087F000327802F0DF02AD1B502A4FEA8509354678
:10880000AED16A782B2A00F025812D2A00F0A580B0
:108810006E1C002018F802104A1E182A00F29B80D5
:10882000727818F8022010390136002A5AD100B1A6
:1088300049428944CBF80060002F95D0002B14BF2B
:1088400000250625284605B0BDEC028BBDE8F08F5B
:10885000DDF80C90234646F8043B1846019BF61AB7
:10886000B610CBF8106003F0B5FD7601DAF80040E1
:10887000301AA04275DCC0F2EF800027DAF8083029
:108880004B45C0F25181DAF804304B454ADDA3EB89
:1088900009094C4500F38280DAF80C20022A00F026
:1088A0006581032A00F08181012A00F06F8118EEB2
:1088B000100A594603F0DAFC5025109A0023284686
:1088C000136005B0BDEC028BBDE8F08F01EB8101B8
:1088D00002EB4102A2F1100116F8012F18F8022054
:1088E000002AA4D0192AF1DDA1E749490193012208
:1088F0002046FFF795F9019B00286DD1617818F8A3
:108900000120651C002A69D030292C4605D114F8B5
:10891000013F302BFBD018F80320B2FA82F77F0911
:10892000012302E7012557B1DAF80C30022B5DD0A4
:10893000032B5FD0012B00F0848045F01005109BC5
:10894000C3F800B0029B2846C3F8009005B0BDEC08
:10895000028BBDE8F08F2E4602E70120AA78AE1CFC
:1089600058E7061B3146584604F062F9074678B1CD
:10897000721E53110199012751F8231002F01F03B1
:1089800007FA03F30B4203D0BA4200F3E280022756
:1089900031465846B144FFF751FE6FE709F1FF3504
:1089A000002F40F0CE80002D40F0CD806B11019A59
:1089B00005F01F0552F823200123AB40134249461E
:1089C000584618BF47F00207A4EB0904FFF736FE2C
:1089D0000225DAF80490A6E72178254601F0DF01A8
:1089E000502900F0BF80CBF8005027E7119BC3F15E
:1089F00001031193119B002B9FD0DBF81070DDF861
:108A00000480BA004346019208EB8700002107E08A
:108A10000C0A00204C1D0020984243F8041C3FD94A
:108A20001E4653F8042BB2F1FF3FF5D00132022D60
:108A3000326000F0BF8014F01F0440F0E780212571
:108A40007DE7BA077FF579AF019B1B681F43FB07E2
:108A5000D3D472E7002081E7221A594618EE100A93
:108A6000A9EB020903F042FE00F1140383460193CF
:108A7000002703E7727818F80200711C002800F044
:108A8000A0800D4611F8012F18F802000028F8D137
:108A9000751B4FEA85090E465DE60234002338E671
:108AA000DBF808309F4280F28E803B460BEB83025E
:108AB00001210133022DCBF8103051617AD09F4251
:108AC000B9DA002B40F39B80DBF8142008EB83031A
:108AD0000BF1180083424FEA520240F2B180444643
:108AE000016842EAC17244F8042B50F8042B834217
:108AF0004FEA5202F4D8A3EB0B03193B9B08013356
:108B000048F8232008EB8303002A40F09D80A3EB64
:108B1000080292104345CBF8102073D0DAF80830E1
:108B200009F101094B458ADA18EE100A594603F09B
:108B30009DFB109A00231360A32583E6019E00236A
:108B400089E6012732E72946584604F071F80746BE
:108B50002CE7B11E584604F06BF800283FF417AF1D
:108B6000032715E74FF0000901274AE6119A002A6A
:108B70007FF49DAE02990B60019B0122CBF810207F
:108B80001A60109B6225C3F800B05BE64C457FF489
:108B90008EAE012CEED0611E584604F049F8002834
:108BA0003FF485AEDAF80430E4E7119A002A3FF486
:108BB0007EAEDFE7DAF80030013BA34234D0222555
:108BC000BDE60E46C7E5DBF8041018EE100A0131C9
:108BD00003F026FB0646C8B3DBF8103002339A00D8
:108BE0000BF10C010C30F7F73BFC594618EE100A5C
:108BF00003F03CFB06F114083369B34656E7002343
:108C0000CBF810300023CBF8143087E7019B4344A6
:108C1000C4F1200453F8040C03F0DCFBA042BFF6BF
:108C20000EAFDBF810304CE7631104F01F0458F866
:108C300023200123A34013420CBF222521257EE6D9
:108C4000C8F8002043466AB1043360E7074B084880
:108C50003246842104F06AFD044B05485A46E4215B
:108C600004F064FDCBF81020CCE700BFCC1C002042
:108C7000E01C002010B4046809E014F8013FA3F1DF
:108C8000410CBCF1190F98BF2033934209D111F860
:108C9000012B002AF1D10134046001205DF8044B5E
:108CA000704700205DF8044B704700BF2DE9F04F7E
:108CB000096885B04B1111F01F01029002EB83038C
:108CC000039140F08F801D1F0193029B01991C6846
:108CD000002341F8043C61780134002900F09880B9
:108CE000DFF87491A846AC469A461E460EE020294D
:108CF00000F28C80564506DDC44501D2072B5BDDB2
:108D0000624551D3082314F8011FA1B119F80100DD
:108D10000028ECD00133082B06F101063ADCDCF820
:108D20000010090100F00F000843CCF8000014F80F
:108D3000011F0029EAD1002E6AD0C44501D2072BB9
:108D400074DD624552D2111F634653F8040B41F89B
:108D5000040FAB42F9D9A5EB0C0323F00303691C04
:108D600004330CF1010C614538BF04231344002186
:108D700043F8041BAB42FBD9019B53F8043C2BB9CD
:108D8000AA4249D055F8043D002BF9D0052005B082
:108D9000BDE8F08F6245B6D200234CF8043C19467A
:108DA000ACF1040C0123BDE70023ACF104084CF83E
:108DB000043CB246C446A6E7C3F10801DCF8003023
:108DC0008900C1F1200E60469B46476807FA0EF302
:108DD00043EA0B0327FA01FB036040F804BF404558
:108DE000F3D38DE7191D01911D466EE7039B002B00
:108DF000C2D0039B0198C3F120014FF0FF33CB4059
:108E000050F8041C0B4040F8043CB8E7292909D06D
:108E1000042005B0BDE8F08F012305202B6005B0CC
:108E2000BDE8F08F029901340C6084E7DCF8001093
:108E3000C3F108039B00C3F1200764460846666837
:108E400006FA07F1014326FA03F0216044F8040F03
:108E50004445F4D375E700BF4C1D002082B049B1F2
:108E60005AB16BB113780B601278101E18BF012035
:108E700002B0704701A9002AF3D1104602B0704732
:108E80006FF00100F4E700BF000000002DE9F04F93
:108E90002DED088BD1B00C460BEE101A90460893BE
:108EA000834604F063F9036812931846FFF7AEF99E
:108EB00020AF1090082200213846FEF75FFEA389FC
:108EC0001B0603D52369002B00F0558700239FED77
:108ED000838B9FED849BCDE92533CDE91333CDE919
:108EE000153327AA0E932492924611930493444675
:108EF000A1467E4BD3F8E450FEF70AFF4A460346EC
:108F00001CA900975846A847002800F0B080C0F27E
:108F1000A6801C9A252A034601D09944E9E7B9EBBB
:108F20000405064640F0A78000234FF0FF328DF87D
:108F300067309846069309F1010999F800300392C9
:108F40002B25202609F10109A3F120025A2A00F25B
:108F5000CF80DFE812F0E802CD00CD00E302CD00C3
:108F6000CD00CD006A00CD00CD0005028402CD0009
:108F70001002C902CD00BD025B005B005B005B001C
:108F80005B005B005B005B005B00CD00CD00CD00B3
:108F9000CD00CD00CD00CD005301CD0083011A02DC
:108FA000530153015301CD00CD00CD00CD0015027A
:108FB000CD00CD009602CD00CD00CD00AB01CD009F
:108FC000AA02CD00CD00E306CD00CD00CD00CD003E
:108FD000CD00CD00CD00CD005301CD008301DE01D9
:108FE0005301530153017702DE017F00CD00890256
:108FF000CD005F02E0062F027F00CD00AB017C00B8
:10900000B806CD00CD00BD06CD007C00A3F1300236
:10901000002119F8013B01EB810102EB4101A3F1B1
:109020003002092AF5D906918EE7584604F09EF8D9
:10903000436815931846FFF7E9F81690584604F070
:1090400095F883681393169B002B40F02D8699F8B2
:10905000003077E799F8003048F0200872E70822DE
:1090600000213846FEF78AFD0123994441E7B9EB18
:109070000405064611D0269B2B442693259B0133DD
:10908000072BCAE9004525931CDC0AF1080A049B5A
:109090002B440493002E7FF447AF269B002B41F016
:1090A0000B821BEE103AB3F90C3013F0400F049B07
:1090B00018BF4FF0FF330493049851B0BDEC088BF8
:1090C000BDE8F08F1BEE101A24AA584605F0A4FB49
:1090D0000028E6D10DF19C0AD9E700BF000000008E
:1090E00000000000FFFFFFFFFFFFEF7F3093002035
:1090F0000B93002BD1D00021CDE90C118DF8DC3081
:1091000001238DF8671002930791059303910F9146
:1091100037AC18F00203099302D0029B023302938A
:1091200018F084030A9305D1069B029A9D1A002D1C
:1091300000F36983269A89B125990DF16700013101
:109140000132CAF8000007294FF00100269225914C
:10915000CAF8040000F3A2830AF1080A099B83B14C
:10916000259B1AA901330232CAF80010072B4FF0D1
:10917000020126922593CAF8041000F3A3830AF192
:10918000080A0A9B802B00F06C82039B05995D1AEC
:10919000002D00F3A58218F4807F40F00D82059B1E
:1091A000CAF804301A44259BCAF800400133072B43
:1091B0002692259300F31B830AF1080A18F0040F86
:1091C00005D0069B02995C1A002C00F38883049B4F
:1091D000069902988142ACBF5B181B180493002AC1
:1091E00040F0B08200232593079B1BB10799584696
:1091F000FFF71EF90DF19C0A4C4679E60B93089B8C
:10920000073323F00703B3EC028BB0EEC87BB4EE58
:10921000497BF1EE10FA089340F3E984B5EEC08B78
:10922000F1EE10FA01F159809DF86710AB4CAC4B90
:1092300028F080080B9A472AC8BF1C460023CDE9B6
:109240000C33032207930292059203930F93002994
:109250003FF45FAF029B013302935AE7432B0B931A
:1092600003D018F0100F00F05D85089D0822002142
:1092700022A837ACFEF782FC22AB55F8042B21461E
:10928000584604F0CDF903460133059001F0EE8213
:10929000059B089523EAE37302930021CDE90C11A5
:1092A0008DF86710079103910F9132E70B93089B9C
:1092B0001A4600238DF86730134653F8044B089381
:1092C000002C00F048850B9B532B00F0EC8618F027
:1092D00010030C9340F0E786039B5D1C01F0E580D2
:1092E0000C991A46204604F021F90790002801F055
:1092F0002883079B1A1B05920C9B039322EAE272B8
:109300000F930D93079373239DF8671002920B93AD
:109310009DE718F0200F0B93089B3DD0073323F0F7
:1093200007031A4611465B6851F8082B0891194645
:10933000002BC0F20C84039B013300F09E8228F0C6
:10934000800052EA0103029040F09982039B002BB7
:1093500040F09A82804600230393059350AC06E1C7
:10936000089B53F8042B0692002A80F21984069A6F
:1093700008935242069299F8003048F00408E1E55B
:1093800099F8003048F00808DCE548F0100818F0BB
:10939000200F0B93089BC1D118F0100F40F00B84E5
:1093A00018F0400F00F0038433F9042B0893D11711
:1093B0000B46BDE7089B48F00202029253F8042BCB
:1093C000089347F63003ADF868307820454B119389
:1093D000002102230B900020039C8DF86700601C85
:1093E00000F0AD80029820F0800852EA010040F0C1
:1093F000A480002C40F0AE86002BACD1029B13F071
:109400000103059300F0D18330238DF83F310DF235
:109410003F14ACE018F0200F40F0D48318F0100F88
:1094200040F09F8618F0400F40F0978718F4007FB7
:1094300000F09786089B049953F8042B0893117049
:109440004C4655E599F80030682B03BF99F8013078
:1094500048F4007809F1010948F0400872E599F8EC
:1094600000308DF867506DE599F800306C2B03BF24
:1094700099F8013048F0200809F1010948F0100876
:1094800060E50B9348F0100818F0200100F05183BC
:10949000089B073323F00703596853F8082B0893F8
:1094A00028F480630293002395E70B9348F01003A0
:1094B0000293029B13F0200100F02983089B0733DD
:1094C00023F00703596853F8082B0893012382E718
:1094D00099F8003048F0800834E500BF7C20002077
:1094E0002419002084200020494611F8013B2A2B32
:1094F00001F04982A3F13002092A894698BF002170
:1095000001F2448119F8013B01EB810102EB4101B9
:10951000A3F13002092AF5D9039115E599F8003035
:1095200048F001080EE59DF86730002B7FF48FAD01
:1095300099F800308DF8676004E5CDF80880012BBC
:1095400000F09D81022B50AC20D1119802F00F0346
:109550001209C35C04F8013D42EA0172090952EAAA
:109560000103F3D150AB1B1BDDF808800593059A6E
:1095700003989DF8671082424FF00003B8BF02467F
:10958000CDE90C33079302920F9360E602F00703D4
:10959000D20842EA4172C908303352EA0105204636
:1095A00004F8013DF2D1029AD10700F14D8250AB8F
:1095B0001B1B90460593DAE70B9B652B40F3D48089
:1095C000B5EE408BF1EE10FA40F0C181259BBA490F
:1095D000CAF80010013301320121072B269225938E
:1095E000CAF8041000F351850AF1080A1B9B0E9972
:1095F0008B4280F2D082109B12991A44CAE9001360
:10960000259B26920133072B259300F397830AF1BC
:10961000080A0E9B5C1E002C7FF7D0AD102C259BFA
:1096200040F36E851BEE106A102505E00AF1080A6A
:10963000103C102C40F364850133A0491032072BF5
:10964000CAE90015CDE92532F0DD24AA3146584695
:1096500005F0E2F800287ED1DDE925320DF19C0A03
:10966000E6E7069B02995D1A002D7FF78EAD102D5F
:10967000259B21DD099410261BEE104A04E0103DC5
:10968000102D0AF1080A16DD01338C491032072B20
:10969000CAE90016CDE92532F1DD24AA2146584653
:1096A0000DF19C0A05F0B8F8002854D1103D102D9A
:1096B000DDE92532E8DC099C8049CAF80450013311
:1096C0002A44072BCDE92532CAF8001000F326857D
:1096D000039B05995D1A002D0AF1080A7FF75BAD1F
:1096E000102D259B1FDD514610261BEE10AA04E00D
:1096F000103D102D01F1080114DD01336F481032C7
:10970000072BC1E90006CDE92532F1DD24AA514637
:10971000584605F081F8F0B9103D102DDDE92532ED
:1097200027A9EADC8A4601336449CAF804502A446E
:10973000072BCDE92532CAF8001000F3DA810AF1CF
:10974000080A28E51BEE101A24AA584605F064F80A
:1097500000283FF447AD079B002B3FF4A2AC0799CC
:109760005846FEF765FE9CE40E9B012B40F37A8180
:10977000259BCAF80040013301320121072B2692B4
:109780002593CAF8041000F3F8810AF1080A109929
:10979000129801330A44072BCAE90001CDE92532AA
:1097A00000F3DD810AF1080AB5EE408BF1EE10FA04
:1097B00000F077810E990133013901340A44072BF7
:1097C000CAF800402593CAF80410269200F35B8182
:1097D0000AF1080A1499CAF8041001330A44072B45
:1097E0001EA9CDE92532CAF800107FF7E5AC1BEEC3
:1097F000101A24AA584605F00FF80028ABD1269A73
:109800000DF19C0ADAE4102DDDE925122C4E24DD41
:10981000179410231BEE104A084604E0103D102D4B
:109820000AF1080A17DD013010320728CAE900637F
:10983000CDE92502F2DD24AA214658460DF19C0A05
:1098400004F0EAFF002886D1103D102DDDE9250245
:109850004FF01003E7DC179C014601312A44072929
:10986000CDE92512CAF80060CAF8045000F3BD83A0
:109870009DF867100AF1080A5DE4CDF808800A2A0D
:1098800071F1000380F0458330320123DDF8088058
:109890008DF83F2105930DF23F1468E61BEE101A78
:1098A00024AA584604F0B8FF00287FF454AF269A43
:1098B0000DF19C0A52E400BF608E0020908F0020C2
:1098C0002C3B00201BEE101A24AA584604F0A4FFDB
:1098D00000287FF440AF269A0DF19C0A51E4102C29
:1098E000259BBE4E1FDD1BEE108A102504E0103CA8
:1098F000102C0AF1080A16DD01331032072BCAE9D1
:109900000065CDE92532F2DD24AA414658460DF125
:109910009C0A04F081FF00287FF41DAF103C102C3E
:10992000DDE92532E8DC01332244072BCAE9006473
:10993000CDE925327FF74BAC1BEE101A24AA58460E
:1099400004F06AFF00287FF406AF269A3FE41B99D3
:10995000002940F35A830C9E0E9B9E42A8BF1E46D0
:10996000002E0BDD259B01333244072BCAE900464C
:109970002692259300F389860AF1080A0C9D002E91
:10998000A8BFAD1B002D00F303820C9B18F4806F61
:109990002344059340F01F821B9B0E998B4203DBEF
:1099A00018F0010F00F0CF84109912980A44CAE908
:1099B00000012599269201310729259100F3A586FA
:1099C0000AF1080A0E996518CC1A059BED1AA542F2
:1099D000A8BF2546002D0DDDCAF80030259BCAF82A
:1099E000045001332A44072B2692259300F3BB86AB
:1099F0000AF1080A002DA8BF641B002C7FF7DEAB1C
:109A0000102C259B40F37C831BEE106A102505E08B
:109A10000AF1080A103C102C40F37283013370499C
:109A20001032072BCAE90015CDE92532F0DD24AA52
:109A30003146584604F0F0FE00287FF48CAEDDE994
:109A400025320DF19C0AE5E7302B3FF48BAD302336
:109A5000023804F8013C50AB1B1ADDF8088005936E
:109A6000044684E518F0010F7FF482AE259BCAF806
:109A70000040013301320121072B26922593CAF8B9
:109A800004107FF7A5AE1BEE101A24AA584604F066
:109A9000C3FE00287FF45FAEDDE925320DF19C0A9C
:109AA00098E60E994C1E002C7FF794AE102C40F3D4
:109AB00061831BEE106A102505E00AF1080A103CCC
:109AC000102C40F35783013345491032072BCAE964
:109AD0000015CDE92532F0DD24AA3146584604F0C0
:109AE0009BFE00287FF437AEDDE925320DF19C0A9C
:109AF000E5E71BEE101A24AA584604F08DFE002854
:109B00007FF429AE269A0DF19C0AFFF744BB029B15
:109B100013F0100340F0C180029A12F0400200F0EE
:109B20007A83089850F8042B0890194692B20123C2
:109B300051E418F0100355D118F0400200F05D8395
:109B4000089850F8042B0890194692B2A8E45242A3
:109B500061EB4101CDF808802D2001233CE41BEE90
:109B6000101A24AA584604F057FE00287FF4F3ADDB
:109B7000DDE925320DF19C0A16E61BEE101A24AA27
:109B8000584604F049FE00287FF4E5ADDDE92532B2
:109B90000DF19C0AFBE518F0010F3FF40FAB2AE52D
:109BA000089399F80030FFF7CDB950ACDFE418F412
:109BB000007F40F0DB8353F8042B0893D1170B464A
:109BC000FFF7B6BB089B049853F8041B0893C21711
:109BD000C1E900024C46FFF78BB900BF2C3B0020C7
:109BE000908F0020089B53F8042B089358E4B4EEA0
:109BF000488BF1EE10FA80F194860B9B612B00F0FC
:109C00005285412B00F0C085039B01330B9B23F051
:109C1000200500F08084472D04D1039B002B08BF52
:109C20000123039318EE903A002B48F480724646C5
:109C3000C0F21886B0EE48AB002390460993079314
:109C40000B9B413B252B00F29883DFE813F06F0458
:109C500096039603960368046C0496039603960392
:109C6000960396039603960396039603960396032C
:109C7000960396039603960396039603960396031C
:109C8000960396039603960396039603960396030C
:109C900096039603960368046C04089B53F8042B00
:109CA00008930123FFF797BB139B002B3FF4CFA929
:109CB000139B1B78002B3FF4CAA999F8003048F495
:109CC0008068FFF73FB90B93CDF80880FFF7F1BB31
:109CD0000B939A4B119318F0200100F00581089B1B
:109CE000073323F00703596853F8082B089318F03B
:109CF000010F0AD052EA010307D00B9B8DF869309F
:109D0000302348F002088DF8683028F4806302930D
:109D10000223FFF760BB0B93FFF7B6BB0B93884B97
:109D20001193D8E7089B012153F8042B02918DF879
:109D3000DC200893059137ACFFF7AFBA1BEE101A81
:109D400024AA584604F068FD00287FF404AD269A42
:109D50000DF19C0A5DE4039B0794062B224628BF65
:109D6000062303942146CDE90C22764C02930593F9
:109D70000F92FFF76CBA40215846FBF7D3FF2060E3
:109D80002061002800F00F8640236361FFF79EB832
:109D9000102D259B40F35D82514610261BEE10AA24
:109DA00004E00831103D102D40F352820133664823
:109DB0001032072BC1E90006CDE92532F1DD24AAD6
:109DC0005146584604F028FD00287FF4C4ACDDE974
:109DD000253227A9E6E70E9BCDF82490E3180393DC
:109DE0000D9BCDF82880139E059DDDF85890DDF879
:109DF0003C800B941BEE101A5046002B34D0B8F167
:109E0000000F35D10D9B013B013E0D93159BC0E921
:109E10000039259B01334A44072B269225936CDC9D
:109E20000830039B96F800C05B1B6345A8BF6346E0
:109E3000002B9A460CDD259C01341A44072CC0E9FE
:109E400000532692259400F3778196F800C00830DD
:109E5000BAF1000FACBFACEB0A046446002C0ADC7C
:109E600065440D9B002BCAD1B8F1000F00F0AC8304
:109E700008F1FF38CAE7102CDDF894C024DD059501
:109E80004FF0100A63460D4604E0103C102C00F120
:109E9000080016DD01332C491032072BC0E9001AE7
:109EA000CDE92532F1DD24AA2946584604F0B4FC58
:109EB00000287FF450AC103C102CDDE9253227A897
:109EC000E8DC2946059D9C460CF1010322444460D0
:109ED000072B1D4C0460CDE9253200F3C68396F8AC
:109EE00000C008306544BCE718F0100300F0C280E1
:109EF000089B53F8042B0893F9E624AA58460591C9
:109F000004F08AFC00287FF426AC269A059927A83D
:109F100087E70298CDF81CA050AC00F480600025C3
:109F20000AEE10BA094BDDF84CA0CDF81490A34608
:109F30004FF00508AC46044610E000BF8420002026
:109F400098200020AC200020908F0020CDCCCCCCDD
:109F50000A2A71F1000136D34A463146501840F1C1
:109F60000000A3FB005626F0030505EB9605401BF9
:109F7000151A4FF0CC3661F1000E06FB05F6A5FB75
:109F8000039503FB0E6609F0010E2E44AEFB085E3E
:109F90002D184FEA590930350BF8015C49EAC679AA
:109FA0000CF1010C0BF1FF3B7608002CD0D09AF895
:109FB00000008445CCD1BCF1FF0FC9D00A2A71F151
:109FC000000180F08F815C4650AB1B1BDDF81490C4
:109FD000CDF84CA01AEE10BADDF81CA0DDF8088010
:109FE000CDF838C00593FFF7C2BA1BEE101A24AAA9
:109FF000584604F011FC00287FF4ADAB9DF86710C3
:10A00000269A0DF19C0AFFF796B8259BBE48CAF820
:10A010000000013301320120072B26922593CAF854
:10A02000040000F377810AF1080A002940F0AF80AC
:10A030000E9908F001030B433FF4C0A8109B12993E
:10A040001A44CAE90013259B26920133072B259356
:10A0500000F352820AF1080A0E99CAF8004001334F
:10A060000A44072BCDE92532CAF804107FF7A4A8CB
:10A07000FFF7BDBB18F0400200F0DD80089850F8F3
:10A08000042B0890194692B231E61BEE101A24AA4E
:10A09000584604F0C1FB00287FF45DAB269A0DF111
:10A0A0009C0AFFF7A3BA22AE0822002130461D9475
:10A0B000FDF764FD039B5A1C00F0DB800025CDF802
:10A0C0000890CDF81C809946A8460CE037A9584660
:10A0D00003F0A6FA431C404400F0C883484508DC5E
:10A0E00000F0188480461D9A525933460435002AE0
:10A0F000ECD1CDF81480DDF80890DDF81C80C5E0C7
:10A1000001338249CAF804402244072BCAF80010E0
:10A11000CDE925327FF750A8FFF769BB1BEE101A77
:10A1200024AA584604F078FB00287FF414AB269A42
:10A130000DF19C0AFFF729B824AA5846059104F0AE
:10A140006BFB00287FF407AB96F800C0269A0599B0
:10A1500027A87DE6012BCDF808807FF4F3A9FFF74F
:10A1600093BB089B049953F8042B4C461160089349
:10A17000FEF7BEBE01336549CAF804402244072BEE
:10A18000CDE92532CAF800107FF722AB7BE4109BA3
:10A1900012981A44CAE90003259B26920133072B23
:10A1A000259300F3A9810AF1080A0029BFF654AFEC
:10A1B0004D42103180F20F831BEE101A102605E07D
:10A1C0000AF1080A103D102D40F3058301334F4872
:10A1D0001032072BCAE90006CDE92532F0DD24AAAA
:10A1E0005846039104F018FB00287FF4B4AADDE977
:10A1F000253203990DF19C0AE4E7089B18F40071DD
:10A200001ABF114653F8042B53F8042B089318BFB8
:10A21000D2B2FFF745B9029B13F40071089B1ABF35
:10A22000114653F8042B53F8042B089318BFD2B2ED
:10A230000123FFF7D0B8089B18F400711ABF11462C
:10A2400053F8042B53F8042B089318BFD2B24EE5F1
:10A250008A4601332D49CAF804502A44072BCDE918
:10A260002532CAF8001000F339810AF1080AFFF715
:10A270008CBB0023194600961DAA584603F0F6F938
:10A2800003460133059000F0F1821D94059B002BDD
:10A290004ED0632B00F318810023079337AC0822BC
:10A2A00000213046FDF76AFC059D00962B461DAA4D
:10A2B0002146584603F0DAF9854240F07C83059A3E
:10A2C0000023A35422EAE272CDE90C339DF8671013
:10A2D000039302920F93FEF7BABF2D218DF86710FA
:10A2E000FEF7A4BF169B1599ABEB030B1A46584615
:10A2F000FDF7DCFC9AF80120054B0AB10AF1010ACE
:10A300004FF0000C28E600BF608E0020908F0020E8
:10A31000CDCCCCCC1BEE101A24AA584604F07CFA03
:10A3200000287FF418AA1B99269A0DF19C0A7CE656
:10A33000059B9DF867100F93CDE90233CDE90C33EF
:10A340000793FEF784BF0E99059865182D1ACC1A4D
:10A35000A542A8BF2546FFF74DBB089B049953F8BB
:10A36000042B089311804C46FEF7C2BD13F9042B51
:10A370000893D1170B46FEF7DBBF039A022122ABED
:10A3800001931DAB009358461BABB0EE4A0B0292F3
:10A3900003F088FB472D029A044600F06181462DA8
:10A3A000104405D12378302B00F06F821B9A1044A3
:10A3B000B5EE40ABF1EE10FA40F0468103461B1BB0
:10A3C0000E93472D00F01081462D00F0B5811B9BA8
:10A3D0000C930C9B412D03F1FF331B9300F0E5819F
:10A3E0009DF82C200021002BB8BF0C9B8DF8782005
:10A3F000BABFC3F101032D222B22092B8DF879203E
:10A4000040F3DA810DF18F05DFF81CC42A461046AF
:10A410008CFB0321DA17C2EBA10202EB8201A3EB52
:10A420004101303100F8011C19466329134600F13F
:10A43000FF32ECDC3033D9B2831E9D4202F8011C9E
:10A4400040F28B8213460DF17A0201E013F8011BF2
:10A4500002F8011B9D42F9D10DF191030DF17A0231
:10A460001B1A13441EAA9B1A14930E9B149A012BB9
:10A470001A44059240F30382059B109A13440593F6
:10A4800026F48063059A43F480780023CDE90C33E9
:10A4900022EAE2720F930292099B002B40F0B180F6
:10A4A0009DF867100393FEF7D2BE2046FDF7AEFE7F
:10A4B00002460590FEF720BF1BEE101A24AA58464C
:10A4C00004F0AAF9FEF7EDBD591C5846FBF72AFC2B
:10A4D0000446002800F0CA810790E0E61BEE101A3F
:10A4E00024AA584604F098F900287FF434A9269A43
:10A4F0000DF19C0AFFF749BA1BEE101A24AA584620
:10A5000004F08AF900287FF426A9DDE925321B9999
:10A510000DF19C0A49E606230393FFF783BB039BD7
:10A5200002215A1C2BE7039A032128E71BA8B0EE4F
:10A530004A0B03F0BFF8B4EE007B20EE070BB5EE3C
:10A54000400BF1EE10FA01D101231B93B348039B9A
:10A55000B3EE005B013B224604E0B5EE400BF1EEAA
:10A5600010FA13D020EE050BFDEEC07BB3F1FF3FD8
:10A5700017EE901A415CB8EEE76B944630EE460B4E
:10A5800002F8011B194603F1FF33E6D1B6EE006B6A
:10A59000B4EEC60BF1EE10FA00F34881B4EE460BB0
:10A5A000F1EE10FA04D117EE903ADB0700F13E818C
:10A5B000002906DB4B1C1344302102F8011B934297
:10A5C000FBD1131B0E93FCE60B9C0E9BDDF8249035
:10A5D000DDF828801396E3189D42294628BF1946C6
:10A5E00082460591FFF7D8B91B9B0C93DA1C02DB5E
:10A5F000039A93420CDD0B9B023B0B9323F0200547
:10A60000E7E62D2100238DF867100393FEF722BEA5
:10A610000C9B0E9A9342C0F2BD80F0070C9B40F158
:10A620003281109A13440593710503D50C9B002BBE
:10A6300000F33581059B23EAE373029367230B93B1
:10A6400000230F930D9327E7229B8342BFF4B7AEFD
:10A6500030215A1C22921970229B9842F9D8AEE6FA
:10A66000F30700F1A780229BA9E624AA584605918A
:10A6700004F0D2F800287FF46EA896F800C0269A5D
:10A68000059927A86544FFF7ECBB1BEE101A24AA16
:10A69000584604F0C1F800287FF45DA8269A0DF111
:10A6A0009C0AFFF76BB978238DF8693030238DF859
:10A6B0006830039B632B48F0020600F3A68000235A
:10A6C000079337AC18EE903A002B48F481782BDBD7
:10A6D000B0EE48AB0B9B23F02005002309930B9BA6
:10A6E000612B7FF4ADAAB0EE4A0B1BA802F0E2FF8B
:10A6F000B4EE007B20EE070BB5EE400BF1EE10FA46
:10A7000001D101231B93464821E71BEE101A24AA0E
:10A71000584604F081F800287FF41DA81B9B269A58
:10A720000DF19C0AFFF74EB90B9B23F020052D235A
:10A730000993B1EE48ABD2E71B9A0C92002A06F0BF
:10A74000010340F30D8103990B4340F0CF800C9B34
:10A75000059366230B93720500F1A380059B23EA02
:10A76000E37302936CE71BEE101A24AA584604F018
:10A7700053F800287EF4EFAF1B9C0E9B269A1C1BFF
:10A780000DF19C0AFFF736B958238DE7002203929A
:10A79000FEF7DABB0E9B109A9A180C9B0592002BC1
:10A7A00040F3AB8067230B93D5E70B9A0F32D2B2FD
:10A7B000012118E6A018FBE5002940F0A88030220E
:10A7C0008DF87A200DF17B02303302F8013B1EAB8D
:10A7D000D31A149349E601331249CAF804502A44A3
:10A7E000072BCDE92532CAF800107FF733AC1BEEFA
:10A7F000101A24AA584604F00FF800287EF4ABAFD4
:10A80000DDE925320DF19C0A26E4591C5846FBF778
:10A8100089FA044650B3079054E700BF98200020FF
:10A8200084200020908F002067666666CDF888C07F
:10A8300012F8011C90F80FC0614513460AD14FF081
:10A84000300E03F801EC229B591E229113F8011CD3
:10A850008C45F6D0392916BF0131817AC9B203F887
:10A86000011CAEE600239046079360E71BEE102A1A
:10A87000B2F90C3043F040039381FEF716BCF507A4
:10A880007FF5FEADF8E50593CEE6B5EE40ABF1EE13
:10A8900010FA3FF48BADC2F101021B9287E56723EA
:10A8A0000B9313990B78FF2B79D000250C9A28462F
:10A8B00003E001300131FF2B08D0934206DAD21AAF
:10A8C0004B78002BF5D10B780135F4E70C921391FE
:10A8D0000D900F950F9A0D9B16991344059A01FB45
:10A8E0000323059323EAE3730293D5E5109BD31862
:10A8F0001944662305910B932DE7C3F101031A4414
:10A9000022EAE2730293672305920B9398E60DF116
:10A910007A0259E7039BDDF80890DDF81C80059367
:10A92000B4E418EE903A002BB4BF2D219DF86710C7
:10A93000254C264BB8BF8DF8671028F08008FEF72D
:10A9400079BC039B0293059373239DF867100390D2
:10A950000F900D900B93FEF77ABC0223149384E5BD
:10A96000039A134305D10123662202930B920593A8
:10A9700066E6109B01331A4422EAE27302936623CF
:10A9800005920B935CE6089A99F80130894652F8D3
:10A99000041B089241EAE1710391FEF7D3BA002348
:10A9A0000F930D9396E70C23CBF800304FF0FF3355
:10A9B0000493FEF781BB1BEE102A938943F04003FA
:10A9C0009381FEF7C8BE00BF802000202019002020
:10A9D0002DE9F04F2DED028BADF5377D8B46B1F9AA
:10A9E0000C1002AF8C048146FA643B6309D4DBF897
:10A9F000643041F4005123F40053ABF80C10CBF851
:10AA0000643000231C460822194607F15800FB62F7
:10AA1000A246FDF7B3F83C647C62BC637C64834B64
:10AA2000D3F8E440FDF774F907F1580203460092A9
:10AA300007F15401FA6C4846A047051EFB6C33DB56
:10AA40002B44FB647B6D2E46002B00F0B680012D5D
:10AA500038D0252B40D0002DE1D0FB6C9E1BDBF8BD
:10AA60000430741E002B40F39880DBF8001094F83B
:10AA700001C091F800E0A31C0AEB0300E64501F1D8
:10AA80000101A3EB060204F10104A0EB060040F073
:10AA90009480DBF80430CBF80010013BAA42CBF8DD
:10AAA0000430DFDB8246BAE70133FB6408224FF64D
:10AAB000FD73002107F158007B65FDF75FF87B6DA2
:10AAC000002B7AD05A4EF25C100700F11C85252B22
:10AAD00040F0868001252E46F86C00240278A046BE
:10AAE000A2F12503411C552B67D8DFE813F00A07B4
:10AAF0006600660066006600010766006600660084
:10AB0000660066000C060C060C060C060C060C060D
:10AB10000C060C060C060C06660066006600660055
:10AB2000660066006600180666008E04C9041806F2
:10AB30001806180666006600660066008200660059
:10AB40006600BF0466006600660089006600660055
:10AB5000660066006B0666006600DD06660066003D
:10AB6000660066006600180666009004CB041806AE
:10AB700018061806BE06D20682006600E706F3062F
:10AB8000AC06C104DA06660066008B007D00CA06CA
:10AB9000660066006B0666007D005946484603F075
:10ABA000FBFE00283FF461AF7B6C002B01F052806C
:10ABB000BBF80C305A0601F14D803B6C43B13B6C45
:10ABC000D3F80080B8F1000F02D04046FBF7A2F89E
:10ABD000786C07F53577BD46BDEC028BBDE8F08F8C
:10ABE000FB6C01255E1E3AE72307E6D14278084652
:10ABF00076E72207E1D1427844F0020408466FE785
:10AC000044F00104F9640225DBF80430002B40F322
:10AC10000884600640F10F846B1E032B01F2EB8069
:10AC2000DFE813F07B02F1014B01080030930020B4
:10AC3000E11E0020484602F099FA03683B6208F1E1
:10AC4000FF33B3F5AE7F40F25A856FF4AE7508EB73
:10AC500005033B6140F25D18002607F5B87308EE66
:10AC6000109AC7E90566FE637E63FE61BE6444F424
:10AC7000F064BB621D464646DBF800100A78A2F17C
:10AC80002B034E2B50D8DFE813F07E034F007E03DA
:10AC90004F004F00A300A600A600A600A600A60035
:10ACA000A600A600A600A6004F004F004F004F00D0
:10ACB0004F004F004F0074030B030B030B039E0365
:10ACC00094034F004F0084034F004F004F004F008C
:10ACD0005D034F003A034F004F004F0033034F0016
:10ACE0004F004F001E036D034F004F004F004F00F9
:10ACF0004F004F004F0074030B030B030B039E0325
:10AD000094034F004F0084034F004F004F004F004B
:10AD10005D034F003A034F004F004F0033034F00D5
:10AD20004F004F001E036D03A0056FD5386A0378EE
:10AD300093426BD1C7E902457E60814618EE106AE6
:10AD40004FF000085C4607E0216091F800E099F8B8
:10AD5000000086451CD1DA4619F8010F45460AF174
:10AD6000010B013108F10108002800F064866068D9
:10AD7000013800286060E7DC2146304603F00CFE15
:10AD800030B9216899F8000091F800E08645E2D0DA
:10AD9000A3463A6ABC683D612B46B146BE6CFD686D
:10ADA000BD6401335D4602EB0308B34626461446F4
:10ADB00018F8011D2A46484603F0AEFD4445F7D178
:10ADC0003B693446AAEB030A5E46AB46BD6C20E005
:10ADD000E00500F10185BB6CF96BD94216D124F472
:10ADE000C07405F8012B013EDBF80430013B002B59
:10ADF0000AF1010ACBF8043040F36F83DBF800302E
:10AE00000133CBF80030002E7FF436AFBE6C18EE65
:10AE1000109A7B6B002B40F0DC82FB6B013B012B1B
:10AE200041F21680731E062B40F22786E3051BD5E0
:10AE3000660501F1B58015F8011C652905F1FF33A0
:10AE40000AF1FF360AD0452908D05A46484603F091
:10AE500063FD15F8021CAAF10206AB1E5A464846CD
:10AE6000B2461D4603F058FD14F010027FF4D7AD32
:10AE700004F4C063B3F5806F2A7000F0D284BB691C
:10AE8000002B40F02C874846B96A0022FCF77AFB79
:10AE9000E0073B6B00F1C985A10700F1C685B4EE60
:10AEA000400BF1EE10FA53F8044B80F1F486B7EE44
:10AEB000C00B3B6384ED000AA2E308F1FF33B3F556
:10AEC000AE7F40F2A2836FF4AE7208EB0203FB6325
:10AED00040F25D1807F5B8730022BE6BBB6259469D
:10AEE00044F45864D3461D4692460A681078A0F18F
:10AEF0002B034D2B60D8DFE813F082025F00820243
:10AF00005F005F00CD02E001E001E001E001E0014F
:10AF1000E001E0016F026F025F005F005F005F0011
:10AF20005F005F005F004E004E004E004E004E007E
:10AF30004E005F005F005F005F005F005F005F002A
:10AF40005F005F005F005F005F005F005F005F0009
:10AF50005F005F0076025F005F005F005F005F00E0
:10AF60005F005F005F004E004E004E004E004E003E
:10AF70004E005F005F005F005F005F005F005F00EA
:10AF80005F005F005F005F005F005F005F005F00C9
:10AF90005F005F0076020A2E0EDD24F438644B68F1
:10AFA00005F8010B013B002B4B6040F38D82013211
:10AFB0000A60B8F1010898D1E005D046BE63DA46D0
:10AFC0008B4607D5BB6A9D4200F22284BB6A9D4234
:10AFD0003FF4F3AD14F0100210D1B96ABB6BFE6AF6
:10AFE0002A704846B047A10640F108843B6B53F8ED
:10AFF000042B10603B637B6C01337B64BB6AED1AEE
:10B000004544AA440BE5B8F1000F08BF4FF0FF38E4
:10B01000E00740F1958214F010037B6340F07484E4
:10B02000210640F166863C6B54F8043BFB63002B21
:10B030003FF4C3AD8020FAF765FEB864002800F045
:10B040007887FB6BBA6C1A603A6CD58893889D42FE
:10B0500080F052851068FB6B40F825303B6C3C63F8
:10B060000135DD80BB6CBB6220233B62DBF8003026
:10B07000B14E1B78F35C13F0080340F0BB847C6A8C
:10B080007E621D46FCF744FEA8423FF48DADDBE92D
:10B09000003207F5B87013F8011B4155013A032C33
:10B0A000CBE9003205F1010507F1680602D13368EA
:10B0B000042B04D0082200213046FCF75FFD07F581
:10B0C000B872B96C00962B46484602F07FFA421CD3
:10B0D00004463FF469AD002840F07884BB6C1860EA
:10B0E00002F0D0FA002840F05C86AA4408F1FF384C
:10B0F0007B6B002B40F03386BB6CFA6B0433BB6474
:10B10000002A00F02C86BA6A9D1A3B6AB3EBA50FA1
:10B1100040F256877D6B00F05CBCB8F1000F08BFB1
:10B120004FF0FF38E00740F17B8214F01003BB6260
:10B1300040F0F383210640F1ED853E6B56F8043B69
:10B140003B62002B3FF439AD8020FAF7DBFD04466B
:10B15000002800F0EE863B6A3A6C1860D588938828
:10B160009D4280F0DD8410683B6A40F825303B6CDE
:10B170003E630135DD802023FC61BB617E6AC7F838
:10B180003CA00025C246A046FCF7C2FDA8423FF401
:10B190000BADDBE9003213F8011B013A07F5B8707B
:10B1A000CBE90032032E05F101034155BB6407F1E1
:10B1B000600402D12368042B04D008220021204619
:10B1C000FCF7DCFC07F5B872BB6C009441464846BE
:10B1D00002F0FCF9421C06463FF4E6AC002840F0C1
:10B1E000CA82C8F80000054607F16803082200215A
:10B1F00018467B63FCF7C2FC50497B6BD1F8E0102A
:10B200002A4648460D4607F15001A847012800F09C
:10B21000D583002207F170039B5C002B00F0A18511
:10B22000FB6BBA6C032E1344FB6300F0CA830AF174
:10B23000FF3ABB6A5BB93B6A08F104083BB1FB69A2
:10B24000A8EB0304BB69B3EBA40F40F20584DBF861
:10B250000430002B4FF0000540F39682BAF1000F46
:10B2600092D1D7F83CA07E624446BB6A002B7FF4A3
:10B27000D6AB23603B6A002B00F0C281FB69BA6940
:10B28000E11A8B1001339A4240F2BA813C6A0431D0
:10B290002068FBF703F8002800F0B2812060AFE1DE
:10B2A00021057FF5B3ADFB6BB96C5B187FF4AEADD8
:10B2B000BB6424F4C074FB6393E5214B24F438642D
:10B2C00033F916606BE604F41863B3F5807F7FF4FE
:10B2D0009DAD7B6B012B7FF499AD302305F8013BCD
:10B2E00024F48074002344F40064013E7B6378E519
:10B2F000BB6C062B40F074850723BB6471E5230506
:10B300007FF584AD04F4A063B3F5806F05D06105CB
:10B310007FF57CAD7B6B002B47D0A30504D47B6B02
:10B32000F9695B1AC7E9055324F47864002344F4EF
:10B33000C0747B6355E500BFE11E00203093002000
:10B34000083B0020FB6B002B00F0FF81FB6B022B06
:10B3500000F0B083BB6C012B00F0F181042B00F0F6
:10B36000EE8153E5BB6C072B40F03A850823BB64A4
:10B3700037E5200500F1F981FB6B012B7FF446AD29
:10B380000223FB632DE523067FF540AD24F0800406
:10B3900027E5BB6C002B40F0CC817B6BB3B904F488
:10B3A000E063B3F5E06F00F02085BE6C18EE109AF4
:10B3B00033E5210500F1B781BB6C022B40F010850D
:10B3C0000323BB640DE520059CD56CE7BE6C18EE2D
:10B3D000109A24F4807420E58D4B33F91660082E02
:10B3E0003FF7DBADE8E504F4C063B3F5007F7FF41D
:10B3F000E3AD24F4007444F4A0641026CFE52306E2
:10B400007FF5DAAD24F08004C9E544F00104DBF8EF
:10B410000430F964002B44F040044FF000053FF77E
:10B42000F8AB5946484603F0B7FA00287FF4BCABA6
:10B4300060063FF5F1ABDBF80020764E1378F35C45
:10B4400019077FF5E9ABDBF80430013B002B0AF16B
:10B45000010ACBF8043002F101024ADDCBF80020EA
:10B460001378F35C19077FF5D7ABECE744F00104E0
:10B47000694BFB620823F964BB630325FFF7C4BB78
:10B4800044F00104654BFB620A23F964BB630325A6
:10B49000FFF7BABB23057FF582AD16B944F40074FB
:10B4A0000826630500F1A681FB6B24F460741BB1D0
:10B4B000013BFB6308F101084B68013B002B0AF1DB
:10B4C000010A4B603FF773AD4846B96403F064FA74
:10B4D000B96C00283FF46DAD6EE518EE100A5946C0
:10B4E00003F05AFA00287FF491AC002E7FF4C4AB2D
:10B4F0008CE45946484603F04FFA00287FF454ABD9
:10B50000DBF800209AE7DBF804200FE0DBF80030DE
:10B510001A78B25C110703F101037FF580AADBF80A
:10B520000420013ACBE900320AF1010A002AEDDCDD
:10B530005946484603F030FA0028E7D0FFF76FBAC3
:10B54000E10600F1498314F0800400F0AB833C6B0A
:10B5500054F8046BBE64002E3FF42FAB2020FAF7A2
:10B56000D1FB0546002800F062843A6C3060938875
:10B57000D6889E4280F0A8821068BB6C40F82630C6
:10B580003B6C3C630136DE802023FB63DBF800204C
:10B59000204E1178715C080700F1AC8233462C46CE
:10B5A00010462E46DBF80410BA6C0139CBF80410B3
:10B5B000411CCBF800103546017805F8011B22B17B
:10B5C000FA6B2E1B964280F07A83B8F101080BD0FB
:10B5D000DBF8041000292E4640F3AE83DBF80000B0
:10B5E0000178595C0907DDD5291B8A4401314FF0E8
:10B5F00000032B70BB6C1BB1FB6B8B4200F294837E
:10B600007B6C01337B64FFF70ABA0023FB6361E4C0
:10B61000083B0020E11E002059AF0100095701003E
:10B62000E60600F1818114F0800400F06D833C6B2C
:10B6300054F8046BBE64002E3FF4BFAA2020FAF732
:10B6400061FB0546002800F0F2833A6C3060938875
:10B65000D6889E4280F07A821068BB6C40F8263013
:10B660003B6C3C630136DE802024DBF8002007F1D0
:10B67000700319461378CB5C002B3FF49EAA08EEAA
:10B68000109AD7F84890C7F83CA02E46A24610461C
:10B690000C46DBF80410431C0139CBE90031294684
:10B6A000007801F8010BB9F1000F02D08D1B554550
:10B6B0007AD20D46B8F101080AD0DBF8041000294F
:10B6C00040F36A81DBF800000178615C0029E0D179
:10B6D000544618EE109AD7F83CA0AE1B3FF46DAA62
:10B6E0004FF000032B70BB6C1BB1711C8C4200F23D
:10B6F0002D837B6C0133B2447B64FFF790B9002348
:10B700003B61FFF7A9BA14F08F0F7FF456AA08EB3C
:10B71000880802EB4808A8F13008FFF767BAF96417
:10B720000425FFF771BAFB6BB96C5B187FF444AE6C
:10B73000BEE5BB6C032B02D0052B7FF467ABBB6C63
:10B740000133DBB2BB64FFF74CBB7B6B002B7FF498
:10B7500001AE04F4E063B3F5E06F7FF4FBAD0123C9
:10B7600024F4F064FB63FFF73CBBFB6BB96C5B1824
:10B770007FF402AE9CE5831C40F05B84DBF8043070
:10B78000BD6C002B3FF700AD5946484603F004F965
:10B7900000283FF463ADD7F83CA07E624446002DFC
:10B7A0003FF463ADFFF700BA4FEA4A0A304651460C
:10B7B000FAF774FD0646002800F039830544C9F8FD
:10B7C000000077E744F40074BC4BFB621023F9647B
:10B7D000BB630325FFF718BA7B6B01337B633B69BF
:10B7E00024F08004002B3FF4FEAA3B69013B3B613F
:10B7F000FFF7FABA24F4B064FFF7D1BB220740F197
:10B80000C7813B6B53F8042B3B631070FFF7F3BB0E
:10B8100015F8011C5A464846013D03F07DF8FFF734
:10B82000D5BBFB697A6B93423FF42DAB9A1A07F2B2
:10B83000C3239D4228BF07F2C225A149284601F033
:10B8400035FCFFF720BBE20600F13181230700F150
:10B85000BA81660740F1B4823B6BF96453F8042B5C
:10B860003B63A2F800A0FFF7DAB823077FF4A5A98D
:10B870004278682A00F0868144F004040846FFF705
:10B880002FB98E4BFB620A23F964BB630325FFF7D4
:10B89000BBB98C4BFB620023F964BB630325FFF744
:10B8A000B3B944F408748FE707F1700001F056FA59
:10B8B00044F04004F8640125FFF7A6B922077FF49D
:10B8C0007CA942786C2A00F0578144F001040846B4
:10B8D000FFF706B914F08F037FF46FA93A6C002AC2
:10B8E00000F0E781427844F080040846FFF7F8B89A
:10B8F00058EA04087FF461A9427810240846FFF74B
:10B90000EFB8F964FFF7A7B800233B62BB62FB63A3
:10B9100007F15403BB64FFF7A9BB0023C7E9063353
:10B920003B6207F1540429E4DBF8003007F17002B0
:10B9300011461A788A5C002A3FF43FA90133CBF8FC
:10B940000030DBF80430B8F1010F03F1FF33CBF81E
:10B95000043018BF0C4614D1FFF753BBDBF800309E
:10B960001A78A25C0133002A3FF44BABCBF80030CD
:10B97000DBF804300135013B4545CBF804303FF49A
:10B9800040AB002BEADC5946484603F005F8002896
:10B99000E4D0AA44FFF743B818EE100A594602F063
:10B9A000FBFF00283FF48EAEB542544618EE109AC5
:10B9B000D7F83CA07FF491AEFFF7F6B897F8502087
:10B9C00028E42368042B7FF432AC32E4831C40F07B
:10B9D0003983DBF80430002B40F3D781DBF80030EB
:10B9E0007A6A1B78D35C180703D4B8F1000F7FF490
:10B9F00049AB7C627B6B002B7FF411A8BA6C13609F
:10BA0000FB6B002B3FF4FCADBB6AD11A8B103A6A7A
:10BA100001339A427FF6F4ADFC6B04312068FAF7EB
:10BA20003DFC00287FF43AACEAE553F8042B82EDA4
:10BA3000000B3B63E4E5FD68396A7E6828464246B0
:10BA4000A346BC6801F060FB7B6BFB6124F42074AF
:10BA5000013E0546FFF7C8B9F869D9001D46FAF757
:10BA60001DFCF861002800F064823A6A6B0000EB6C
:10BA700004081060BB61FFF7EABB022E40F2C482EB
:10BA8000032E3FF4D3A9043E5FFA86F86FEA080359
:10BA9000EE1815F8011D5A46484602F03DFFAE4229
:10BAA000F7D10AF1FF3AAAEB080AFFF7BFB9F96428
:10BAB000FEF7B5BF0323FB63FFF793B959AF01004E
:10BAC000B01E0020095701004FF6F672934200F2B3
:10BAD00097823A6C08339BB21068F86399007B63D5
:10BAE000FAF7DCFB002800F07B823A6C7B6B9380DA
:10BAF000106042E501217AE54FF6F672934200F2BA
:10BB0000938208339EB23B6CB1001868FAF7C6FB0B
:10BB10003B6C002800F03E829E801860FFF79BBAC5
:10BB20004FF6F672934200F27F823A6C08339BB272
:10BB300099001068BB64FAF7B1FBBB6C002800F0F9
:10BB400028823A6C93801060FFF70EBB4FF6F672B6
:10BB5000934200F255823A6C08339BB21068F86346
:10BB600099007B63FAF79AFB002800F039823A6C5F
:10BB70007B6B9380106070E5827844F002040230A1
:10BB8000FEF7AEBF827844F008040230FEF7A8BF8B
:10BB9000630758D414F001027FF428AAA6077FF5A2
:10BBA00025AAB34BF96A99424846BB6BB96A00F0C3
:10BBB0003D8201F0E7FB3B6B53F8042B3B63C2E98A
:10BBC0000001FFF718BA3B6BF96453F8042B3B6391
:10BBD00082F800A0FEF723BFDBF80030A54E1A78EC
:10BBE000B25C12073EF51BAF0133CBF80030DBF837
:10BBF0000430B8F1010F03F1FF33CBF8043008BF74
:10BC00000AF1010A3EF40BAF012411E0DBF8003029
:10BC10001A78B25C150703F1010311D4CBF8003098
:10BC2000DBF804300134013B4445CBF8043007D045
:10BC3000002BEBDC5946484602F0AEFE0028E5D06A
:10BC4000A244FEF7ECBE3B6B53F8042B3B63108021
:10BC5000FFF7D1B93B6C002B00F06E813B6CD3F841
:10BC60000080DE8876B10024A8F10405A14655F8CD
:10BC7000043F1868FAF74EF801342B68A642C3F85F
:10BC80000090F4D14FF0FF337B64B8F1000F7EF4E5
:10BC90009CAFFEF79DBF78483B63FCF773FB84EDD8
:10BCA000000AADE43A6BFC6352F8045B3A63BC648F
:10BCB0006CE482B0CDE9023302AB3B6412E67B63F5
:10BCC000530020461946FB63FAF7E8FA04460028B9
:10BCD00000F0AD80BB6C851918607B6B75E47D69E5
:10BCE00029460A2301314846FBF7F4FCBB69C21A16
:10BCF0009DE5D7E90C3253F8041B3A62B9643B6303
:10BD0000BA62FA63FFF7B2B93B6BBC6453F8045BE9
:10BD10003B63AAE43B6BBA6A53F8044BBA61C7E9C8
:10BD200007223B63FFF72ABABC6C2068FAF7B6FA21
:10BD300000287FF4B3AA63E4594648467B6302F0C7
:10BD40002BFE7B6B00283FF449AC4DE418681C4681
:10BD5000FAF7A4FA00283FF4CCAC2060C9E400252F
:10BD600037E6BD6CD7F83CA07E624446002D3FF418
:10BD70007CAA013D07F5B8735A46595D484602F062
:10BD8000CBFD002DF5D1FFF770BA5946484602F0B9
:10BD900003FE00283FF422AE7C62002D7EF404AF47
:10BDA00028E67C62002D3FF425AE013D07F5B8730F
:10BDB0005A46595D484602F0AFFD002DF5D119E60F
:10BDC000E5073CD4A4073AD53B6BF96453F8042B40
:10BDD0003B634FEAEA73C2F800A05360FEF71FBE50
:10BDE00018EE109A1E46FFF714B8012324F4F064ED
:10BDF000BB64FEF7F6BFB8F1010F38BF4FF0010882
:10BE000014F001033AD1E50600F13681240640F131
:10BE10004C813B6B53F8045BBB64002D3EF4CDAE0C
:10BE20004046F9F76FFF0346002840F0DC803B6C8A
:10BE3000002B00F08180D3F80080DE8812E73B6B96
:10BE4000F96453F8042BC2F800A03B63FEF7E7BD8A
:10BE50002B46BD6AAB427EF6B0AE1C4614F8011DFF
:10BE60005A46484602F058FDAC42F7D1FEF7A5BE4F
:10BE700059AF0100E11E0020AC09002014F01003AE
:10BE80007B635ED00025FD63BD642E4600244B46D7
:10BE9000C146A84625461C46FBF73AFFA8423EF499
:10BEA00083AEDBE9003213F8011B013ACBE9003223
:10BEB0007A6A07F5B870032A415505F1010307F1C5
:10BEC000680502D12A68042A06D0082200212846E3
:10BED000BB62FBF753FEBB6A009507F5B8723146AB
:10BEE0002046BB6201F072FB431C78623EF45CAEFC
:10BEF000BB6A002840F047817A6B02B932609A44ED
:10BF000009F1FF397B6B002B40F07581BB6C002B76
:10BF100000F07081FB6BF51AB8EBA50F00F26A8197
:10BF200018464FEAC801FAF7B9F9F863002840F05B
:10BF30005C813B6C002B2DD14FF0FF337B64FEF70F
:10BF400047BE220640F18F803C6B54F8043BBB6433
:10BF5000002B3EF432AE8020F9F7D4FE06460028CE
:10BF6000E7D0BB6C18603B6CDD889A889542C0F0C6
:10BF7000B3804FF6F6718A4256D8083293B23A6CC3
:10BF8000FB6399001068FAF789F9FB6B002840F011
:10BF9000AE803B6CDB883A6C1E46D2F8008061E6CE
:10BFA0002B46BD6AAB427EF608AE1C4614F8011D56
:10BFB0005A46484602F0B0FCAC42F7D1FEF7FDBD50
:10BFC0001046D9001E46FAF769F9B8620028B0D0C9
:10BFD0004219BA64FA6B7D6B106073003B62F8E43F
:10BFE000D7F83C803EE6396C2860CE888A88964235
:10BFF000C0F08E804FF6F6718A42386340F2A58019
:10C000003B6CD3F800802DE6BA6A95427EF6D5AD3A
:10C010002C46BD6A14F8011D5A46484602F07CFCC5
:10C02000AC42F7D1FEF7C9BD2B46B4E701F07AFA6E
:10C03000C1E5D8F800301D4601337FF4D5A82A4663
:10C04000FFF7E8B8BB6C186801F01CFB00287FF410
:10C05000A8AE032CAA447FF449A83368042B7FF4CC
:10C0600045A8FFF745B8D7E90C3253F8046B3B639A
:10C070001546FA63BA6409E71C46DBF804309845B4
:10C0800039DDDBF800201A44CBF800205946484639
:10C090001C44A8EB030802F07FFC0028EDD0002C24
:10C0A0003EF482ADA244FEF7BABC3D6B434629681C
:10C0B000CDF800B00122484602F08CFC044600286E
:10C0C0003EF472AD0435BD647B6C01337B64BB6CA4
:10C0D0003B63A244FEF7A3BC1868BB6C40F8253054
:10C0E0003B6C3C630135DD80FE632025CEE63A6C77
:10C0F00093801060F1E7A3EB0803CBF80430DBF882
:10C10000003044444344CBF80030A244FEF787BCDF
:10C110000A68FA63FA6B42F826503A6C0136B6B2F6
:10C12000D6801946CDF800B043460122484602F0B9
:10C1300051FC0446D8B18045C6D928682146FAF793
:10C14000ADF80028C0D02860BEE73B6C083294B23E
:10C150001A687A631046A100FAF7A0F87A6BF863C0
:10C1600000285BD03B6C9C8018603B6BD2E77B6CFB
:10C17000D7F83C80002B3FF475ADBBF80C305B0664
:10C180007EF51DAD6AE57A6A02321DD1DBF8042026
:10C19000002A1D463FF780AE5946204602F0FCFBC0
:10C1A000E0B9B9F1000F7FF477AE4546A146BB6C0C
:10C1B00023B1FB6BF11AB5EBA10F27D87B6B002BDA
:10C1C0007EF42DACFFF71CBA9A447B6A032B7FF4F4
:10C1D00097AE2B68042B7FF493AE93E6A1462C46D2
:10C1E0004546002CE3D0FEF7DFBCBA6C4619106060
:10C1F0004FEA48080436DBF80430002B4FF0000506
:10C20000CADDB9F1000F7FF447AECEE7BC6C206801
:10C21000FAF744F80028D1D02060CFE7904621E516
:10C22000436C70B505460C464BB153F8240080B101
:10C23000026843F824200023C0E9033370BD2122A3
:10C24000042101F05FFB034668640028EDD1002063
:10C2500070BD012101FA04F6721D9200284601F01A
:10C2600051FB0028F3D0C0E90146E4E731B1436C4B
:10C270004A6853F82200086043F82210704700BF54
:10C280002DE9F0410E6980460F461D4601F1140E5E
:10C290000020DEF800108CB202FB0453090C4FEAB8
:10C2A000134C02FB01CC01309CB204EB0C448642DF
:10C2B0004EF8044B4FEA1C45EBDC3DB1BB68B34282
:10C2C00007DD07EB860301365D613E613846BDE858
:10C2D000F081796840460131FFF7A2FF0446B0B112
:10C2E0003A69023207F10C0192000C30F4F7B8F809
:10C2F000D8F844307A6853F82210396043F8227035
:10C30000274607EB860301365D613E61DEE7034B9E
:10C3100003482246BA2101F009FA00BFCC1C0020D4
:10C320004C1E00202DE9F8431746274A1E460833C5
:10C330000C46092E82FB03124FEAE3730546C3EB5A
:10C34000620339DD4FF0010C00214FEA4C0C6345CC
:10C3500001F10101F9DC2846FFF762FF014668B3ED
:10C36000089B4361092F4FF00103036112DC0A347B
:10C370000927BE420BDDF21BA61814F8013B0A2266
:10C38000303B2846FFF77CFFA6420146F5D1084620
:10C39000BDE8F88304F10909C8463C4418F8013B9C
:10C3A0000A22303B2846FFF76BFFA0450146F5D136
:10C3B000A7F108044C44DCE70021CCE70A46034B14
:10C3C0000348D32101F0B2F9398EE338CC1C0020A8
:10C3D0004C1E0020030C1B04D3B90004102310F0E2
:10C3E0007F4F04BF0002083310F0704F04BF0001FC
:10C3F000043310F0404F04BF80000233002805DBF7
:10C4000010F0804F03F1010308BF20231846704746
:10C410000023E4E7036813F0070208D0D9071FD40C
:10C420009A0722D55B08036001221046704799B233
:10C4300009B91B0C1022D9B209B908321B0A190715
:10C4400004BF1B090432990704BF9B080232D907B5
:10C4500003D45B0802F1010205D003601046704767
:10C460000022104670472022DFE79B08022203606B
:10C470001046704738B5436C04460D464BB15868BA
:10C48000B0B102685A6000220123C0E90435C260DD
:10C4900038BD2122042101F035FA034660640028EA
:10C4A000EDD1094B0948002240F2451101F03EF957
:10C4B0001C220121204601F025FA0028F1D001229A
:10C4C0000223C0E90123DEE7CC1C00204C1E002023
:10C4D0002DE9F04F0E691569AE4285B088461446C5
:10C4E00005DB2A46234635460C4616469846A36881
:10C4F0006168AF19BB42B8BF0131FFF791FE0190EF
:10C50000002800F08780019B03F1140909EB870ADA
:10C51000D14505D24B46002243F8042B9A45FBD85F
:10C5200008F1140808EB860B04F11403D8451A46E9
:10C5300003EB85055FD22B1B153B23F0030304336C
:10C540001534A54238BF0423CDE902A7AC461F46E7
:10C55000924605E0090C29D1C34509F1040948D9DF
:10C5600058F8041B8DB2002DF4D056464C460023DB
:10C5700056F8041B22681FFA81FE90B2090C05FBD5
:10C580000E00120C034405FB012202EB13429BB286
:10C5900043EA0243B44544F8043B4FEA1243E7D868
:10C5A00049F8073058F8041C090CD5D0D9F80030E8
:10C5B00050461A464C4600260588120C01FB0522FF
:10C5C00016449BB243EA064344F8043B50F8045B2C
:10C5D00022682D0C93B201FB053303EB164384450F
:10C5E0004FEA1346E8D8C34549F8073009F1040972
:10C5F000B6D8DDE902A7002F02DC05E0013F03D039
:10C600005AF8043D002BF9D0019B18461F6105B074
:10C61000BDE8F08F034B0448019A4FF4B17101F06B
:10C6200085F800BFCC1C00204C1E002012F0030334
:10C630002DE9F0411446064632D10D46A41020D013
:10C64000D6F84080B8F1000F33D0E3074FF0000771
:10C6500007D4641015D0D8F80000A8B18046E307CD
:10C66000F7D5424629463046FFF732FFB5B1696833
:10C67000736C641053F821202A6043F8215005465A
:10C68000E9D12846BDE8F081424641463046FFF7F1
:10C690001FFFC8F8000007608046E0E70546D8E7BE
:10C6A000013B0F4A52F823200023FFF7E9FD05461E
:10C6B000C4E701213046FFF7B3FD804640B10123B6
:10C6C00040F27122C0E90432002330640360BCE709
:10C6D000044B0548424640F2451101F027F800BFDF
:10C6E000908E0020CC1C00204C1E00202DE9F0472D
:10C6F0000D4614462F69AB68496807EB62177E1C2C
:10C700009E4280464FEA621904DD5B009E4201F1C1
:10C710000101FADC4046FFF783FD8446002852D031
:10C72000B9F1000F00F114020EDD09F105014FEA25
:10C73000810E134600EB8101002043F8040B8B426D
:10C74000FBD1AEF114031A44296905F1140314F066
:10C750001F0E03EB81012ED0CEF1200910464FF0C1
:10C76000000A1C6804FA0EF444EA0A0440F8044B78
:10C7700053F8044B994224FA09FAF2D84B1B153BA3
:10C7800023F00303043305F11500814238BF04236D
:10C79000BAF1000F18BF374642F803A0D8F844306A
:10C7A0006A68CCF8107053F822102960604643F88C
:10C7B0002250BDE8F087043A53F8040B42F8040F06
:10C7C0009942F9D8EAE7034B034862464FF4EF7108
:10C7D00000F0ACFFCC1C00204C1E00200B698446EE
:10C7E0000069C01A16D10CF1140C14310CEB830241
:10C7F00010B401EB830301E0944508D252F8044DD4
:10C8000053F8041D8C42F7D005D24FF0FF305DF88D
:10C81000044B7047704701205DF8044B704700BF20
:10C820002DE9F84F0F691369FF1A002F0E46904645
:10C830007FD101F11405143202EB830205EB83036F
:10C8400001E09D4278D253F8041D52F8044DA142F4
:10C85000F7D069D37168FFF7E3FC8146002877D0F1
:10C860003569D8F81020C76008F1140E06F11400DD
:10C8700009F1140A06F110010EEB820200EB8507A4
:10C8800056464FF0000C5EF8044B51F804BFA3B2BB
:10C890001CFA8BFCACEB03034FEA144CCCEB1B4CA7
:10C8A0000CEB234C9BB243EA0C43724546F8043B25
:10C8B0004FEA2C4CE7D8A2EB0801153908F115080E
:10C8C000424521F0030404F1040438BF0424204449
:10C8D00021F0030238BF002287425244544418D941
:10C8E0002646014651F8043B1CFA83FC4FEA2C42D1
:10C8F00002EB13421FFA8CFC4CEA02438F4246F8CB
:10C90000043B4FEA224CEDD8013F3F1A27F00307C2
:10C91000E21923B952F8043D013D002BFAD0C9F8C1
:10C9200010504846BDE8F88F3346012746469846E2
:10C9300090E7F9DB00278DE70021FFF771FC8146C6
:10C9400068B101220023C9E904234846BDE8F88FF5
:10C95000064B07484A4640F2452100F0E7FE034BEC
:10C9600003484A4640F2372100F0E0FECC1C00208C
:10C970004C1E002082B08DED000B164B019A134027
:10C98000A3F15073002B06DD00221946104641EC3E
:10C99000100B02B070475B42B3F1A07F4FEA235205
:10C9A00009DA4FF40023134100221946104641ECE6
:10C9B000100B02B07047A2F114031E2BDABF4FF028
:10C9C0000042DA40012200231946104641EC100BC8
:10C9D00002B070470000F07FF8B5046900F114065A
:10C9E00006EB8404271F54F8045C2846FFF7F2FC8A
:10C9F000C0F120030A280B601BDDBE420BD20B38AE
:10CA000054F8081C2ED145F07F5343F440130A46D6
:10CA100043EC102BF8BDB0F10B01F4D005FA01F195
:10CA200041F07F53002143F440130A4643EC102B9E
:10CA3000F8BDC0F10B0C25FA0CF1BE4241F07F535A
:10CA400038BF54F8081C00F1150034BF21FA0CF16E
:10CA5000002105FA00F0014343F440130A4643EC79
:10CA6000102BF8BDC0F1200C854021FA0CF345EAEB
:10CA70000307A4F10805AE4201FA00F13CBF54F8E7
:10CA80000C0C20FA0CF047F07F5338BF014343F4FD
:10CA900040130A4643EC102BF8BD00BF2DE9F043CC
:10CAA000884683B0012157EC106B1546FFF7B8FBA1
:10CAB0000446002851D0C7F30A59C7F31303B9F14C
:10CAC000000F01D043F48013002E019318D101A868
:10CAD000FFF7A0FC019A6261012200F120032261AC
:10CAE000B9F1000F25D0A9F2334909EB0302204622
:10CAF000C3F13503C8F800202B6003B0BDE8F08314
:10CB000068460096FFF786FC034610B3DDE9000295
:10CB1000C3F1200102FA01F10143DA40616101929F
:10CB2000002AA26114BF022201222261B9F1000F82
:10CB3000D9D1A3F23243C8F8003004EB820318695C
:10CB4000FFF748FCC0EB421320462B6003B0BDE862
:10CB5000F083009A6261019AE2E7034B03482246A0
:10CB600040F20F3100F0E2FDCC1C00204C1E0020F2
:10CB7000F0B583B00E4669460746FFF72DFF01A9C1
:10CB8000304655EC104BB0EE407BFFF725FF336984
:10CB90003A69D21ADDE900315B1A03EB4213002B2C
:10CBA00009DD17EE902A02EB035545EC174B87EE93
:10CBB000000B03B0F0BD10EE902A51EC100BC3EB4C
:10CBC000033302EB035141EC100B87EE000B03B073
:10CBD000F0BD00BF0139491101F1010C116902F1E9
:10CBE000140303EB81018B4200EB8C0C17D210B5C0
:10CBF000A0F1040E53F8044B4EF8044F9942F9D8B3
:10CC00008A1AA2F1150323F0030304331844844560
:10CC100004D9002340F8043B8445FBD810BD84456B
:10CC200005D9002340F8043B8445FBD87047704782
:10CC300003694A11934200F1140009DA00EB8303FF
:10CC400002E053F8042DC2B98342FAD8002070479D
:10CC500010DD11F01F010DD010B450F8224000EB90
:10CC6000820324FA01F28A4094420CD001205DF83C
:10CC7000044B704700EB8203E6E70120704753F84E
:10CC8000042D002AF2D18342F9D800205DF8044B2C
:10CC9000704700BF70B500294BD006460C4610B156
:10CCA000436B002B48D0636ED80734D5B4F90C30F1
:10CCB000002B3ED02146304600F036F9E36A0546A7
:10CCC00033B1E169304698470028B8BF4FF0FF35CF
:10CCD000A3891A063CD4216B41B104F14003994267
:10CCE00002D03046FBF7A4FB00232363616C21B123
:10CCF0003046FBF79DFB00236364FAF763FE636E27
:10CD00000022DB07A2811FD5A06DFBF771FAFAF7AD
:10CD10005FFE284670BDA3899905CBD4A06DFBF7B3
:10CD200069FAB4F90C30002BC4D1656E15F0010519
:10CD300005D00025284670BDFAF726FEB3E7A06DA2
:10CD4000FBF75AFA284670BDA06DFBF755FADBE7F2
:10CD500021693046FBF76CFBBDE700BF70B50C786E
:10CD60005E2C86461ED00022481C94460EF1FF33EE
:10CD70000EF1FF0103F8012F8B42FBD184B18CF03F
:10CD800001010EF80410451C15F8013C2D2B0ED0A6
:10CD90005D2B03D01BB11C462846F2E7284670BD28
:10CDA000013870BD01224C78881C9446DEE790F86B
:10CDB00001C0BCF15D0FEED06445ECDC661C0230B6
:10CDC0000EEB060202F8011BA2EB0E03013B9C4591
:10CDD000F8DCACEB0403013B6445A8BF002302353B
:10CDE0009C19D1E72DE9F04707464C480E463546D9
:10CDF00016F801EB10F80EC01CF0080CF7D1BEF1CC
:10CE00002D0F5AD0BEF12B0F03BF96F800E06446F9
:10CE1000AE1C64465BB1102B54D04FF0FF38B8FB0A
:10CE2000F3F803FB08FA6FEA0A0A994608E0BEF134
:10CE3000300F5AD00A23DFF8E8804FF0050A9946F0
:10CE40000025284605E02CD009FB00C0012516F876
:10CE500001EBAEF1300CBCF1090F06D9AEF1410C7B
:10CE6000BCF1190F0BD8AEF1370C634510DDB5F1ED
:10CE7000FF3FECD04045E6D94FF0FF35E7E7AEF194
:10CE8000610CBCF1190F03D8AEF1570C6345EEDC11
:10CE90006B1C0BD004B140420AB165B91160BDE80A
:10CEA000F087D445D0DD4FF0FF35D0E722233B603B
:10CEB0002846002AF3D0711EF0E796F800E001241E
:10CEC000AE1CA7E7BEF1300F21D1307800F0DF00B3
:10CED000582816D14FF0100996F801E04FF00F0ACC
:10CEE00002366FF070484B46AAE7337803F0DF0351
:10CEF000582BEFD008234FF0070A6FF0604899468F
:10CF00009EE799466FF070484FF00F0A98E74FF090
:10CF10000F0A6FF07048994692E700BFE11E0020AB
:10CF200099999919FFF75EBFB1F90C202DE9F041ED
:10CF30000C461107804647D4636842F40062002B18
:10CF4000A2815EDDA56A002D58D00023D8F80060CC
:10CF5000C8F8003093B212F4805256D10123E1692F
:10CF60004046A847431C67D0A389A56A5F0705D53B
:10CF70006368C01A236B0BB1E36BC01AE169024608
:10CF800000234046A847411C41D1D8F80030002B6F
:10CF90003DD01D2B01D0162B56D1A38922692260CA
:10CFA00023F4006300216160A381216BC8F8006055
:10CFB00021B304F14003994202D04046FBF738FA0E
:10CFC00000202063BDE8F0812669BEB193B22568D8
:10CFD00026609A070CBF63690023AD1BA3600BE0BA
:10CFE0002B463246E169676A4046B847B0F1000C0B
:10CFF000A5EB0C05664417DD002DF1DC0020BDE833
:10D00000F081E36B002B9DDCF8E7206DAEE7B4F90F
:10D010000C302269226023F40063A3810022DB0428
:10D020006260C2D52065C0E7A38943F040034FF09A
:10D03000FF30A381BDE8F081D8F80030002B93D0F9
:10D040001D2B06D0162B04D0A38943F04003A381E7
:10D05000D5E7C8F80060D1E738B50C46054608B1F9
:10D06000436B03B3B4F90C0088B1636EDB0701D4E2
:10D0700081050FD528462146FFF756FF636EDA0774
:10D08000054602D4A3899B0508D5284638BD054628
:10D09000284638BDA06DFBF7ADF8EBE7A06DFBF7B8
:10D0A000ABF8284638BDFAF76FFCDBE70EB410B5D5
:10D0B0009DB06FF000411FABCDE906010491094915
:10D0C00053F8042B0290084C0868019302A90594B8
:10D0D000FBF7DCFE029B00221A701DB0BDE8104079
:10D0E00003B07047B89800200802FFFF49B1FF2A3B
:10D0F00002D80A70012070478A2303604FF0FF3086
:10D1000070470846704700BF41EA00039B0730B4F0
:10D1100001D1032A0FD801F1FF3C07E01CF8011FE1
:10D1200003F8011B541EC1B1224618460346002ACB
:10D13000F4D130BC70470B46194653F8045BA5F197
:10D14000013424EA050414F0803FE4D1043A032AB0
:10D1500040F8045B1946EFD8DDE70244002CE8D024
:10D1600003F8011B9342FBD130BC70470048704765
:10D17000209400202DE9F0430E46264987B00F6821
:10D18000044690461D4653B305AA33460192032137
:10D190002246CDF80080384600F084FC059B3268BA
:10D1A00098428446C2F10002294609D2101A1CF89E
:10D1B000013B01F8013B059B634500EB0C02F6D8EF
:10D1C000944224DDA21A0A44302301F8013B914223
:10D1D000FBD100231370284607B0BDE8F083BA6C7A
:10D1E00000F123039A4201DDFD6CCDE700F1240933
:10D1F000F96C4A4638468DED020BF9F75BF80546A7
:10D200000028E8D0C7E912909DED020BBCE70A4662
:10D21000DFE700BFB89800202DE9F04F85B01F462A
:10D22000574B03908A4600920D462A4615F8014B4B
:10D230001E5D16F00806F8D12D2C75D02B2C05BFDD
:10D240002C7802960296951C4FF0FF366FF0004B3B
:10D250002FB1102F6FD0B8464FEAE77905E0302C98
:10D2600074D04FF00A08B946474642464B4630460E
:10D270005946F8F7B3FB0023019284460A46184644
:10D28000194611E08A4208BF84453DD000FB09F3EE
:10D2900008FB0133A0FB08010B441EEB000043EB2D
:10D2A000EE71012315F8014BA4F1300EBEF1090F08
:10D2B00006D9A4F1410EBEF1190F0CD8A4F1370E16
:10D2C000774511DD5C1CEDD0844572EB0103D9D2AA
:10D2D0004FF0FF33E6E7A4F1610EBEF1190F03D85A
:10D2E000A4F1570E7745EDDC5A1C13D0029A12B107
:10D2F000404261EB4101009A1AB1A3BB009BC3F805
:10D3000000A005B0BDE8F08F019B7345BEDA4FF079
:10D31000FF33C7E7039A22231360009B33B305F161
:10D32000FF3A30465946E9E701232C780293951CD1
:10D330004FF0004B8CE7302C04D12B7803F0DF0347
:10D34000582B08D0B8464FF000098EE72B7803F031
:10D35000DF03582B0FD14FF010086C784FF0000905
:10D360000235474681E706468B46D8E730465946A0
:10D3700005B0BDE8F08F4FF00808B946474674E79E
:10D38000E11E0020FFF748BF2DE9F04F85B08B4626
:10D390000192624A03901E460D46294615F8014B3C
:10D3A000135D13F00803F8D12D2C00F082802B2C94
:10D3B00003BF2C7802938D1C0293BEB1102E7DD03A
:10D3C0004FEAE67A324653464FF0FF304FF0FF31D6
:10D3D000F8F704FB32460746884653464FF0FF30C5
:10D3E0004FF0FF31B146F8F7F9FA0AE0302C79D066
:10D3F0004FF00A09DFF82881B24605224FF099372D
:10D400004E464FF0000C6046614611E0414508BFB2
:10D41000B8423ED000FB0AF409FB0141A0FB09041D
:10D420002144181841EBE3714FF0010C15F8014B42
:10D43000A4F13003092B05D9A4F14103192B0DD810
:10D44000A4F137039E4211DDBCF1FF3FEED08742CD
:10D4500078EB0104DAD24FF0FF3CE7E7A4F1610377
:10D46000192B03D8A4F157039E42EDDCBCF1FF3F1A
:10D4700014D0029B13B1404261EB4101019B2BB1DF
:10D48000BCF1000F12D1019BC3F800B005B0BDE89C
:10D49000F08F9342BEDD4FF0FF3CC7E7039A222393
:10D4A0001360019B60466146002BEFD005F1FF3B06
:10D4B000E9E701232C7802938D1C7EE7302C23D1E1
:10D4C0002B7803F0DF03582B1BD14FF010096C7839
:10D4D0000F2202354FF0FF376FF070484FF0000A0F
:10D4E0004E468EE72B7803F0DF03582BEDD04FF03C
:10D4F0000809B24607224FF0FF376FF060484E46EA
:10D500007FE74FF0000A5DE70F224FF0FF376FF023
:10D510007048B1464FF0000A73E700BFE11E0020DB
:10D5200099999919FFF730BF0000000001F0FF0141
:10D53000102A2BDB10F0070F08D010F8013B013A3E
:10D540008B422DD010F0070F42B3F6D1F0B441EA70
:10D55000012141EA014122F007047FF00007002386
:10D56000F0E80256083C85EA010586EA010685FADC
:10D5700047F5A3FA87F586FA47F6A5FA87F68EB936
:10D58000EED1F0BC01F0FF0102F0070232B110F859
:10D59000013B013A83EA010313B1F8D1002070473F
:10D5A00001387047002D06BF35460338073815F09F
:10D5B000010F07D1013015F4807F02BF013015F44F
:10D5C000C03F0130F0BC0138704700BF70B582B079
:10D5D0000446069D55B16AB10F480095D0F8E46045
:10D5E0002046B047431C10D002B070BD00F1F405D6
:10D5F000002AF1D1084B0095D3F8E46011460123CD
:10D60000064A2046B047431CEED100228A232A60F6
:10D61000236002B070BD00BF30930020AC09002031
:10D6200070B5054684B05BB11C4669B10E4B284607
:10D63000D3F8E0602346B047431C0FD004B070BD60
:10D6400000F582740029F1D1074A2346D2F8E06040
:10D6500028460A4601A9B047431CEFD100228A237D
:10D6600022602B6004B070BD3093002010B582B0F2
:10D67000049CCDE900344FF0FF3302F071FD02B09D
:10D6800010BD00BF002100F001B800BF10B500F0D0
:10D6900007F9044601F07CF8A0F11A03DBB2022B73
:10D6A00006D9A4F1090004288CBF0020012010BD78
:10D6B000012010BD30B482B08DED000B019A194CE1
:10D6C00022F000430021A342016021DC009C1C43A6
:10D6D0001ED0154C144054B99FED107B20EE077BF3
:10D6E0008DED007B019A6FF0350122F0004322F0AE
:10D6F000FF42DDE9004522F4E00242F07F551B15B0
:10D7000045F40015A3F2FE33CDE900450B44036058
:10D710009DED000B02B030BC704700BF0000000060
:10D7200000005043FFFFEF7F0000F07F00B50B4C7F
:10D7300025681446EE681A4685B003460D464CB17E
:10D7400007490095CDE901143046064901F050F82B
:10D75000F3F7CAFA04490C46F3E700BFB898002073
:10D760008C1C00209C1C0020AC090020022932D017
:10D770000329C0F307231DBFA0F1800283F08003BB
:10D78000D2B2C2B203F15001C9B21F2906D84CF679
:10D79000D371884269D94FF0FF30704703F13001EF
:10D7A000C9B224290ED84FF2A6418842F3D8D03B03
:10D7B000C3EBC313A2F1A10000EB4300304A32F8DF
:10D7C00010007047A13B072BE5D8DFE803F0483E87
:10D7D000342E29252119C2B29E2AC0F307210BD964
:10D7E0002332D2B280239F2994BF7039503103EB8A
:10D7F000410303F0FF03C5E77E3AD2B27F23F2E78D
:10D80000C02AC8D81F4BA2F1A10033F810007047FE
:10D81000F12AC0D81C4B19E0D82ABCD81B4B15E004
:10D82000F62AB8D802F540507047F32AB3D802F56B
:10D830003E5020307047164B134413F8A13C002B88
:10D84000A9D002F57E4060307047124BA2F1A100D2
:10D8500033F81000002808BF4FF0FF3070470E4B20
:10D86000A2F1A10033F810007047B03BC3EBC31323
:10D87000A2F1A10000EB4300084A32F81000704703
:10D88000747000209C230020F822002088220020B1
:10D890002C22002070210020B4200020DC23002056
:10D8A00038B50546B9B101F5957412492046FAF725
:10D8B000B1FA28B928460121BDE83840FFF756BF24
:10D8C0000D492046FAF7A6FA38B928460221BDE8E4
:10D8D0003840FFF74BBF094CE7E709492046FAF704
:10D8E00099FA28B928460321BDE83840FFF73EBF22
:10D8F000284638BD582000205C2000205A94002083
:10D900006420002038B5A1FB02148CBBF8F70AFA9A
:10D910000546E0B150F8042C22F00302043A242A10
:10D9200017D8132A1AD91B2AC0E900441DD9242A62
:10D9300014BF00F1100200F118024FF00003C0E91B
:10D94000024404BF04614461C2E900339360284685
:10D9500038BD2146FAF712F9284638BD02460023A1
:10D96000C2E900339360284638BD00F10802F6E7AB
:10D97000FAF746FA0C2300250360E8E72DE9F04F9B
:10D9800003690C69A34283B0C0F28780013C01F1B6
:10D990001405A30000F11408009355F8243058F83A
:10D9A0002420013381469A4208EB840005EB84076A
:10D9B0000190B2FBF3F63BD34FF0000CAE4640466D
:10D9C000E24663465EF804BB02681FFA8BFC06FB66
:10D9D0000C334FEA134C4FEA1B4B06FB0BCC9BB2AC
:10D9E000AAEB03031FFA8CFA13FA82F3CAEB124272
:10D9F00002EB23429BB243EA0243774540F8043BE3
:10DA00004FEA224A4FEA1C43DCD2009B58F803300D
:10DA100073B9019B043B984504D307E0984504F192
:10DA2000FF3403D253F80429002AF7D0C9F8104074
:10DA30004846FEF7D3FE00282BDB01364146002383
:10DA400055F8040BD1F800C082B29A1A030C12FAEE
:10DA50008CF2C3EB1C4303EB224392B242EA034233
:10DA6000AF4241F8042B4FEA2343E9D258F824206F
:10DA700008EB84036AB9043B984504D307E0984552
:10DA800004F1FF3403D253F80429002AF7D0C9F86F
:10DA90001040304603B0BDE8F08F002003B0BDE871
:10DAA000F08F00BF2DE9F04F2DED028B8FB08DED83
:10DAB000020B0191816B1A9D059357EC106B044684
:10DAC000934641B1C26B4A60012393408B60FEF7DD
:10DAD000CDFB0023A363B7F10008B4BF01230023EB
:10DAE0002B60BE4BBCBF28F00048CDF80C8033EA59
:10DAF000080300F09F809DED028BB5EE408BF1EEA8
:10DB000010FA11D1059A012313601B9B002B00F022
:10DB10003F82B34B1B9A1360013B009300980FB0F8
:10DB2000BDEC028BBDE8F08F0CAA0DA92046B0EE2B
:10DB3000480BFEF7B3FF5FEA1853054640F09280AA
:10DB4000DDE90C130B4403F23242202A40F3FA823F
:10DB5000C2F1400208FA02F803F21242D64048EA43
:10DB6000060207EE102AB8EE477B581E17EE906AA1
:10DB700053EC172B4FF0010AA6F1F8739FED913B80
:10DB80009FED927B9FED935B06EE900A43EC122B88
:10DB9000B8EEE64BB7EE086B32EE466BA6EE037BB3
:10DBA000A4EE057BFDEEC76BB5EEC07BF1EE10FA7F
:10DBB00016EE907A08D5B8EEE66BB4EE476BF1EE50
:10DBC00010FA18BF07F1FF37162F00F24581854B79
:10DBD00003EBC70393ED007BB4EEC78BF1EE10FAB5
:10DBE00057D5091A0023B1F1010807F1FF370A934D
:10DBF00000F1398100230693002F52DA069B049727
:10DC0000DB1B06937B420893019B092B4FF0000717
:10DC10004ED8052B40F39D82043B01930026019BC7
:10DC20009A1E032A00F22581DFE812F0AA03A70357
:10DC30009D037E03059AC8F3130842F20F7358EA56
:10DC4000060813601ED11B9B002B00F09185664BCC
:10DC5000009308331B9A009813600FB0BDEC028B41
:10DC6000BDE8F08F18EE906AC6F31306A3F2FF30FA
:10DC700053EC182B46F07F530C994FF0000A43F4F5
:10DC800040137BE71B9B002B40F03B83574B0093DB
:10DC900044E7091A0023B1F101080A9300F1E38077
:10DCA000069300230893019B0497092BB844B0D92D
:10DCB00000230126019307964FF0FF399B46002170
:10DCC000E163CDF82C902046FEF7AAFA00900028D8
:10DCD00000F04085009BA363B9F10E0F00F2DC80D9
:10DCE000002E00F0D980049B002B40F3DE833D4AD8
:10DCF00003F00F0102EBC10292ED007B1A11DB056C
:10DD000040F182833A4991ED086B02F00F02032043
:10DD100088EE065B5AB13649D60704D591ED006B03
:10DD2000013027EE067B521001F10801F4D185EE97
:10DD3000076B0A9B3BB1B7EE007BB4EEC76BF1EE0D
:10DD400010FA00F1AE8407EE900AB8EEE75BB1EE90
:10DD50000C7BA5EE067B17EE902A51EC170BA2F177
:10DD60005071B9F1000F00F08883049E4A46079B6A
:10DD7000002B00F04784B6EE003B1A4BFDEEC64B7D
:10DD800003EBC20CB8EEE47B36EE477B1CED026B76
:10DD900083EE065B41EC160B14EE900A35EE465B03
:10DDA0000099B4EEC75B3030F1EE10FA01F8010BC8
:10DDB00000F3AC84B7EE002BB2EE044B4FF0000C36
:10DDC00031E000BF61436F63A787D23FB3C8608B68
:10DDD000288AC63FFB799F501344D33F0000F07F51
:10DDE000618E0020A8020020E41F0020F01F002008
:10DDF000800200200CF1010C94454DDA27EE047BE3
:10DE000025EE045BFDEEC76B16EE903AB8EEE63BEE
:10DE1000303337EE437BB4EEC57BF1EE10FA01F8F8
:10DE2000013B00F1738432EE476BB4EEC56BF1EE4B
:10DE300010FADFD5009A049602E08A4200F050847E
:10DE4000894611F8013D392BF7D00133DBB20B7055
:10DE5000049B0133049355E1091A0123B1F1010830
:10DE60000A937FF5C7AEC1F1010306934FF0000896
:10DE7000C2E60026E66331462046FEF7D1F900905F
:10DE8000002800F06784009BA3634FF0FF330B93DF
:10DE900099460123B34607930D9A002A55DB04994E
:10DEA0000E2952DCB74BBBF1000F03EBC10393ED1E
:10DEB000006B15DAB9F1000F12DC40F0F282B1EE1E
:10DEC000047B26EE077BB4EEC78BF1EE10FACA4650
:10DED0004E4600F26D82DDF800806FEA0B0B70E2B7
:10DEE00088EE067BBDEEC77B009917EE103AB9F1BC
:10DEF000010F03F13003B8EEC75B01F8013BA5EE5B
:10DF0000468B00F03483B2EE044B012311E088EE1F
:10DF1000067BBDEEC77B013317EE102A4B4502F19D
:10DF20003002B8EEC75B01F8012BA5EE468B00F07E
:10DF30001E8328EE048BB5EE408BF1EE10FAE6D18D
:10DF4000049B013304938946DCE0079B43B3019BA8
:10DF5000012B40F37682089B09F1FF3A534580F28A
:10DF60003F82089BCDF820A0AAEB030217444FF094
:10DF7000000AB9F1000FC0F22583069B09934B44B8
:10DF8000C844069301212046FEF774FA06460CE0C9
:10DF90007D4B009300980FB0BDEC028BBDE8F08F75
:10DFA000069BDDF820A0079E0993099B6BB1B8F191
:10DFB000000F0ADD434506991A46A8BF4246891A52
:10DFC0009B1A06910993A8EB0208089B63B1079B73
:10DFD000002B00F0A782BAF1000F00F30482089B27
:10DFE000B3EB0A0240F0FF8201212046FEF742FA1D
:10DFF000002F824600F3AF80019B012B40F3878105
:10E00000002308930120002F40F0B180404410F01D
:10E010001F0000F07A81C0F12002042A00F38880FA
:10E0200040F0F681069B002B05DD29461A46204666
:10E03000FEF75CFB0546B8F1000F05DD5146424690
:10E040002046FEF753FB82460A9B002B40F03F819F
:10E05000B9F1000F40F32581079B002B40F0A3800E
:10E06000049B01330493DDF80080012707E0294673
:10E0700000230A222046FEF703F9013705465146E0
:10E080002846FFF77BFCB94500F1300008F8010B8A
:10E09000EDDCB9F1000F009ACCBFCB464FF0010B7D
:10E0A0000346934400272946012220460193FEF7A8
:10E0B0001DFB51460546FEF791FB002840F3AF815A
:10E0C0001BF8013C009A0BF1FF3B04E05A4500F0BD
:10E0D000B1811BF8013D392B0BF10109F6D0013359
:10E0E0008BF8003051462046FEF7C0F856B12FB1EC
:10E0F000B74203D039462046FEF7B8F831462046ED
:10E10000FEF7B4F829462046FEF7B0F8002389F858
:10E110000030DDE904231A601B9B002B3FF4FEACAA
:10E120000098C3F800900FB0BDEC028BBDE8F08FF3
:10E13000C0F11C00069B03440693099B034409930A
:10E1400080446FE7C2F1200206FA02F207EE102ABD
:10E1500009E5012663E501463A462046FEF766FAE0
:10E16000019B012B824640F3C58100230893DAF816
:10E1700010200AEB82021069FEF72CF9C0F1200092
:10E1800044E700BFA8020020608E00203146002333
:10E190000A222046FEF774F80B9B002B064640F33C
:10E1A000CE8204979946099B002B05DD31461A461D
:10E1B0002046FEF79BFA0646089B002B40F0EB81B9
:10E1C000B046029B009F03F001027B1E4B44089364
:10E1D000019B0A921343099351462846FFF7CEFB51
:10E1E000314683462846FEF7F9FA424651468146B3
:10E1F0002046FEF715FBC26801460BF13003002AEA
:10E2000042D1CDE906032846FEF7E8FA06990290C6
:10E210002046FEF72BF8029A079B1AB909990029A4
:10E2200000F07E82B9F1000FC0F28381019949EAC2
:10E2300001090A9951EA090900F07B81002A00F3DB
:10E24000C681089A3B7007F101099742CB4600F05E
:10E25000C481294600230A222046FEF711F84645CC
:10E26000054631464FF000034FF00A02204612D017
:10E27000FEF706F84146064600230A222046FDF72F
:10E28000FFFF4F468046A7E720460293FDF7EEFFCB
:10E29000029B0122C6E7FDF7F3FF4F460646804684
:10E2A0009AE7019B022B71DC079B002B7FF47BAF6D
:10E2B000049B5146013328460493FFF75FFBDDF8CA
:10E2C00000B000F130030BF8013B0027EBE65146AC
:10E2D0002846FEF783FA0028BFF6BAAE2946002387
:10E2E0000A222046FDF7CCFF049B5F1E079B0546D4
:10E2F000002B7FF44BAF0B9B002B40F31882994609
:10E30000B1E6BC4B00930333A4E41C2012E7DDE923
:10E31000020100287FF474AEC1F31302002A00F05A
:10E32000F480029B08936DE601230793049B5B44F2
:10E3300003F10109B9F1010FCC460B93B8BF4FF0BF
:10E34000010C0021BCF1170FE1637FF7BCAC012089
:10E350000422520002F114036345014600F101005A
:10E36000F7D9E163AFE401230793BBF1000F52DD5E
:10E37000CDF82CB0D946DC46E3E700230793D5E778
:10E3800000230793F1E7DDF82C900497B9F1000F13
:10E390007FF4A1AD51464B4605222046FDF770FFA4
:10E3A000014682462846FEF719FA00287FF793AD0A
:10E3B000049B03F1010B009B3122984603F8012BCB
:10E3C000009351462046FDF751FF0BF10103DDF8A4
:10E3D00000900493CDF80080002E7FF48FAE91E67C
:10E3E000A3EB0A0AC5E5314652462046FEF71EF960
:10E3F0002A46014606462046FEF76AF829460546A3
:10E400002046FDF733FFEAE50220B0EE485B81E4E9
:10E41000C0F13C008EE64FF0010BD9464FE403D12A
:10E42000019BDB073FF54CAED9461BF8013D302B75
:10E43000FAD057E6049B009A0133049331231370FA
:10E4400050E6BAF1000F00F0238102F23342069B3E
:10E4500009931344DDF820A00693904492E507EE5B
:10E46000900AB1EE0C5BB8EEE77BA6EE075B15EE0B
:10E47000902A51EC150BA2F1507141EC150BB1EE45
:10E48000047B36EE477BB4EEC57BF1EE10FA00F369
:10E490003781B1EE455BB4EEC57BF1EE10FA7FF546
:10E4A000FBAC4FF0000A564615E500F0F580049BE2
:10E4B00051495A4202F00F0001EBC00191ED006B8F
:10E4C000121128EE066B00F04281B0EE467B4B49FC
:10E4D00000260220D30705D591ED005B013001260F
:10E4E00027EE057B521001F10801F3D1002E06FE44
:10E4F000076B1EE4029B002B7FF437AEDDE90201BF
:10E50000C1F31302002A40F037813D4A0A40002A35
:10E5100000F0FA80069B01330693012308F10108FD
:10E5200008936FE52946089A2046FEF77FF80546CE
:10E530005AE5002A12DD2946012220460193FEF702
:10E54000D5F851460546FEF749F90028019B40F3EE
:10E55000E180392B00F0CA800BF13103B94609F88C
:10E56000013B049B0133374604934646BAE538EE37
:10E57000088BB4EEC68BF1EE10FA0ADCB4EE468BD3
:10E58000F1EE10FA7FF4DCAC17EE103AD8077FF505
:10E59000D7AC009A54E471682046FDF741FE074667
:10E5A000002800F0DE80336902339A0006F10C0186
:10E5B0000C30F1F755FF394601222046FEF796F858
:10E5C0008046FEE5069BA3EB09030993DAE4392BA9
:10E5D00000F08C80B9460133C1E7049A0132374616
:10E5E000049246465FE529462046FEF71FF8054699
:10E5F000FAE400BFF01F0020A802002080020020E3
:10E600000000F07F5E4BFDEEC65B03EBC20C1CED21
:10E61000023BB8EEE57B36EE477B41EC160B15EE80
:10E62000901A23EE063B00983031012A00F8011BB6
:10E6300000F08380B2EE044B009B991827EE047B18
:10E64000FDEEC76B16EE903A303300F8013B814285
:10E65000B8EEE65B37EE457BF0D1B6EE006B33EEFD
:10E66000065BB4EEC75BF1EE10FA3FF5E3AB36EEB6
:10E67000436BB4EEC76BF1EE10FA7FF70DAC894631
:10E68000013919F8013C302BF9D0731C049339E59A
:10E690000C9AC2F13602DAE60220B0EE486BFFF7C0
:10E6A00048BBB9F1000F3FF4DAAE0B9A002A7FF7AE
:10E6B000F3ABB2EE044B26EE046B013007EE900A8A
:10E6C000049BB8EEE75BB1EE0C7BA6EE057B17EE84
:10E6D00090CA51EC170B5E1EACF15071FFF747BBAF
:10E6E000049B013304933123FFF7B1BB049BBB466A
:10E6F00001330493392337460BF8013B4646E1E4E6
:10E700004FF0000A564653E608927BE4731C0493CC
:10E710008946F7E47FF422AFDA077FF51FAF18E7E9
:10E72000392BE3D0B9F1000F3FF716AF16E7019B85
:10E73000022B3FF728AE0497BAE501468DE7019B0F
:10E74000022B3FF720AEDDF82C9004972BE502203A
:10E75000FFF7EFBA0B4B0C48002240F2AF11FEF767
:10E76000E5FF084B08483A4640F2EF21FEF7DEFF8E
:10E77000064B0093FFF7D2B9029B0893F7E400BF62
:10E78000A8020020CC1C0020F41F0020E41F002061
:10E79000154B984223D870B5144E4FF0000E40F63A
:10E7A000DB0403E002F1010EA64516DC04EB0E02C9
:10E7B00022F0010303EB620306EB43035210597886
:10E7C0005D88B3F804C041EA05218C446045E9D86E
:10E7D000884206D2541EA645E8DDFF2070BDFF200A
:10E7E0007047187870BD00BFEF010E004C3B002051
:10E7F0000EB410B583B005AB064C53F8042B01934F
:10E800000146206800F07CF903B0BDE8104003B079
:10E81000704700BFB89800202DE9F04F9368176843
:10E8200083B09246002B70D081468A6808680C46F7
:10E83000083743E0A38913F4906F2ED0D4E904166F
:10E84000A0EB010806EB460606EBD67608F10100C0
:10E8500076102844B042324684BF064632465B05F5
:10E8600037D511464846F7F75DFA019000283AD0AF
:10E8700042462169F1F7F4FDA289019B22F49062DE
:10E8800042F08002A281A6EB080203EB0800666159
:10E89000A260236120602E46A84642465946F9F7F9
:10E8A000F1F8DAF80830A2682068921B40445B1B3C
:10E8B000A2602060CAF808303BB3083757E902B5B8
:10E8C000002DFAD0AA4216469046B3D92E46A84645
:10E8D000E3E74846F7F7EEFC03460028D3D1216969
:10E8E0004846F9F7A5FDA3890C2243F04003C9F877
:10E8F00000204FF0FF30A38100220023CAF8082037
:10E90000CAF8043003B0BDE8F08F00200023CAF835
:10E91000043003B0BDE8F08F38B54B1C1AD0938992
:10E920001446126B23F02003A381CDB2AAB1626812
:10E93000636B9A4209DA23685A1E226003F8015C6D
:10E94000636801336360284638BD214601F0DEF874
:10E950000028F0D04FF0FF35F5E7236922682BB18E
:10E96000934203D212F8013CAB420FD06168E163DD
:10E970002346A26304F1400103226263216303F88A
:10E98000425F0122C4E90032284638BD6368013A7B
:10E990000133C4E90023D6E710B50C46096B69B111
:10E9A00004F14003994201D0F9F742FDE36B636043
:10E9B0000020206313B1A36B236010BDA3892169DC
:10E9C000002243F02003C4E90012A3814FF0FF307E
:10E9D00010BD00BF2DE9F04F85B0CDE9023202FB3A
:10E9E00003F30E9C0193A3B3D4F804A0019B5345F9
:10E9F0008B4646D9A046019D58F8401B0746002685
:10EA000052465846F1F72CFD2368226B5344A94621
:10EA1000C4E9003611463846D344A5EB0A05E2B1F5
:10EA2000424501D0F9F704FDE36B26636360A3B1AF
:10EA3000A16B2160AB429A46E2D3029B01932A4626
:10EA40005846F1F70DFDD4E90032521B2B44C4E9BE
:10EA50000032019805B0BDE8F08F019A039B524443
:10EA6000A2EB0902B2FBF3F30193A3892269019897
:10EA700043F02003A3810023C4E9002305B0BDE8CF
:10EA8000F08F21681D46D8E72DE9F84F4B6E9C04A6
:10EA900090462DD59368126843B38B46064602F123
:10EAA000080959E9025A5FEA9A0715D0043D002483
:10EAB00001E0A7420ED055F8041F5A46304601F037
:10EAC00097FA431C04F10104F3D10023C8E9013390
:10EAD000BDE8F88FD8F808302AF0030AA3EB0A0340
:10EAE000C8F8083009F10809002BDAD10020ECE75A
:10EAF00001F048F80023C8E90133BDE8F88F00BFF2
:10EB00002DE9F04F2DED028BC5B00DF1500A834673
:10EB100008EE101A16460021082250461C4607939C
:10EB2000F9F72CF8BBF1000F04D0DBF83430002BE0
:10EB300000F0A08618EE102A536EDB0740F1138513
:10EB4000B2F90C108AB295040BD418EE103A41F4C5
:10EB5000005199815B6E8AB218EE101A23F40053AB
:10EB60004B66100740F1058118EE103A1B69002B27
:10EB700000F0FF8002F01A030A2B00F00A81002344
:10EB8000CDE91933CDE90D331BAA0C9318929146A8
:10EB90000B930593B0464446A84BD3F8E450F9F7DD
:10EBA000B7F82246034612A9CDF800A05846A84758
:10EBB000002800F04581C0F23981129A252A0346C7
:10EBC00001D01C44E8E7B4EB0806054640F03C8160
:10EBD000002361788DF8433004F1010806934FF06B
:10EBE000FF371E462B2408F10108A1F120035A2B00
:10EBF00000F27881DFE813F0B50276017601B00209
:10EC00007601760176016A00760176017D028D0239
:10EC1000760188029702760192025B005B005B003E
:10EC20005B005B005B005B005B005B0076017601D4
:10EC300076017601760176017601760176015C0235
:10EC400084007601760176017601760176017601FF
:10EC5000760176017601E8007601760176013302CD
:10EC60007601DA02760176018B057601760176016E
:10EC700076017601760176017601760176015C02F5
:10EC80008600760176017601CD0286007F0076014E
:10EC9000C0027601FD02EA00ED027F007601330238
:10ECA0007C006905760176016B0576017C00A1F197
:10ECB0003003002218F8011B02EB820203EB420230
:10ECC000A1F13003092BF5D906928EE75846FEF7DD
:10ECD0004DFA43680D931846F9F798FA0E900546D9
:10ECE0005846FEF743FA83680B93002D40F0D68414
:10ECF00098F8001077E798F8001046F0200672E7C1
:10ED000046F01006B40640F18E81079B073323F0CE
:10ED100007031A46596852F8083B07920A46002929
:10ED2000C0F27084791C00F0A28526F08001039166
:10ED300053EA020100F03F840A2B72F1000180F0D7
:10ED4000418530338DF80F31039E012304930DF27A
:10ED50000F14049BBB42B8BF3B46039300230893A8
:10ED60009DF84330002B00F0CB80039B01330393CD
:10ED7000C6E018EE101A584618EE105A01F07CF84A
:10ED8000002840F05286AA8902F01A030A2B7FF469
:10ED9000F6AE18EE101AB1F90E30002BFFF6EFAEFA
:10EDA0004B6EDB0702D4970540F1128618EE101A5D
:10EDB00023463246584600F069FE0590059845B056
:10EDC000BDEC028BBDE8F08F46F0100616F0200275
:10EDD00000F03681079B073323F0070319465A6872
:10EDE00051F8083B079126F480610391002100202F
:10EDF0008DF84300781C00F01082039820F0800604
:10EE000053EA020040F00882002F40F038850029C4
:10EE100040F0D583039B13F00103049300F01184A9
:10EE200030238DF80F310DF20F1492E708220021E4
:10EE30005046F8F7A3FE01231C44ADE630930020B2
:10EE4000B4EB080605461BD0199B1A9A01333244CD
:10EE5000072BC9E900861A9219931CDD002A00F0DD
:10EE6000A68318EE101A18AA5846FFF70DFE20BB0D
:10EE70000DF16C09059B33440593002D7FF4A8AE7A
:10EE80001A9B002B40F0C18518EE103A0022B3F90E
:10EE90000C30199215E009F10809EBE718EE101A89
:10EEA00018AA5846FFF7F0FD002800F0A680089B3E
:10EEB0001BB108995846F9F7BBFA18EE103AB3F9A6
:10EEC0000C3018EE102A526E12F0010F9AB200F0B8
:10EED000A080500600F1B285059845B0BDEC028BCC
:10EEE000BDE8F08F0029CBD000238DF843300123FB
:10EEF000CDE903338DF8AC102BAC002308931F46EB
:10EF000016F00203099302D0039B0233039316F019
:10EF100084030A9305D1069B039A9D1A002D00F3E2
:10EF20007B82DDE91903411C9DF8432082B1012257
:10EF30000133C9F8042007290DF14302CDE9191363
:10EF4000C9F8002000F34A82084609F10809013196
:10EF5000099AE2B111AA0233C9F8002007294FF03B
:10EF60000202CDE91913C9F8042040F35082002BA6
:10EF700000F0438318EE101A18AA5846FFF784FDD4
:10EF8000002894D1DDE919030DF16C09411C0A9A9E
:10EF9000802A00F08481049ABD1A002D00F3D781E5
:10EFA000049AC9F8004013440729CDE91913C9F898
:10EFB000042040F36E81002B00F0758218EE101AC9
:10EFC00018AA5846FFF760FD00287FF470AF1A9B1F
:10EFD0000DF16C09750705D5069A0399541A002C92
:10EFE00000F36B82DDE9052103988142ACBF521822
:10EFF00012180592002B7FF451AF08990023199342
:10F00000002900F049815846F9F712FA0DF16C0910
:10F01000C1E59C053FF55DAF18EE104AA06DF9F70C
:10F02000EBF8A28955E7F006079A00F11F837106F5
:10F0300040F1198332F9043B0792DA1711466EE664
:10F0400016F01003079940F0098316F0400000F015
:10F0500001831A4651F8043B07919BB2C3E6079B14
:10F060001A4600238DF84330134653F8044B03939C
:10F07000002C00F01284532900F0658316F010056F
:10F0800040F061837B1C00F0B3843A462946204659
:10F09000FEF74CFA0890002800F09F84031B039AA7
:10F0A000049323EAE3732F4607920393089557E6E8
:10F0B000432902D0F50640F12D83079D0822002147
:10F0C00016A82BACF8F75AFD16AB55F8042B2146C1
:10F0D0005846FEF7A5FA03460133049000F0B384C6
:10F0E000049B079523EAE373039300238DF84330D1
:10F0F00003E7079B53F8042B0692002A80F29C82B8
:10F10000069A5242CDE9062398F8001046F004060C
:10F1100069E598F800108DF8434064E598F8001010
:10F1200046F080065FE5424612F8011B2A2900F0EE
:10F130009684A1F13003092B90464FF000073FF66B
:10F1400054AD18F8011B07EB870703EB4707A1F144
:10F150003003092BF5D948E598F8001046F0010670
:10F1600041E59DF84330002B7FF4C2AD202398F891
:10F1700000108DF8433036E598F800106C2903BF75
:10F1800098F8011046F0200608F1010846F0100634
:10F1900029E598F80010682903BF98F8011046F493
:10F1A000007608F1010846F040061CE546F0100321
:10F1B0000393039B13F0200200F00682079B0733A2
:10F1C00023F0070319465A6851F8083B07910121BB
:10F1D0000DE6079A46F00203039352F8043B0792A8
:10F1E00047F63002ADF84420B84A0C9202210022C2
:10F1F000FDE5B70600F14882F50600F14683740686
:10F2000000F1D583B00540F14083079B059953F881
:10F21000042B07931170BEE4039601293FF48CADD3
:10F22000022944AC11D10C9803F00F011B09415C79
:10F2300004F8011D43EA0273120953EA0201F3D1F3
:10F24000039E44AB1B1B049383E503F00701DB081B
:10F2500043EA4273D208303153EA0205204604F8EB
:10F26000011DF2D1039EF307EBD53029E8D03023FE
:10F27000023804F8013C44AB1B1A039E0493044675
:10F2800067E5049B1B9401221C931A9319920DF1BC
:10F290006C0909F108099DE60DF16C097BE4069AF9
:10F2A000039D551B002D7FF776AE102D40F3BB83D9
:10F2B000099418EE104A07E000F1020C09F1080960
:10F2C0001046103D102D1EDD8149C9F80010421C6A
:10F2D00010331021072ACDE91923C9F80410EBDDFA
:10F2E00018AA002B74D0214658460DF16C09FFF77F
:10F2F000CBFB00287FF4DBADDDE91903103D102DB9
:10F3000000F1010CE0DC099C714AC9F804502B445F
:10F31000BCF1070FCDE919C3C9F8002040F394816F
:10F32000002B00F01F8318EE101A18AA5846FFF79A
:10F33000ABFB00287FF4BBAD049ADDE91903BD1ACD
:10F34000002D00F101010DF16C097FF729AE102DA0
:10F3500029DD0994102718EE104A07E000F1020C8D
:10F3600009F108091046103D102D1ADD421C5849BC
:10F370001033072AC9E90017CDE91923EEDD18AAD1
:10F3800003B3214658460DF16C09FFF77DFB0028B9
:10F390007FF48DADDDE91903103D102D00F1010C56
:10F3A000E4DC099C61464A4AC9F804502B44072909
:10F3B000CDE91913C9F8002000F3E78009F1080925
:10F3C0000131EDE54FF0010C18460DF16C09CAE76B
:10F3D0004FF0010C18460DF16C0972E7002B00F09C
:10F3E000048118EE101A18AA5846FFF74DFB0028A2
:10F3F0007FF45DADDDE919030DF16C09411CA7E552
:10F40000022311AA1C931B9201210DF16C090846DD
:10F4100009F10809411CBAE5102D40F3E582DDE948
:10F4200019130F94084618EE104A07E000F1020C79
:10F4300009F108091046103D102D1DDD2549C9F8B8
:10F440000010421C10331021072ACDE91923C9F8F6
:10F450000410EBDD18AA03B3214658460DF16C09E0
:10F46000FFF712FB00287FF422ADDDE91903103D00
:10F47000102D00F1010CE1DC0F9C6046154AC9F823
:10F4800004502B440728CDE91903C9F8002000F3E4
:10F49000C18009F10809411C46E518464FF0010CEE
:10F4A0000DF16C09C7E77607199353D5069A0399AE
:10F4B000541A002C4EDD0DF16C09102C40F3B08273
:10F4C000199918EE106A10250DE000BF8420002065
:10F4D000A08F00203C3B0020881C09F10809114640
:10F4E000103C102C1ADD4A1CB3481033072AC9E916
:10F4F0000005CDE91923EFDD18AA33B3314658468C
:10F50000FFF7C2FA00287FF4D2ACDDE91913103CF2
:10F51000102C01F101000DF16C09E4DCA64AC9F8D8
:10F52000044023440728CDE91903C9F800207FF7D8
:10F5300059AD7BB118EE101A18AA5846FFF7A4FA75
:10F5400000287FF4B4AC1A9B4CE5012019460DF15C
:10F550006C09C5E7DDE9053203998A42ACBF9B1807
:10F560005B18059349E5B2F90C108F0518EE103AB7
:10F570008AB23FF5E8AA18EE105A986DF8F73AFEED
:10F58000B5F90C108AB2FFF7DEBA002B3FF479AE62
:10F5900018EE101A18AA5846FFF776FA00287FF4DA
:10F5A00086AC19991A9B01310DF16C09F8E4199296
:10F5B0000DF16C095EE4002F7FF4C3AB039E0027BE
:10F5C000049744ACFFF7C5BB039B13F0100354D161
:10F5D000039A12F0400000F06B8107991A4651F827
:10F5E000043B07919BB2012101E4099A002A64D1EE
:10F5F000184601210DF16C09C9E4012118460DF1ED
:10F600006C09C4E45B4262EB420203962D200121A7
:10F61000FFF7EEBB002B00F0888018EE101A18AA36
:10F620005846FFF731FA00287FF441ACDDE91903B1
:10F630000DF16C09411C77E498F800100793FFF76F
:10F64000D2BA44ACFFF785BB09F108090CF10101FE
:10F650006046A0E416F4007240F0978151F8043B34
:10F660000791FFF7C0BBB30500F1888152F8043B56
:10F670000792DA171146FFF752BB079951F8043B7E
:10F6800007910121FFF7B3BB079B059853F8041BB3
:10F690000793C217C1E90002FFF77DBA0B9B002B4D
:10F6A0003FF426AB0B9B1B78002B3FF421AB98F863
:10F6B000001046F48066FFF796BA022311AA1C9345
:10F6C0001B9201200DF16C09A2E6039671E53B4BFC
:10F6D0000C9316F0200259D0079B073323F0070341
:10F6E00018465A6850F8083B0790F40709D553EAC2
:10F6F000020006D08DF84510302146F002068DF844
:10F70000441026F4806103910221FFF770BB2C4B5B
:10F710000C93DEE7079B012153F8042B03918DF82E
:10F72000AC20079304912BACDFE49DF84320002A22
:10F7300040F03281099A002A7FF462AE1846012116
:10F740000DF16C0927E40021082216A81394F8F79C
:10F7500015FA791C00F0BC80002507942C460CE0BB
:10F760002BA95846FDF75CFF421C204400F06B813A
:10F77000B84208DC00F070810446139A525916AB67
:10F780000435002AECD10494079CAFE016F0100376
:10F7900007980CD116F0400405D01A4650F8043BE7
:10F7A00007909BB2A1E716F4007240F0E18050F898
:10F7B000043B079099E700BF3C3B002084200020D9
:10F7C000982000200399049744AC9E4608EE90BA16
:10F7D00001F480664FF0000C234606E0BEF10A0FEC
:10F7E00072F1000239D3A6462A46A6491EEB020052
:10F7F00040F100000F46A1FB001424F0030101EBCF
:10F800009401401ABEEB00014FF0CC3562F10004C8
:10F8100005FB01F507FB0455A1FB07410D44052736
:10F8200004F00101A1FB071B09186408303103F83B
:10F83000011C44EAC5740CF1010C013B6D08002E5B
:10F84000CCD00B9909786145C8D1BCF1FF0FC5D068
:10F85000BEF10A0F72F100026CD21C4644AB1B1BB6
:10F86000049F039E049318EE90BAFFF772BA0396B2
:10F87000FFF762BA5846F8F787F8FFF75BB9012936
:10F8800003967FF4CDACFFF75CBA079B059953F85C
:10F89000042B11600793FFF77EB9062F3B46039AAE
:10F8A000794C079228BF062304930393FFF725BBE7
:10F8B000039B079913F4007214BF51F8043B51F8ED
:10F8C000043B07911CBF0246DBB20121FFF78FBA50
:10F8D00016AB00930023194613AA5846FDF7C6FE3F
:10F8E00003460133049000F0AE801394049B002B78
:10F8F00030D0632B63DC002308932BAC082200215B
:10F9000016A8F8F73BF9049D16AB009313AA2B46F3
:10F9100021465846FDF7AAFE854240F0AB80039B86
:10F92000049A07930023A3541F4622EAE273039329
:10F93000FFF716BA0E9A0D999B1A18460893F8F716
:10F94000B5F90B99089B4A780AB101310B914FF038
:10F95000000C48E7039B0793049B03931F460893FF
:10F96000FFF7FEB9012118460DF16C09FFF713BB33
:10F9700050F8043B07902246DBB2B6E612F9043B8E
:10F980000792DA171146FFF7CAB951F8043B0791FD
:10F990000246DBB2FFF727BA01231C9301210DF1C8
:10F9A00043031B930DF16C090B46FFF7CDBA079B80
:10F9B000059953F8042B07931180FFF7ECB8591CF5
:10F9C0005846F6F7AFF9044600283CD0089095E772
:10F9D000886DF8F711FCFFF7E9B9039B0793CDE9B0
:10F9E0000377089FFFF7BCB919981A9B013045E5CA
:10F9F000039B07932046F8F709FC20EAE0732F46A3
:10FA0000049003930895FFF7ABB918EE101A18AAE3
:10FA10005846FFF739F800283FF436AAFFF74DBAE9
:10FA2000199801307AE58C466EE46B6ED90705D4DF
:10FA3000AB899A0502D4A86DF8F7DEFB4FF0FF33CF
:10FA40000593FFF749BA18EE102AB2F90C3043F0CB
:10FA500040039381FFF735BA079C049746E7079B5D
:10FA600098F8011053F8047B0793904647EAE7772C
:10FA7000FFF7B9B818EE102A938943F04003938139
:10FA8000FFF715BACDCCCCCCAC20002070B50C461D
:10FA90008989ADF58E6D21F00201ADF81410616E0B
:10FAA0001B91E189ADF81610E1690991616A0B912A
:10FAB0001CA9029106914FF48061064604910791BA
:10FAC00018A80021CDE900320891F8F78FFBDDE995
:10FAD000003202A93046FFF713F8051E07DB02A922
:10FAE0003046FDF7B9FA002818BF4FF0FF35BDF8D2
:10FAF00014305B0603D5A38943F04003A381189813
:10FB0000F8F776FB28460DF58E6D70BD01F14003C8
:10FB10002DE9F0410C46096B994214D0666B7700D1
:10FB20003A46F6F7C7FB054640B300EB0608014628
:10FB300032464046F0F794FCC4E90C57C4F8008004
:10FB40000020BDE8F0814FF48061F6F7EBF8A8B132
:10FB500094F842304FF48062C4E90C0280F8FF331D
:10FB600094F8413080F8FE3394F8402080F8FD236B
:10FB700000F2FD3323600020BDE8F0814FF0FF303C
:10FB8000DFE700BF9368002B00F085802DE9F04F80
:10FB9000B1F90C300C461907804683B0174698B26D
:10FBA00025D523691BB310F002033D682DD04FF01B
:10FBB000000ADFF8C0B25646B9465E4533465246A3
:10FBC00028BF5B464046002E52D0E169676AB847BD
:10FBD000002856DDD9F808301B1A8244361AC9F8B5
:10FBE0000830002BE9D1002003B0BDE8F08F21469A
:10FBF000404600F041F9002840F03881B4F90C305B
:10FC00003D6898B210F00203D1D110F0010944D13F
:10FC10004E46009746B38205D4F808B040F185807F
:10FC2000B3455A4600F2B48010F4906F40F0C180A2
:10FC3000206801924946F7F725FFA368019AA3EBD4
:10FC40000B012368A1601344B24623600026009A8A
:10FC50009368A3EB0A03D1449360002BC3D0B4F99B
:10FC60000C0080B2002ED6D1D5E900960835D1E738
:10FC7000D5E900A60835A0E721464046FDF7ECF996
:10FC800088B3B4F90C3043F040034FF0FF30A38148
:10FC900003B0BDE8F08F002070471E46BA46994673
:10FCA000184600951F4666B3002832D04A46D4E96C
:10FCB00004132068A568B24228BF3246884204D99E
:10FCC00005EB030B5A4500F3A780934264DCE1691E
:10FCD000656A3A464046A847B0F1000BD1DDB9EB62
:10FCE0000B09C9D00120DAF80830A3EB0B035F44FD
:10FCF000A6EB0B06CAF80830002B3FF474AF002EB9
:10FD0000D2D1009A5668134608320092002EF8D0DD
:10FD10001F6832460A213846FDF708FC002800F02B
:10FD20009C800130A0EB0709C0E720682369984256
:10FD300016D86269B24213D86FF00043B34228BFAD
:10FD40003346E16993FBF2F3676A02FB03F3404633
:10FD50004A46B847B0F1000A93DDA6EB0A0676E7FB
:10FD6000B345DA4628BFB24652464946F7F78AFEFF
:10FD7000A3682268A3EB0A035244A3602260002B0D
:10FD8000EBD121464046FDF767F90028E5D078E73A
:10FD90002068B34632464CE739460192F7F772FEC7
:10FDA000019AA3689B1AA3602368134423609346B7
:10FDB00095E723682169A3EB010B636903EB430A11
:10FDC0000AEBDA7A0BF101034FEA6A0A334453452E
:10FDD000524684BF9A46524643052CD511464046AA
:10FDE000F5F7A0FF00283BD05A4621690190F0F7B3
:10FDF00037FBA289019B22F4906242F08002A2812B
:10FE000003EB0B002361AAEB0B03C4F814A0A3605F
:10FE10002060B34632460CE739465A46F7F732FEC1
:10FE200023685B44236021464046FDF715F900280E
:10FE30003FF455AF25E74046F6F73CFA0346002865
:10FE4000DED121694046F8F7F3FAB4F90C300C2200
:10FE500023F08003C8F8002015E7721C914626E7BE
:10FE60000C22B4F90C30C8F800200CE74FF0FF303A
:10FE7000BAE600BF00FCFF7F38B5314B1B68054672
:10FE80000C4613B15A6B002A4ED0B4F90C30180747
:10FE90009AB21CD5216929B312F0010007D00020C5
:10FEA000A06060694042A06139B1002038BD95076B
:10FEB00058BF6069A0600029F7D1120658BF0846F4
:10FEC000F4D543F04003A3814FF0FF3038BDD10695
:10FED0002ED5520714D4216943F00803A3819AB2A6
:10FEE0000029D9D102F42070B0F5007FD4D021468A
:10FEF000284600F047F9B4F90C3021699AB2CBE7F3
:10FF0000216B51B104F14002914204D02846F8F728
:10FF10008FFAB4F90C300022226321690022C4E96F
:10FF2000001223F02403D7E71846F7F72DFDACE7BE
:10FF3000092243F040032A604FF0FF30A38138BD0F
:10FF4000B89800202DE9F04782B0824688461446D2
:10FF5000F7F7DEFE012803D108F1FF33FE2B36D977
:10FF60000DF10409424604F15C0349465046FDF791
:10FF700057FB421C064632D020B39DF804C0002532
:10FF800009E023685A1C226083F800C00135B5429D
:10FF900018D219F801CFA368013B002BA360F0DA57
:10FFA000A769BB4261462246504602DBBCF10A0FFC
:10FFB000E7D100F053F9431CE8D10646304602B0C1
:10FFC000BDE8F0874646304602B0BDE8F0875FFAEC
:10FFD00088FC8DF804C006460DF10409CFE7A3891B
:10FFE000304643F04003A38102B0BDE8F08700BF74
:10FFF00030B5536E13F0010FB2F90C30144683B0D4
:02000004600298
:1000000005469AB201D198051CD5900406D4626EBB
:1000100043F4005342F40052A3816266224628460C
:10002000FFF790FF636EDA07054602D4A3899B05AC
:1000300002D5284603B030BDA06DF8F7DDF828469C
:1000400003B030BDA06D0191F8F7D4F8B4F90C30CD
:1000500001999AB2D9E700BF2DE9F04F8BB0DDE9E5
:10006000158A149F0391814605921E46B8F1000F30
:100070005CD0039B002B5ED0059B1D68002F6AD0CF
:10008000741E4EB3039B0493043D002601950BE0C0
:10009000039B2BBB019B1A68002A3AD0BC455CD25B
:1000A000013C631C664617D0D8F800300293019BD0
:1000B000DAF8E05053F8042F019307A94346484665
:1000C000D8F804B0A847421C3AD000EB060CBC4557
:1000D000DED9029BC8E9003B30460BB0BDE8F08F8B
:1000E00000280EDD049B019D18445A1E07A900F14B
:1000F000FF3E11F8013B02F8013F7245F9D101952D
:100100000490059B1A6804321A60019B1A68002A41
:10011000C4D1039B0BB1059B1A600CF1FF36002282
:100120003046C8F800200BB0BDE8F08F039B00F507
:100130008678002BA0D1059B4FF0FF371D689FE705
:1001400006468A2100223046C9F80010C8F800206F
:100150000BB0BDE8F08F3E46BEE76646BCE700BF89
:1001600010B584B0054C069800900798019004489B
:1001700000680294FFF770FF04B010BD30930020B8
:10018000B89800202DE9F0418B890C46990796B06C
:1001900008D504F143030122C4E90432236016B0F8
:1001A000BDE8F081B4F90E100029064625DB6A4649
:1001B00000F0ACF800281FDB019D05F47045A5F5A3
:1001C0000055B5FA85F54FF480686D094FF4006766
:1001D00041463046F5F7A6FDE0B1B4F90C30C4F85D
:1001E000148043F0800320602061A38135BB3B4332
:1001F000A38116B0BDE8F081A38913F0800519D062
:100200004FF040080025414630462F46F5F78AFD5D
:100210000028E2D1B4F90C309A05C0D423F00303CE
:1002200004F1430243F002030121C4E90421A38144
:100230002260B4E74FF480682F46C9E7B4F90E1086
:10024000304600F079F810B9B4F90C30CFE7A38943
:1002500023F0030343F001031BB2C8E7F8B50D46D2
:100260001446064610B1436B002B4CD0B4F90C2059
:10027000A369A360170790B21BD52369CBB1EDB278
:1002800081042F4622D522686169D31A994229DD5B
:100290000133A1680139A160511C216015706269A8
:1002A0009A4227D0A389DB0701D50A2D22D03846F0
:1002B000F8BD21463046FFF7DFFD08BBB4F90C203E
:1002C000236990B2EDB281042F46DCD442F400528F
:1002D000A281626E616922F4005262662268D31ABA
:1002E0009942D5DC21463046FCF7B6FE40B922687B
:1002F0000123CEE721463046FCF7AEFE0028D6D0DB
:100300004FF0FF37D3E7F7F73FFBAFE770B50C4689
:10031000084D03460026204611461C462E60F0F785
:10032000D5FC431C00D070BD2B68002BFBD0236094
:1003300070BD00BFECB6002038B5074D0022044662
:1003400008462A60F0F7C8FC431C00D038BD2B6873
:10035000002BFBD0236038BDECB6002081F00041BB
:1003600002E000BF83F0004330B54FEA41044FEA9A
:10037000430594EA050F08BF90EA020F1FBF54EA35
:10038000000C55EA020C7FEA645C7FEA655C00F0D1
:10039000E2804FEA5454D4EB5555B8BF6D420CDDA2
:1003A0002C4480EA020281EA030382EA000083EA25
:1003B000010180EA020281EA0303362D88BF30BDC5
:1003C00011F0004F4FEA01314FF4801C4CEA11311B
:1003D00002D0404261EB410113F0004F4FEA03337A
:1003E0004CEA133302D0524263EB430394EA050F05
:1003F00000F0A780A4F10104D5F1200E0DDB02FA74
:100400000EFC22FA05F2801841F1000103FA0EF207
:10041000801843FA05F359410EE0A5F120050EF1CD
:10042000200E012A03FA0EFC28BF4CF0020C43FAFE
:1004300005F3C01851EBE37101F0004507D54FF00B
:10044000000EDCF1000C7EEB00006EEB0101B1F55B
:10045000801F1BD3B1F5001F0CD349085FEA3000A1
:100460004FEA3C0C04F101044FEA445212F5800FAC
:1004700080F09A80BCF1004F08BF5FEA500C50F149
:10048000000041EB045141EA050130BD5FEA4C0C2C
:10049000404141EB0101013C28BFB1F5801FE9D289
:1004A00091F0000F04BF01460020B1FA81F308BFAC
:1004B0002033A3F10B03B3F120020CDA0C3208DD78
:1004C00002F1140CC2F10C0201FA0CF021FA02F153
:1004D0000CE002F11402D8BFC2F1200C01FA02F1C3
:1004E00020FA0CFCDCBF41EA0C019040E41AA2BFE8
:1004F00001EB0451294330BD6FEA04041F3C1CDAB0
:100500000C340EDC04F11404C4F1200220FA04F0CF
:1005100001FA02F340EA030021FA04F345EA030179
:1005200030BDC4F10C04C4F1200220FA02F001FA3B
:1005300004F340EA0300294630BD21FA04F02946BD
:1005400030BD94F0000F83F4801306BF81F4801156
:100550000134013D4EE77FEA645C18BF7FEA655CC9
:1005600029D094EA050F08BF90EA020F05D054EA9B
:10057000000C04BF1946104630BD91EA030F1EBFA0
:100580000021002030BD5FEA545C05D140004941A4
:1005900028BF41F0004130BD14F580043CBF01F597
:1005A000801130BD01F0004545F0FE4141F470017D
:1005B0004FF0000030BD7FEA645C1ABF1946104658
:1005C0007FEA655C1CBF0B46024650EA013406BF59
:1005D00052EA033591EA030F41F4002130BD00BF18
:1005E00090F0000F04BF0021704730B54FF48064D5
:1005F00004F132044FF000054FF0000150E700BF56
:1006000090F0000F04BF0021704730B54FF48064B4
:1006100004F1320410F0004548BF40424FF00001A1
:100620003EE700BF42004FEAE2014FEA31014FEAE4
:1006300002701FBF12F07F4393F07F4F81F0605133
:10064000704732F07F4208BF704793F07F4F04BF7E
:1006500041F40021704730B54FF4607401F000455B
:1006600021F000411CE700BF50EA010208BF7047BB
:1006700030B54FF000050AE050EA010208BF7047AC
:1006800030B511F0004502D5404261EB41014FF415
:10069000806404F132045FEA915C3FF4D8AE4FF01D
:1006A00003025FEADC0C18BF03325FEADC0C18BF00
:1006B000033202EBDC02C2F1200300FA03FC20FA51
:1006C00002F001FA03FE40EA0E0021FA02F114449E
:1006D000BDE600BF08B502460B4643EC172BB5EE4E
:1006E000C07BF1EE10FA03D4BDE8084000F00AB870
:1006F000B1EE477B51EC170B00F004F8404261EB80
:10070000410108BD9FED0B6B41EC170B9FED0B5B9F
:1007100027EE066BBCEEC66BB8EE464BA4EE457BEF
:10072000FCEEC77B16EE101A17EE900A704700BF5A
:10073000AFF30080000000000000F03D000000006A
:100740000000F0415FF800F0351E00605FF800F037
:0C075000E11D006000000000000000003F
:04075C00F8B500BF2D
:080760005019FF7F01000000A9
:100768000000000000000000000000000000000081
:100778000000000000000000000000000000000071
:100788000000000000000000000000000000000061
:100798000000000000000000000000000000000051
:1007A8000000000000000000000000000000000041
:1007B8000000000000000000000000000000000031
:1007C8000000000000000000000000000000000021
:1007D8000000000000000000000000000000000011
:1007E8000000000000000000000000000000000001
:1007F80000000000000000000000000000000000F1
:1008080000000000000000000000000000000000E0
:1008180000000000000000000000000000000000D0
:1008280000000000000000000000000000000000C0
:1008380000000000000000000000000000000000B0
:1008480000000000000000000000000000000000A0
:100858000000000000000000000000000000000090
:100868000000000000000000000000000000000080
:100878000000000000000000000000000000000070
:100888000000000000000000000000000000000060
:100898000000000000000000000000000000000050
:1008A8000000000000000000000000000000000040
:1008B8000000000000000000000000000000000030
:1008C8000000000000000000000000000000000020
:1008D8000000000000000000000000000000000010
:1008E8000000000000000000000000000000000000
:1008F80000000000000000000000000000000000F0
:1009080000000000000000000000000000000000DF
:1009180000000000000000000000000000000000CF
:1009280000000000000000000000000000000000BF
:1009380000000000000000000000000000000000AF
:10094800000000000000000000000000000000009F
:10095800000000000000000000000000000000008F
:10096800000000000000000000000000000000007F
:10097800000000000000000000000000000000006F
:10098800000000000000000000000000000000005F
:10099800000000000000000000000000000000004F
:1009A800000000000000000000000000000000003F
:1009B800000000000000000000000000000000002F
:1009C800000000000000000000000000000000001F
:1009D800000000000000000000000000000000000F
:1009E8000080E03779C34143176E05B5B5B8934623
:1009F800F5F93FE9034F384D321D30F94877825AEF
:100A08003CBF737FDD4F1575000000000000F03F0C
:100A180000000000000024400000000000005940D1
:100A28000000000000408F40000000000088C34024
:100A380000000000006AF8400000000080842E4199
:100A480000000000D01263410000000084D79741E5
:100A58000000000065CDCD41000000205FA00242EB
:100A6800000000E876483742000000A2941A6D4260
:100A7800000040E59C30A2420000901EC4BCD64253
:100A880000003426F56B0C430080E03779C34143FE
:100A980000A0D8855734764300C84E676DC1AB4374
:100AA800003D9160E458E143408CB5781DAF154492
:100AB80050EFE2D6E41A4B4492D54D06CFF080446D
:100AC800F64AE1C7022DB544B49DD9794378EA4482
:100AD800BC89D897B2D29C3C33A7A8D523F649390C
:100AE8003DA7F444FD0FA5329D978CCF08BA5B252E
:100AF800436FAC64280668112D4800000000000010
:100B0800A94800000000000049490000000000005A
:100B1800F14A000000000000614D000000000000E4
:100B28003150000000000000DD510000000000000E
:100B3800000000000000A040000000C000606A46FD
:100B48000000280000000000000000000000A04095
:100B5800000000C000606A46000029000000000094
:100B68000000000000009040000000C00000FA44AF
:100B78000000270000000000000000000000A04066
:100B8800000000C00000FA44000026000000000039
:100B98000000000000002041000000C00000803F6D
:100BA80000000F0000000000000000000000FA43F1
:100BB8000000FAC30000FA43000000000000000033
:100BC8000000FA430000FAC30000803F0000000064
:100BD800564D4F4E5F000000494D4F4E5F000000DC
:100BE80054454D505F0000004552525F0000000020
:100BF8004D4F545F00000000FF0078018001430260
:100C0800880187018C018B01920191019501F60100
:100C1800990198019A013D029E012002A801A701AD
:100C2800AD01AC01B001AF01B901B801BD01BC0112
:100C3800BF01F701C601C401C901C701CC01CA013E
:100C4800DD018E01F301F101F501F4013A02652C91
:100C58003C023B023E02662C4202410253028101E1
:100C6800540286015602890157028A0159028F01EE
:100C78005B0290016002930163029401680297018C
:100C8800690296016B02622C6F029C0172029D013F
:100C980075029F017D02642C8002A6018302A901CE
:100CA8008802AE01890244028A02B1018B02B201B4
:100CB8008C0245029202B7017B03FD037C03FE030D
:100CC8007D03FF03AC038603C203A303CC038C0399
:100CD800CD038E03CE038F03F203F903F803F70362
:100CE800FB03FA03CF04C0047D1D632C511F591F59
:100CF800531F5B1F551F5D1F571F5F1F781FF81F6E
:100D0800791FF91FB31FBC1FCC1FC31FE51FEC1FA2
:100D1800FC1FF31F4E21322184218321612C602C7A
:100D2800762C752C00190000D9D2000000000000B4
:100D380074C00F40C0000000000000000200000066
:100D480050851F4001000000340000000200000030
:100D580050851F4000000000010000000200000054
:100D680054851F400100000035000000020000000B
:100D780054851F4000000000FF00400026001800B6
:100D88007C0000006100E01AE000E017F800E007CE
:100D98000001013032010106390101104A01012E1A
:100DA8007901010682010104A0010106B3010104D1
:100DB800CD010110DE010112F80101282202011201
:100DC8004602010AAD03DB03B103E011C303E009E6
:100DD800D80301183004E0205004B0106004012248
:100DE8008A040136C104010ED00401446105D026ED
:100DF800001E0196A01E015A001F0808101F0806B1
:100E0800201F0808301F0808401F0806601F080830
:100E1800701F4A02721F5604761F64027A1F7002FE
:100E28007C1F7E02801F0808901F0808A01F080862
:100E3800B01F0802D01F0802E01F08027021F0103E
:100E4800D024E61A302CD02F672C0106802C0164A0
:100E5800002D002641FFE01A1F1C1F1E1F1E1F1F0A
:100E68001E1F1E1F4F76657220746F727175652C78
:100E7800207265656C0000004D4342205265656C28
:100E880020546F72717565204C696D69742C2074DB
:100E98003D256600556E64657220746F72717565C4
:100EA8002C207265656C00004F76657220746F7235
:100EB8007175652C206C6576656C2077696E6400A9
:100EC8004D4342204C5720546F72717565204C6910
:100ED8006D69742C20743D2566000000556E6465AC
:100EE8007220746F727175652C206C6576656C2044
:100EF80077696E64000000004F7665722063757232
:100F080072656E74000000004F43206368616E6E66
:100F1800656C3A20000000004D4342204375727210
:100F2800204C696D69742C2063682025752C204934
:100F38003D256600556E6465722063757272656E34
:100F4800740000004F76657220766F6C7461676577
:100F5800000000004D434220566F6C74204C696DB0
:100F680069742C2063682025752C20563D25660061
:100F7800556E64657220766F6C7461676500000059
:100F880054656D70733A2000566F6C7461676573B1
:100F98003A20000043757272656E74733A2000003F
:100FA800556E6B6E6F776E206D6F6E69746F722001
:100FB8007175657565206572726F720053656E7420
:100FC800206D6F74696F6E20544D207061636B657E
:100FD800740000004572726F7220637265617469F3
:100FE8006E6720544D2062756666657200000000C9
:100FF8004572726F72207570646174696E672072D1
:1010080065656C20706F736974696F6E000000000D
:101018004572726F72207570646174696E67206CB6
:101028006576656C2077696E6420706F7369746982
:101038006F6E00004F7665722074656D7065726121
:1010480074757265000000004D43422054656D7050
:10105800204C696D69742C2063682025752C2074D8
:101068003D256600556E6465722074656D70657205
:10107800617475726500000073656E736F7220632A
:101088007263206261642C20636865636B207365FA
:101098006E736F7220636F6E6E656374696F6E0036
:1010A800257500002C2566002C2575002566000096
:1010B800436F6E74726F6C6C65722053796E6365E2
:1010C80064000000435243206973206E6F742076D9
:1010D800616C696421000000205363617463687067
:1010E800616420435243206973206E6F74207661D7
:1010F8006C696421000000004361726420697320F8
:10110800746F6F20736D616C6C2E0D0A0000000007
:10111800466F726D617420446F6E650D0A000000A1
:10112800466F726D6174204661696C65640D0A00D2
:1011380042616420636C757374657220636F756EA9
:10114800740D0A0044657669636520697320746FBD
:101158006F20736D616C6C0D0A0000005772697422
:10116800696E672046415420000000002E000000F0
:1011780057726974696E672075706361736520744E
:1011880061626C650D0A000057726974696E6720A8
:10119800726F6F740D0A0000466F726D617420647F
:1011A8006F6E650D0A000000466F726D61742066EF
:1011B80061696C65640D0A00455846415400000099
:1011C8004572726F72207265676973746572696EB1
:1011D8006720454550524F4D20636F6E66696773AF
:1011E800000000006C6F675F646174612F0000008D
:1011F8004552523A20756E61626C6520746F206D9D
:10120800616B65206C6F672064617461206469722A
:101218006563746F727900006673775F64617461E7
:101228002F0000004552523A20756E61626C6520AD
:10123800746F206D616B6520465357206469726531
:1012480063746F72790000006C6F675F646174612A
:101258002F626F6F740000004552523A20756E611C
:10126800626C6520746F206D616B652062617365C7
:10127800206469726563746F72793A200000000017
:101288005741524E3A204261736520646972656322
:10129800746F727920616C72656164792065786910
:1012A8007374733A200000002E74787400000000F4
:1012B8004572726F72206F70656E696E67206C6F11
:1012C800672066696C6500004552523A20556E6188
:1012D800626C6520746F20737461727420534420AB
:1012E80063617264000000004552523A20457272F0
:1012F8006F7220636F6E6669677572696E672064C6
:1013080069726563746F7269657300004572726F04
:10131800722073657474696E672074656D70206CD3
:10132800696D6974730000004572726F722073658D
:101338007474696E6720746F72717565206C696D5D
:1013480069747300556E6B6E6F776E204449422046
:101358005258206D65737361676500002D2D2D2D22
:10136800204465627567204D656E75202D2D2D2DE5
:10137800000000003B092863616E63656C206D6F97
:1013880074696F6E290000003B09286C6F77207024
:101398006F776572290000003B09287265616479DE
:1013A800290000003B0928686F6D65206C6576652B
:1013B8006C2077696E6429003B09287A65726F2072
:1013C8007265656C290000003B0928676574207404
:1013D800656D7073290000003B09286765742076E5
:1013E8006F6C7473290000003B09286765742063DB
:1013F80075727273290000003B09286272616B657F
:10140800206F6E29000000003B09286272616B653D
:10141800206F6666290000003B0928636F6E7472AE
:101428006F6C6C657273206F6E2900003B0928632E
:101438006F6E74726F6C6C657273206F66662900CC
:101448003B092866756C6C20726574726163742937
:10145800000000003B092869676E6F7265206C699F
:101468006D697473290000003B0928757365206C49
:10147800696D6974732900003B0928676574204504
:101488004550524F4D20636F6E74656E747329001A
:101498002D2D2D2D2D2D2D2D2D2D2D2D2D2D2D2D74
:1014A8002D2D2D2D000000002C6E756D5F72657658
:1014B800732C73706565643B09287265656C206FD1
:1014C800757429002C6E756D5F726576732C737058
:1014D8006565643B09287265656C20696E290000A2
:1014E8002C6E756D5F726576732C73706565643BE1
:1014F8000928646F636B29002C6E756D5F726576C1
:10150800732C73706565643B09287265656C206986
:101518006E20776974686F7574204C572900000035
:101528002C6163633B09286F757420616363656C84
:1015380065726174696F6E29000000002C61636335
:101548003B0928696E20616363656C657261746923
:101558006F6E29002C6163633B0928646F636B20FD
:10156800616363656C65726174696F6E2900000060
:101578002C6D74723168692C6D7472316C6F2C6DBE
:1015880074723268692C6D7472326C6F2C6D6331B1
:1015980068692C6D63316C6F3B092874656D702028
:1015A8006C696D69747329002C7265656C5F686974
:1015B8002C7265656C5F6C6F3B0928746F7271756E
:1015C80065206C696D697473290000002C7265656B
:1015D8006C5F68692C7265656C5F6C6F0928637550
:1015E8007272656E74206C696D69747329000000ED
:1015F80023000000556E696D706C656D656E7465CD
:1016080064206D6573736167652074797065206601
:10161800726F6D2044494200454550524F4D20732A
:10162800657269616C2062756666657220637265B1
:101638006174696F6E206572726F720053656E74A3
:1016480020454550524F4D20627566666572206F81
:101658007665722073657269616C00004D434220A3
:10166800426F6F74200000004572726F72207570AF
:10167800646174696E67206C6576656C2077696E45
:1016880064206472697665207374617475730000F0
:101698004661696C656420746F2075706461746557
:1016A800206C6576656C2077696E64206472697653
:1016B80065207374617475732031302074696D65A9
:1016C800730000004D6F74696F6E206661756C74ED
:1016D80020286C77290000004465706C6F792064BD
:1016E800656E6965642C207265656C206F70732067
:1016F8006F6E676F696E67005265747261637420FC
:1017080064656E6965642C207265656C206F707302
:10171800206F6E676F696E6700000000446F636B2F
:101728002064656E6965642C207265656C206F7035
:1017380073206F6E676F696E670000005265656C95
:1017480020696E206E6F204C572064656E69656451
:101758002C207265656C206F7073206F6E676F69DF
:101768006E670000486F6D652064656E6965642C5E
:10177800207265656C206F7073206F6E676F696E7D
:10178800670000005265656C206E6F7420696E6991
:101798007469616C697A656420666F72206272612F
:1017A8006B6500004572726F7220706F77657269A1
:1017B8006E6720636F6E74726F6C6C657273000075
:1017C80057726F6E6720737461746520666F72203C
:1017D800706F776572696E6720636F6E74726F6C75
:1017E8006C657273000000005A65726F696E67203D
:1017F8007265656C0000000046756C6C207265743B
:101808007261637420636F6D6D616E6420726563CD
:10181800656976656400000046756C6C20726574B5
:101828007261637420756E6E656365737361727936
:101838002C20616C7265616479207265656C6564E1
:1018480020696E00537769746368696E6720746FE6
:101858002069676E6F7265206C696D69747300002A
:10186800537769746368696E6720746F2075736550
:10187800206C696D69747300556E6B6E6F776E209E
:101888007374617465206D616E6167657220616350
:1018980074696F6E000000004572726F7220737475
:1018A800617274696E67207265656C20636F6E740F
:1018B800726F6C206C6F6F7073000000556E616200
:1018C8006C6520746F2073796E63207265656C2077
:1018D800636F6E74726F6C6C65720000486F6D6533
:1018E80064203D207472756500000000556E6162C9
:1018F8006C6520746F20636F6D6D616E64206E651A
:101908007874206C77207365676D656E74000000CD
:10191800526573657420636175736564206279200C
:101928007761746368646F67000000004572726FC6
:1019380072207374617274696E67206C6576656C69
:101948002077696E6420636F6E74726F6C206C6FA1
:101958006F7073004572726F72207374617274696C
:101968006E67207265656C20636F6E74726F6C2091
:101978006C6F6F707320696E206C6576656C20776C
:10198800696E64206F6E00004C5720436F6E74724E
:101998006F6C6C6572206F666620486F6D65642099
:1019A8003D2066616C736500456E746572696E678B
:1019B80020646F636B000000566F6C74616765206C
:1019C800746F6F206C6F7720746F20646F636B2166
:1019D800000000004E6F7420726561647920666FA4
:1019E8007220646F636B3A205265656C204E6F7489
:1019F80020496E697469616C697A65640000000049
:101A08004E6F7420726561647920666F7220646F0E
:101A1800636B3A204C6576656C57696E64204E6F2F
:101A28007420496E697469616C697A6564000000A4
:101A38004E6F7420726561647920666F7220646FDE
:101A4800636B3A204C6576656C57696E64206861F3
:101A580073206E6F74206265656E20686F6D6564B3
:101A6800000000004E6F7420726561647920666F13
:101A78007220646F636B3A204C6576656C57696EAB
:101A880064206973206E6F7420646F636B656400F3
:101A98004572726F7220636F6D6D616E64696E67F7
:101AA800207265656C20696E20666F7220646F63B2
:101AB8006B000000446F636B696E673A200000009A
:101AC8004572726F722073657474696E67206C77E3
:101AD8002063656E74657220666F7220646F636B35
:101AE80000000000556E6B6E6F776E20646F636B3D
:101AF800207375627374617465000000456E7465C7
:101B080072696E672072656164790000457869744E
:101B1800696E67207265616479000000556E6B6EAE
:101B28006F776E2072656164792073756273746172
:101B380074650000456E746572696E6720686F6D24
:101B480065206C7700000000566F6C746167652033
:101B5800746F6F206C6F7720746F20686F6D6521CC
:101B6800000000004572726F7220706F77657269AD
:101B78006E6720636F6E74726F6C6C657273206F22
:101B88006E20666F72204C5720686F6D65000000EC
:101B98004572726F7220686F6D696E67204C5700CE
:101BA80045786974696E6720686F6D65206C770089
:101BB800556E6B6E6F776E20686F6D65206C772041
:101BC800737562737461746500000000566F6C74FD
:101BD80061676520746F6F206C6F7720746F207257
:101BE80065656C20696E20286E6F204C572921008E
:101BF8004572726F7220636F6D616E64696E6720E3
:101C08007265656C20696E20286E6F204C5729001C
:101C18005265656C696E6720696E20286E6F204C6E
:101C280057293A200000000045786974696E6720DA
:101C38007265656C20696E20286E6F204C572900EC
:101C4800556E6B6E6F776E207265656C20696E20BD
:101C5800286E6F204C572920737562737461746500
:101C680000000000456E746572696E6720726565D4
:101C78006C20696E00000000566F6C746167652007
:101C8800746F6F206C6F7720746F207265656C209D
:101C9800696E21004572726F7220706F7765726984
:101CA8006E67207265656C206F6E00004572726FFA
:101CB8007220706F776572696E67204C57206F6E5F
:101CC800000000004572726F7220636F6D6D616E67
:101CD80064696E67207265656C20696E000000009B
:101CE8005265656C696E6720696E3A2000000000D5
:101CF8004572726F72207374617274696E672063C3
:101D0800616D6D696E670000486F6D652064696478
:101D18006E277420636F6D706C6574652C20706F0E
:101D2800776572696E67206F66660000457869742A
:101D3800696E67207265656C20696E00556E6B6E02
:101D48006F776E207265656C20696E20737562739B
:101D58007461746500000000456E746572696E6791
:101D6800206E6F6D696E616C0000000045786974C3
:101D7800696E67206E6F6D696E616C00556E6B6E73
:101D88006F776E206E6F6D696E616C20737562730C
:101D98007461746500000000566F6C74616765209B
:101DA800746F6F206C6F7720746F207265656C207C
:101DB8006F757421000000004572726F7220636FA6
:101DC8006D6D616E64696E67207265656C206F75F4
:101DD800740000005265656C696E67206F75743A0F
:101DE8002000000045786974696E67207265656C2B
:101DF800206F757400000000556E6B6E6F776E2053
:101E08007265656C206F7574207375627374617484
:101E1800650000004D4342206275696C6420666F5E
:101E28007220000052415453000000004A756C2093
:101E3800313320323032360031353A35333A3037A3
:101E4800000000004D4342206572726F7220696E77
:101E5800697469616C697A696E6720454550524FAB
:101E68004D21205265636F6E6669677572656400FF
:101E7800436F6E666967206D616E61676572206980
:101E88006E6974207375636365737366756C00009F
:101E98004D4342206572726F722073746172746967
:101EA8006E672053442063617264210053442063A9
:101EB80061726420737461727475702073756363E2
:101EC80065737366756C0000496E697469616C6945
:101ED8007A652053656E736F727300005570646184
:101EE8007465204C696D6974730000004D6F7469E6
:101EF8006F6E206661756C742C20756E61626C65FE
:101F080020746F2067656E657261746520726565FF
:101F18006C20696E666F00004D6F74696F6E206685
:101F280061756C7420726C3A000000002C0000008F
:101F38004D6F74696F6E206661756C742C20756EB8
:101F480061626C6520746F2067656E657261746587
:101F5800206C6576656C2077696E6420696E666FA3
:101F6800000000004D6F74696F6E206661756C74B7
:101F7800206C773A000000004572726F722075700D
:101F8800646174696E67207265656C206472697635
:101F98006520737461747573000000004661696C94
:101FA800656420746F20757064617465207265655E
:101FB8006C2064726976652073746174757320315E
:101FC800302074696D6573004D6F74696F6E20669B
:101FD80061756C7420287265656C29005265656CA2
:101FE800206D6F74696F6E20636F6D706C657465BA
:101FF800000000006673775F646174612F706F730F
:102008005F6C6F672E646174000000005265766F24
:102018006C7574696F6E732057726F6E670000007D
:1020280053706565642057726F6E67004163632063
:1020380057726F6E67000000536574436F6D6D6172
:102048006E64506F736974696F6E2057726F6E6734
:1020580000000000536574536C6577526174652005
:1020680057726F6E67000000536574416363656C57
:1020780065726174696F6E2057726F6E6700000039
:102088006E616E00696E66006F7666005458204572
:1020980052523A20000000006CC00F40C0000000FF
:1020A800504F0000B13601000CFF00001300000083
:1020B800000000000000000024851F400BFF000006
:1020C80013000000000000000000000028851F40E9
:1020D8000DFF0000130000000000000000000000D9
:1020E80020851F400A25240013000000120000006C
:1020F8001200000001020300000000001C851F40C0
:1021080000000000000000000000000000000000C7
:102118003D010000B10000000000000000000000C8
:102128001D01000069000000000000000000000020
:102138005D010000DD00000000000000000000005C
:102148002D0100008D0000000000000000000000CC
:102158007D010000010100000000000000000000F7
:10216800050C0000F10B000089060000B50B00000B
:10217800D90C00007D0B0000250B000000000000BA
:102188000000000019ED0000000000000000000041
:102198009D01000000000000000000008512010001
:1021A800911201008912010091130100011B010025
:1021B800311A01008D1A01002D1901000D150100B9
:1021C800411F0100A112010015120100D11B0100DD
:1021D80001120100051201000D1201001112010087
:1021E80025150100611D0100E91C010041180100CD
:1021F800F911010009120100411E0100691B0100CB
:102208000513010000000000000000008D620000BE
:10221800DDF60000D9F60000D5F600008162000066
:102228008562000089620000D1F60000000000000D
:102238000000000089D100007DD30000A5CB00007C
:10224800FDCC0000C5CB000069CC0000EDCB000040
:1022580081CD000019CD0000A1CB000000000000D6
:1022680000000000250D0000850900008906000017
:10227800290A0000C90900007D0A0000510A00006F
:10228800850F0000450E000000000000000000005F
:10229800050C0000F10B000089060000B50B0000DA
:1022A800D90C00007D0B0000250B00000000000089
:1022B80000000000790D0000B90D0000650B00005A
:1022C800DD0B00008D0C00000D0B0000C90B000099
:1022D800CD070000F50E0000D50A0000F10A000045
:1022E800A5060000910600007D0700003D0B0000D8
:1022F800CD0600005D08000015090000A5080000D3
:10230800390C00000908000000000000000000006F
:1023180019ED00007DD30000890600008D0600003D
:1023280019ED000019ED000019ED00000000000093
:102338000000000071150000911500000000000069
:1023480000000000EDC40000FDC60000C1C600008A
:1023580009C600006DC60000B5C5000035C70000FD
:1023680025C8000061C800003DC900000000000049
:10237800000000002121010025210100911F01001A
:10238800152501005D310100DD2A010099B7000023
:10239800512101002D3101006D320100652B010032
:1023A800250C010085280100B1200100BD20010095
:1023B800851F0100891F01008D1F0100C920010030
:1023C800ED200100112101009125010035210100B6
:1023D80069230100DD250100B1260100D8399D27B8
:1023E8000054EA2A00A4781F007B9A172C206675EF
:1023F8006E6374696F6E3A20000000006173736544
:102408007274696F6E2022257322206661696C657B
:10241800643A2066696C6520222573222C206C6939
:102428006E65202564257325730A000042616C6C73
:102438006F632073756363656564656400000000FD
:102448002F566F6C756D65732F646174612F6A65A3
:102458006E6B696E732F776F726B73706163652F24
:10246800474E552D746F6F6C636861696E2F61728A
:102478006D2D31312F7372632F6E65776C69622D04
:1024880063796777696E2F6E65776C69622F6C69FF
:1024980062632F7374646C69622F6764746F612D53
:1024A8006765746865782E6300000000000000000E
:1024B8000000000000000000000000000000000014
:1024C8000000000000000000000000000000000004
:1024D80000000000000000000000000010111213AE
:1024E800141516171819000000000000001A1B1C0C
:1024F8001D1E1F000000000000000000000000007A
:10250800000000000000000000000000001A1B1C72
:102518001D1E1F0000000000000000000000000059
:1025280000000000000000000000000000000000A3
:102538000000000000000000000000000000000093
:102548000000000000000000000000000000000083
:102558000000000000000000000000000000000073
:102568000000000000000000000000000000000063
:102578000000000000000000000000000000000053
:102588000000000000000000000000000000000043
:102598000000000000000000000000000000000033
:1025A8000000000000000000000000002F566F6CC3
:1025B800756D65732F646174612F6A656E6B696EE2
:1025C800732F776F726B73706163652F474E552D4C
:1025D800746F6F6C636861696E2F61726D2D313134
:1025E8002F7372632F6E65776C69622D63796777D5
:1025F800696E2F6E65776C69622F6C6962632F73E1
:1026080074646C69622F6D707265632E63000000DC
:1026180065256C64000000003031323334353637BC
:1026280038396162636465666768696A6B6C6D6E88
:102638006F707172737475767778797A000000001C
:10264800002020202020202020202828282828207A
:102658002020202020202020202020202020202072
:1026680020881010101010101010101010101010DA
:1026780010040404040404040404041010101010CA
:102688001010414141414141010101010101010194
:1026980001010101010101010101010110101010E6
:1026A8001010424242424242020202020202020266
:1026B80002020202020202020202020210101010BA
:1026C80020000000000000000000000000000000E2
:1026D80000000000000000000000000000000000F2
:1026E80000000000000000000000000000000000E2
:1026F80000000000000000000000000000000000D2
:1027080000000000000000000000000000000000C1
:1027180000000000000000000000000000000000B1
:1027280000000000000000000000000000000000A1
:102738000000000000000000000000000000000091
:1027480000000000496E66696E6974790000000037
:102758004E614E002F566F6C756D65732F646174F2
:10276800612F6A656E6B696E732F776F726B73700A
:102778006163652F474E552D746F6F6C636861698F
:102788006E2F61726D2D31312F7372632F6E6577E5
:102798006C69622D63796777696E2F6E65776C69EE
:1027A800622F6C6962632F7374646C69622F64743E
:1027B8006F612E63000000004A495300534A495391
:1027C800000000004555434A500000006E660000B6
:1027D800696E697479000000616E0000494E460018
:1027E8004E414E0030313233343536373839616234
:1027F80063646566000000003031323334353637A3
:10280800383941424344454600000000286E756C43
:102818006C2900000030013002300CFF0EFFFB3045
:102828001AFF1BFF1FFF01FF9B309C30B40040FFC5
:10283800A8003EFF3E203FFFFD30FE309D309E3019
:102848000330DD4E053006300730FC3014201020F0
:102858000FFF3CFF1C3016205CFF26202520182087
:1028680019201C201D2008FF09FF143015303BFFDC
:102878003DFF5BFF5DFF083009300A300B300C303C
:102888000D300E300F30103011300BFF1222B10016
:10289800D700F7001DFF60221CFF1EFF662267227B
:1028A8001E22342242264026B00032203320032143
:1028B800A50004FFA200A30005FF03FF06FF0AFF0F
:1028C80020FFA70006260526CB25CF25CE25C72520
:1028D800C625A125A025B325B225BD25BC253B20AD
:1028E8001230922190219121932113300000000091
:1028F80000000000000000000000000000000000D0
:10290800000008220B2286228722822283222A2282
:102918002922000000000000000000000000000064
:10292800000027222822AC00D221D4210022032231
:102938002922000000000000000000000000000044
:102948000000000000002022A522122302220722F4
:10295800612252226A226B221A223D221D2235222E
:102968002B222C22000000000000000000000000C4
:1029780000002B2130206F266D266A26202021207A
:10298800B6002C22000000000000EF250000000027
:10299800000000000000000000000001010101012A
:1029A8000101010101000000000000000101010116
:1029B80001010101010101010101010101010101FF
:1029C80001010101010100000000000000010101F6
:1029D80001010101010101010101010101010101DF
:1029E8000101010101010100910392039303940382
:1029F800950396039703980399039A039B039C03F3
:102A08009D039E039F03A003A103A303A403A5039F
:102A1800A603A703A803A903000000000000000004
:102A28000000000000000000B103B203B303B403C8
:102A3800B503B603B703B803B903BA03BB03BC03B2
:102A4800BD03BE03BF03C003C103C303C403C5035F
:102A5800C603C703C803C9031004110412041304EE
:102A680014041504010416041704180419041A049C
:102A78001B041C041D041E041F042004210422043A
:102A880023042404250426042704280429042A04EA
:102A98002B042C042D042E042F0400000000000039
:102AA800000000000000000000000000000000001E
:102AB8000000000000000000300431043204330438
:102AC80034043504510436043704380439043A040C
:102AD8003B043C043D043E043F04400441044204DA
:102AE80043044404450446044704480449044A048A
:102AF8004B044C044D044E044F04000000250225ED
:102B08000C251025182514251C252C2524253425AD
:102B18003C25012503250F2513251B2517252325CE
:102B280033252B253B254B2520252F2528253725E3
:102B38003F251D2530252525382542259C4E16552F
:102B4800035A3F96C0541B612863F6592290758436
:102B58001C83507AAA60E163256EED656684A682BF
:102B6800F59B93682757A16571629B5BD0597B865B
:102B7800F498627DBE7D8E9B16629F7CB788895BC8
:102B8800B55E096397664868C7958D974F67E54EA8
:102B98000A4F4D4F9D4F4950F2563759D459015A53
:102BA800095CDF600F61706113660569BA704F7563
:102BB8007075FB79AD7DEF7DC3800E846388028BD1
:102BC80055907A903B53954EA54EDF57B280C190F1
:102BD800EF78004EF158A26E3890327A28838B82B3
:102BE8002F9C41517053BD54E154E056FB59155F79
:102BF800F298EB6DE4802D8562967096A096FB970F
:102C08000B54F353875BCF70BD7FC28FE8966F5329
:102C18005C9DBA7A114E9378FC81266E185604553D
:102C28001D6B1A853B9CE559A953666DDC748F951D
:102C38004256914E4B90F2964F830C99E153B655FC
:102C4800305B715F2066F3660468386CF36C296D3D
:102C58005B74C8764E7A3498F1825B88608AED920C
:102C6800B26DAB75CA76C599A660018B8A8DB2958F
:102C78008E69AD538651125730584459B45BF65E8D
:102C88002860A963F463BF6C146F8E701471597156
:102C9800D5713F73017E7682D182978560905B9271
:102CA8001B9D6958BC655A6C2575F9512E59655993
:102CB800805FDC5FBC62FA652A6A276BB46B8B7332
:102CC800C17F56892C9D0E9DC49EA15C966C7B830A
:102CD80004514B5CB661C68176686172594EFA4FF1
:102CE80078536960296E4F7AF3970B4E1653EE4E60
:102CF800554F3D4FA14F734FA052EF5309560F59EF
:102D0800C15AB65BE15BD17987669C67B6674C6B45
:102D1800B36C6B70C2738D79BE793C7A877BB18254
:102D2800DB8204837783EF83D3836687B28A29564D
:102D3800A88CE68F4E901E978A86C44FE85C116275
:102D480059723B75E581BD82FE86C08CC596139984
:102D5800D599CB4E1A4FE389DE564A58CA58FB5EBE
:102D6800EB5F2A6094606260D0611262D06239655C
:102D7800419B6666B068776D70704C758676757D18
:102D8800A582F9878B958E969D8CF151BE52165966
:102D9800B354B35B165D68618269AF6D8D78CB847F
:102DA8005788728AA793B89A6C6DA899D986A35741
:102DB800FF67CE860E92835287560454D35EE16233
:102DC800B9643C683868BB6B7273BA786B7A9A8955
:102DD800D2896B8D038FED90A39594966997665B66
:102DE800B35C7D694D984E989B63207B2B6A7F6A04
:102DF800B6680D9C5F6F72529D557060EC623B6DBA
:102E0800076ED16E5B841089448F144E399CF6533B
:102E18001B693A6A84972A685C51C37AB284DC9148
:102E28008C935B56289D226805833184A57C0852C3
:102E3800C582E6747E4E834FA051D25B0A52D852A7
:102E4800E752FB5D9A552A58E6598C5B985BDB5B29
:102E5800725E795EA3601F616361BE61DB63626558
:102E6800D1675368FA683E6B536B576C226F976F44
:102E7800456FB0741875E3760B77FF7AA17B217CD8
:102E8800E97D367FF07F9D8066829E83B389CC8AF8
:102E9800AB8C8490519493959195A2956596D39710
:102EA80028991882384E2B54B85CCC5DA9734C769F
:102EB8003C77A95CEB7F0B8DC19611985498589874
:102EC800014F0E4F71539C556856FA574759095B85
:102ED800C45B905C0C5E7E5ECC5FEE633A67D76540
:102EE800E2651F67CB68C4685F6A305EC56B176CA4
:102EF8007D6C7F754879635B007A007DBD5F8F8943
:102F0800188AB48C778DCC8E1D8FE2980E9A3C9BD4
:102F1800804E7D50005193599C5B2F628062EC6417
:102F28003A6BA07291754779A97FFB87BC8A708B31
:102F3800AC63CA83A09709540354AB555468586AC4
:102F4800708A27787567CD9E7453A25B1A81508664
:102F58000690184E454EC74E114FCA533854AE5BB3
:102F6800135F256051653D67426C726CE36C787045
:102F78000374767AAE7A087B1A7DFE7C667DE765F7
:102F88005B72BB53455CE85DD262E0621963206EF8
:102F98005A86318ADD8DF892016FA6795A9BA84E20
:102FA800AB4EAC4E9B4FA04FD1504751F67A715162
:102FB800F651545321537F53EB53AC558358E15C7E
:102FC800375F4A5F2F6050606D601F6359654B6AB9
:102FD800C16CC272ED72EF77F880058108824E8568
:102FE800F790E193FF9757995A9AF04EDD512D5C6F
:102FF80081666D69405CF266756989735068817C89
:10300800C550E4524757FE5D2693A465236B3D6B7C
:1030180034748179BD794B7BCA7DB982CC837F8832
:103028005F89398BD18FD1911F5480925D4E365074
:10303800E5533A53D7729673E977E682AF8EC6990D
:10304800C899D29977511A615E86B0557A7A7650C6
:10305800D35B47908596324EDB6AE791515C485CBA
:1030680098639F7A936C7497618FAA7A8A7188960D
:10307800827C1768707E51686C93F2521B54AB8542
:10308800138AA47FCD8EE190665388884179C24F18
:10309800BE501152445153552D57EA738B5751590D
:1030A800625F845F756076616761A961B2633A6443
:1030B8006C656F664268136E66753D7AFB7C4C7D65
:1030C800997D4B7E6B7F0E834A83CD86088A638AFF
:1030D800668BFD8E1A988F9DB882CE8FE89B87529B
:1030E8001F628364C06F999641689150206B7A6C17
:1030F800546F747A507D4088238A0867F64E395099
:10310800265065507C5138526352A7550F570558C1
:10311800CC5AFA5EB261F861F36272631C69296A7B
:103128007D72AC722E7314786F78797D0C77A980D4
:103138008B89198BE28CD28E639075937A96559809
:10314800139A789E43519F53B3537B5E265F1B6E41
:10315800906E8473FE73437D3782008AFA8A509694
:103168004E4E0B50E4537C54FA56D159645BF15DD2
:10317800AB5E275F38624565AF67566ED072CA7C12
:10318800B488A180E180F0834E86878AE88D3792E3
:10319800C7966798139F944E924E0D4F48534954C3
:1031A8003E542F5A8C5FA15F9F60A7688E6A5A743D
:1031B80081789E8AA48A778B90915E4EC99BA44E93
:1031C8007C4FAF4F1950165049516C519F52B9520C
:1031D800FE529A53E35311540E5489555157A2572E
:1031E8007D59545B5D5B8F5BE55DE75DF75D785E00
:1031F800835E9A5EB75E185F52604C619762D862D0
:10320800A7633B6502664366F4666D672168976845
:10321800CB695F6C2A6D696D2F6E9D6E32758776EE
:103228006C783F7AE07C057D187D5E7DB17D1580E8
:103238000380AF80B18054818F812A8252834C8869
:1032480061881B8BA28CFC8CCA90759171923F7817
:10325800FC92A4954D9605989999D89A3B9D5B52F6
:10326800AB52F7530854D558F762E06F6A8C5F8FFA
:10327800B99E4B513B524A54FD56407A7791609D16
:10328800D29E4473096F70811175FD5FDA60A89A48
:10329800DB72BC8F646B0398CA4EF0566457BE58F5
:1032A8005A5A6860C7610F6606663968B168F76D73
:1032B800D5753A7D6E82429B9B4E504FC953065539
:1032C8006F5DE65DEE5DFB67996C73740278508AFA
:1032D8009693DF885057A75E2B63B550AC508D513D
:1032E8000067C9545E58BB59B05B695F4D62A16302
:1032F8003D68736B086E7D70C7918072157826786B
:103308006D798E65307DDC83C188098F9B96645208
:10331800285750676A7FA18CB45142572A963A5869
:103328008A69B480B2540E5DFC579578FA9D5C4F5B
:103338004A528B543E6428661467F567847A567B34
:10334800227D2F935C68AD9B397B19538A51375284
:10335800DF5BF662AE64E6642D67BA6BA985D19629
:103368009076D69B4C630693AB9BBF765266094E0C
:103378009850C253715CE860926463655F68E67157
:10338800CA732375977B827E9586838BDB8C7891B5
:103398001099AC65AB668B6BD54ED44E3A4F7F4FC8
:1033A8003A52F853F253E355DB56EB58CB59C95907
:1033B800FF59505B4D5C025E2B5ED75F1D60076353
:1033C8002F655C5BAF65BD65E8659D67626B7B6B70
:1033D8000F6C45734979C179F87C197D2B7DA280E2
:1033E8000281F38196895E8A698A668A8C8AEE8A66
:1033F800C78CDC8CCC96FC986F6B8B4E3C4F8D4FFA
:103408005051575BFA5B486101634266216BCB6E92
:10341800BB6C3E72BD74D475C1783A790C80338028
:10342800EA8194849E8F506C7F9E0F5F588B2B9DF2
:10343800FA7AF88E8D5BEB96034EF153F7573159B4
:10344800C95AA45B89607F6E066FBE75EA8C9F5B64
:103458000085E07B7250F4679D82615C4A851E7E20
:103468000E829951045C6863668D9C656E713E7925
:10347800177D05801D8BCA8E6E90C786AA901F5037
:10348800FA523A5C53677C7035724C91C8912B9311
:10349800E582C25B315FF9603B4ED653885B4B6275
:1034A80031678A6BE972E0732E7A6B81A38D529132
:1034B80096991251D7536A54FF5B8863396AAC7D79
:1034C8000097DA56CE536854975B315CDE5DEE4F59
:1034D8000161FE62326DC079CB79427D4D7ED27F2B
:1034E800ED811F82908446887289908B748E2F8F0D
:1034F80031904B916C91C6969C91C04E4F4F45515F
:103508004153935F0E62D467416C0B6E6373267EE2
:10351800CD918392D4531959BF5BD16D5D792E7EBD
:103528009B7C7E589F71FA515388F08FCA4FFB5C81
:103538002566AC77E37A1C82FF99C651AA5FEC65D1
:103548006F69896BF36D966E646FFE76147DE15D2D
:10355800759087910698E6511D5240629166D9662A
:103568001A6EB65ED27D727FF866AF85F785F88AE7
:10357800A952D95373598F5E905F5560E49264964F
:10358800B7501F51DD5220534753EC53E85446556A
:10359800315517566859BE593C5AB55B065C0F5CE5
:1035A800115C1A5C845E8A5EE05E705F7F62846292
:1035B800DB628C63776307660C662D6676667E67CA
:1035C800A2681F6A356ABC6C886D096E586E3C71BA
:1035D80026716771C77501775D7801796579F0792A
:1035E800E07A117BA77C397D9680D6838B844985C8
:1035F8005D88F3881F8A3C8A548A738A618CDE8CC2
:10360800A49166927E9318949C9698970A4E084EB9
:103618001E4E574E97517052CE573458CC58225B95
:10362800385EC560FE6461675667446DB67273752F
:10363800637AB884728BB89120933156F457FE9808
:10364800ED620D69966BED71547E77807282E68922
:10365800DF985587B18F3B5C384FE14FB54F075521
:10366800205ADD5BE95BC35F4E612F63B0654B6633
:10367800EE689B69786DF16D3375B9751F775E7962
:10368800E679337DE381AF82AA85AA893A8AAB8E2F
:103698009B8F3290DD910797BA4EC14E03527558F1
:1036A800EC580B5C1A753D5C4E810A8AC58F63968F
:1036B8006D97257BCF8A08986291F356A853179087
:1036C80039548257255EA863346C8A7061778B7C85
:1036D800E07F708842905491109318938F965E748F
:1036E800C49A075D695D7065A267A88DDB966E63F5
:1036F80049671969C5831798C096FE88846F7A64EC
:10370800F85B164E2C705D752F66C4513652E25226
:10371800D359815F276010623F6574651F667466C0
:10372800F2681668636B056E72721F75DB76BE7C75
:103738005680F058FD887F89A08A938ACB8A1D908D
:1037480092915297599789650E7A0681BB962D5E9C
:10375800DC601A62A56514669067F3774D7A4D7C34
:103768003E7E0A81AC8C648DE18D5F8EA97807520C
:10377800D962A563426498622D8A837AC07BAC8A39
:10378800EA96767D0C824987D94E48514353605357
:10379800A35B025C165CDD5D26624762B064136859
:1037A8003468C96C456D176DD3675C6F4E717D7158
:1037B800CB657F7AAD7BDA7D4A7EA87F7A811B82D2
:1037C8003982A6856E8ACE8CF58D78907790AD92E9
:1037D80091928395AE9B4D528455386F36716851DE
:1037E8008579557EB381CE7C4C565158A85CAA6326
:1037F800FE66FD665A69D9728F758E750E7956798F
:10380800DF79977C207D447D0786348A3B966190DA
:10381800209FE7507552CC53E2530950AA55EE58F1
:103828004F593D728B5B645C1D53E360F3605C63CE
:1038380083633F63BB63CD64E965F966E35DCD6986
:10384800FD69156FE571894EE975F876937ADF7C25
:10385800CF7D9C7D6180498358836C84BC84FB85C3
:10386800C588708D01906D9097931C97129ACF50D0
:1038780097588E61D3813585088D2090C34F745039
:10388800475273536F6049635F672C6EB38D1F9007
:10389800D74F5E5CCA8CCF659A7D52539688765115
:1038A800C363585B6B5B0A5C0D6451675C90D64ED2
:1038B8001A592A59706C518A3E551558A559F06005
:1038C8005362C167358255694096C499289A534F07
:1038D8000658FE5B1080B15C2F5E855F20604B61EF
:1038E8003462FF66F06CDE6ECE807F81D4828B8876
:1038F800B88C00902E908A96DB9EDB9BE34EF053AB
:1039080027592C7B8D914C98F99DDD6E2770535368
:103918004455855B58629E62D362A26CEF6F227435
:10392800178A3894C16FFE8A3883E751F886EA53BC
:10393800E953464F5490B08F6A593181FD5DEA7A58
:10394800BF8FDA68378CF872489C3D6AB08A394E66
:10395800585306566657C562A263E6654E6BE16D1D
:103968005B6EAD70ED77EF7AAA7BBB7D3D80C6803C
:10397800CB86958A5B93E356C7583E5FAD659666DE
:10398800806AB56B3775C78A2450E57730571B5F57
:1039980065607A66606CF4751A7A6E7FF4811887B0
:1039A8004590B399C97B5C75F97A517BC4841090B2
:1039B800E979927A3683E15A40772D4EF24E995B37
:1039C800E05FBD623C66F167E86C6B8677883B8A8E
:1039D8004E91F392D099176A26702A73E78257841A
:1039E800AF8C014E4651CB518B55F55B165E335E5D
:1039F800815E145F355F6B5FB45FF2611163A2662D
:103A08001D676E6F52723A753A7774803981788182
:103A18007687BF8ADC8A858DF38D9A92779502988E
:103A2800E59CC5525763F4761567886CCD73C38CD3
:103A3800AE937396256D9C580E69CC69FD8F9A9349
:103A4800DB751A905A580268B463FB69434F2C6FB0
:103A5800D867BB8F2685B47D54933F69706F6A57CA
:103A6800F7582C5B2C7D2A720A54E391B49DAD4E15
:103A78004E4F5C50755043529E8C485424589A5B64
:103A88001D5E955EAD5EF75E1F5F8C60B5623A6342
:103A9800D063AF68406C87788E790B7AE07D478277
:103AA800028AE68A448E1390B8902D91D8910E9F81
:103AB800E56C5864E2647565F46E84761B7B6990E6
:103AC800D193BA6EF254B95FA4644D8FED8F4492CE
:103AD80078516B582959555C975EFB6D8F7E1C7524
:103AE800BC8CE28E5B98B9701D4FBF6BB16F30759F
:103AF800FB964E51105435585758AC59605C925F3C
:103B080097655C67216E7B76DF83ED8C1490FD9062
:103B18004D9325783A78AA52A65E1F5774591260B9
:103B280012505A51AC51CD51005210555458585852
:103B38005759955BF65C8B5DBC6095622D64716727
:103B48004368BC68DF68D776D86D6F6E9B6D6F7001
:103B5800C871535FD8757779497B547B527BD67C83
:103B6800717D305263846985E4850E8A048B468CA6
:103B78000F8E03900F90199476962D98309AD895B9
:103B8800CD50D5520C5402580E5CA7619E641E6D30
:103B9800B377E57AF480048453908592E05C079DBE
:103BA8003F53975FB35F9C6D79726377BF79E47B0E
:103BB800D26BEC72AD8A0368616AF851817A346914
:103BC8004A5CF69CEB82C55B49911E7078566F5C27
:103BD800C76066658C6C5A8C419013985154C766BF
:103BE8000D924859A39085514D4EEA5199850E8BF7
:103BF80058707A634B936269B499047E777557530A
:103C08006069DF8EE3965D6C8C4E3C5C105FE98FDB
:103C18000253D18C89807986FF5EE565734E6551C4
:103C280082593F5CEE97FB4E8A59CD5F8D8AE16FD2
:103C3800B0796279E75B71842B73B171745EF55F5B
:103C48007B639A64C371987C434EFC5E4B4EDC5791
:103C5800A256A960C36F0D7DFD803381BF81B28FED
:103C68009789A486F45D8A62AD6487897767E26C78
:103C78003E6D36743478465A757FAD82AC99F34FF1
:103C8800C35EDD62926357656F67C3764C72CC8002
:103C9800BA80298F4D910D50F957925A85687369EA
:103CA8006471FD72B78CF258E08C6A9619907F8720
:103CB800E479E77729842F4F65525A53CD62CF674D
:103CC800CA6C7D76947B957C36828485EB8FDD6625
:103CD800206F06721B7EAB83C199A69EFD51B17BF6
:103CE8007278B87B8780487BE86A615E8C80517502
:103CF80060756B5162928C6E7A769791EA9A104F42
:103D0800707F9C624F7BA595E99C7A565958E4864A
:103D1800BC96344F24524A53CD53DB53065E2C6471
:103D280091657F673E6C4E6C4872AF72ED73547547
:103D3800417E2C82E985A98CC47BC6916971129851
:103D4800EF983D6369666A75E476D0784385EE86B8
:103D58002A53515326548359875E7C5FB260496267
:103D68007962AB629065D46BCC6CB275AE769178A3
:103D7800D879CB7D777FA580AB88B98ABB8C7F90BB
:103D88005E97DB980B6A387C99503E5CAE5F87671C
:103D9800D86B357409778E7F3B9FCA67177A39537A
:103DA8008B75ED9A665F9D81F18398803C5FC55F56
:103DB8006275467B3C906768EB599B5A107D7E760E
:103DC8002C8BF54F6A5F196A376C026FE274687959
:103DD8006888558A798CDF5ECF63C575D279D782BA
:103DE8002893F2929C84ED862D9CC1546C5F8C655F
:103DF8005C6D1570A78CD38C3B984F65F6740D4E8F
:103E0800D84EE0572B59665ACC5BA851035E9C5E8E
:103E1800166076627765A7656E666E6D3672267B6C
:103E280050819A8199825C8BA08CE68C748D1C964B
:103E38004496AE4FAB64666B1E8261846A85E890D7
:103E4800015C5369A8987A8457850F4F6F52A95F10
:103E5800455E0D678F79798107898689F56D175FCA
:103E68005562B86CCF4E6972929B06523B54745699
:103E7800B358A4616E621A716E59897CDE7C1B7D11
:103E8800F09687655E80194E754F75514058635E90
:103E9800735E0A5FC467264E3D8589955B96737C81
:103EA8000198FB50C1585676A7782552A5771185F9
:103EB800867B4F5009594772C77BE87DBA8FD48FEC
:103EC8004D90BF4FC952295A015FAD97DD4F1782F8
:103ED800EA9203575563696B2B75DC88148F427A15
:103EE800DF52935855610A62AE66CD6B3F7CE98319
:103EF8002350F84F05534654315849599D5BF05C9F
:103F0800EF5C295D965EB16267633E65B9650B67D4
:103F1800D56CE16CF97032782B7EDE80B3820C842C
:103F2800EC84028712892A8A4A8CA690D292FD983C
:103F3800F39C6C9D4F4EA14E8D5056524A57A8592E
:103F48003D5ED85FD95F3F62B4661B67D067D268B1
:103F58009251217DAA80A881008B8C8CBF8C7E9287
:103F6800329620542C981753D5505C53A858B264F5
:103F7800346767726677467AE691C352A16C866B9E
:103F880000584C5E54592C67FB7FE151C676696432
:103F9800E878549BBB9ECB57B95927669A67CE6B76
:103FA800E954D969555E9C819567AA9BFE67529C26
:103FB8005D68A64EE34FC853B9622B67AB6CC48FDC
:103FC800AD4F6D7EBF9E074E6261806E2B6F13856D
:103FD80073542A67459BF35D957BAC5CC65B1C8775
:103FE8004A6ED184147A088199598D7C116C207796
:103FF800D952225921715F72DB772797619D0B692E
:104008007F5A185AA5510D547D540E66DF76F78FE6
:104018009892F49CEA595D72C56E4D51C968BF7D8E
:10402800EC7D6297BA9E7864216A028384595F5B4B
:10403800DB6B1B73F276B27D178099843251286747
:10404800D99EEE766267FF520599245C3B627E7CBE
:10405800B08C4F55B6600B7D809501535F4EB651BD
:104068001C593A723680CE91255FE2778453795F86
:10407800047DAC85338A8D8E5697F367AE8553944D
:1040880009610861B96C5276ED8A388F2F55514F06
:104098002A51C752CB53A55B7D5EA0608261D6636F
:1040A8000967DA67676E8C6D3673377331755079C7
:1040B800D588988A4A909190F590C4968D8715591D
:1040C800884E594F0E4E898A3F8F1098AD507C5EAE
:1040D8009659B95BB85EDA63FA63C164DC664A690B
:1040E800D8690B6DB66E94712875AF7A8A7F008097
:1040F8004984C9848189218B0A8E65907D960A99A5
:104108007E619162326B836C746DCC7FFC7FC06D75
:10411800857FBA87F8886567B1833C98F7961B6DE9
:10412800617D3D846A91714E7553505D046BEB6FF0
:10413800CD852D86A78929520F54655C4E67A868DE
:1041480006748374E275CF88E188CC91E2967896FC
:104158008B5F8773CB7A4E84A06365758952416DF6
:104168009C6E097459756B78927C8696DC7A8D9F63
:10417800B64F6E61C5655C86864EAE4EDA50214EEE
:10418800CC51EE5B99658168BC6D1F734276AD7743
:104198001C7AE77C6F82D28A7C90CF9175961898AA
:1041A8009B52D17D2B5098539767CB6DD071337448
:1041B800E8812A8FA396579C9F9E60744158996DF9
:1041C8002F7D5E98E44E364F8B4FB751B152BA5D92
:1041D8001C60B2733C79D3823492B796F6960A97EC
:1041E800979E629FA666746B1752A352C870C288C6
:1041F800C95E4B609061236F49713E7CF47D6F808E
:10420800EE8423902C9342546F9BD36A8970C28C9E
:10421800EF8D3297B452415ACA5E045F17677C69C2
:1042280094696A6D0F6F6272FC72ED7B01807E800B
:104238004B87CE906D51939E84798B803293D68A2A
:104248002D508C54718A6A6BC48C0781D160A06729
:10425800F29D994E984E109C6B8AC18568850069BD
:104268007E6E9778558100000A0001000200030065
:104278000400050006000700080009000A000B00FA
:104288000C000D000E000F00100000002020202060
:104298002020202020202020202020202020202016
:1042A8002020202020202020202020200000000086
:1042B8001F001C200000000014210000020016242A
:1042C800000000001425000002001528000000006E
:1042D800112900000000142A00000000182B00001B
:1042E8000000142C00000000102D00000000142E07
:1042F800000001000C3000000900143A0000010021
:10430800183C00000200143F0000010003410000B7
:104318001900155B00000000145C00000000115D2E
:1043280000000000175E000000000F5F00000000A2
:10433800176000000000036100001900157B0000F1
:104348000000187C00000000117D00000000187EAD
:1043580000000000007F000020001CA000000000FA
:1043680014A10000000016A20000030019A6000016
:10437800000014A70000000017A80000000019A9F9
:104388000000000006AA0000000013AB00000000B7
:1043980018AC0000000001AD0000000019AE0000DC
:1043A800000017AF0000000019B00000000018B1AD
:1043B800000000000EB20000010017B40000000069
:1043C80003B50000000014B60000010017B8000093
:1043D80000000EB90000000006BA0000000012BB81
:1043E800000000000EBC0000020014BF0000000026
:1043F80003C00000160018D70000000003D8000012
:10440800060004DF0000000003E00000160018F7B3
:104418000000000003F800003F000438010000001D
:10442800033901000F00044901000000034A01009C
:104438004200048D01000000038E01000C00049B63
:1044480001000000039C01000D0004AA0100010006
:1044580003AC01000D0004BA0100000006BB010016
:10446800000003BC0100010004BE0100000003BFFE
:104478000100000006C00100030003C401000000A1
:1044880007C50100000003C60100010007C80100BC
:10449800000003C90100010007CB0100000003CCA4
:1044A8000100230004F00100000003F101000000F6
:1044B80007F20100000003F301002D0004210200AF
:1044C8000000032202001100043402000500033A30
:1044D80002001A0004550200000003560200010001
:1044E800045802000000035902000000045A0200A8
:1044F8000000035B02000100045D0200020003608B
:1045080002000100046202000000036302000000D0
:104518000464020000000365020001000467020051
:104528000000036802000400046D02000100036F2C
:104538000200000004700200000003710200010084
:1045480004730200010003750200000004760200F3
:104558000600037D02000000047E020001000380C3
:104568000200000004810200000003820200010032
:10457800048402000200038702000500048D020083
:104588000400039202000000049302000000069455
:1045980002000000049502000700039D02000100CC
:1045A800049F0200100005B00200110017C20200AB
:1045B800030005C602000B0017D202000D0005E03B
:1045C8000200040017E50200060005EC02000000E6
:1045D80017ED0200000005EE0200000017EF0200D0
:1045E80010000B0003006F00037003000300057444
:1045F80003000000177503000000037603000100A4
:10460800057A03000000037B03000200147E030008
:104618000000037F030000001784030001000386E5
:104628000300000014870300000003880300020051
:10463800038C03000000038E0300010004900300B4
:10464800000003910300100003A303000C0004B052
:104658000300000003B10300200008D20300020099
:1046680003D50300200018F60300000003F7030039
:10467800040004FC0300000003FD03008400198209
:10468800040000000B83040004000A8804000100F1
:10469800038A0400A500033105002500055905001B
:1046A8000000145A050005000460050000000361BD
:1046B8000500250004870500010014890500000095
:1046C800108A05000000198D05000100168F0500ED
:1046D80000000B9105002C0010BE050000000BBF68
:1046E8000500000014C0050000000BC10500010012
:1046F80014C3050000000BC40500010014C6050022
:1047080000000BC70500000006D005001A0006EFE0
:104718000500030014F30500010001000600050070
:10472800180606000200140906000100160B060010
:104738000000140C06000100190E060001000B1001
:1047480006000A00141B06000000011C06000000F9
:10475800141D06000200062006001F000540060082
:1047680000000641060009000B4B060014000C600F
:1047780006000900146A06000300066E0600010020
:104788000B700600000006710600620014D40600D3
:10479800000006D5060000000BD60600060001DD65
:1047A8000600000019DE060000000BDF0600050009
:1047B80005E5060001000BE70600010019E90600FF
:1047C80000000BEA0600030006EE060001000CF0EC
:1047D8000600090006FA0600020019FD060001009D
:1047E80006FF06000000140007000D00010F070077
:1047F80000000610070000000B1107000000061259
:1048080007001D000B3007001A00064D070058006E
:104818000BA607000A0006B1070000000CC007003D
:10482800090006CA070020000BEB0700080005F482
:104838000700010019F60700000014F7070002003E
:1048480005FA070000000BFD0700000016FE070030
:1048580001000600080015000B1608000300051AE1
:10486800080000000B1B08000800052408000000D1
:104878000B25080002000528080000000B29080085
:104888000400143008000E000640080018000B59F8
:1048980008000200145E08000000066008000A0014
:1048A800067008001700178808000000068908002D
:1048B80005000190080001000B980800070006A0F9
:1048C8000800280005C9080000000BCA08001700E6
:1048D80001E2080000000BE308001F0009030900BB
:1048E80000000604090035000B3A09000000093BE6
:1048F800090000000B3C09000000063D090000000B
:10490800093E090002000B41090007000949090096
:1049180003000B4D09000000094E09000100065074
:10492800090000000B51090006000658090009009B
:104938000B62090001001464090001000C660900FB
:1049480009001470090000000571090000000672D2
:1049580009000E000B81090000000982090001000E
:10496800068509000700068F090001000693090063
:10497800150006AA0900060006B20900000006B6DE
:10498800090003000BBC0900000006BD0900000077
:1049980009BE090002000BC10900030009C709008C
:1049A800010009CB090001000BCD0900000006CE6B
:1049B8000900000009D70900000006DC0900010011
:1049C80006DF090002000BE2090001000CE60900FD
:1049D800090006F00900010016F2090001000EF4B2
:1049E8000900050019FA0900000016FB090000007B
:1049F80006FC0900000014FD090000000BFE090078
:104A080000000B010A00010009030A000000060566
:104A18000A000500060F0A00010006130A00150027
:104A2800062A0A00060006320A00010006350A00B6
:104A3800010006380A0001000B3C0A000000093E8C
:104A48000A0002000B410A0001000B470A0001009E
:104A58000B4B0A0002000B510A00000006590A001D
:104A68000300065E0A0000000C660A0009000B70CD
:104A78000A00010006720A0002000B750A00000015
:104A880014760A0000000B810A00010009830A005D
:104A9800000006850A000800068F0A000200069337
:104AA8000A00150006AA0A00060006B20A0001005C
:104AB80006B50A0004000BBC0A00000006BD0A0087
:104AC800000009BE0A0002000BC10A0004000BC75F
:104AD8000A00010009C90A00000009CB0A00010008
:104AE8000BCD0A00000006D00A00000006E00A000C
:104AF80001000BE20A0001000CE60A00090014F0AC
:104B08000A00000016F10A00000006F90A00000079
:104B18000BFA0A0005000B010B00000009020B004C
:104B2800010006050B000700060F0B000100061325
:104B38000B001500062A0B00060006320B000100C8
:104B480006350B0004000B3C0B000000063D0B0073
:104B58000000093E0B0000000B3F0B00000009405D
:104B68000B0000000B410B00030009470B0001007C
:104B7800094B0B0001000B4D0B0000000B550B00FF
:104B8800010009570B000000065C0B000100065FDE
:104B98000B0002000B620B0001000C660B00090001
:104BA80019700B00000006710B0000000E720B005C
:104BB80005000B820B00000006830B000000068531
:104BC8000B000500068E0B00020006920B00030086
:104BD80006990B000100069C0B000000069E0B00C6
:104BE800010006A30B00010006A80B00020006AE98
:104BF8000B000B0009BE0B0001000BC00B000000EE
:104C080009C10B00010009C60B00020009CA0B000C
:104C180002000BCD0B00000006D00B00000009D7E6
:104C28000B0000000CE60B0009000EF00B00020060
:104C380019F30B00050016F90B00000019FA0B0018
:104C480000000B000C00000009010C0002000B041E
:104C58000C00000006050C000700060E0C00020000
:104C680006120C001600062A0C000F000B3C0C0064
:104C78000000063D0C0000000B3E0C00020009413C
:104C88000C0003000B460C0002000B4A0C0003004A
:104C98000B550C00010006580C000200065D0C00C4
:104CA800000006600C0001000B620C0001000C669D
:104CB8000C00090014770C0000000E780C000600A8
:104CC800197F0C00000006800C0000000B810C000E
:104CD800000009820C00010014840C000000068505
:104CE8000C000700068E0C00020006920C0016004D
:104CF80006AA0C00090006B50C0004000BBC0C0049
:104D0800000006BD0C00000009BE0C0000000BBF2F
:104D18000C00000009C00C0004000BC60C000000C9
:104D280009C70C00010009CA0C0001000BCC0C00DB
:104D3800010009D50C00010006DD0C00010006E0A9
:104D48000C0001000BE20C0001000CE60C0009004D
:104D580006F10C0001000B000D00010009020D0016
:104D6800010006040D000800060E0D0002000612E0
:104D78000D0028000B3B0D000100063D0D00000052
:104D8800093E0D0002000B410D00030009460D000D
:104D98000200094A0D0002000B4D0D000000064EEE
:104DA8000D000000194F0D00000006540D00020010
:104DB80009570D0000000E580D000600065F0D0093
:104DC80002000B620D0001000C660D0009000E7058
:104DD8000D00080019790D000000067A0D00050085
:104DE8000B810D00000009820D00010006850D00F1
:104DF8001100069A0D00170006B30D00080006BD45
:104E08000D00000006C00D0006000BCA0D000000D2
:104E180009CF0D0002000BD20D0002000BD60D00C9
:104E2800000009D80D0007000CE60D00090009F282
:104E38000D00010014F40D00000006010E002F0003
:104E48000B310E00000006320E0001000B340E007C
:104E58000600163F0E00000006400E00050005463D
:104E68000E0000000B470E000700144F0E00000054
:104E78000C500E000900145A0E00010006810E00A5
:104E8800010006840E00000006860E000400068C51
:104E98000E00170006A50E00000006A70E00090068
:104EA8000BB10E00000006B20E0001000BB40E009C
:104EB800080006BD0E00000006C00E00040005C66E
:104EC8000E0000000BC80E0005000CD00E000900F3
:104ED80006DC0E00030006000F00000019010F0099
:104EE800020014040F000E0019130F000000141420
:104EF8000F00000019150F0002000B180F00010029
:104F0800191A0F0005000C200F0009000E2A0F00C7
:104F1800090019340F0000000B350F000000193686
:104F28000F0000000B370F00000019380F000000B9
:104F38000B390F000000153A0F000000113B0F005D
:104F48000000153C0F000000113D0F000000093E55
:104F58000F00010006400F00070006490F0023005C
:104F68000B710F000D00097F0F0000000B800F0070
:104F7800040014850F0000000B860F00010006884E
:104F88000F0004000B8D0F000A000B990F0023007F
:104F980019BE0F0007000BC60F00000019C70F004D
:104FA800050019CE0F00010014D00F00040019D518
:104FB8000F00030014D90F000100060010002A009A
:104FC800092B100001000B2D1000030009311000FF
:104FD80000000B32100005000938100000000B39E2
:104FE80010000100093B100001000B3D10000100FA
:104FF800063F100000000C4010000900144A100081
:1050080005000650100005000956100001000B5855
:1050180010000100065A100003000B5E1000020089
:105028000661100000000962100002000665100009
:105038000100096710000600066E100002000B71DF
:1050480010000300067510000C000B821000000011
:105058000983100001000B8510000100098710006A
:1050680005000B8D10000000068E10000000098F4F
:10507800100000000C9010000900099A10000200AE
:105088000B9D10000000199E1000010003A01000E5
:10509800250003C71000000003CD1000000003D056
:1050A80010002A0014FB1000000005FC100000008E
:1050B80003FD10000200060011004801064A120014
:1050C8000300065012000600065812000000065A97
:1050D80012000300066012002800068A120003006E
:1050E80006901200200006B21200030006B8120053
:1050F800060006C01200000006C21200030006C81F
:1051080012000E0006D81200380006121300030021
:105118000618130042000B5D130002001460130010
:1051280008000E6913001300068013000F00199081
:105138001300090003A01300550003F8130005002D
:10514800100014000000060114006B02196D16000F
:105158000000146E16000000066F160010001C8078
:1051680016000000068116001900159B16000000A5
:10517800119C1600000006A016004A0014EB160049
:1051880002000DEE1600020006F1160007000600E8
:10519800170011000B121700020009151700000074
:1051A800061F170012000B32170001000934170000
:1051B80000001435170001000640170011000B52BB
:1051C80017000100066017000C00066E17000200A9
:1051D8000B72170001000680170033000BB417008C
:1051E800010009B6170000000BB71700060009BE3A
:1051F800170007000BC61700000009C717000100B9
:105208000BC917000A0014D41700020005D71700AD
:10521800000014D81700020016DB1700000006DC97
:10522800170000000BDD170000000CE01700090054
:105238000EF01700090014001800050010061800E9
:1052480000001407180003000B0B18000200010EE1
:10525800180000000B0F180000000C1018000900BF
:105268000620180022000543180000000644180014
:1052780034000680180004000B851800010006871A
:10528800180021000BA91800000006AA1800000049
:1052980006B018004500060019001E000B20190072
:1052A80002000923190003000B271900010009292E
:1052B800190002000930190001000B321900000022
:1052C8000933190005000B391900020019401900AB
:1052D80000001444190001000C461900090006508A
:1052E80019001D00067019000400068019002B0023
:1052F80006B0190019000CD0190009000EDA1900BF
:10530800000019DE1900210006001A0016000B170C
:105318001A00010009191A0001000B1B1A000000ED
:10532800141E1A00010006201A00340009551A003C
:1053380000000B561A00000009571A0000000B580D
:105348001A0006000B601A00000009611A0000002C
:105358000B621A00000009631A0001000B651A00AD
:105368000700096D1A0005000B731A0009000B7F6E
:105378001A0000000C801A0009000C901A0009009D
:1053880014A01A00060005A71A00000014A81A00A5
:1053980005000BB01A000D000ABE1A0000000BBF72
:1053A8001A000F000B001B00030009041B0000007B
:1053B80006051B002E000B341B00000009351B00DE
:1053C80000000B361B000400093B1B0000000B3CCF
:1053D8001B000000093D1B0004000B421B000000DD
:1053E80009431B00010006451B0007000C501B0069
:1053F8000900145A1B00060019611B0009000B6BF9
:105408001B00080019741B000800147D1B00010014
:105418000B801B00010009821B00000006831B0093
:105428001D0009A11B0000000BA21B00030009A618
:105438001B0001000BA81B00010009AA1B000000AB
:105448000BAB1B00020006AE1B0001000CB01B00DA
:10545800090006BA1B002B000BE61B00000009E739
:105468001B0000000BE81B00010009EA1B000200FA
:105478000BED1B00000009EE1B0000000BEF1B00EA
:10548800020009F21B00010014FC1B0003000600C7
:105498001C00230009241C0007000B2C1C0007001B
:1054A80009341C0001000B361C000100143B1C00D1
:1054B80004000C401C000900064D1C0002000C50A2
:1054C8001C000900065A1C001D0005781C00050078
:1054D800147E1C00010003801C00080003901C00BF
:1054E8002A0003BD1C00020014C01C0007000BD0DA
:1054F8001C00020014D31C0000000BD41C000C007C
:1055080009E11C0000000BE21C00060006E91C0073
:1055180003000BED1C00000006EE1C0005000BF458
:105528001C00000006F51C00010009F71C00000023
:105538000BF81C00010006FA1C00000004001D0006
:105548002B00052C1D003E00046B1D000C00057887
:105558001D00000003791D000000047A1D000200F0
:10556800037D1D000000047E1D000F00038E1D003A
:105578000000048F1D000B00059B1D0024000BC0BC
:105588001D003F0003001E00950004961E00040045
:10559800039B1E000000049C1E000100039E1E00C9
:1055A8000000049F1E00000003A01E0075000318E1
:1055B8001F00050003201F00250003481F000500E9
:1055C80004501F00000003511F00000004521F0078
:1055D800000003531F00000004541F00000003557F
:1055E8001F00000004561F00000003571F000000A2
:1055F80003591F000000035B1F000000035D1F002C
:105608000000035F1F001E0003801F0007000788BB
:105618001F00070003901F00070007981F000700DE
:1056280003A01F00070007A81F00070003B01F0002
:10563800010004B21F00000003B31F00000004B4FF
:105648001F00000004B61F00010003B81F0003007C
:1056580007BC1F00000017BD1F00000003BE1F008D
:10566800000017BF1F00020004C21F00000003C390
:105678001F00000004C41F00000004C61F00010032
:1056880003C81F00030007CC1F00000017CD1F0030
:10569800020003D01F00010004D21F00010004D63D
:1056A8001F00010003D81F00030017DD1F000200C0
:1056B80003E01F00010004E21F00020003E51F00D1
:1056C800000004E61F00010003E81F00040017EDB6
:1056D8001F00020004F21F00000003F31F00000077
:1056E80004F41F00000004F61F00010003F81F0067
:1056F800030007FC1F00000017FD1F0001001C002D
:1057080020000A00010B20000400101020000500F2
:1057180014162000010013182000000012192000A0
:105728000000151A20000000131B20000100121DA4
:1057380020000000151E20000000131F200000009C
:105748001420200007001A28200000001B29200030
:105758000000012A200004001C2F20000000143043
:1057680020000800133920000000123A2000000031
:10577800143B200003000F3F2000010014412000CB
:1057880002001844200000001545200000001146C2
:1057980020000000144720000A00185220000000D2
:1057A8001453200000000F5420000000145520005E
:1057B80009001C5F20000000016020000400016651
:1057C800200009000E702000000005712000000074
:1057D8000E7420000500187A20000200157D2000B4
:1057E8000000117E20000000057F200000000E80D0
:1057F80020000900188A20000200158D20000000F2
:10580800118E20000000059020000C0016A020003A
:1058180020000BD020000C000ADD200003000BE163
:10582800200000000AE2200002000BE520000B0027
:1058380019002100010008022100000019032100BD
:105848000300080721000000190821000100040ACC
:1058580021000000080B21000200040E21000100B5
:10586800081021000200041321000000191421006F
:105878000000081521000000191621000100181861
:1058880021000000081921000400191E210005004C
:10589800082421000000192521000000032621000A
:1058A80000001927210000000828210000001929FC
:1058B80021000000032A21000100082C210001001A
:1058C800192E21000000042F2100000008302100BB
:1058D80001000332210000000833210000000434D5
:1058E80021000000063521000300043921000000D2
:1058F800193A21000100043C21000100083E210062
:105908000100184021000400084521000000044659
:1059180021000300194A21000000184B2100000053
:10592800194C21000100034E21000000194F2100ED
:1059380000000E5021000F000D602100220003839B
:10594800210001000D85210003000E8921000000BF
:10595800198A2100010018902100040019952100DE
:105968000400189A21000100199C2100030018A0C6
:105978002100000019A12100010018A32100000046
:1059880019A42100010018A62100000019A7210070
:10599800060018AE2100000019AF21001E0018CE25
:1059A8002100010019D02100010018D221000000B7
:1059B80019D32100000018D42100000019D52100B6
:1059C8001E0018F421000B01190023000700150818
:1059D80023000000110923000000150A230000001D
:1059E800110B23000000190C2300130018202300BA
:1059F8000100192223000600152923000000112A9E
:105A080023000000192B23005000187C23000000FD
:105A1800197D23001D00189B2300180019B42300CA
:105A2800270018DC2300050019E223004400194070
:105A380024000A000E6024003B00199C24004D003D
:105A48000EEA2400150019002500B60018B7250035
:105A5800000019B82500080018C12500000019C267
:105A68002500350018F825000700190026006E00EB
:105A7800186F2600000019702600F7001568270027
:105A88000000116927000000156A27000000116B4B
:105A980027000000156C27000000116D270000008A
:105AA800156E27000000116F2700000015702700F1
:105AB8000000117127000000157227000000117303
:105AC800270000001574270000001175270000004A
:105AD8000E7627001D00199427002B0018C02700F8
:105AE800040015C52700000011C62700000018C7CC
:105AF80027001E0015E62700000011E72700000018
:105B080015E82700000011E92700000015EA270022
:105B1800000011EB2700000015EC2700000011ED34
:105B28002700000015EE2700000011EF27000000F5
:105B380018F027000F0019002800FF00180029009E
:105B480082001583290000001184290000001585B2
:105B5800290000001186290000001587290000008F
:105B6800118829000000158929000000118A2900E0
:105B78000000158B29000000118C29000000158DEC
:105B880029000000118E29000000158F290000004F
:105B98001190290000001591290000001192290098
:105BA80000001593290000001194290000001595A4
:105BB800290000001196290000001597290000000F
:105BC800119829000000189929003E0015D82900CD
:105BD800000011D92900000015DA2900000011DBA6
:105BE8002900000018DC29001F0015FC290000000E
:105BF80011FD2900000018FE2900010119002B00E1
:105C08002F0018302B00140019452B0001001847ED
:105C18002B000500194D2B00260019762B001F00BC
:105C280019972B00680003002C00700004712C00E9
:105C3800000003722C00010004742C00000003759E
:105C48002C00010004772C000400057C2C000100C6
:105C5800037E2C00650004E42C00000019E52C00EC
:105C6800050003EB2C0003000BEF2C00020003F2ED
:105C78002C00010014F92C0003000EFD2C0000007C
:105C880014FE2C00010003002D00250003272D0021
:105C98000000032D2D00000006302D003700056F91
:105CA8002D00000014702D0000000B7F2D00000057
:105CB80006802D00160006A02D00060006A82D005F
:105CC800060006B02D00060006B82D00060006C026
:105CD8002D00060006C82D00060006D02D0006007F
:105CE80006D82D0006000BE02D001F0014002E0022
:105CF800010013022E00000012032E0000001304FE
:105D08002E00000012052E00000014062E000200CE
:105D180013092E000000120A2E000000140B2E009A
:105D28000000130C2E000000120D2E000000140EAF
:105D38002E00080010172E00000014182E00010075
:105D4800101A2E000000141B2E000000131C2E0039
:105D58000000121D2E000000141E2E00010013204A
:105D68002E00000012212E00000015222E00000037
:105D780011232E00000015242E00000011252E00EE
:105D8800000015262E00000011272E0000001528FF
:105D98002E00000011292E000000142A2E000400F5
:105DA800052F2E00000014302E000900103A2E0096
:105DB8000100143C2E00030010402E000000144186
:105DC8002E00000015422E00000014432E000C0087
:105DD80019502E00010014522E00020015552E00F5
:105DE800000011562E00000015572E000000115813
:105DF8002E00000015592E000000115A2E00000038
:105E0800155B2E000000115C2E000000105D2E00B6
:105E1800000019802E001900199B2E005800190047
:105E28002F00D50019F02F000B001C0030000000D7
:105E3800140130000200190430000000050530008C
:105E480000000606300000000D07300000001508AD
:105E580030000000110930000000150A3000000071
:105E6800110B30000000150C30000000110D30003F
:105E78000000150E30000000110F30000000151052
:105E8800300000001111300000001912300001002C
:105E980015143000000011153000000015163000F0
:105EA800000011173000000015183000000011190B
:105EB80030000000151A30000000111B30000000EF
:105EC800101C30000000151D30000000111E3000AD
:105ED80001001920300000000D21300008000B2AB5
:105EE80030000300092E300001001030300000009F
:105EF8000531300004001936300001000D3830003B
:105F08000200053B30000000063C30000000143D54
:105F180030000000193E30000100064130005500F5
:105F28000B9930000100179B30000100059D3000DF
:105F38000100069F3000000010A03000000006A1FC
:105F48003000590014FB3000000005FC300002004E
:105F580006FF30000000060531002A000631310036
:105F68005D001990310001000E923100030019966E
:105F78003100090006A031001F0019C031002300BC
:105F880006F031000F00190032001E000E2032000A
:105F98000900192A32001D000E4832000700195066
:105FA800320000000E5132000E00196032001F004E
:105FB8000E8032000900198A320026000EB1320024
:105FC8000E0019C032003F0106003400BF1919C085
:105FD8004D003F0006004E0014520515A0000000B9
:105FE8000616A00076041990A400360006D0A40076
:105FF800270005F8A400050014FEA400010006000F
:10600800A5000B01050CA6000000140DA600020057
:106018000610A6000F000C20A6000900062AA600FC
:1060280001000340A6002D00066EA60000000B6FBD
:10603800A60000000A70A60002001473A600000063
:106048000B74A6000900147EA6000000057FA600B8
:1060580000000380A6001B00059CA60001000B9E03
:10606800A600010006A0A60045000DE6A60009004E
:106078000BF0A600010014F2A60005001700A70007
:1060880016000517A70008001720A7000100032223
:10609800A7000D000430A70001000332A7003D004F
:1060A8000570A70000000471A70007000379A70086
:1060B8000E000588A70000001789A7000100038BC0
:1060C800A7000200048EA7000000068FA7000000AA
:1060D8000390A70004000495A70000000396A700FA
:1060E800180004AFA700000003B0A7001A0003D0EF
:1060F800A700010004D3A700000004D5A7000000F2
:1061080003D6A700030005F2A700020003F5A700C5
:10611800010006F7A700000005F8A700010004FA2F
:10612800A700000006FBA70006000B02A80000005D
:106138000603A80002000B06A80000000607A80036
:1061480003000B0BA8000000060CA800160009238A
:10615800A80001000B25A80001000927A8000000DD
:106168001928A80003000B2CA80000000E30A80076
:1061780005001936A80001001638A80000001939D2
:10618800A80000000640A80033001474A80003000B
:106198000980A80001000682A800310009B4A800FF
:1061A8000F000BC4A800010014CEA80001000CD0F9
:1061B800A80009000BE0A800110006F2A8000500DD
:1061C80014F8A800020006FBA800000014FCA800B0
:1061D800000006FDA80001000BFFA80000000C004D
:1061E800A9000900060AA9001B000B26A900070040
:1061F800142EA90001000630A90016000B47A900BB
:106208000A000952A9000100145FA90000000660F5
:10621800A9001C000B80A90002000983A900000046
:106228000684A9002E000BB3A900000009B4A90038
:1062380001000BB6A900030009BAA90001000BBCB4
:10624800A900010009BEA900020014C1A9000C00A0
:1062580005CFA90000000CD0A900090014DEA90090
:10626800010006E0A90004000BE5A900000005E60E
:10627800A900000006E7A90008000CF0A900090021
:1062880006FAA90004000600AA0028000B29AA00A3
:106298000500092FAA0001000B31AA0001000933EB
:1062A800AA0001000B35AA0001000640AA0002005E
:1062B8000B43AA0000000644AA0007000B4CAA00E2
:1062C8000000094DAA0000000C50AA000900145C47
:1062D800AA0003000660AA000F000570AA000000CB
:1062E8000671AA0005001977AA000200067AAA001A
:1062F8000000097BAA0000000B7CAA000000097DB1
:10630800AA000000067EAA0031000BB0AA00000017
:1063180006B1AA0000000BB2AA00020006B5AA0046
:1063280001000BB7AA00010006B9AA0004000BBEC1
:10633800AA00010006C0AA0000000BC1AA000000C4
:1063480006C2AA00000006DBAA00010005DDAA00BB
:10635800000014DEAA00010006E0AA000A0009EB0A
:10636800AA0000000BECAA00010009EEAA00010037
:1063780014F0AA00010006F2AA00000005F3AA0022
:10638800010009F5AA0000000BF6AA0000000601AA
:10639800AB0005000609AB0005000611AB000500BF
:1063A8000620AB0006000628AB0006000430AB0050
:1063B80022000353AB0000000454AB000600175B37
:1063C800AB000000055CAB0003000460AB000800F4
:1063D8000569AB000000176AAB0001000370AB0051
:1063E8004F0006C0AB00220009E3AB0001000BE53B
:1063F800AB00000009E6AB0001000BE8AB000000B1
:1064080009E9AB00010014EBAB00000009ECAB009C
:1064180000000BEDAB0000000CF0AB00090006001B
:10642800AC00A32B06B0D700160006CBD70030006F
:106438000200D800FF070600F9006D010670FA0097
:1064480069000400FB0006000413FB000400061D9D
:10645800FB0000000B1EFB000000061FFB000900EC
:106468001829FB000000062AFB000C000638FB0078
:106478000400063EFB0000000640FB000100064346
:10648800FB0001000646FB006B0017B2FB00100082
:1064980006D3FB006A01113EFD000000153FFD0018
:1064A80000001940FD000F000650FD003F00069255
:1064B800FD00350019CFFD00000006F0FD000B00BF
:1064C80016FCFD00000019FDFD0002000B00FE0097
:1064D8000F001410FE0006001517FE00000011182A
:1064E800FE0000001419FE0000000B20FE000F0043
:1064F8001430FE0000001031FE0001000F33FE00D2
:1065080001001535FE0000001136FE0000001537A9
:10651800FE0000001138FE0000001539FE000000E2
:10652800113AFE000000153BFE000000113CFE0081
:106538000000153DFE000000113EFE000000153F62
:10654800FE0000001140FE0000001541FE000000A2
:106558001142FE0000001543FE0000001144FE0039
:1065680000001445FE0001001547FE000000114818
:10657800FE0000001449FE0003000F4DFE0002005B
:106588001450FE0002001454FE0003001058FE00D0
:1065980000001559FE000000115AFE000000155BAE
:1065A800FE000000115CFE000000155DFE0000000A
:1065B800115EFE000000145FFE0002001862FE007B
:1065C80000001063FE0000001864FE00020014685A
:1065D800FE0000001669FE000000146AFE000100BB
:1065E8000670FE0004000676FE00860001FFFE002D
:1065F80000001401FF0002001604FF00000014054B
:10660800FF0002001508FF0000001109FF0000004C
:10661800140AFF000000180BFF000000140CFF0014
:106628000000100DFF000000140EFF0001000C1008
:10663800FF000900141AFF000100181CFF000200E7
:10664800141FFF0001000321FF001900153BFF0084
:106658000000143CFF000000113DFF000000173E41
:10666800FF0000000F3FFF0000001740FF00000080
:106678000341FF001900155BFF000000185CFF00D4
:106688000000115DFF000000185EFF000000155FAC
:10669800FF0000001160FF0000001461FF0000000F
:1066A8001562FF0000001163FF0000001464FF0082
:1066B80001000666FF0009000570FF000000067172
:1066C800FF002C00059EFF00010006A0FF001E0031
:1066D80006C2FF00050006CAFF00050006D2FF003B
:1066E800050006DAFF00020016E0FF00010018E2CC
:1066F800FF00000017E3FF00000019E4FF0000009E
:1067080016E5FF00010019E8FF00000018E9FF0086
:10671800030019EDFF00010001F9FF00020019FC58
:10672800FF000100060000010B00060D0001190022
:10673800062800011200063C00010100063F000186
:106748000E00065000010D00068000017A001400BA
:10675800010102000E0701012C0019370101080090
:106768000D40010134000E75010103001979010182
:1067780010000E8A01010100198C01010200199014
:1067880001010C0019A00101000019D001012C0021
:106798000BFD01010000068002011C0006A0020199
:1067A80030000BE0020100000EE102011A000600B1
:1067B80003011F000E2003010300062D030113002F
:1067C8000D41030100000642030107000D4A0301C1
:1067D80000000650030125000B7603010400068023
:1067E80003011D00149F0301000006A003012300FC
:1067F80006C80301070014D0030100000DD10301EE
:106808000400030004014F00065004014D000CA0D1
:106818000401090003B00401230003D80401230084
:10682800060005012700063005013300146F050135
:106838000000037005010A00037C05010E00038CAB
:1068480005010600039405010100039705010A00EC
:1068580003A305010E0003B30501060003BB0501F0
:106868000100060006013601064007011500066012
:1068780007010700058007010500058707012900B2
:1068880005B207010800060008010500060808010E
:106898000000060A08012B00063708010100063C23
:1068A80008010000063F08011600145708010000FF
:1068B8000E5808010700066008011600197708013C
:1068C80001000E7908010600068008011E000EA7C7
:1068D8000801080006E00801120006F4080101009A
:1068E8000EFB080104000600090115000E16090137
:1068F8000500141F09010000062009011900143FB2
:10690800090100000680090137000EBC09010100D9
:1069180006BE090101000EC009010F000ED20901CF
:106928002D0006000A0100000B010A0102000B05F8
:106938000A0101000B0C0A01030006100A010300FA
:1069480006150A01020006190A011C000B380A0183
:1069580002000B3F0A0100000E400A010800145013
:106968000A01080006600A011C000E7D0A010100E8
:10697800147F0A01000006800A011C000E9D0A010E
:10698800020006C00A01070019C80A01000006C96A
:106998000A011B000BE50A0101000EEB0A010400C5
:1069A80014F00A01060006000B01350014390B012A
:1069B800060006400B0115000E580B010700066083
:1069C8000B0112000E780B01070006800B01110065
:1069D80014990B0103000EA90B01060006000C0117
:1069E800480003800C01320003C00C0132000EFA8B
:1069F8000C01050006000D0123000B240D01030006
:106A08000C300D0109000E600E011E0006800E01FB
:106A180029000BAB0E01010010AD0E01000006B0FD
:106A28000E01010006000F011C000E1D0F010900D8
:106A380006270F01000006300F0115000B460F0155
:106A48000A000E510F01030014550F0104000670CF
:106A58000F0111000B820F01030014860F010300C0
:106A680006B00F0114000EC50F01060006E00F0165
:106A780016000900100100000B01100100000902B6
:106A8800100100000603100134000B3810010E003D
:106A98001447100106000E52100113000C66100175
:106AA80009000B70100100000671100101000B7342
:106AB800100101000675100100000B7F1001020093
:106AC800098210010000068310012C0009B0100192
:106AD80002000BB31001030009B7100101000BB944
:106AE8001001010014BB1001010001BD10010000DC
:106AF80014BE100103000BC21001000001CD1001EB
:106B0800000006D0100118000CF0100109000B005D
:106B1800110102000603110123000B2711010400D3
:106B2800092C110100000B2D110107000C36110171
:106B38000900144011010300064411010000094531
:106B48001101010006471101000006501101220041
:106B58000B73110100001474110101000676110174
:106B680000000B8011010100098211010000068359
:106B780011012F0009B3110102000BB61101080021
:106B880009BF1101010006C11101030014C511015B
:106B980003000BC91101030014CD1101000009CE37
:106BA800110100000BCF110100000CD011010900E8
:106BB80006DA1101000014DB1101000006DC1101E6
:106BC800000014DD110102000EE11101130006009E
:106BD80012011100061312011800092C12010200FB
:106BE8000B2F120102000932120101000B341201AD
:106BF80000000935120100000B361201010014389B
:106C0800120105000B3E1201000006801201060069
:106C1800068812010000068A12010300068F12017D
:106C28000E00069F1201090014A91201000006B007
:106C380012012E000BDF1201000009E01201020010
:106C48000BE3120107000CF0120109000B001301FD
:106C58000100090213010100060513010700060FD0
:106C680013010100061313011500062A130106007B
:106C78000632130101000635130104000B3B130112
:106C88000100063D13010000093E130101000B40FD
:106C98001301000009411301030009471301010012
:106CA800094B130102000650130100000957130194
:106CB8000000065D130104000962130101000B6660
:106CC800130106000B7013010400060014013400C0
:106CD8000935140102000B3814010700094014019A
:106CE80001000B42140102000945140100000B4683
:106CF80014010000064714010300144B140104009A
:106D08000C5014010900145A14010100145D1401F7
:106D180000000B5E14010000065F140102000680EB
:106D280014012F0009B0140102000BB3140105006F
:106D380009B9140100000BBA1401000009BB1401C1
:106D480003000BBF1401010009C1140100000BC2AC
:106D58001401010006C41401010014C61401000046
:106D680006C7140100000CD01401090006801501A3
:106D78002E0009AF150102000BB21501030009B876
:106D8800150103000BBC1501010009BE1501000027
:106D98000BBF1501010014C11501160006D8150115
:106DA80003000BDC15010100060016012F00093055
:106DB800160102000B3316010700093B16010100FA
:106DC8000B3D16010000093E160100000B3F16019D
:106DD80001001441160102000644160100000C507F
:106DE80016010900146016010C00068016012A001D
:106DF8000BAB1601000009AC160100000BAD160123
:106E0800000009AE160101000BB01601050009B615
:106E1800160100000BB71601000006B816010000A5
:106E280014B9160100000CC016010900060017016C
:106E38001A000B1D170102000920170101000B227F
:106E4800170103000926170100000B27170104008A
:106E58000C30170109000E3A17010100143C170104
:106E68000200193F1701000006401701060006003E
:106E780018012B00092C180102000B2F180108001B
:106E88000938180100000B3918010100143B1801DA
:106E9800000003A018013F000CE0180109000EEAE9
:106EA8001801080006FF180107000609190100006B
:106EB800060C190107000615190101000618190129
:106EC80017000930190105000937190101000B3BAA
:106ED80019010100093D190100000B3E19010000CC
:106EE800063F190100000940190100000641190177
:106EF80000000942190100000B4319010000144465
:106F0800190102000C501901090006A01901070017
:106F180006AA1901260009D1190102000BD419018A
:106F280003000BDA1901010009DC190103000BE069
:106F38001901000006E11901000014E2190100001E
:106F480006E31901000009E41901000006001A010E
:106F580000000B011A010900060B1A0127000B3368
:106F68001A01050009391A010000063A1A01000041
:106F78000B3B1A010300143F1A0107000B471A01C3
:106F8800000006501A0100000B511A0105000957AC
:106F98001A0101000B591A010200065C1A012D00A2
:106FA8000B8A1A010C0009971A0100000B981A01A4
:106FB8000100149A1A010200069D1A010000149E8D
:106FC8001A01040006B01A01480006001C01080056
:106FD800060A1C012400092F1C0100000B301C01AB
:106FE80006000B381C010500093E1C0100000B3F80
:106FF8001C01000006401C01000014411C01040093
:107008000C501C0109000E5A1C01120014701C01BE
:10701800010006721C011D000B921C01150009A934
:107028001C0100000BAA1C01060009B11C0100008C
:107038000BB21C01010009B41C0100000BB51C01B6
:10704800010006001D01060006081D010100060BCF
:107058001D0125000B311D0105000B3A1D01000023
:107068000B3C1D0101000B3F1D01060006461D01DA
:1070780000000B471D0100000C501D0109000660AF
:107088001D01050006671D010100066A1D011F009C
:10709800098A1D0104000B901D01010009931D01BF
:1070A80001000B951D01000009961D0100000B97BA
:1070B8001D01000006981D0100000CA01D0109001B
:1070C80006E01E0112000BF31E01010009F51E0166
:1070D800010014F71E01010006B01F0100000EC0D8
:1070E8001F01140019D51F01070016DD1F01030039
:1070F80019E11F01100014FF1F0100000600200104
:1071080099030D0024016E00147024010400068008
:107118002401C30006902F01600014F12F01010023
:10712800060030012E040130340108000600440135
:10713800460206006801380206406A011E000C601B
:107148006A010900146E6A01010006706A014E00A6
:107158000CC06A01090006D06A011D000BF06A0123
:10716800040014F56A01000006006B012F000B30C3
:107178006B01060014376B010400193C6B01030016
:1071880005406B01030014446B01000019456B01B5
:1071980000000C506B0109000E5B6B0106000663D2
:1071A8006B011400067D6B01120003406E013F0065
:1071B8000E806E01160014976E01030006006F0121
:1071C8004A000B4F6F01000006506F010000095183
:1071D8006F0136000B8F6F01030005936F010C00E0
:1071E80005E06F01010014E26F01000005E36F0183
:1071F80000000BE46F01000009F06F0101000600B8
:107208007001F71706008801D50406008D010800F3
:1072180005F0AF01030005F5AF01060005FDAF015C
:1072280001000600B00122010650B1010200066407
:10723800B10103000670B1018B010600BC016A00B0
:107248000670BC010C000680BC0108000690BC0159
:107258000900199CBC0100000B9DBC010100149F92
:10726800BC01000001A0BC0103000B00CF012D00F0
:107278000B30CF0116001950CF0173001900D0014F
:10728800F5001900D10126001929D1013B00096533
:10729800D10101000B67D1010200196AD101020076
:1072A800096DD10105000173D10107000B7BD101E4
:1072B80007001983D10101000B85D1010600198C43
:1072C800D1011D000BAAD101030019AED1013C0068
:1072D8001900D20141000B42D20102001945D20126
:1072E80000000EE0D20113001900D30156000E6011
:1072F800D30118000800D4011900041AD401190098
:107308000834D4011900044ED40106000456D401EF
:1073180011000868D40119000482D4011900089CDE
:10732800D4010000089ED401010008A2D401000085
:1073380008A5D401010008A9D401030008AED401AE
:10734800070004B6D401030004BBD401000004BD47
:10735800D401060004C5D4010A0008D0D4011900DC
:1073680004EAD40119000804D50101000807D50171
:107378000300080DD50107000816D5010600041EF4
:10738800D50119000838D5010100083BD5010300D3
:107398000840D50104000846D5010000084AD50177
:1073A80006000452D5011900086CD501190004869D
:1073B800D501190008A0D501190004BAD501190092
:1073C80008D4D501190004EED50119000808D60122
:1073D80019000422D6011900083CD60119000456E8
:1073E800D60119000870D6011900048AD6011B00BD
:1073F80008A8D601180018C1D601000004C2D60199
:10740800180018DBD601000004DCD601050008E2EC
:10741800D601180018FBD601000004FCD60118009C
:107428001815D70100000416D7010500081CD7015C
:1074380018001835D70100000436D7011800184F76
:10744800D70100000450D70105000856D7011800DD
:10745800186FD70100000470D70118001889D701E8
:107468000000048AD70105000890D701180018A960
:10747800D701000004AAD701180018C3D7010000DB
:1074880004C4D701050008CAD701000004CBD701FE
:1074980000000CCED70131001900D801FF010B0004
:1074A800DA0136001937DA0103000B3BDA01310043
:1074B800196DDA0107000B75DA0100001976DA0197
:1074C8000D000B84DA0100001985DA010100148728
:1074D800DA0104000B9BDA0104000BA1DA010E00AB
:1074E8000400DF010900060ADF010000040BDF01C8
:1074F80013000B00E00106000B08E00110000B1B55
:10750800E00106000B23E00101000B26E001040066
:107518000600E1012C000B30E10106000537E1010E
:1075280006000C40E1010900064EE1010000194F78
:10753800E10100000690E2011D000BAEE20100002F
:1075480006C0E2012B000BECE20103000CF0E201A3
:10755800090016FFE201000006E0E701060006E860
:10756800E701030006EDE701010006F0E7010E0060
:107578000600E801C4000EC7E80108000BD0E801C6
:1075880006000300E90143000B44E9010600054B2E
:10759800E90100000C50E9010900145EE90101004D
:1075A8000E71EC013A0019ACEC0100000EADEC01D3
:1075B800020016B0EC0100000EB1EC0103000E0150
:1075C800ED012C00192EED0100000E2FED010E002B
:1075D8000600EE0103000605EE011A000621EE0181
:1075E80001000624EE0100000627EE01000006292E
:1075F800EE0109000634EE0103000639EE01000031
:10760800063BEE0100000642EE0100000647EE01CF
:1076180000000649EE010000064BEE010000064D91
:10762800EE0102000651EE0101000654EE010000D1
:107638000657EE0100000659EE010000065BEE0158
:107648000000065DEE010000065FEE010000066125
:10765800EE0101000664EE0100000667EE0103007A
:10766800066CEE0106000674EE0103000679EE01D1
:107678000300067EEE0100000680EE010900068B7D
:10768800EE01100006A1EE01020006A5EE010400BD
:1076980006ABEE01100018F0EE0101001900F00130
:1076A8002B001930F001630019A0F0010E0019B188
:1076B800F0010E0019C1F0010E0019D1F0012400EB
:1076C8000E00F1010C00190DF101A00019E6F101FD
:1076D8001C001910F2012B001940F2010800195082
:1076E800F20101001960F20105001900F301FA0026
:1076F80017FBF30104001900F401D70219DDF601A4
:107708000F0019F0F6010C001900F7017300198039
:10771800F701580019E0F7010B0019F0F701000014
:107728001900F8010B001910F80137001950F80179
:1077380009001960F80127001990F8011D0019B017
:10774800F80101001900F90153011960FA010D004F
:107758001970FA0104001978FA0104001980FA0175
:1077680006001990FA011C0019B0FA010A0019C0A4
:10777800FA01050019D0FA01090019E0FA01070019
:1077880019F0FA0106001900FB0192001994FB0197
:1077980036000CF0FB01090006000002DFA6060017
:1077A800A70238100640B702DD000620B80281168D
:1077B80006B0CE02301D0600F8021D0206000003C6
:1077C8004A130101000E00000120000E5F000B00AB
:1077D800010EEF000C5F104E154E2A4E314E364EFC
:1077E8003C4E3F4E424E564E584E824E854E6B8C06
:1077F8008A4E12820D5F8E4E9E4E9F4EA04EA24E16
:10780800B04EB34EB64ECE4ECD4EC44EC64EC24E00
:10781800D74EDE4EED4EDF4EF74E094F5A4F304FE2
:107828005B4F5D4F574F474F764F884F8F4F984F5D
:107838007B4F694F704F914F6F4F864F964F18513E
:10784800D44FDF4FCE4FD84FDB4FD14FDA4FD04F09
:10785800E44FE54F1A50285014502A50255005502F
:107868001C4FF64F215029502C50FE4FEF4F11500E
:1078780006504350475003675550505048505A508F
:1078880056506C50785080509A508550B450B25031
:10789800C950CA50B350C250D650DE50E550ED50D2
:1078A800E350EE50F950F55009510151025116516B
:1078B800155114511A5121513A5137513C513B51EC
:1078C8003F51405152514C5154516251F87A6951CB
:1078D8006A516E5180518251D8568C5189518F51BD
:1078E8009151935195519651A451A651A251A95124
:1078F800AA51AB51B351B151B251B051B551BD516B
:10790800C551C951DB51E0515586E951ED51F0514E
:10791800F551FE5104520B5214520E5227522A525C
:107928002E52335239524F5244524B524C525E529D
:1079380054526A527452695273527F527D528D5218
:1079480094529252715288529152A88FA78FAC527A
:10795800AD52BC52B552C152CD52D752DE52E3524B
:10796800E652ED98E052F352F552F852F9520653A6
:10797800085338750D5310530F5315531A53235387
:107988002F53315333533853405346534553174EAF
:1079980049534D53D6515E5369536E5318597B530F
:1079A800775382539653A053A653A553AE53B0535F
:1079B800B653C353127CD996DF53FC66EE71EE536F
:1079C800E853ED53FA5301543D5440542C542D546C
:1079D8003C542E54365429541D544E548F547554C7
:1079E8008E545F5471547754705492547B5480541D
:1079F8007654845490548654C754A254B854A55409
:107A0800AC54C454C854A854AB54C254A454BE541F
:107A1800BC54D854E554E6540F551455FD54EE544F
:107A2800ED54FA54E2543955405563554C552E558A
:107A38005C55455556555755385533555D559955E7
:107A48008055AF548A559F557B557E5598559E5500
:107A5800AE557C558355A9558755A855DA55C55552
:107A6800DF55C455DC55E455D4551456F75516560C
:107A7800FE55FD551B56F9554E565056DF71345676
:107A88003656325638566B5664562F566C566A56CA
:107A9800865680568A56A05694568F56A556AE5688
:107AA800B656B456C256BC56C156C356C056C8562A
:107AB800CE56D156D356D756EE56F9560057FF56DE
:107AC8000457095708570B570D5713571857165788
:107AD800C7551C572657375738574E573B574057A7
:107AE8004F576957C057885761577F5789579357DA
:107AF800A057B357A457AA57B057C357C657D45718
:107B0800D257D3570A58D657E3570B5819581D5808
:107B18007258215862584B587058C06B52583D588B
:107B280079588558B9589F58AB58BA58DE58BB5839
:107B3800B858AE58C558D358D158D758D958D85826
:107B4800E558DC58E458DF58EF58FA58F958FB580C
:107B5800FC58FD5802590A5910591B59A66825594D
:107B68002C592D59325938593E59D27A55595059AC
:107B78004E595A5958596259605967596C59695937
:107B8800785981599D595E4FAB4FA359B259C6597F
:107B9800E859DC598D59D959DA59255A1F5A115AB9
:107BA8001C5A095A1A5A405A6C5A495A355A365A5E
:107BB800625A6A5A9A5ABC5ABE5ACB5AC25ABD5AC3
:107BC800E35AD75AE65AE95AD65AFA5AFB5A0C5B7C
:107BD8000B5B165B325BD05A2A5B365B3E5B435BC2
:107BE800455B405B515B555B5A5B5B5B655B695B07
:107BF800705B735B755B785B88657A5B805B835BC6
:107C0800A65BB85BC35BC75BC95BD45BD05BE45B5B
:107C1800E65BE25BDE5BE55BEB5BF05BF65BF35B35
:107C2800055C075C085C0D5C135C205C225C285CCE
:107C3800385C395C415C465C4E5C535C505C4F5C24
:107C4800715B6C5C6E5C624E765C795C8C5C915CA2
:107C5800945C9B59AB5CBB5CB65CBC5CB75CC55CBC
:107C6800BE5CC75CD95CE95CFD5CFA5CED5C8C5D74
:107C7800EA5C0B5D155D175D5C5D1F5D1B5D115D4D
:107C8800145D225D1A5D195D185D4C5D525D4E5D97
:107C98004B5D6C5D735D765D875D845D825DA25D25
:107CA8009D5DAC5DAE5DBD5D905DB75DBC5DC95D64
:107CB800CD5DD35DD25DD65DDB5DEB5DF25DF55DDF
:107CC8000B5E1A5E195E115E1B5E365E375E445EA1
:107CD800435E405E4E5E575E545E5F5E625E645E0B
:107CE800475E755E765E7A5EBC9E7F5EA05EC15E14
:107CF800C25EC85ED05ECF5ED65EE35EDD5EDA5EF3
:107D0800DB5EE25EE15EE85EE95EEC5EF15EF35E3C
:107D1800F05EF45EF85EFE5E035F095F5D5F5C5FC8
:107D28000B5F115F165F295F2D5F385F415F485F0A
:107D38004C5F4E5F2F5F515F565F575F595F615FC2
:107D48006D5F735F775F835F825F7F5F8A5F885F46
:107D5800915F875F9E5F995F985FA05FA85FAD5F47
:107D6800BC5FD65FFB5FE45FF85FF15FDD5FB36028
:107D7800FF5F216060601960106029600E603160EB
:107D88001B6015602B6026600F603A605A60416086
:107D98006A6077605F604A6046604D606360436018
:107DA800646042606C606B60596081608D60E76000
:107DB80083609A6084609B60966097609260A76019
:107DC8008B60E160B860E060D360B460F05FBD6074
:107DD800C660B560D8604D6115610661F660F760F0
:107DE8000061F460FA6003612161FB60F1600D617C
:107DF8000E6147613E61286127614A613F613C61CC
:107E08002C6134613D6142614461736177615861FD
:107E180059615A616B6174616F61656171615F611C
:107E28005D6153617561996196618761AC61946127
:107E38009A618A619161AB61AE61CC61CA61C961C5
:107E4800F761C861C361C661BA61CB61797FCD61F1
:107E5800E661E361F661FA61F461FF61FD61FC616D
:107E6800FE610062086209620D620C6214621B62A4
:107E78001E6221622A622E6230623262336241627D
:107E88004E625E6263625B62606268627C628262AA
:107E980089627E62926293629662D462836294621D
:107EA800D762D162BB62CF62FF62C662D464C86225
:107EB800DC62CC62CA62C262C7629B62C9620C633E
:107EC800EE62F162276302630863EF62F562506352
:107ED8003E634D631C644F6396638E638063AB633C
:107EE8007663A3638F6389639F63B5636B63696319
:107EF800BE63E963C063C663E363C963D263F663C1
:107F0800C4631664346406641364266436641D65A9
:107F1800176428640F6467646F6476644E642A6526
:107F280095649364A564A9648864BC64DA64D264C3
:107F3800C564C764BB64D864C264F164E764098239
:107F4800E064E164AC62E364EF642C65F664F464B5
:107F5800F264FA640065FD6418651C6505652465AE
:107F680023652B65346535653765366538654B752A
:107F78004865566555654D6558655E655D6572650C
:107F88007865826583658A8B9B659F65AB65B765F8
:107F9800C365C665C165C465CC65D265DB65D96551
:107FA800E065E165F16572670A660366FB657367FC
:107FB8003566366634661C664F66446649664166B1
:107FC8005E665D666466676668665F66626670665A
:107FD800836688668E668966846698669D66C166CD
:107FE800B966C966BE66BC66C466B866D666DA6631
:107FF800E0663F66E666E966F066F566F7660F676F
:1080080016671E672667276738972E673F673667A4
:1080180041673867376746675E67606759676367B0
:10802800646789677067A9677C676A678C678B670D
:10803800A667A1678567B767EF67B467EC67B3673B
:10804800E967B867E467DE67DD67E267EE67B96727
:10805800CE67C667E7679C6A1E68466829684068F5
:108068004D6832684E68B3682B68596863687768EA
:108078007F689F688F68AD6894689D689B6883680F
:10808800AE6AB9687468B568A068BA680F698D681F
:108098007E680169CA680869D86822692669E16842
:1080A8000C69CD68D468E768D568366912690469CF
:1080B800D768E3682569F968E068EF6828692A697C
:1080C8001A6923692169C668796977695C69786979
:1080D8006B6954697E696E69396974693D69596962
:1080E800306961695E695D6981696A69B269AE69A9
:1080F800D069BF69C169D369BE69CE69E85BCA69DD
:10810800DD69BB69C369A7692E6A9169A0699C6921
:108118009569B469DE69E869026A1B6AFF690A6BD6
:10812800F969F269E769056AB1691E6AED69146A55
:10813800EB690A6A126AC16A236A136A446A0C6A9A
:10814800726A366A786A476A626A596A666A486A07
:10815800386A226A906A8D6AA06A846AA26AA36AE7
:10816800976A1786BB6AC36AC26AB86AB36AAC6A96
:10817800DE6AD16ADF6AAA6ADA6AEA6AFB6A056BAA
:108188001686FA6A126B166B319B1F6B386B376B4E
:10819800DC76396BEE98476B436B496B506B596BC8
:1081A800546B5B6B5F6B616B786B796B7F6B806B10
:1081B800846B836B8D6B986B956B9E6BA46BAA6BB2
:1081C800AB6BAF6BB26BB16BB36BB76BBC6BC66BA6
:1081D800CB6BD36BDF6BEC6BEB6BF36BEF6BBE9E18
:1081E800086C136C146C1B6C246C236C5E6C556CE3
:1081F800626C6A6C826C8D6C9A6C816C9B6C7E6C08
:10820800686C736C926C906CC46CF16CD36CBD6CC4
:10821800D76CC56CDD6CAE6CB16CBE6CBA6CDB6CCB
:10822800EF6CD96CEA6C1F6D4D88366D2B6D3D6D0A
:10823800386D196D356D336D126D0C6D636D936D01
:10824800646D5A6D796D596D8E6D956DE46F856DA0
:10825800F96D156E0A6EB56DC76DE66DB86DC66DB4
:10826800EC6DDE6DCC6DE86DD26DC56DFA6DD96DB6
:10827800E46DD56DEA6DEE6D2D6E6E6E2E6E196E17
:10828800726E5F6E3E6E236E6B6E2B6E766E4D6EEB
:108298001F6E436E3A6E4E6E246EFF6E1D6E386E04
:1082A800826EAA6E986EC96EB76ED36EBD6EAF6ED3
:1082B800C46EB26ED46ED56E8F6EA56EC26E9F6E92
:1082C800416F116F4C70EC6EF86EFE6E3F6FF26E80
:1082D800316FEF6E326FCC6E3E6F136FF76E866F35
:1082E8007A6F786F816F806F6F6F5B6FF36F6D6FF1
:1082F800826F7C6F586F8E6F916FC26F666FB36FAE
:10830800A36FA16FA46FB96FC66FAA6FDF6FD56F28
:10831800EC6FD46FD86FF16FEE6FDB6F09700B7075
:10832800FA6F117001700F70FE6F1B701A70746F06
:108338001D7018701F7030703E703270517063700D
:1083480099709270AF70F170AC70B870B370AE7015
:10835800DF70CB70DD70D9700971FD701C711971F7
:10836800657155718871667162714C7156716C7165
:108378008F71FB7184719571A871AC71D771B971E6
:10838800BE71D271C971D471CE71E071EC71E771AF
:10839800F571FC71F971FF710D7210721B72287200
:1083A8002D722C72307232723B723C723F72407284
:1083B80046724B72587274727E72827281728772C0
:1083C80092729672A272A772B972B272C372C672B0
:1083D800C472CE72D272E272E072E172F972F7720E
:1083E8000F5017730A731C7316731D7334732F732E
:1083F800297325733E734E734F73D89E57736A73F0
:1084080068737073787375737B737A73C873B37397
:10841800CE73BB73C073E573EE73DE73A274057419
:108428006F742574F87332743A7455743F745F74BA
:10843800597441745C746974707463746A74767482
:108448007E748B749E74A774CA74CF74D474F173D9
:10845800E074E374E774E974EE74F274F074F17420
:10846800F874F7740475037505750C750E750D753C
:10847800157513751E7526752C753C7544754D75E7
:108488004A7549755B7546755A756975647567757A
:108498006B756D75787576758675877574758A755B
:1084A8008975827594759A759D75A575A375C2753C
:1084B800B375C375B575BD75B875BC75B175CD7532
:1084C800CA75D275D975E375DE75FE75FF75FC75CD
:1084D8000176F075FA75F275F3750B760D760976F7
:1084E8001F762776207621762276247634763076A3
:1084F8003B764776487646765C765876617662763D
:10850800687669766A7667766C767076727676764D
:1085180078767C768076837688768B768E76967675
:10852800937699769A76B076B476B876B976BA763E
:10853800C276CD76D676D276DE76E176E576E776C1
:10854800EA762F86FB7608770777047729772477EA
:108558001E77257726771B773777387747775A77C7
:1085680068776B775B7765777F777E7779778E77B4
:108578008B779177A0779E77B077B677B977BF7703
:10858800BC77BD77BB77C777CD77D777DA77DC77D6
:10859800E377EE77FC770C781278267920782A79B9
:1085A80045788E78747886787C789A788C78A378F1
:1085B800B578AA78AF78D178C678CB78D478BE78F1
:1085C800BC78C578CA78EC78E778DA78FD78F478FA
:1085D80007791279117919792C792B794079607991
:1085E80057795F795A79557953797A797F798A7980
:1085F8009D79A7794B9FAA79AE79B379B979BA7978
:10860800C979D579E779EC79E179E379087A0D7A4E
:10861800187A197A207A1F7A8079317A3B7A3E7AE9
:10862800377A437A577A497A617A627A697A9D9F6A
:10863800707A797A7D7A887A977A957A987A967A1A
:10864800A97AC87AB07AB67AC57AC47ABF7A83909A
:10865800C77ACA7ACD7ACF7AD57AD37AD97ADA7ABA
:10866800DD7AE17AE27AE67AED7AF07A027B0F7BBC
:108678000A7B067B337B187B197B1E7B357B287B2B
:10868800367B507B7A7B047B4D7B0B7B4C7B457B1D
:10869800757B657B747B677B707B717B6C7B6E7B8A
:1086A8009D7B987B9F7B8D7B9C7B9A7B8B7B927B36
:1086B8008F7B5D7B997BCB7BC17BCC7BCF7BB47B7A
:1086C800C67BDD7BE97B117C147CE67BE57B607CEB
:1086D800007C077C137CF37BF77B177C0D7CF67B97
:1086E800237C277C2A7C1F7C377C2B7C3D7C4C7C24
:1086F800437C547C4F7C407C507C587C5F7C647C01
:10870800567C657C6C7C757C837C907CA47CAD7C81
:10871800A27CAB7CA17CA87CB37CB27CB17CAE7C17
:10872800B97CBD7CC07CC57CC27CD87CD27CDC7C1E
:10873800E27C3B9BEF7CF27CF47CF67CFA7C067D49
:10874800027D1C7D157D0A7D457D4B7D2E7D327D0C
:108758003F7D357D467D737D567D4E7D727D687D7E
:108768006E7D4F7D637D937D897D5B7D8F7D7D7D76
:108778009B7DBA7DAE7DA37DB57DC77DBD7DAB7D7F
:108788003D7EA27DAF7DDC7DB87D9F7DB07DD87DAF
:10879800DD7DE47DDE7DFB7DF27DE17D057E0A7E6B
:1087A800237E217E127E317E1F7E097E0B7E227EF5
:1087B800467E667E3B7E357E397E437E377E327EC0
:1087C8003A7E677E5D7E567E5E7E597E5A7E797ED3
:1087D8006A7E697E7C7E7B7E837ED57D7D7EAE8F44
:1087E8007F7E887E897E8C7E927E907E937E947E2C
:1087F800967E8E7E9B7E9C7E387F3A7F457F4C7F1F
:108808004D7F4E7F507F517F557F547F587F5F7FCC
:10881800607F687F697F677F787F827F867F837FBD
:10882800887F877F8C7F947F9E7F9D7F9A7FA37FA1
:10883800AF7FB27FB97FAE7FB67FB87F718BC57FC0
:10884800C67FCA7FD57FD47FE17FE67FE97FF37F4C
:10885800F97FDC98068004800B80128018801980CC
:108868001C80218028803F803B804A80468052803F
:1088780058805A805F8062806880738072807080C0
:10888800768079807D807F808480868085809B80CB
:1088980093809A80AD809051AC80DB80E580D98050
:1088A800DD80C480DA80D6800981EF80F1801B8169
:1088B800298123812F814B818B9646813E8153816B
:1088C8005181FC8071816E816581668174818381AB
:1088D80088818A8180818281A0819581A481A381F8
:1088E8005F819381A981B081B581BE81B881BD8145
:1088F800C081C281BA81C981CD81D181D981D88114
:10890800C881DA81DF81E081E781FA81FB81FE811C
:1089180001820282058207820A820D8210821682F3
:1089280029822B82388233824082598258825D8222
:108938005A825F826482628268826A826B822E8235
:108948007182778278827E828D829282AB829F82C8
:10895800BB82AC82E182E382DF82D282F482F3823C
:10896800FA8293830383FB82F982DE820683DC82A8
:108978000983D982358334831683328331834083D4
:108988003983508345832F832B83178318838583EB
:108998009A83AA839F83A283968323838E83878364
:1089A8008A837C83B58373837583A0838983A88333
:1089B800F4831384EB83CE83FD830384D8830B84F1
:1089C800C183F7830784E083F2830D8422842084A3
:1089D800BD8338840685FB836D842A843C845A854C
:1089E800848477846B84AD846E84828469844684AD
:1089F8002C846F8479843584CA846284B984BF8462
:108A08009F84D984CD84BB84DA84D084C184C6840D
:108A1800D684A1842185FF84F484178518852C8544
:108A28001F8515851485FC84408563855885488590
:108A3800418502864B8555858085A48588859185E5
:108A48008A85A8856D8594859B85EA8587859C851B
:108A580077857E859085C985BA85CF85B985D08586
:108A6800D585DD85E585DC85F9850A8613860B863F
:108A7800FE85FA85068622861A8630863F864D86CA
:108A8800554E54865F86678671869386A386A98627
:108A9800AA868B868C86B686AF86C486C686B0863E
:108AA800C9862388AB86D486DE86E986EC86DF868F
:108AB800DB86EF8612870687088700870387FB8691
:108AC800118709870D87F9860A8734873F87378793
:108AD8003B87258729871A8760875F8778874C8730
:108AE8004E877487578768876E8759875387638748
:108AF8006A870588A2879F878287AF87CB87BD87CC
:108B0800C087D087D696AB87C487B387C787C68701
:108B1800BB87EF87F287E0870F880D88FE87F68787
:108B2800F7870E88D28711881688158822882188A9
:108B380031883688398827883B8844884288528813
:108B480059885E8862886B8881887E889E88758847
:108B58007D88B5887288828897889288AE88998837
:108B6800A2888D88A488B088BF88B188C388C48843
:108B7800D488D888D988DD88F9880289FC88F4885F
:108B8800E888F28804890C890A89138943891E892F
:108B980025892A892B89418944893B8936893889DD
:108BA8004C891D8960895E89668964896D896A89AD
:108BB8006F89748977897E89838988898A89938965
:108BC8009889A189A989A689AC89AF89B289BA8906
:108BD800BD89BF89C089DA89DC89DD89E789F4899B
:108BE800F889038A168A108A0C8A1B8A1D8A258AA4
:108BF800368A418A5B8A528A468A488A7C8A6D8A82
:108C08006C8A628A858A828A848AA88AA18A918AD9
:108C1800A58AA68A9A8AA38AC48ACD8AC28ADA8A47
:108C2800EB8AF38AE78AE48AF18A148BE08AE28A7B
:108C3800F78ADE8ADB8A0C8B078B1A8BE18A168B04
:108C4800108B178B208B338BAB97268B2B8B3E8B04
:108C5800288B418B4C8B4F8B4E8B498B568B5B8B68
:108C68005A8B6B8B5F8B6C8B6F8B748B7D8B808B34
:108C78008C8B8E8B928B938B968B998B9A8B3A8C51
:108C8800418C3F8C488C4C8C4E8C508C558C628C13
:108C98006C8C788C7A8C828C898C858C8A8C8D8C67
:108CA8008E8C948C7C8C988C1D62AD8CAA8CBD8C1F
:108CB800B28CB38CAE8CB68CC88CC18CE48CE38C33
:108CC800DA8CFD8CFA8CFB8C048D058D0A8D078D52
:108CD8000F8D0D8D108D4E9F138DCD8C148D168D8F
:108CE800678D6D8D718D738D818D998DC28DBE8DC2
:108CF800BA8DCF8DDA8DD68DCC8DDB8DCB8DEA8D6F
:108D0800EB8DDF8DE38DFC8D088E098EFF8D1D8E1A
:108D18001E8E108E1F8E428E358E308E348E4A8E69
:108D2800478E498E4C8E508E488E598E648E608E3A
:108D38002A8E638E558E768E728E7C8E818E878E6D
:108D4800858E848E8B8E8A8E938E918E948E998E3C
:108D5800AA8EA18EAC8EB08EC68EB18EBE8EC58EFA
:108D6800C88ECB8EDB8EE38EFC8EFB8EEB8EFE8E5A
:108D78000A8F058F158F128F198F138F1C8F1F8FD6
:108D88001B8F0C8F268F338F3B8F398F458F428FE8
:108D98003E8F4C8F498F468F4E8F578F5C8F628FD7
:108DA800638F648F9C8F9F8FA38FAD8FAF8FB78F8B
:108DB800DA8FE58FE28FEA8FEF8F8790F48F059037
:108DC800F98FFA8F1190159021900D901E901690A2
:108DD8000B902790369035903990F88F4F9050909F
:108DE800519052900E9049903E90569058905E90B7
:108DF80068906F907690A896729082907D908190FE
:108E080080908A9089908F90A890AF90B190B590FB
:108E1800E290E4904862DB900291129119913291AC
:108E280030914A91569158916391659169917391E6
:108E380072918B9189918291A291AB91AF91AA91F4
:108E4800B591B491BA91C091C191C991CB91D0918A
:108E5800D691DF91E191DB91FC91F591F6911E920B
:108E6800FF9114922C92159211925E92579245920C
:108E780049926492489295923F924B9250929C925A
:108E8800969293929B925A92CF92B992B792E99204
:108E98000F93FA9244932E93199322931A93239340
:108EA8003A9335933B935C9360937C936E9356937C
:108EB800B093AC93AD939493B993D693D793E89327
:108EC800E593D893C393DD93D093C893E4931A940E
:108ED8001494139403940794109436942B94359413
:108EE80021943A944194529444945B94609462948B
:108EF8005E946A9429927094759477947D945A94A8
:108F08007C947E9481947F94829587958A95949594
:108F1800969598959995A095A895A795AD95BC9582
:108F2800BB95B995BE95CA95F66FC395CD95CC9569
:108F3800D595D495D695DC95E195E595E29521965C
:108F480028962E962F9642964C964F964B96779645
:108F58005C965E965D965F96669672966C968D9612
:108F6800989695969796AA96A796B196B296B09621
:108F7800B496B696B896B996CE96CB96C996CD962F
:108F88004D89DC960D97D596F9960497069708971C
:108F980013970E9711970F971697199724972A9753
:108FA800309739973D973E97449746974897429709
:108FB80049975C976097649766976897D2526B97C2
:108FC8007197799785977C9781977A9786978B97EA
:108FD8008F9790979C97A897A697A397B397B497BE
:108FE800C397C697C897CB97DC97ED974F9FF29793
:108FF800DF7AF697F5970F980C9838982498219867
:1090080037983D9846984F984B986B986F987098FA
:10901800719874987398AA98AF98B198B698C498AC
:10902800C398C698E998EB980399099912991499E5
:10903800189921991D991E99249920992C992E994E
:109048003D993E9942994999459950994B99519919
:1090580052994C99559997999899A599AD99AE991E
:10906800BC99DF99DB99DD99D899D199ED99EE9959
:10907800F199F299FB99F899019A0F9A059AE29950
:10908800199A2B9A379A459A429A409A439A3E9A45
:10909800559A4D9A5B9A579A5F9A629A659A649A1A
:1090A800699A6B9A6A9AAD9AB09ABC9AC09ACF9A02
:1090B800D19AD39AD49ADE9ADF9AE29AE39AE69AF8
:1090C800EF9AEB9AEE9AF49AF19AF79AFB9A069B22
:1090D800189B1A9B1F9B229B239B259B279B289BA6
:1090E800299B2A9B2E9B2F9B329B449B439B4F9BE8
:1090F8004D9B4E9B519B589B749B939B839B919B31
:10910800969B979B9F9BA09BA89BB49BC09BCA9B2D
:10911800B99BC69BCF9BD19BD29BE39BE29BE49BD5
:10912800D49BE19B3A9CF29BF19BF09B159C149C71
:10913800099C139C0C9C069C089C129C0A9C049CF1
:109148002E9C1B9C259C249C219C309C479C329CDB
:10915800469C3E9C5A9C609C679C769C789CE79CAD
:10916800EC9CF09C099D089DEB9C039D069D2A9D07
:10917800269DAF9D239D1F9D449D159D129D419D3C
:109188003F9D3E9D469D489D5D9D5E9D649D519D74
:10919800509D599D729D899D879DAB9D6F9D7A9D20
:1091A8009A9DA49DA99DB29DC49DC19DBB9DB89D3E
:1091B800BA9DC69DCF9DC29DD99DD39DF89DE69D24
:1091C800ED9DEF9DFD9D1A9E1B9E1E9E759E799E90
:1091D8007D9E819E889E8B9E8C9E929E959E919E42
:1091E8009D9EA59EA99EB89EAA9EAD9E6197CC9E67
:1091F800CE9ECF9ED09ED49EDC9EDE9EDD9EE09EBF
:10920800E59EE89EEF9EF49EF69EF79EF99EFB9ED5
:10921800FC9EFD9E079F089FB776159F219F2C9F58
:109228003E9F4A9F529F549F639F5F9F609F619F8D
:10923800669F679F6C9F6A9F779F729F769F959F97
:109248009C9FA09F2F58C76959906474DC519971ED
:1092580000000042C8801F40B8821F40080000007C
:1092680000000042C4801F40B4821F400400000078
:1092780000C0004224801F4014821F4010000000DC
:1092880000C0004228801F4018821F4020000000B4
:1092980000C000422C801F401C821F40400000007C
:1092A80000C0004234801F4024821F40000100009B
:1092B8000040004264811F4054831F4000040000A6
:1092C8000040004280811F4070831F400000020060
:1092D800004000427C811F406C831F400000010059
:1092E8000040004268811F4058831F40000800006A
:1092F800004000423C811F402C831F4001000000B9
:109308000040004244811F4034831F400400000095
:109318000040004240811F4030831F40020000008F
:109328000040004248811F4038831F400800000069
:109338000000004204811F40F4821F400000040026
:109348000000004208811F40F8821F40000008000A
:109358000000004218811F4008831F400000800061
:109368000000004214811F4004831F400000400099
:109378000000004200811F40F0821F4000000200F0
:1093880000000042FC801F40EC821F4000000100EA
:109398000000004224811F4014831F400000000485
:1093A8000000004228811F4018831F400000000869
:1093B800000000421C811F400C831F400000000178
:1093C8000000004220811F4010831F40000000025F
:1093D80000000042EC801F40DC821F4000100000AB
:1093E80000000042F0801F40E0821F400020000083
:1093F8000000004234811F4024831F4000000040C9
:109408000000004238811F4028831F400000008070
:109418000080004294801F4084821F4000000400A6
:1094280000C0004290801F4080821F4000000080E2
:1094380000800042A8801F4098821F4000008000E2
:1094480000800042A4801F4094821F40000040001A
:10945800004000426C811F405C831F4000100000E8
:1094680000C0004230801F4020821F408000000062
:1094780000400042B0811F40A0831F400000002030
:1094880000400042AC811F409C831F400000001038
:109498000040004284811F4074831F400000040084
:1094A8000040004288811F4078831F400000080068
:1094B800000000422C811F401C831F400000001048
:1094C8000000004230811F4020831F400000002020
:1094D800000000420C811F40FC821F400000100069
:1094E8000000004210811F4000831F400000200040
:1094F80000800042C8811F40B8831F4000800000E0
:1095080000800042C4811F40B4831F400040000017
:1095180000800042C0811F40B0831F40002000002F
:1095280000800042BC811F40AC831F400010000037
:1095380000800042D0811F40C0831F40000002000D
:1095480000800042CC811F40BC831F400000010006
:1095580000C0004274801F4064821F400000000168
:1095680000C0004280801F4070821F400000000839
:1095780000C0004284801F4074821F400000001019
:1095880000C000426C801F405C821F400000400009
:1095980000C000427C801F406C821F400000000415
:1095A80000C0004278801F4068821F40000000020F
:1095B80000C0004288801F4078821F4000000020C1
:1095C800300000003100000035000000CEFBFFFF36
:1095D800CB03000001000000000000003400000080
:1095E800CEFBFFFFCB0300000100000000000000DD
:1095F80005000000190000007D00000007080C0BA2
:1096080006050F000D0E0102838407080C0B0605E2
:109618000F000D0E01028384FFFFFFFFFFFFFFFF16
:10962800FFFF8182090A00004C435F434F4C4C41C5
:10963800544500004C435F43545950450000000016
:109648004C435F4D4F4E4554415259004C435F4E79
:10965800554D4552494300004C435F54494D450020
:109668004C435F4D455353414745530000010000AB
:10967800BC9800201200000000060000A01F006037
:109688000A000000000200003C1F006062000000A9
:1096980000070000D81E006062000000EE03000012
:1096A800F898002012000000000004EED098002076
:1096B8002800000000030000D41E00600000000025
:1096C80001030904BC1E0060000000000203090435
:1096D800A41E006000000000030309040C99002088
:1096E8000000000000000000000000000000000072
:1096F8003030303030303030303030303030303062
:109708003030303030303030303030303030303051
:10971800000000000000000000000000A0B50020CC
:1097280008B6002070B6002000000000000000000D
:109738000000000000000000000000000000000021
:109748000000000000000000000000000000000011
:109758000000000000000000000000000000000001
:1097680000000000000000000000000000000000F1
:1097780000000000000000000000000000000000E1
:1097880000000000000000000000000000000000D1
:1097980000000000000000000000000000000000C1
:1097A80000000000000000000000000000000000B1
:1097B80001000000000000000E33CDAB34126DE64E
:1097C800ECDE05000B0000000000000000000000B7
:1097D8000000000000000000000000000000000081
:1097E8000000000000000000000000000000000071
:1097F8000000000000000000000000000000000061
:109808000000000000000000000000000000000050
:109818000000000000000000000000000000000040
:109828000000000000000000000000000000000030
:1098380000000000000000000029DE07007B9A17E6
:1098480000003A4038190020000000000000000025
:109858000000000000000000000000000000000000
:1098680000000000000000000000000000000000F0
:1098780000000000000000000000000000000000E0
:1098880000000000000000000000000000000000D0
:10989800AC1A002000000000E803000000000000EF
:1098A800D41A002000000000E803000000000000B7
:1098B80000801940C4050020000000002CB20020E0
:1098C8006CB1002000000000000000004000000013
:1098D80040000000400000004000000000000000C0
:1098E8000000000000000000000000000000000070
:1098F8000000000000000000000000000000000060
:10990800D41A002000000000E80300000000000056
:109918000000194060920020000000006CB2002096
:10992800ACB100200000000000000000280000008A
:109938004000000028000000400000000000000077
:10994800000000000000000000000000000000000F
:1099580000000000000000000000000000000000FF
:10996800D41A002000000000E803000000000000F6
:1099780000C01940C09200200000000094B20020EE
:10998800ECB10020000000000000000028000000EA
:109998004000000028000000400000000000000017
:1099A80000000000000000000000000000000000AF
:1099B800000000000000000000000000000000009F
:1099C80001170000E5D20000000000006CC00F4045
:1099D80000000003070000000200000040851F404F
:1099E80002000000FF000000FF000000000000006F
:1099F80000000000080000000200000044851F402D
:109A080002000000FF000000FF000000000000004E
:109A180000000000FF004000260018007A00000047
:109A2800061A0000F1D20000000000007CC00F40C0
:109A38000000000C1C0000000200000058851F40B8
:109A480001000000FF000000FF000000000000000F
:109A5800000000001D000000020000005C851F409F
:109A680001000000FF000000FF00000000000000EF
:109A780000000000FF004000260018007D000000E4
:109A8800DD82000060B5002080302020000000004A
:109A9800430000000000000000000000000000007B
:109AA80000000000000000000000000000000000AE
:109AB800430000000000000000000000000000005B
:109AC800000000000000000000000000000000008E
:109AD800430000000000000000000000000000003B
:109AE800000000000000000000000000000000006E
:109AF800430000000000000000000000000000001B
:109B0800000000000000000000000000000000004D
:109B180043000000000000000000000000000000FA
:109B2800000000000000000000000000000000002D
:109B380043000000000000000000000000000000DA
:109B4800000000000000000000000000000000000D
:109B580043000000000000000000000000000000BA
:109B680000000000000000000000000000000000ED
:109B780021B10100916E010000000000E01E0020EC
:109B88000C0A0020AC090020AC090020AC09002018
:109B9800AC090020AC090020AC090020AC09002069
:109BA800AC090020AC090020FFFFFFFFFFFFFFFF0B
:109BB800FFFFFFFFFFFF0000010041534349490039
:109BC800000000000000000000000000000000008D
:109BD8000000000000000000000041534349490014
:109BE800000000000000000000000000000000006D
:109BF800000000000000000000000000000000005D
:109C0800000000009C9400209C940020A494002054
:109C1800A4940020AC940020AC940020B4940020BC
:109C2800B4940020BC940020BC940020C49400206C
:109C3800C4940020CC940020CC940020D49400201C
:109C4800D4940020DC940020DC940020E4940020CC
:109C5800E4940020EC940020EC940020F49400207C
:109C6800F4940020FC940020FC940020049500202B
:109C7800049500200C9500200C95002014950020D8
:109C8800149500201C9500201C9500202495002088
:109C9800249500202C9500202C9500203495002038
:109CA800349500203C9500203C95002044950020E8
:109CB800449500204C9500204C9500205495002098
:109CC800549500205C9500205C9500206495002048
:109CD800649500206C9500206C95002074950020F8
:109CE800749500207C9500207C95002084950020A8
:109CF800849500208C9500208C9500209495002058
:109D0800949500209C9500209C950020A495002007
:109D1800A4950020AC950020AC950020B4950020B7
:109D2800B4950020BC950020BC950020C495002067
:109D3800C4950020CC950020CC950020D495002017
:109D4800D4950020DC950020DC950020E4950020C7
:109D5800E4950020EC950020EC950020F495002077
:109D6800F4950020FC950020FC9500200496002026
:109D7800049600200C9600200C96002014960020D3
:109D8800149600201C9600201C9600202496002083
:109D9800249600202C9600202C9600203496002033
:109DA800349600203C9600203C96002044960020E3
:109DB800449600204C9600204C9600205496002093
:109DC800549600205C9600205C9600206496002043
:109DD800649600206C9600206C96002074960020F3
:109DE800749600207C9600207C96002084960020A3
:109DF800849600208C9600208C9600209496002053
:109E0800949600209C9600209C960020A496002002
:109E1800A4960020AC960020AC960020B4960020B2
:109E2800B4960020BC960020BC960020C496002062
:109E3800C4960020CC960020CC960020D496002012
:109E4800D4960020DC960020DC960020E4960020C2
:109E5800E4960020EC960020EC960020F496002072
:109E6800F4960020FC960020FC9600200497002021
:109E7800049700200C9700200C97002014970020CE
:109E8800149700201C9700201C970020249700207E
:109E9800249700202C9700202C970020349700202E
:109EA800349700203C9700203C97002044970020DE
:109EB800449700204C9700204C970020549700208E
:109EC800549700205C9700205C970020649700203E
:109ED800649700206C9700206C97002074970020EE
:109EE800749700207C9700207C970020849700209E
:109EF800849700208C9700208C970020949700204E
:109F0800949700209C9700209C970020A4970020FD
:109F1800A4970020AC970020AC970020B4970020AD
:109F2800B4970020BC970020BC970020C49700205D
:109F3800C4970020CC970020CC970020D49700200D
:109F4800D4970020DC970020DC970020E4970020BD
:109F5800E4970020EC970020EC970020F49700206D
:109F6800F4970020FC970020FC970020049800201C
:109F7800049800200C9800200C98002014980020C9
:109F8800149800201C9800201C9800202498002079
:109F9800249800202C9800202C9800203498002029
:109FA800349800203C9800203C98002044980020D9
:109FB800449800204C9800204C9800205498002089
:109FC800549800205C9800205C9800206498002039
:109FD800649800206C9800206C98002074980020E9
:109FE800749800207C9800207C9800208498002099
:109FF800849800208C9800208C9800209498002049
:10A0080094980020FFFFFFFF0000020000000000FE
:10A0180003000000A0B50020B88F00201201000244
:10A02800EF020140C0168304800201020301000010
:10A0380028000000000104000100000000000000EA
:10A04800020157494E55534200000000000000002D
:10A05800000000000000000012034D0053004600FD
:10A068005400310030003000F80000000C030000FC
:10A0780000000000000000000000000000000000D8
:10A08800000029010000000000000000000000009E
:10A0980000000000000000000000000000000000B8
:10A0A80000000000000000000000000000000000A8
:10A0B8000000000000000000000000000000000098
:10A0C8000000000000000000000000000000000088
:10A0D8000000000000000000000000000000000078
:10A0E8000000000000000000000000000000000068
:10A0F8000000000000000000000000000000000058
:10A108000000000000000000000000000000000047
:10A118000000000000000000000000000000000037
:10A128000000000000000000000000000000000027
:10A138000000000000000000000000000000000017
:10A148000000000000000000000000000000000007
:10A1580000000000000000000000000000000000F7
:10A1680000000000000000000000000000000000E7
:10A1780000000000000000000000000000000000D7
:10A1880000000000000000000000000000000000C7
:10A1980000000000000000000000000000000000B7
:10A1A80000000000000000000000000000000000A7
:10A1B8000000000000000000000000000000000097
:10A1C8000000000000000000000000000000000087
:10A1D8000000000000000000000000000000000077
:10A1E8000000000000000000000000000000000067
:10A1F8000000000000000000000000000000000057
:10A208000000000000000000000000000000000046
:10A218000000000000000000000000000000000036
:10A228000000000000000000000000000000000026
:10A238000000000000000000000000000000000016
:10A248000000000000000000000000000000000006
:10A2580000000000000000000000000000000000F6
:10A2680000000000000000000000000000000000E6
:10A2780000000000000000000000000000000000D6
:10A2880000000000000000000000000000000000C6
:10A2980000000000000000000000000000000000B6
:10A2A80000000000000000000000000000000000A6
:10A2B8000000000000000000000000000000000096
:10A2C8000000000000000000000000000000000086
:10A2D8000000000000000000000000000000000076
:10A2E8000000000000000000000000000000000066
:10A2F8000000000000000000000000000000000056
:10A308000000000000000000000000000000000045
:10A318000000000000000000000000000000000035
:10A328000000000000000000000000000000000025
:10A338000000000000000000000000000000000015
:10A348000000000000000000000000000000000005
:10A3580000000000000000000000000000000000F5
:10A3680000000000000000000000000000000000E5
:10A3780000000000000000000000000000000000D5
:10A3880000000000000000000000000000000000C5
:10A3980000000000000000000000000000000000B5
:10A3A80000000000000000000000000000000000A5
:10A3B8000000000000000000000000000000000095
:10A3C8000000000000000000000000000000000085
:10A3D8000000000000000000000000000000000075
:10A3E8000000000000000000000000000000000065
:10A3F8000000000000000000000000000000000055
:10A408000000000000000000000000000000000044
:10A418000000000000000000000000000000000034
:10A428000000000000000000000000000000000024
:10A438000000000000000000000000000000000014
:10A448000000000000000000000000000000000004
:10A4580000000000000000000000000000000000F4
:10A4680000000000000000000000000000000000E4
:10A4780000000000000000000000000000000000D4
:10A4880000000000000000000000000000000000C4
:10A4980000000000000000000000000000000000B4
:10A4A80000000000000000000000000000000000A4
:10A4B8000000000000000000000000000000000094
:10A4C8000000000000000000000000000000000084
:10A4D8000000000000000000000000000000000074
:10A4E8000000000000000000000000000000000064
:10A4F8000000000000000000000000000000000054
:10A508000000000000000000000000000000000043
:10A518000000000000000000000000000000000033
:10A528000000000000000000000000000000000023
:10A538000000000000000000000000000000000013
:10A548000000000000000000000000000000000003
:10A5580000000000000000000000000000000000F3
:10A5680000000000000000000000000000000000E3
:10A5780000000000000000000000000000000000D3
:10A5880000000000000000000000000000000000C3
:10A5980000000000000000000000000000000000B3
:10A5A80000000000000000000000000000000000A3
:10A5B8000000000000000000000000000000000093
:10A5C8000000000000000000000000000000000083
:10A5D8000000000000000000000000000000000073
:10A5E8000000000000000000000000000000000063
:10A5F8000000000000000000000000000000000053
:10A608000000000000000000000000000000000042
:10A618000000000000000000000000000000000032
:10A62800FFFFFFFFFFFFFFFFFFFFFFFFFFFFFFFF32
:10A63800FFFFFFFFFFFFFFFFFFFFFFFFFFFFFFFF22
:10A64800FFFFFFFFFFFFFFFFFFFFFFFFFFFFFFFF12
:10A65800FFFFFFFFFFFFFFFFFFFFFFFFFFFFFFFF02
:10A66800FFFFFFFFFFFFFFFFFFFFFFFFFFFFFFFFF2
:10A67800FFFFFFFFFFFFFFFFFFFFFFFFFFFFFFFFE2
:10A68800FFFFFFFFFFFFFFFFFFFFFFFFFFFFFFFFD2
:10A69800FFFFFFFFFFFFFFFFFFFFFFFFFFFFFFFFC2
:10A6A800FFFFFFFFFFFFFFFFFFFFFFFFFFFFFFFFB2
:10A6B800FFFFFFFFFFFFFFFFFFFFFFFFFFFFFFFFA2
:10A6C800FFFFFFFFFFFFFFFFFFFFFFFFFFFFFFFF92
:10A6D800FFFFFFFFFFFFFFFFFFFFFFFFFFFFFFFF82
:10A6E800FFFFFFFFFFFFFFFFFFFFFFFFFFFFFFFF72
:10A6F800FFFFFFFFFFFFFFFFFFFFFFFFFFFFFFFF62
:10A70800FFFFFFFFFFFFFFFFFFFFFFFFFFFFFFFF51
:10A71800FFFFFFFFFFFFFFFFFFFFFFFFFFFFFFFF41
:10A72800FFFFFFFFFFFFFFFFFFFFFFFFFFFFFFFF31
:10A73800FFFFFFFFFFFFFFFFFFFFFFFFFFFFFFFF21
:10A74800FFFFFFFFFFFFFFFFFFFFFFFFFFFFFFFF11
:10A75800FFFFFFFFFFFFFFFFFFFFFFFFFFFFFFFF01
:10A76800FFFFFFFFFFFFFFFFFFFFFFFFFFFFFFFFF1
:10A77800FFFFFFFFFFFFFFFFFFFFFFFFFFFFFFFFE1
:10A78800FFFFFFFFFFFFFFFFFFFFFFFFFFFFFFFFD1
:10A79800FFFFFFFFFFFFFFFFFFFFFFFFFFFFFFFFC1
:10A7A800FFFFFFFFFFFFFFFFFFFFFFFFFFFFFFFFB1
:10A7B800FFFFFFFFFFFFFFFFFFFFFFFFFFFFFFFFA1
:10A7C800FFFFFFFFFFFFFFFFFFFFFFFFFFFFFFFF91
:10A7D800FFFFFFFFFFFFFFFFFFFFFFFFFFFFFFFF81
:10A7E800FFFFFFFFFFFFFFFFFFFFFFFFFFFFFFFF71
:10A7F800FFFFFFFFFFFFFFFF000000000000000059
:10A808000000000000000000000000000000000040
:10A818000000000000000000000000000000000030
:10A828000000000000000000000000000000000020
:10A838000000000000000000000000000000000010
:10A848000000000000000000000000000000000000
:10A8580000000000000000000000000000000000F0
:10A8680000000000000000000000000000000000E0
:10A8780000000000000000000000000000000000D0
:10A8880000000000000000000000000000000000C0
:10A8980000000000000000000000000000000000B0
:10A8A80000000000000000000000000000000000A0
:10A8B8000000000000000000000000000000000090
:10A8C8000000000000000000000000000000000080
:10A8D8000000000000000000000000000000000070
:10A8E8000000000000000000000000000000000060
:10A8F8000000000000000000000000000000000050
:10A90800000000000000000000000000000000003F
:10A91800000000000000000000000000000000002F
:10A92800000000000000000000000000000000001F
:10A93800000000000000000000000000000000000F
:10A9480000000000000000000000000000000000FF
:10A9580000000000000000000000000000000000EF
:10A9680000000000000000000000000000000000DF
:10A9780000000000000000000000000000000000CF
:10A9880000000000000000000000000000000000BF
:10A9980000000000000000000000000000000000AF
:10A9A800000000000000000000000000000000009F
:10A9B800000000000000000000000000000000008F
:10A9C800000000000000000000000000000000007F
:10A9D800000000000000000000000000000000006F
:10A9E800000000000000000000000000000000005F
:10A9F800000000000000000000000000000000004F
:10AA0800000000000000000000000000000000003E
:10AA1800000000000000000000000000000000002E
:10AA2800000000000000000000000000000000001E
:10AA3800000000000000000000000000000000000E
:10AA480000000000000000000000000000000000FE
:10AA580000000000000000000000000000000000EE
:10AA680000000000000000000000000000000000DE
:10AA780000000000000000000000000000000000CE
:10AA880000000000000000000000000000000000BE
:10AA980000000000000000000000000000000000AE
:10AAA800000000000000000000000000000000009E
:10AAB800000000000000000000000000000000008E
:10AAC800000000000000000000000000000000007E
:10AAD800000000000000000000000000000000006E
:10AAE800000000000000000000000000000000005E
:10AAF800000000000000000000000000000000004E
:10AB0800000000000000000000000000000000003D
:10AB1800000000000000000000000000000000002D
:10AB2800000000000000000000000000000000001D
:10AB3800000000000000000000000000000000000D
:10AB480000000000000000000000000000000000FD
:10AB580000000000000000000000000000000000ED
:10AB680000000000000000000000000000000000DD
:10AB780000000000000000000000000000000000CD
:10AB880000000000000000000000000000000000BD
:10AB980000000000000000000000000000000000AD
:10ABA800000000000000000000000000000000009D
:10ABB800000000000000000000000000000000008D
:10ABC800000000000000000000000000000000007D
:10ABD800000000000000000000000000000000006D
:10ABE800000000000000000000000000000000005D
:10ABF800000000000000000000000000000000004D
:10AC0800000000000000000000000000000000003C
:10AC1800000000000000000000000000000000002C
:10AC2800000000000000000000000000000000001C
:10AC3800000000000000000000000000000000000C
:10AC480000000000000000000000000000000000FC
:10AC580000000000000000000000000000000000EC
:10AC680000000000000000000000000000000000DC
:10AC780000000000000000000000000000000000CC
:10AC880000000000000000000000000000000000BC
:10AC980000000000000000000000000000000000AC
:10ACA800000000000000000000000000000000009C
:10ACB800000000000000000000000000000000008C
:10ACC800000000000000000000000000000000007C
:10ACD800000000000000000000000000000000006C
:10ACE800000000000000000000000000000000005C
:10ACF800000000000000000000000000000000004C
:10AD0800000000000000000000000000000000003B
:10AD1800000000000000000000000000000000002B
:10AD2800000000000000000000000000000000001B
:10AD3800000000000000000000000000000000000B
:10AD480000000000000000000000000000000000FB
:10AD580000000000000000000000000000000000EB
:10AD680000000000000000000000000000000000DB
:10AD780000000000000000000000000000000000CB
:10AD880000000000000000000000000000000000BB
:10AD980000000000000000000000000000000000AB
:10ADA800000000000000000000000000000000009B
:10ADB800000000000000000000000000000000008B
:10ADC800000000000000000000000000000000007B
:10ADD800000000000000000000000000000000006B
:10ADE800000000000000000000000000000000005B
:10ADF800000000000000000000000000000000004B
:10AE0800000000000000000000000000000000003A
:10AE1800000000000000000000000000000000002A
:10AE2800000000000000000000000000000000001A
:10AE3800000000000000000000000000000000000A
:10AE480000000000000000000000000000000000FA
:10AE580000000000000000000000000000000000EA
:10AE680000000000000000000000000000000000DA
:10AE780000000000000000000000000000000000CA
:10AE880000000000000000000000000000000000BA
:10AE980000000000000000000000000000000000AA
:10AEA800000000000000000000000000000000009A
:10AEB800000000000000000000000000000000008A
:10AEC800000000000000000000000000000000007A
:10AED800000000000000000000000000000000006A
:10AEE800000000000000000000000000000000005A
:10AEF800000000000000000000000000000000004A
:10AF08000000000000000000000000000000000039
:10AF18000000000000000000000000000000000029
:10AF28000000000000000000000000000000000019
:10AF38000000000000000000000000000000000009
:10AF480000000000000000000000000000000000F9
:10AF580000000000000000000000000000000000E9
:10AF680000000000000000000000000000000000D9
:10AF780000000000000000000000000000000000C9
:10AF880000000000000000000000000000000000B9
:10AF980000000000000000000000000000000000A9
:10AFA8000000000000000000000000000000000099
:10AFB8000000000000000000000000000000000089
:10AFC8000000000000000000000000000000000079
:10AFD8000000000000000000000000000000000069
:10AFE8000000000000000000000000000000000059
:10AFF8000000000000000000000000000000000049
:10B008000000000000000000000000000000000038
:10B018000000000000000000000000000000000028
:10B028000000000000000000000000000000000018
:10B038000000000000000000000000000000000008
:10B0480000000000000000000000000000000000F8
:10B0580000000000000000000000000000000000E8
:10B0680000000000000000000000000000000000D8
:10B0780000000000000000000000000000000000C8
:10B0880000000000000000000000000000000000B8
:10B0980000000000000000000000000000000000A8
:10B0A8000000000000000000000000000000000098
:10B0B8000000000000000000000000000000000088
:10B0C8000000000000000000000000000000000078
:10B0D8000000000000000000000000000000000068
:10B0E8000000000000000000000000000000000058
:10B0F8000000000000000000000000000000000048
:10B108000000000000000000000000000000000037
:10B118000000000000000000000000000000000027
:10B128000000000000000000000000000000000017
:10B138000000000000000000000000000000000007
:10B1480000000000000000000000000000000000F7
:10B1580000000000000000000000000000000000E7
:10B1680000000000000000000000000000000000D7
:10B1780000000000000000000000000000000000C7
:10B1880000000000000000000000000000000000B7
:10B1980000000000000000000000000000000000A7
:10B1A8000000000000000000000000000000000097
:10B1B8000000000000000000000000000000000087
:10B1C8000000000000000000000000000000000077
:10B1D8000000000000000000000000000000000067
:10B1E8000000000000000000000000000000000057
:10B1F8000000000000000000000000000000000047
:10B208000000000000000000000000000000000036
:10B218000000000000000000000000000000000026
:10B228000000000000000000000000000000000016
:10B238000000000000000000000000000000000006
:10B2480000000000000000000000000000000000F6
:10B2580000000000000000000000000000000000E6
:10B2680000000000000000000000000000000000D6
:10B2780000000000000000000000000000000000C6
:10B2880000000000000000000000000000000000B6
:10B2980000000000000000000000000000000000A6
:10B2A8000000000000000000000000000000000096
:10B2B8000000000000000000000000000000000086
:10B2C8000000000000000000000000000000000076
:10B2D8000000000000000000000000000000000066
:10B2E8000000000000000000000000000000000056
:10B2F8000000000000000000000000000000000046
:10B308000000000000000000000000000000000035
:10B318000000000000000000000000000000000025
:10B328000000000000000000000000000000000015
:10B338000000000000000000000000000000000005
:10B3480000000000000000000000000000000000F5
:10B3580000000000000000000000000000000000E5
:10B3680000000000000000000000000000000000D5
:10B3780000000000000000000000000000000000C5
:10B3880000000000000000000000000000000000B5
:10B3980000000000000000000000000000000000A5
:10B3A8000000000000000000000000000000000095
:10B3B8000000000000000000000000000000000085
:10B3C8000000000000000000000000000000000075
:10B3D8000000000000000000000000000000000065
:10B3E8000000000000000000000000000000000055
:08B3F80000000000000000004D
:040000056000100087
:00000001FF
